Sync On-DateTime,SUBHOLDING,NAMA LOKASI,REGION,TIPE FASILITAS,ID FASILITAS,Seberapa puas Bapak / Ibu terhadap fasilitas Toilet kami?,Group_Seberapa puas Bapak / Ibu terhadap fasilitas Toilet kami?,Numeric_Seberapa puas Bapak / Ibu terhadap fasilitas Toilet kami?,Silakan berikan saran dan masukan Anda terkait fasilitas Toilet kami (Opsional),Tags_Silakan berikan saran dan masukan Anda terkait fasilitas Toilet kami (Opsional),Sentiment_Silakan berikan saran dan masukan Anda terkait fasilitas Toilet kami (Opsional),"Staff dan Petugas (Penampilan, keramahan, dll)-Berikan penilaian Anda terhadap kepuasan Anda dengan hal-hal berikut di Toilet kami","Numeric_Staff dan Petugas (Penampilan, keramahan, dll)-Berikan penilaian Anda terhadap kepuasan Anda dengan hal-hal berikut di Toilet kami","Fasilitas Toilet (Toilet bowl, Tisu, dll)-Berikan penilaian Anda terhadap kepuasan Anda dengan hal-hal berikut di Toilet kami","Numeric_Fasilitas Toilet (Toilet bowl, Tisu, dll)-Berikan penilaian Anda terhadap kepuasan Anda dengan hal-hal berikut di Toilet kami",Alur & Pengelolaan Toilet-Berikan penilaian Anda terhadap kepuasan Anda dengan hal-hal berikut di Toilet kami,Numeric_Alur & Pengelolaan Toilet-Berikan penilaian Anda terhadap kepuasan Anda dengan hal-hal berikut di Toilet kami,Hal apa saja dari pelayanan Staff dan Petugas kami yang menurut Bapak / Ibu Memuaskan?,Other Choice-Lainnya,Hal apa saja dari pelayanan Staff dan Petugas kami yang menurut Bapak / Ibu Kurang Memuaskan?,Other Choice-Lainnya_1,Hal apa saja dari Fasilitas Toilet kami yang menurut Bapak / Ibu Memuaskan?,Other Choice-Lainnya_2,Hal apa saja dari Fasilitas Toilet kami yang menurut Bapak / Ibu Kurang Memuaskan?,Other Choice-Lainnya_3,Hal apa saja dari Alur & Pengelolaan Toilet kami yang menurut Bapak / Ibu Memuaskan?,Other Choice-Lainnya_4,Hal apa saja dari Alur & Pengelolaan Toilet kami yang menurut Bapak / Ibu Kurang Memuaskan?,Other Choice-Lainnya_5,Respondent Id,Survey Status,Survey Mode,Sync By,Response Time,Interviewer Id,Subscription Id,Project Id,Questionnaire Version,Channel Type,Is Anonymous,Test Response,Distribution Channel,Response Language,Camp Sent On Date Time,Inapp Trigger Type,Inapp Trigger Value,Name,Email,Phone Number,ID,Client Name,Company Name,Keyword,Platform Category,Tone,Published Date,Trigger Time,Campaign Id
05-10-2025 5:36:26,API dan IAS,CGK T1,1,TOILET T1B - BAGGAGE CLAIM PRIA,B.HCO.P,5,Satisfied,5,Ok,,Neutral,5,5,5,5,5,5,Petugas ramah dan sopan,,,,"Ketersediaan tisu, sabun, air, dan hand dryer",,,,Lokasi toilet mudah terlihat dan terjangkau,,,,4558281a-2148-4fed-b0d0-079b67cd0e1d,Completed,New,Anonymous,27146,,cab97c1f-67b4-11f0-a847-0a0cda9789f2,01f4f038-24c4-4c5e-8607-032254333b0e,,,TRUE,FALSE,QrCode,Bahasa,2025-10-04T22:35:59.5380Z,,,,,,,,,,,,,,68b55898ba36f57e40594600
05-10-2025 18:21:59,API dan IAS,CGK T1,1,TOILET T1A - BOARDING ROOM T1A-3 PRIA,A.BL3.P,5,Satisfied,5,,,,5,5,5,5,5,5,Petugas ramah dan sopan|Berpenampilan rapi dengan seragam jelas|Cepat tanggap saat membantu penumpang|Jumlah petugas cukup,,,,"Ketersediaan tisu, sabun, air, dan hand dryer|Toilet bowl, urinoir, dan wastafel bersih dan berfungsi dengan baik|Toilet memiliki aroma yang wangi|Penerangan dan sirkulasi udara toilet baik",,,,Lokasi toilet mudah terlihat dan terjangkau|Jumlah toilet mencukupi sehingga tidak ada antrean|Proses penanganan masalah cepat sehingga aktivitas bisa berjalan dengan lancar|Jadwal kebersihan yang konsisten sehingga toilet selalu dalam kondisi bersih,,,,aa19cdea-0cd4-4ffc-8eff-c4ee3eecc5ef,Completed,New,Anonymous,91255,,cab97c1f-67b4-11f0-a847-0a0cda9789f2,01f4f038-24c4-4c5e-8607-032254333b0e,,,TRUE,FALSE,QrCode,Bahasa,2025-10-05T11:20:27.9659Z,,,,,,,,,,,,,,68b55898ba36f57e40594600
06-10-2025 7:33:41,API dan IAS,CGK T1,1,TOILET T1A - CURBSIDE PRIA,A. PCO. P,5,Satisfied,5,Sangat puas dan nyaman,,Positive,5,5,5,5,5,5,Petugas ramah dan sopan,,,,"Ketersediaan tisu, sabun, air, dan hand dryer",,,,Lokasi toilet mudah terlihat dan terjangkau|Jumlah toilet mencukupi sehingga tidak ada antrean|Proses penanganan masalah cepat sehingga aktivitas bisa berjalan dengan lancar|Jadwal kebersihan yang konsisten sehingga toilet selalu dalam kondisi bersih,,,,cd5108ad-3989-46ee-96ae-c3d2fe073e82,Completed,New,Anonymous,122872,,cab97c1f-67b4-11f0-a847-0a0cda9789f2,01f4f038-24c4-4c5e-8607-032254333b0e,,,TRUE,FALSE,QrCode,Bahasa,2025-10-06T00:31:38.1243Z,,,,,,,,,,,,,,68b55898ba36f57e40594600
06-10-2025 8:02:19,API dan IAS,CGK T1,1,TOILET T1B - BAGGAGE CLAIM WANITA,B.HCO.W,4,Satisfied,4,"toilet bersih, perugas toilet ramah",,Positive,5,5,5,5,5,5,Petugas ramah dan sopan|Berpenampilan rapi dengan seragam jelas|Cepat tanggap saat membantu penumpang,,,,"Ketersediaan tisu, sabun, air, dan hand dryer|Toilet bowl, urinoir, dan wastafel bersih dan berfungsi dengan baik|Penerangan dan sirkulasi udara toilet baik",,,,Lokasi toilet mudah terlihat dan terjangkau|Jadwal kebersihan yang konsisten sehingga toilet selalu dalam kondisi bersih,,,,d751425b-0013-4da4-85d2-ac79e232a18e,Completed,New,Anonymous,76752,,cab97c1f-67b4-11f0-a847-0a0cda9789f2,01f4f038-24c4-4c5e-8607-032254333b0e,,,TRUE,FALSE,QrCode,Bahasa,2025-10-06T01:01:01.8605Z,,,,,,,,,,,,,,68b55898ba36f57e40594600
06-10-2025 10:12:04,API dan IAS,CGK T1,1,TOILET T1B - CORRIDOR AFTER SCP PRIA,CCD. B1,5,Satisfied,5,Bersih,,Positive,5,5,5,5,5,5,Petugas ramah dan sopan|Berpenampilan rapi dengan seragam jelas|Cepat tanggap saat membantu penumpang|Jumlah petugas cukup,,,,"Ketersediaan tisu, sabun, air, dan hand dryer|Toilet bowl, urinoir, dan wastafel bersih dan berfungsi dengan baik|Toilet memiliki aroma yang wangi|Penerangan dan sirkulasi udara toilet baik|Lainnya",Toilet Nya Kurang,,,Lokasi toilet mudah terlihat dan terjangkau|Jumlah toilet mencukupi sehingga tidak ada antrean|Proses penanganan masalah cepat sehingga aktivitas bisa berjalan dengan lancar|Jadwal kebersihan yang konsisten sehingga toilet selalu dalam kondisi bersih,,,,026d3e49-b2e2-4094-81c2-67e1260db506,Completed,New,Anonymous,132027,,cab97c1f-67b4-11f0-a847-0a0cda9789f2,01f4f038-24c4-4c5e-8607-032254333b0e,,,TRUE,FALSE,QrCode,Bahasa,2025-10-06T03:09:49.9397Z,,,,,,,,,,,,,,68b55898ba36f57e40594600
06-10-2025 20:17:35,API dan IAS,CGK T1,1,TOILET T1B - CHECKIN PRIA,B. HCI. P,5,Satisfied,5,Terima kasih untuk Kebersihan Toilet dan Keramahan Semua Stafnya 😇🙏🏻,,Positive,5,5,5,5,5,5,Petugas ramah dan sopan|Berpenampilan rapi dengan seragam jelas|Cepat tanggap saat membantu penumpang|Jumlah petugas cukup,,,,"Ketersediaan tisu, sabun, air, dan hand dryer|Toilet bowl, urinoir, dan wastafel bersih dan berfungsi dengan baik|Toilet memiliki aroma yang wangi|Penerangan dan sirkulasi udara toilet baik",,,,Lokasi toilet mudah terlihat dan terjangkau|Jumlah toilet mencukupi sehingga tidak ada antrean|Proses penanganan masalah cepat sehingga aktivitas bisa berjalan dengan lancar|Jadwal kebersihan yang konsisten sehingga toilet selalu dalam kondisi bersih,,,,1c0126a3-d34c-4d9d-961f-8891589db49a,Completed,New,Anonymous,57108,,cab97c1f-67b4-11f0-a847-0a0cda9789f2,01f4f038-24c4-4c5e-8607-032254333b0e,,,TRUE,FALSE,QrCode,Bahasa,2025-10-06T13:16:37.8606Z,,,,,,,,,,,,,,68b55898ba36f57e40594600
07-10-2025 7:04:20,API dan IAS,CGK T1,1,TOILET T1B - CORRIDOR AFTER SCP WANITA,CCD. B2,5,Satisfied,5,"Toiletnya bersih sekali, mba yg jaga ramah sekali",,Positive,5,5,5,5,5,5,Petugas ramah dan sopan|Berpenampilan rapi dengan seragam jelas|Cepat tanggap saat membantu penumpang|Jumlah petugas cukup,,,,"Ketersediaan tisu, sabun, air, dan hand dryer|Toilet bowl, urinoir, dan wastafel bersih dan berfungsi dengan baik|Toilet memiliki aroma yang wangi|Penerangan dan sirkulasi udara toilet baik",,,,Lokasi toilet mudah terlihat dan terjangkau|Jumlah toilet mencukupi sehingga tidak ada antrean|Proses penanganan masalah cepat sehingga aktivitas bisa berjalan dengan lancar|Jadwal kebersihan yang konsisten sehingga toilet selalu dalam kondisi bersih,,,,9bf68846-dff7-4963-a6a9-aaeae46ec3b8,Completed,New,Anonymous,340196,,cab97c1f-67b4-11f0-a847-0a0cda9789f2,01f4f038-24c4-4c5e-8607-032254333b0e,,,TRUE,FALSE,QrCode,Bahasa,2025-10-06T23:58:38.9948Z,,,,,,,,,,,,,,68b55898ba36f57e40594600
07-10-2025 10:25:51,API dan IAS,CGK T1,1,TOILET T1B - CORRIDOR AFTER SCP WANITA,CCD. B2,5,Satisfied,5,,,,5,5,5,5,5,5,Petugas ramah dan sopan|Berpenampilan rapi dengan seragam jelas|Cepat tanggap saat membantu penumpang|Jumlah petugas cukup|Lainnya,Terbaik,,,"Ketersediaan tisu, sabun, air, dan hand dryer|Toilet bowl, urinoir, dan wastafel bersih dan berfungsi dengan baik|Toilet memiliki aroma yang wangi|Penerangan dan sirkulasi udara toilet baik",,,,Lokasi toilet mudah terlihat dan terjangkau|Jumlah toilet mencukupi sehingga tidak ada antrean|Proses penanganan masalah cepat sehingga aktivitas bisa berjalan dengan lancar|Jadwal kebersihan yang konsisten sehingga toilet selalu dalam kondisi bersih,,,,4ae76ddc-f980-4297-abc5-2c06944e4162,Completed,New,Anonymous,47490,,cab97c1f-67b4-11f0-a847-0a0cda9789f2,01f4f038-24c4-4c5e-8607-032254333b0e,,,TRUE,FALSE,QrCode,Bahasa,2025-10-07T03:25:02.7896Z,,,,,,,,,,,,,,68b55898ba36f57e40594600
07-10-2025 14:30:32,API dan IAS,CGK T1,1,TOILET T1A - BOARDING ROOM T1A-4 PRIA,A.BL4.P,3,Neutral,3,toiletnya bau dan kurang bersih. air di siraman toilet berwarna keruh,,Negative,4,4,3,3,3,3,Petugas ramah dan sopan|Cepat tanggap saat membantu penumpang,,,,,,"Tisu, sabun, air, dan hand dryer tidak tersedia|Toilet bowl, urinoir, dan wastafel kotor dan tidak berfungsi dengan baik|Toilet memiliki aroma yang bau",,,,Kondisi toilet kotor karena jadwal pembersihan tidak jelas,,e5eda635-1fb9-4b26-8b33-c6a30a147d3c,Completed,New,Anonymous,130179,,cab97c1f-67b4-11f0-a847-0a0cda9789f2,01f4f038-24c4-4c5e-8607-032254333b0e,,,TRUE,FALSE,QrCode,Bahasa,2025-10-07T07:28:22.8468Z,,,,,,,,,,,,,,68b55898ba36f57e40594600
07-10-2025 16:27:11,API dan IAS,CGK T1,1,TOILET T1B - BAGGAGE CLAIM PRIA,B.HCO.P,5,Satisfied,5,Toilet Wangi dan petugas ramah,,Positive,5,5,5,5,5,5,Petugas ramah dan sopan,,,,"Ketersediaan tisu, sabun, air, dan hand dryer",,,,Jadwal kebersihan yang konsisten sehingga toilet selalu dalam kondisi bersih|Lokasi toilet mudah terlihat dan terjangkau|Jumlah toilet mencukupi sehingga tidak ada antrean|Proses penanganan masalah cepat sehingga aktivitas bisa berjalan dengan lancar,,,,ac198373-8349-4338-98ea-0ba8f6f848dd,Completed,New,Anonymous,164510,,cab97c1f-67b4-11f0-a847-0a0cda9789f2,01f4f038-24c4-4c5e-8607-032254333b0e,,,TRUE,FALSE,QrCode,Bahasa,2025-10-07T09:24:27.8724Z,,,,,,,,,,,,,,68b55898ba36f57e40594600
08-10-2025 11:48:15,API dan IAS,CGK T1,1,TOILET T1B - CURBSIDE PRIA,B. PCO. P,5,Satisfied,5,Tpt buang air laki laki sebagusnya semuanya diberi capper urinal. Agar tidak ada percikan ygengenai pakaian khusu utk keperluan sholat,,Neutral,5,5,4,4,5,5,Petugas ramah dan sopan|Berpenampilan rapi dengan seragam jelas|Cepat tanggap saat membantu penumpang|Jumlah petugas cukup|Lainnya,"Penerangan juga mencukupi, tdk ada bola lampu yang dibiarkan rusak",,,"Ketersediaan tisu, sabun, air, dan hand dryer|Toilet bowl, urinoir, dan wastafel bersih dan berfungsi dengan baik|Toilet memiliki aroma yang wangi|Penerangan dan sirkulasi udara toilet baik",,,,Lokasi toilet mudah terlihat dan terjangkau|Jumlah toilet mencukupi sehingga tidak ada antrean|Proses penanganan masalah cepat sehingga aktivitas bisa berjalan dengan lancar|Jadwal kebersihan yang konsisten sehingga toilet selalu dalam kondisi bersih,,,,20d02922-e294-46b2-88af-5233cd58d029,Completed,New,Anonymous,309031,,cab97c1f-67b4-11f0-a847-0a0cda9789f2,01f4f038-24c4-4c5e-8607-032254333b0e,,,TRUE,FALSE,QrCode,Bahasa,2025-10-08T04:43:06.2690Z,,,,,,,,,,,,,,68b55898ba36f57e40594600
08-10-2025 18:06:09,API dan IAS,CGK T1,1,TOILET T1B - CORRIDOR AFTER SCP PRIA,CCD. B1,5,Satisfied,5,Terbaik dan mantap,,Positive,5,5,5,5,5,5,Petugas ramah dan sopan|Berpenampilan rapi dengan seragam jelas|Cepat tanggap saat membantu penumpang|Jumlah petugas cukup,,,,"Ketersediaan tisu, sabun, air, dan hand dryer|Toilet bowl, urinoir, dan wastafel bersih dan berfungsi dengan baik|Toilet memiliki aroma yang wangi|Penerangan dan sirkulasi udara toilet baik",,,,Lokasi toilet mudah terlihat dan terjangkau|Jumlah toilet mencukupi sehingga tidak ada antrean|Proses penanganan masalah cepat sehingga aktivitas bisa berjalan dengan lancar|Jadwal kebersihan yang konsisten sehingga toilet selalu dalam kondisi bersih,,,,47c44846-7990-4947-91e4-2ac52a6d89f7,Completed,New,Anonymous,47056,,cab97c1f-67b4-11f0-a847-0a0cda9789f2,01f4f038-24c4-4c5e-8607-032254333b0e,,,TRUE,FALSE,QrCode,Bahasa,2025-10-08T11:05:17.8695Z,,,,,,,,,,,,,,68b55898ba36f57e40594600
09-10-2025 0:12:45,API dan IAS,CGK T1,1,TOILET T1A - BOARDING ROOM T1A-6 PRIA,A.BL6.P,5,Satisfied,5,Bersih banget,,Positive,5,5,5,5,5,5,Berpenampilan rapi dengan seragam jelas,,,,"Toilet bowl, urinoir, dan wastafel bersih dan berfungsi dengan baik|Toilet memiliki aroma yang wangi|Penerangan dan sirkulasi udara toilet baik|Ketersediaan tisu, sabun, air, dan hand dryer",,,,Lokasi toilet mudah terlihat dan terjangkau,,,,a96533ae-005d-4e1e-bc74-06b088bc1123,Completed,New,Anonymous,110434,,cab97c1f-67b4-11f0-a847-0a0cda9789f2,01f4f038-24c4-4c5e-8607-032254333b0e,,,TRUE,FALSE,QrCode,Bahasa,2025-10-08T17:10:54.6578Z,,,,,,,,,,,,,,68b55898ba36f57e40594600
09-10-2025 11:46:23,API dan IAS,CGK T1,1,TOILET T1B - CHECKIN PRIA,B. HCI. P,4,Satisfied,4,Bagus,,Positive,5,5,5,5,5,5,Petugas ramah dan sopan,,,,"Ketersediaan tisu, sabun, air, dan hand dryer",,,,Lokasi toilet mudah terlihat dan terjangkau,,,,07ac56ac-3a0f-42ef-a9a2-c2fafb7b80a5,Completed,New,Anonymous,38622,,cab97c1f-67b4-11f0-a847-0a0cda9789f2,01f4f038-24c4-4c5e-8607-032254333b0e,,,TRUE,FALSE,QrCode,Bahasa,2025-10-09T04:45:45.4212Z,,,,,,,,,,,,,,68b55898ba36f57e40594600
09-10-2025 13:17:37,API dan IAS,CGK T1,1,TOILET T1A - BOARDING ROOM T1A-3 PRIA,A.BL3.P,3,Neutral,3,"Perlu ditingkatkan kebersihannya,terutama airnya yg kuning",,Negative,5,5,5,5,4,4,Petugas ramah dan sopan,,,,"Ketersediaan tisu, sabun, air, dan hand dryer",,,,Lokasi toilet mudah terlihat dan terjangkau,,,,396a3e31-39c1-4a1b-aaeb-5f2b96e1853f,Completed,New,Anonymous,184579,,cab97c1f-67b4-11f0-a847-0a0cda9789f2,01f4f038-24c4-4c5e-8607-032254333b0e,,,TRUE,FALSE,QrCode,Bahasa,2025-10-09T06:14:30.6028Z,,,,,,,,,,,,,,68b55898ba36f57e40594600
10-10-2025 13:47:45,API dan IAS,CGK T1,1,TOILET T1B - CORRIDOR AFTER SCP WANITA,CCD. B2,5,Satisfied,5,Good Oke,,Positive,5,5,5,5,5,5,Petugas ramah dan sopan|Berpenampilan rapi dengan seragam jelas|Cepat tanggap saat membantu penumpang|Jumlah petugas cukup,,,,"Ketersediaan tisu, sabun, air, dan hand dryer|Toilet bowl, urinoir, dan wastafel bersih dan berfungsi dengan baik|Toilet memiliki aroma yang wangi|Penerangan dan sirkulasi udara toilet baik|Lainnya",Bersih &nyaman utk ibdah,,,Lokasi toilet mudah terlihat dan terjangkau|Proses penanganan masalah cepat sehingga aktivitas bisa berjalan dengan lancar|Jadwal kebersihan yang konsisten sehingga toilet selalu dalam kondisi bersih|Lainnya,Msh antri sj krn pnumpang bym,,,6e0d1347-79e4-4069-afe1-a0f4e019f632,Completed,New,Anonymous,113490,,cab97c1f-67b4-11f0-a847-0a0cda9789f2,01f4f038-24c4-4c5e-8607-032254333b0e,,,TRUE,FALSE,QrCode,Bahasa,2025-10-10T06:45:51.3484Z,,,,,,,,,,,,,,68b55898ba36f57e40594600
11-10-2025 4:06:13,API dan IAS,CGK T1,1,TOILET T1B - CHECKIN PRIA,B. HCI. P,5,Satisfied,5,Sudah sangat sempurna,,Positive,5,5,5,5,5,5,Petugas ramah dan sopan|Berpenampilan rapi dengan seragam jelas|Cepat tanggap saat membantu penumpang|Jumlah petugas cukup|Lainnya,Sangat baik,,,"Ketersediaan tisu, sabun, air, dan hand dryer|Toilet bowl, urinoir, dan wastafel bersih dan berfungsi dengan baik|Toilet memiliki aroma yang wangi|Penerangan dan sirkulasi udara toilet baik|Lainnya",Cukup senourna,,,Lokasi toilet mudah terlihat dan terjangkau|Jumlah toilet mencukupi sehingga tidak ada antrean|Proses penanganan masalah cepat sehingga aktivitas bisa berjalan dengan lancar|Jadwal kebersihan yang konsisten sehingga toilet selalu dalam kondisi bersih|Lainnya,Sudah sangat sempurna,,,c033f72e-2dd2-4f22-92ac-7fb7a919d885,Completed,New,Anonymous,93517,,cab97c1f-67b4-11f0-a847-0a0cda9789f2,01f4f038-24c4-4c5e-8607-032254333b0e,,,TRUE,FALSE,QrCode,Bahasa,2025-10-10T21:04:38.7955Z,,,,,,,,,,,,,,68b55898ba36f57e40594600
11-10-2025 16:04:27,API dan IAS,CGK T1,1,TOILET T1A - BOARDING ROOM T1A-5 PRIA,A.BL5.P,5,Satisfied,5,"Sistem otomatis buat sabun dan keran nya mungkin bisa ditingkatkan, overall bagus kok",,Neutral,5,5,5,5,5,5,Petugas ramah dan sopan|Berpenampilan rapi dengan seragam jelas|Cepat tanggap saat membantu penumpang|Jumlah petugas cukup,,,,"Ketersediaan tisu, sabun, air, dan hand dryer|Toilet bowl, urinoir, dan wastafel bersih dan berfungsi dengan baik|Toilet memiliki aroma yang wangi",,,,Jadwal kebersihan yang konsisten sehingga toilet selalu dalam kondisi bersih|Jumlah toilet mencukupi sehingga tidak ada antrean,,,,f919d990-0411-41c5-90dd-d5d0808cc140,Completed,New,Anonymous,288057,,cab97c1f-67b4-11f0-a847-0a0cda9789f2,01f4f038-24c4-4c5e-8607-032254333b0e,,,TRUE,FALSE,QrCode,Bahasa,2025-10-11T08:59:39.1754Z,,,,,,,,,,,,,,68b55898ba36f57e40594600
11-10-2025 16:20:26,API dan IAS,CGK T1,1,TOILET T1A - PARKING PRIA,Toilet Parkir A - Pria,5,Satisfied,5,,,,5,5,5,5,5,5,Petugas ramah dan sopan|Berpenampilan rapi dengan seragam jelas|Cepat tanggap saat membantu penumpang|Jumlah petugas cukup,,,,"Ketersediaan tisu, sabun, air, dan hand dryer|Toilet bowl, urinoir, dan wastafel bersih dan berfungsi dengan baik|Toilet memiliki aroma yang wangi|Penerangan dan sirkulasi udara toilet baik",,,,Lokasi toilet mudah terlihat dan terjangkau|Jumlah toilet mencukupi sehingga tidak ada antrean|Proses penanganan masalah cepat sehingga aktivitas bisa berjalan dengan lancar|Jadwal kebersihan yang konsisten sehingga toilet selalu dalam kondisi bersih,,,,d65337ea-34a9-45a7-9a21-1c37fb3f3b22,Completed,New,Anonymous,84300,,cab97c1f-67b4-11f0-a847-0a0cda9789f2,01f4f038-24c4-4c5e-8607-032254333b0e,,,TRUE,FALSE,QrCode,Bahasa,2025-10-11T09:19:01.8744Z,,,,,,,,,,,,,,68b55898ba36f57e40594600
11-10-2025 19:42:19,API dan IAS,CGK T1,1,TOILET T1A - BOARDING ROOM T1A-2 WANITA,A.BL2.W,5,Satisfied,5,Bersih,,Positive,5,5,5,5,5,5,Petugas ramah dan sopan|Berpenampilan rapi dengan seragam jelas|Cepat tanggap saat membantu penumpang,,,,"Ketersediaan tisu, sabun, air, dan hand dryer|Toilet bowl, urinoir, dan wastafel bersih dan berfungsi dengan baik|Toilet memiliki aroma yang wangi|Penerangan dan sirkulasi udara toilet baik",,,,Lokasi toilet mudah terlihat dan terjangkau|Jumlah toilet mencukupi sehingga tidak ada antrean|Proses penanganan masalah cepat sehingga aktivitas bisa berjalan dengan lancar|Jadwal kebersihan yang konsisten sehingga toilet selalu dalam kondisi bersih,,,,a1c31584-d664-4cfa-95de-6126d7a15f2a,Completed,New,Anonymous,56264,,cab97c1f-67b4-11f0-a847-0a0cda9789f2,01f4f038-24c4-4c5e-8607-032254333b0e,,,TRUE,FALSE,QrCode,Bahasa,2025-10-11T12:41:23.6327Z,,,,,,,,,,,,,,68b55898ba36f57e40594600
12-10-2025 5:20:32,API dan IAS,CGK T1,1,TOILET T1B - CURBSIDE WANITA,B. PCI. W,5,Satisfied,5,-,,Neutral,5,5,5,5,5,5,Petugas ramah dan sopan,,,,"Ketersediaan tisu, sabun, air, dan hand dryer",,,,Lokasi toilet mudah terlihat dan terjangkau,,,,4f34a3b5-2a8f-4365-8657-25551f718e2c,Completed,New,Anonymous,27088,,cab97c1f-67b4-11f0-a847-0a0cda9789f2,01f4f038-24c4-4c5e-8607-032254333b0e,,,TRUE,FALSE,QrCode,Bahasa,2025-10-11T22:20:04.3133Z,,,,,,,,,,,,,,68b55898ba36f57e40594600
12-10-2025 10:54:13,API dan IAS,CGK T1,1,TOILET T1A - BOARDING ROOM T1A-3 PRIA,A.BL3.P,1,Not Satisfied,1,"Toilet nya diperhatikan lagi, mampet semua di toilet gate A3",,Negative,5,5,4,4,1,1,Jumlah petugas cukup,,,,"Ketersediaan tisu, sabun, air, dan hand dryer",,,,,,Kondisi toilet kotor karena jadwal pembersihan tidak jelas|Lainnya,"Mampet, mau ke BAK jijik",086761a4-8a64-4b17-b7be-e46038c40050,Completed,New,Anonymous,91502,,cab97c1f-67b4-11f0-a847-0a0cda9789f2,01f4f038-24c4-4c5e-8607-032254333b0e,,,TRUE,FALSE,QrCode,Bahasa,2025-10-12T03:52:41.9557Z,,,,,,,,,,,,,,68b55898ba36f57e40594600
12-10-2025 19:22:21,API dan IAS,CGK T1,1,TOILET T1A - PARKING PRIA,Toilet Parkir A - Pria,5,Satisfied,5,Bau pesing,,Negative,5,5,3,3,5,5,Petugas ramah dan sopan|Berpenampilan rapi dengan seragam jelas|Cepat tanggap saat membantu penumpang,,,,,,Toilet memiliki aroma yang bau,,Lokasi toilet mudah terlihat dan terjangkau,,,,868526aa-e652-45f6-9b07-d32582b2d68e,Completed,New,Anonymous,63055,,cab97c1f-67b4-11f0-a847-0a0cda9789f2,01f4f038-24c4-4c5e-8607-032254333b0e,,,TRUE,FALSE,QrCode,Bahasa,2025-10-12T12:21:18.6871Z,,,,,,,,,,,,,,68b55898ba36f57e40594600
13-10-2025 6:52:27,API dan IAS,CGK T1,1,TOILET T1B - BAGGAGE CLAIM PRIA,B.HCO.P,5,Satisfied,5,Tinggal dipertahankan jgn sampai menurun,,Positive,5,5,5,5,5,5,Petugas ramah dan sopan|Berpenampilan rapi dengan seragam jelas|Cepat tanggap saat membantu penumpang|Jumlah petugas cukup,,,,"Ketersediaan tisu, sabun, air, dan hand dryer|Toilet bowl, urinoir, dan wastafel bersih dan berfungsi dengan baik|Toilet memiliki aroma yang wangi|Penerangan dan sirkulasi udara toilet baik",,,,Lokasi toilet mudah terlihat dan terjangkau|Jumlah toilet mencukupi sehingga tidak ada antrean|Proses penanganan masalah cepat sehingga aktivitas bisa berjalan dengan lancar|Jadwal kebersihan yang konsisten sehingga toilet selalu dalam kondisi bersih,,,,02bead0a-0a0e-4369-b5bd-da230896ec63,Completed,New,Anonymous,97221,,cab97c1f-67b4-11f0-a847-0a0cda9789f2,01f4f038-24c4-4c5e-8607-032254333b0e,,,TRUE,FALSE,QrCode,Bahasa,2025-10-12T23:50:50.4335Z,,,,,,,,,,,,,,68b55898ba36f57e40594600
13-10-2025 10:18:02,API dan IAS,CGK T1,1,TOILET T1A - BOARDING ROOM T1A-5 PRIA,A.BL5.P,5,Satisfied,5,Good,,Positive,5,5,5,5,5,5,Petugas ramah dan sopan,,,,"Ketersediaan tisu, sabun, air, dan hand dryer",,,,Lokasi toilet mudah terlihat dan terjangkau|Jumlah toilet mencukupi sehingga tidak ada antrean|Jadwal kebersihan yang konsisten sehingga toilet selalu dalam kondisi bersih,,,,77546da6-e7dc-41e4-9927-54e7d78dbfe1,Completed,New,Anonymous,52804,,cab97c1f-67b4-11f0-a847-0a0cda9789f2,01f4f038-24c4-4c5e-8607-032254333b0e,,,TRUE,FALSE,QrCode,Bahasa,2025-10-13T03:17:07.9444Z,,,,,,,,,,,,,,68b55898ba36f57e40594600
13-10-2025 15:43:44,API dan IAS,CGK T1,1,TOILET T1B - CORRIDOR AFTER SCP PRIA,CCD. B1,5,Satisfied,5,Sangat bersih,,Positive,5,5,5,5,5,5,Petugas ramah dan sopan|Berpenampilan rapi dengan seragam jelas|Cepat tanggap saat membantu penumpang|Jumlah petugas cukup,,,,"Ketersediaan tisu, sabun, air, dan hand dryer|Toilet bowl, urinoir, dan wastafel bersih dan berfungsi dengan baik|Toilet memiliki aroma yang wangi|Penerangan dan sirkulasi udara toilet baik",,,,Jadwal kebersihan yang konsisten sehingga toilet selalu dalam kondisi bersih|Proses penanganan masalah cepat sehingga aktivitas bisa berjalan dengan lancar,,,,4d006646-666d-40ba-9b95-3535b015a73f,Completed,New,Anonymous,111659,,cab97c1f-67b4-11f0-a847-0a0cda9789f2,01f4f038-24c4-4c5e-8607-032254333b0e,,,TRUE,FALSE,QrCode,Bahasa,2025-10-13T08:41:52.5621Z,,,,,,,,,,,,,,68b55898ba36f57e40594600
13-10-2025 18:43:35,API dan IAS,CGK T1,1,TOILET T1B - BOARDING ROOM T1B-6 PRIA,B. BL6. P,5,Satisfied,5,Bersih,,Positive,5,5,5,5,5,5,Lainnya|Jumlah petugas cukup|Cepat tanggap saat membantu penumpang|Berpenampilan rapi dengan seragam jelas|Petugas ramah dan sopan,Puas,,,"Ketersediaan tisu, sabun, air, dan hand dryer|Toilet bowl, urinoir, dan wastafel bersih dan berfungsi dengan baik|Toilet memiliki aroma yang wangi|Penerangan dan sirkulasi udara toilet baik|Lainnya",Puas,,,Lokasi toilet mudah terlihat dan terjangkau|Jumlah toilet mencukupi sehingga tidak ada antrean|Proses penanganan masalah cepat sehingga aktivitas bisa berjalan dengan lancar|Jadwal kebersihan yang konsisten sehingga toilet selalu dalam kondisi bersih|Lainnya,Puas,,,41c367b5-420d-4612-b948-ba0e570e493d,Completed,New,Anonymous,69501,,cab97c1f-67b4-11f0-a847-0a0cda9789f2,01f4f038-24c4-4c5e-8607-032254333b0e,,,TRUE,FALSE,QrCode,Bahasa,2025-10-13T11:42:27.8485Z,,,,,,,,,,,,,,68b55898ba36f57e40594600
13-10-2025 18:45:26,API dan IAS,CGK T1,1,TOILET T1B - ARRIVAL CORRIDOR WANITA,B. CCA. W,5,Satisfied,5,Sangat bagus,,Positive,5,5,5,5,5,5,Petugas ramah dan sopan|Berpenampilan rapi dengan seragam jelas|Cepat tanggap saat membantu penumpang|Jumlah petugas cukup|Lainnya,Sangat bagus,,,"Ketersediaan tisu, sabun, air, dan hand dryer|Toilet bowl, urinoir, dan wastafel bersih dan berfungsi dengan baik|Toilet memiliki aroma yang wangi|Penerangan dan sirkulasi udara toilet baik|Lainnya",Sangat bagus,,,Lokasi toilet mudah terlihat dan terjangkau|Jumlah toilet mencukupi sehingga tidak ada antrean|Proses penanganan masalah cepat sehingga aktivitas bisa berjalan dengan lancar|Jadwal kebersihan yang konsisten sehingga toilet selalu dalam kondisi bersih|Lainnya,☺️,,,456f9cb8-417b-4cc1-9fe6-774dfca7084e,Completed,New,Anonymous,127459,,cab97c1f-67b4-11f0-a847-0a0cda9789f2,01f4f038-24c4-4c5e-8607-032254333b0e,,,TRUE,FALSE,QrCode,Bahasa,2025-10-13T11:43:19.4634Z,,,,,,,,,,,,,,68b55898ba36f57e40594600
13-10-2025 23:59:58,API dan IAS,CGK T1,1,TOILET T1A - PARKING WANITA,Toilet Parkir A - Wanita,5,Satisfied,5,Toilet nya bersih gak becek di padahal posisinya di parkiran terus petugas nya ramah banget.,,Positive,5,5,5,5,5,5,Petugas ramah dan sopan|Berpenampilan rapi dengan seragam jelas,,,,"Ketersediaan tisu, sabun, air, dan hand dryer|Toilet bowl, urinoir, dan wastafel bersih dan berfungsi dengan baik|Toilet memiliki aroma yang wangi|Penerangan dan sirkulasi udara toilet baik",,,,Jadwal kebersihan yang konsisten sehingga toilet selalu dalam kondisi bersih,,,,c4678103-bd7d-4959-b0aa-9841f4abad71,Completed,New,Anonymous,192348,,cab97c1f-67b4-11f0-a847-0a0cda9789f2,01f4f038-24c4-4c5e-8607-032254333b0e,,,TRUE,FALSE,QrCode,Bahasa,2025-10-13T16:56:46.6725Z,,,,,,,,,,,,,,68b55898ba36f57e40594600
14-10-2025 15:56:23,API dan IAS,CGK T1,1,TOILET T1B - BOARDING ROOM T1B-3 WANITA,B. BL3. W,5,Satisfied,5,,,,5,5,5,5,5,5,Petugas ramah dan sopan,,,,"Ketersediaan tisu, sabun, air, dan hand dryer",,,,Lokasi toilet mudah terlihat dan terjangkau,,,,0cae1b03-d704-41a7-97e0-824b6846782e,Completed,New,Anonymous,157116,,cab97c1f-67b4-11f0-a847-0a0cda9789f2,01f4f038-24c4-4c5e-8607-032254333b0e,,,TRUE,FALSE,QrCode,English,2025-10-14T08:53:44.9933Z,,,,,,,,,,,,,,68b55898ba36f57e40594600
14-10-2025 19:50:11,API dan IAS,CGK T1,1,TOILET T1A - CORRIDOR ARRIVAL WANITA,A.CCA.W,4,Satisfied,4,Toiletnya bagus,,Positive,4,4,5,5,3,3,Petugas ramah dan sopan|Berpenampilan rapi dengan seragam jelas|Cepat tanggap saat membantu penumpang,,,,"Ketersediaan tisu, sabun, air, dan hand dryer|Penerangan dan sirkulasi udara toilet baik|Toilet bowl, urinoir, dan wastafel bersih dan berfungsi dengan baik|Toilet memiliki aroma yang wangi",,,,,,Kondisi toilet kotor karena jadwal pembersihan tidak jelas|Proses penanganan masalah lambat sehingga aktivitas tidak berjalan dengan lancar|Lokasi toilet susah dicari dan tidak terjangkau|Antrean toilet panjang karena jumlah toilet tidak mencukupi,,36b3d052-35f4-4aea-838c-46eb0bdd3af3,Completed,New,Anonymous,105417,,cab97c1f-67b4-11f0-a847-0a0cda9789f2,01f4f038-24c4-4c5e-8607-032254333b0e,,,TRUE,FALSE,QrCode,Bahasa,2025-10-14T12:48:25.7468Z,,,,,,,,,,,,,,68b55898ba36f57e40594600
15-10-2025 6:29:09,API dan IAS,CGK T1,1,TOILET T1B - PARKIR PRIA,Toilet Parkir B - Pria,1,Not Satisfied,1,Toilet didekat pintu keluar kantin T1 mampet saluran pembuangan airnya & keran wastafel nya rusak,,Negative,3,3,1,1,1,1,,,Jumlah petugas kurang sehingga antrian panjang|Lambat atau tidak tanggap membantu penumpang,,,,"Tisu, sabun, air, dan hand dryer tidak tersedia|Toilet bowl, urinoir, dan wastafel kotor dan tidak berfungsi dengan baik|Toilet memiliki aroma yang bau",,,,Antrean toilet panjang karena jumlah toilet tidak mencukupi|Proses penanganan masalah lambat sehingga aktivitas tidak berjalan dengan lancar|Lainnya|Kondisi toilet kotor karena jadwal pembersihan tidak jelas,Ada sebagian toilet yg tdk tercover dgn baik,439f3c6d-c2db-459f-9438-2335e5c35ea4,Completed,New,Anonymous,320891,,cab97c1f-67b4-11f0-a847-0a0cda9789f2,01f4f038-24c4-4c5e-8607-032254333b0e,,,TRUE,FALSE,QrCode,Bahasa,2025-10-14T23:23:48.2581Z,,,,,,,,,,,,,,68b55898ba36f57e40594600
15-10-2025 8:29:38,API dan IAS,CGK T1,1,TOILET T1B - BOARDING ROOM T1B-5 WANITA,B. BL5. W,5,Satisfied,5,announcement nya gak kedengeran di toilet,,Negative,5,5,5,5,5,5,Petugas ramah dan sopan|Berpenampilan rapi dengan seragam jelas|Jumlah petugas cukup,,,,"Ketersediaan tisu, sabun, air, dan hand dryer|Toilet bowl, urinoir, dan wastafel bersih dan berfungsi dengan baik|Penerangan dan sirkulasi udara toilet baik",,,,Jumlah toilet mencukupi sehingga tidak ada antrean|Proses penanganan masalah cepat sehingga aktivitas bisa berjalan dengan lancar|Jadwal kebersihan yang konsisten sehingga toilet selalu dalam kondisi bersih,,,,81c0aef2-cf93-4cc9-b2e8-e6061ed48a31,Completed,New,Anonymous,122996,,cab97c1f-67b4-11f0-a847-0a0cda9789f2,01f4f038-24c4-4c5e-8607-032254333b0e,,,TRUE,FALSE,QrCode,Bahasa,2025-10-15T01:27:34.0351Z,,,,,,,,,,,,,,68b55898ba36f57e40594600
15-10-2025 8:43:40,API dan IAS,CGK T1,1,TOILET T1A - PARKING WANITA,Toilet Parkir A - Wanita,5,Satisfied,5,Toilet Bersih,,Positive,5,5,5,5,5,5,Petugas ramah dan sopan|Berpenampilan rapi dengan seragam jelas|Cepat tanggap saat membantu penumpang,,,,"Ketersediaan tisu, sabun, air, dan hand dryer|Toilet bowl, urinoir, dan wastafel bersih dan berfungsi dengan baik|Toilet memiliki aroma yang wangi",,,,Lokasi toilet mudah terlihat dan terjangkau|Jumlah toilet mencukupi sehingga tidak ada antrean|Proses penanganan masalah cepat sehingga aktivitas bisa berjalan dengan lancar,,,,636f3b1d-e972-4efa-add1-b8a57076926e,Completed,New,Anonymous,76604,,cab97c1f-67b4-11f0-a847-0a0cda9789f2,01f4f038-24c4-4c5e-8607-032254333b0e,,,TRUE,FALSE,QrCode,Bahasa,2025-10-15T01:42:23.0655Z,,,,,,,,,,,,,,68b55898ba36f57e40594600
15-10-2025 18:12:43,API dan IAS,CGK T1,1,TOILET T1B - BOARDING ROOM T1B-2 PRIA,B. BL2. P,5,Satisfied,5,"Petugas sangat ramah dan inisiatif.
Tambahkan Hak nya ya",,Positive,5,5,5,5,5,5,Petugas ramah dan sopan|Berpenampilan rapi dengan seragam jelas|Cepat tanggap saat membantu penumpang|Jumlah petugas cukup,,,,"Ketersediaan tisu, sabun, air, dan hand dryer|Toilet bowl, urinoir, dan wastafel bersih dan berfungsi dengan baik|Toilet memiliki aroma yang wangi|Penerangan dan sirkulasi udara toilet baik",,,,Proses penanganan masalah cepat sehingga aktivitas bisa berjalan dengan lancar,,,,f53e309d-71b4-4824-b15e-29368bc9990d,Completed,New,Anonymous,90547,,cab97c1f-67b4-11f0-a847-0a0cda9789f2,01f4f038-24c4-4c5e-8607-032254333b0e,,,TRUE,FALSE,QrCode,Bahasa,2025-10-15T11:11:11.6410Z,,,,,,,,,,,,,,68b55898ba36f57e40594600
16-10-2025 0:28:22,API dan IAS,CGK T1,1,TOILET T1B - BOARDING ROOM T1B-1 PRIA,B. BL1. P,5,Satisfied,5,Bersih dan nyaman,,Positive,5,5,5,5,5,5,Petugas ramah dan sopan,,,,"Toilet bowl, urinoir, dan wastafel bersih dan berfungsi dengan baik|Toilet memiliki aroma yang wangi|Penerangan dan sirkulasi udara toilet baik|Ketersediaan tisu, sabun, air, dan hand dryer",,,,Lokasi toilet mudah terlihat dan terjangkau|Jumlah toilet mencukupi sehingga tidak ada antrean|Proses penanganan masalah cepat sehingga aktivitas bisa berjalan dengan lancar|Jadwal kebersihan yang konsisten sehingga toilet selalu dalam kondisi bersih,,,,f8643b2f-5bd0-48e6-bbf2-8749369c0d6a,Completed,New,Anonymous,59237,,cab97c1f-67b4-11f0-a847-0a0cda9789f2,01f4f038-24c4-4c5e-8607-032254333b0e,,,TRUE,FALSE,QrCode,Bahasa,2025-10-15T17:27:21.8166Z,,,,,,,,,,,,,,68b55898ba36f57e40594600
16-10-2025 16:45:42,API dan IAS,CGK T1,1,TOILET T1B - BOARDING ROOM T1B-7 WANITA,B. BL7. W,5,Satisfied,5,keep up the good work (being consistent at all times),,Positive,5,5,5,5,5,5,Petugas ramah dan sopan|Berpenampilan rapi dengan seragam jelas,,,,"Ketersediaan tisu, sabun, air, dan hand dryer|Toilet bowl, urinoir, dan wastafel bersih dan berfungsi dengan baik|Toilet memiliki aroma yang wangi|Penerangan dan sirkulasi udara toilet baik|Lainnya",clean floors,,,Jadwal kebersihan yang konsisten sehingga toilet selalu dalam kondisi bersih|Lainnya,toilets are rather far from entrance,,,06eacc7f-e9a8-4852-ae25-2f47099acd0b,Completed,New,Anonymous,283560,,cab97c1f-67b4-11f0-a847-0a0cda9789f2,01f4f038-24c4-4c5e-8607-032254333b0e,,,TRUE,FALSE,QrCode,English,2025-10-16T09:40:55.7588Z,,,,,,,,,,,,,,68b55898ba36f57e40594600
16-10-2025 17:32:22,API dan IAS,CGK T1,1,TOILET T1A - BOARDING ROOM T1A-1 PRIA,A.BL1.P,5,Satisfied,5,Good,,Positive,5,5,5,5,5,5,Petugas ramah dan sopan,,,,"Ketersediaan tisu, sabun, air, dan hand dryer",,,,Lokasi toilet mudah terlihat dan terjangkau,,,,0a2318b3-b5ad-4ec8-9e5b-68220946327b,Completed,New,Anonymous,109137,,cab97c1f-67b4-11f0-a847-0a0cda9789f2,01f4f038-24c4-4c5e-8607-032254333b0e,,,TRUE,FALSE,QrCode,English,2025-10-16T10:30:32.7366Z,,,,,,,,,,,,,,68b55898ba36f57e40594600
16-10-2025 20:49:24,API dan IAS,CGK T1,1,TOILET T1A - BOARDING ROOM T1A-2 PRIA,A.BL2.P,5,Satisfied,5,toiletnya bersih,,Positive,5,5,5,5,5,5,Petugas ramah dan sopan|Berpenampilan rapi dengan seragam jelas|Cepat tanggap saat membantu penumpang|Jumlah petugas cukup,,,,"Ketersediaan tisu, sabun, air, dan hand dryer|Toilet bowl, urinoir, dan wastafel bersih dan berfungsi dengan baik|Toilet memiliki aroma yang wangi|Penerangan dan sirkulasi udara toilet baik",,,,Lokasi toilet mudah terlihat dan terjangkau|Jumlah toilet mencukupi sehingga tidak ada antrean|Proses penanganan masalah cepat sehingga aktivitas bisa berjalan dengan lancar|Jadwal kebersihan yang konsisten sehingga toilet selalu dalam kondisi bersih,,,,dc4c04d1-d824-41dc-8d40-c16f7af6b595,Completed,New,Anonymous,107926,,cab97c1f-67b4-11f0-a847-0a0cda9789f2,01f4f038-24c4-4c5e-8607-032254333b0e,,,TRUE,FALSE,QrCode,Bahasa,2025-10-16T13:47:34.7558Z,,,,,,,,,,,,,,68b55898ba36f57e40594600
17-10-2025 8:04:06,API dan IAS,CGK T1,1,TOILET T1A - BOARDING ROOM T1A-3 PRIA,A.BL3.P,5,Satisfied,5,,,,5,5,5,5,5,5,Petugas ramah dan sopan|Berpenampilan rapi dengan seragam jelas|Cepat tanggap saat membantu penumpang|Jumlah petugas cukup,,,,"Ketersediaan tisu, sabun, air, dan hand dryer|Toilet bowl, urinoir, dan wastafel bersih dan berfungsi dengan baik|Toilet memiliki aroma yang wangi|Penerangan dan sirkulasi udara toilet baik",,,,Lokasi toilet mudah terlihat dan terjangkau|Jumlah toilet mencukupi sehingga tidak ada antrean|Proses penanganan masalah cepat sehingga aktivitas bisa berjalan dengan lancar|Jadwal kebersihan yang konsisten sehingga toilet selalu dalam kondisi bersih,,,,7e043a45-61d3-42d9-9ee1-03ac6e29b077,Completed,New,Anonymous,77929,,cab97c1f-67b4-11f0-a847-0a0cda9789f2,01f4f038-24c4-4c5e-8607-032254333b0e,,,TRUE,FALSE,QrCode,Bahasa,2025-10-17T01:02:45.5073Z,,,,,,,,,,,,,,68b55898ba36f57e40594600
17-10-2025 8:53:10,API dan IAS,CGK T1,1,TOILET T1B - BOARDING ROOM T1B-5 PRIA,B. BL5. P,5,Satisfied,5,"Sangat Bersih, Pertahankan",,Positive,5,5,5,5,5,5,Petugas ramah dan sopan|Berpenampilan rapi dengan seragam jelas|Cepat tanggap saat membantu penumpang|Jumlah petugas cukup,,,,"Ketersediaan tisu, sabun, air, dan hand dryer|Toilet bowl, urinoir, dan wastafel bersih dan berfungsi dengan baik|Toilet memiliki aroma yang wangi|Penerangan dan sirkulasi udara toilet baik",,,,Lokasi toilet mudah terlihat dan terjangkau|Jadwal kebersihan yang konsisten sehingga toilet selalu dalam kondisi bersih|Proses penanganan masalah cepat sehingga aktivitas bisa berjalan dengan lancar|Jumlah toilet mencukupi sehingga tidak ada antrean,,,,0bcbe80e-83b0-48de-a730-6e4f0eb8942b,Completed,New,Anonymous,257367,,cab97c1f-67b4-11f0-a847-0a0cda9789f2,01f4f038-24c4-4c5e-8607-032254333b0e,,,TRUE,FALSE,QrCode,Bahasa,2025-10-17T01:48:52.7902Z,,,,,,,,,,,,,,68b55898ba36f57e40594600
17-10-2025 16:24:53,API dan IAS,CGK T1,1,TOILET T1A - BOARDING ROOM T1A-3 PRIA,A.BL3.P,4,Satisfied,4,Musholla nya agar d perluas ya,,Positive,5,5,5,5,4,4,Petugas ramah dan sopan,,,,"Ketersediaan tisu, sabun, air, dan hand dryer",,,,Jadwal kebersihan yang konsisten sehingga toilet selalu dalam kondisi bersih,,,,744d2a19-9951-4990-a9be-5b7b68f9171e,Completed,New,Anonymous,136392,,cab97c1f-67b4-11f0-a847-0a0cda9789f2,01f4f038-24c4-4c5e-8607-032254333b0e,,,TRUE,FALSE,QrCode,Bahasa,2025-10-17T09:22:37.8698Z,,,,,,,,,,,,,,68b55898ba36f57e40594600
18-10-2025 9:40:51,API dan IAS,CGK T1,1,TOILET T1A - CHECKIN PRIA,A. HCI. P,4,Satisfied,4,"Untuk soap dispensernya agak macet, perlu diketuk-ketuk untuk dpt berjalan",,Neutral,5,5,5,5,5,5,Petugas ramah dan sopan|Berpenampilan rapi dengan seragam jelas|Cepat tanggap saat membantu penumpang|Jumlah petugas cukup,,,,"Ketersediaan tisu, sabun, air, dan hand dryer|Toilet bowl, urinoir, dan wastafel bersih dan berfungsi dengan baik|Penerangan dan sirkulasi udara toilet baik|Toilet memiliki aroma yang wangi",,,,Lokasi toilet mudah terlihat dan terjangkau|Proses penanganan masalah cepat sehingga aktivitas bisa berjalan dengan lancar|Jadwal kebersihan yang konsisten sehingga toilet selalu dalam kondisi bersih,,,,9bff6555-bc49-48a8-8272-06c7117d7a95,Completed,New,Anonymous,106571,,cab97c1f-67b4-11f0-a847-0a0cda9789f2,01f4f038-24c4-4c5e-8607-032254333b0e,,,TRUE,FALSE,QrCode,Bahasa,2025-10-18T02:39:05.1371Z,,,,,,,,,,,,,,68b55898ba36f57e40594600
18-10-2025 14:59:29,API dan IAS,CGK T1,1,TOILET T1B - ARRIVAL CORRIDOR PRIA,B. CCA. P,5,Satisfied,5,"Tidak ada saran atau masukan, cukup pertahankan pelayannya.",,Positive,5,5,5,5,5,5,Petugas ramah dan sopan|Berpenampilan rapi dengan seragam jelas,,,,"Ketersediaan tisu, sabun, air, dan hand dryer|Toilet bowl, urinoir, dan wastafel bersih dan berfungsi dengan baik|Toilet memiliki aroma yang wangi|Penerangan dan sirkulasi udara toilet baik",,,,Lokasi toilet mudah terlihat dan terjangkau|Jadwal kebersihan yang konsisten sehingga toilet selalu dalam kondisi bersih,,,,fa03ad0a-2a9d-4d7c-a23d-099a1253f10a,Completed,New,Anonymous,436293,,cab97c1f-67b4-11f0-a847-0a0cda9789f2,01f4f038-24c4-4c5e-8607-032254333b0e,,,TRUE,FALSE,QrCode,Bahasa,2025-10-18T07:52:12.7204Z,,,,,,,,,,,,,,68b55898ba36f57e40594600
18-10-2025 16:06:44,API dan IAS,CGK T1,1,TOILET T1B - BOARDING ROOM T1B-3 PRIA,B. BL3. P,5,Satisfied,5,bersih dan tidak berbau,,Positive,5,5,5,5,5,5,Petugas ramah dan sopan,,,,"Toilet bowl, urinoir, dan wastafel bersih dan berfungsi dengan baik|Ketersediaan tisu, sabun, air, dan hand dryer",,,,Jadwal kebersihan yang konsisten sehingga toilet selalu dalam kondisi bersih,,,,45a75ffb-edc1-484a-b86e-9182d3dc4201,Completed,New,Anonymous,121111,,cab97c1f-67b4-11f0-a847-0a0cda9789f2,01f4f038-24c4-4c5e-8607-032254333b0e,,,TRUE,FALSE,QrCode,Bahasa,2025-10-18T09:04:43.5566Z,,,,,,,,,,,,,,68b55898ba36f57e40594600
19-10-2025 5:51:05,API dan IAS,CGK T1,1,TOILET T1A - CORRIDOR AFTER SCP PRIA,CCD. A1. P,5,Satisfied,5,Bersih wangi,,Positive,5,5,5,5,5,5,Petugas ramah dan sopan|Berpenampilan rapi dengan seragam jelas|Cepat tanggap saat membantu penumpang|Jumlah petugas cukup,,,,"Ketersediaan tisu, sabun, air, dan hand dryer|Toilet bowl, urinoir, dan wastafel bersih dan berfungsi dengan baik|Toilet memiliki aroma yang wangi|Penerangan dan sirkulasi udara toilet baik",,,,Lokasi toilet mudah terlihat dan terjangkau|Jumlah toilet mencukupi sehingga tidak ada antrean|Proses penanganan masalah cepat sehingga aktivitas bisa berjalan dengan lancar|Jadwal kebersihan yang konsisten sehingga toilet selalu dalam kondisi bersih,,,,b6b990e8-58e8-49b2-afd3-fbfd263552fe,Completed,New,Anonymous,55295,,cab97c1f-67b4-11f0-a847-0a0cda9789f2,01f4f038-24c4-4c5e-8607-032254333b0e,,,TRUE,FALSE,QrCode,Bahasa,2025-10-18T22:50:10.5113Z,,,,,,,,,,,,,,68b55898ba36f57e40594600
20-10-2025 4:38:38,API dan IAS,CGK T1,1,TOILET T1B - BOARDING ROOM T1B-7 WANITA,B. BL7. W,5,Satisfied,5,Need parfume inside,,Neutral,5,5,5,5,5,5,Jumlah petugas cukup,,,,"Toilet bowl, urinoir, dan wastafel bersih dan berfungsi dengan baik",,,,Jumlah toilet mencukupi sehingga tidak ada antrean,,,,29bd3292-5dd3-444f-a081-c1befa5e4e7c,Completed,New,Anonymous,244000,,cab97c1f-67b4-11f0-a847-0a0cda9789f2,01f4f038-24c4-4c5e-8607-032254333b0e,,,TRUE,FALSE,QrCode,English,2025-10-19T21:34:34.2616Z,,,,,,,,,,,,,,68b55898ba36f57e40594600
20-10-2025 7:07:45,API dan IAS,CGK T1,1,TOILET T1B - BOARDING ROOM T1B-4 PRIA,B. BL4. P,5,Satisfied,5,Sudah bagus sampai bingung melihat ruang pervaikannya. Pertahankan dan semoga naik GAJI-nya biar lebih semangat untuk petugasnya,,Positive,5,5,5,5,5,5,Petugas ramah dan sopan|Cepat tanggap saat membantu penumpang|Berpenampilan rapi dengan seragam jelas,,,,"Ketersediaan tisu, sabun, air, dan hand dryer|Toilet bowl, urinoir, dan wastafel bersih dan berfungsi dengan baik|Toilet memiliki aroma yang wangi|Penerangan dan sirkulasi udara toilet baik",,,,Lokasi toilet mudah terlihat dan terjangkau|Jadwal kebersihan yang konsisten sehingga toilet selalu dalam kondisi bersih|Proses penanganan masalah cepat sehingga aktivitas bisa berjalan dengan lancar,,,,82e1d62e-9f9a-405b-884c-4b39de0972de,Completed,New,Anonymous,153872,,cab97c1f-67b4-11f0-a847-0a0cda9789f2,01f4f038-24c4-4c5e-8607-032254333b0e,,,TRUE,FALSE,QrCode,Bahasa,2025-10-20T00:05:11.3201Z,,,,,,,,,,,,,,68b55898ba36f57e40594600
20-10-2025 8:17:24,API dan IAS,CGK T1,1,TOILET T1B - BOARDING ROOM T1B-7 WANITA,B. BL7. W,4,Satisfied,4,,,,4,4,4,4,4,4,Petugas ramah dan sopan,,,,"Toilet bowl, urinoir, dan wastafel bersih dan berfungsi dengan baik",,,,Lokasi toilet mudah terlihat dan terjangkau,,,,e69aeb01-6f86-4e1e-89a8-ab1c69fd4f86,Completed,New,Anonymous,90647,,cab97c1f-67b4-11f0-a847-0a0cda9789f2,01f4f038-24c4-4c5e-8607-032254333b0e,,,TRUE,FALSE,QrCode,English,2025-10-20T01:15:52.9727Z,,,,,,,,,,,,,,68b55898ba36f57e40594600
20-10-2025 9:05:09,API dan IAS,CGK T1,1,TOILET T1A - CORRIDOR AFTER SCP PRIA,CCD. A1. P,5,Satisfied,5,,,,5,5,5,5,5,5,Petugas ramah dan sopan|Berpenampilan rapi dengan seragam jelas,,,,"Ketersediaan tisu, sabun, air, dan hand dryer|Penerangan dan sirkulasi udara toilet baik",,,,Jadwal kebersihan yang konsisten sehingga toilet selalu dalam kondisi bersih,,,,cd149cec-ff22-4e91-92bb-2b9bca5a50dd,Completed,New,Anonymous,48700,,cab97c1f-67b4-11f0-a847-0a0cda9789f2,01f4f038-24c4-4c5e-8607-032254333b0e,,,TRUE,FALSE,QrCode,Bahasa,2025-10-20T02:04:20.8610Z,,,,,,,,,,,,,,68b55898ba36f57e40594600
20-10-2025 9:30:54,API dan IAS,CGK T1,1,TOILET T1B - CHECKIN WANITA,B. HCI. W,5,Satisfied,5,,,,5,5,5,5,5,5,Petugas ramah dan sopan,,,,"Ketersediaan tisu, sabun, air, dan hand dryer",,,,Jumlah toilet mencukupi sehingga tidak ada antrean,,,,c1be416a-22fb-4ea1-b6f2-17f6399edde6,Completed,New,Anonymous,64963,,cab97c1f-67b4-11f0-a847-0a0cda9789f2,01f4f038-24c4-4c5e-8607-032254333b0e,,,TRUE,FALSE,QrCode,Bahasa,2025-10-20T02:29:49.6341Z,,,,,,,,,,,,,,68b55898ba36f57e40594600
20-10-2025 18:21:15,API dan IAS,CGK T1,1,TOILET T1B - BOARDING ROOM T1B-2 WANITA,B. BL2. W,5,Satisfied,5,Excellent,,Positive,5,5,5,5,5,5,Petugas ramah dan sopan|Berpenampilan rapi dengan seragam jelas|Cepat tanggap saat membantu penumpang,,,,"Ketersediaan tisu, sabun, air, dan hand dryer|Toilet bowl, urinoir, dan wastafel bersih dan berfungsi dengan baik|Toilet memiliki aroma yang wangi|Penerangan dan sirkulasi udara toilet baik",,,,Lokasi toilet mudah terlihat dan terjangkau|Jumlah toilet mencukupi sehingga tidak ada antrean|Proses penanganan masalah cepat sehingga aktivitas bisa berjalan dengan lancar|Jadwal kebersihan yang konsisten sehingga toilet selalu dalam kondisi bersih,,,,53124bda-3b65-4d0f-95a1-649a372d4f2f,Completed,New,Anonymous,89955,,cab97c1f-67b4-11f0-a847-0a0cda9789f2,01f4f038-24c4-4c5e-8607-032254333b0e,,,TRUE,FALSE,QrCode,English,2025-10-20T11:19:43.0362Z,,,,,,,,,,,,,,68b55898ba36f57e40594600
20-10-2025 23:00:04,API dan IAS,CGK T1,1,TOILET T1A - CHECKIN PRIA,A. HCI. P,5,Satisfied,5,"Saya merasa puasa karena kebersihannya,tata letak tisduenya rapi,dan tempat sampah juga rapi dan bersih serta wangi",,Positive,5,5,5,5,5,5,Petugas ramah dan sopan|Berpenampilan rapi dengan seragam jelas|Cepat tanggap saat membantu penumpang|Jumlah petugas cukup,,,,"Ketersediaan tisu, sabun, air, dan hand dryer|Toilet bowl, urinoir, dan wastafel bersih dan berfungsi dengan baik|Toilet memiliki aroma yang wangi|Penerangan dan sirkulasi udara toilet baik",,,,Lokasi toilet mudah terlihat dan terjangkau|Jumlah toilet mencukupi sehingga tidak ada antrean|Proses penanganan masalah cepat sehingga aktivitas bisa berjalan dengan lancar|Jadwal kebersihan yang konsisten sehingga toilet selalu dalam kondisi bersih,,,,8e0d622a-9107-42a7-8253-d1fdade93c94,Completed,New,Anonymous,210938,,cab97c1f-67b4-11f0-a847-0a0cda9789f2,01f4f038-24c4-4c5e-8607-032254333b0e,,,TRUE,FALSE,QrCode,Bahasa,2025-10-20T15:56:33.6727Z,,,,,,,,,,,,,,68b55898ba36f57e40594600
21-10-2025 14:21:33,API dan IAS,CGK T1,1,TOILET T1A - CHECKIN PRIA,A. HCI. P,1,Not Satisfied,1,toilet bocor,,Negative,4,4,1,1,1,1,Petugas ramah dan sopan|Berpenampilan rapi dengan seragam jelas,,,,,,"Tisu, sabun, air, dan hand dryer tidak tersedia|Toilet memiliki aroma yang bau|Lainnya",toilet bocor,,,Antrean toilet panjang karena jumlah toilet tidak mencukupi,,fe757d28-b4ce-4af7-b394-7910660dc7d4,Completed,New,Anonymous,165047,,cab97c1f-67b4-11f0-a847-0a0cda9789f2,01f4f038-24c4-4c5e-8607-032254333b0e,,,TRUE,FALSE,QrCode,Bahasa,2025-10-21T07:18:48.5374Z,,,,,,,,,,,,,,68b55898ba36f57e40594600
22-10-2025 12:46:48,API dan IAS,CGK T1,1,TOILET T1A - BOARDING ROOM T1A-3 PRIA,A.BL3.P,3,Neutral,3,"Terlalu dekat dengan toilet, khususnya toilet pria",,Neutral,4,4,2,2,2,2,Petugas ramah dan sopan,,,,,,Lainnya,Terlalu dekat dgn mushola,,,Lainnya,Terlalu dekat dgn mushola,43fce671-c0c8-4185-8fc0-7d3c4885464d,Completed,New,Anonymous,196767,,cab97c1f-67b4-11f0-a847-0a0cda9789f2,01f4f038-24c4-4c5e-8607-032254333b0e,,,TRUE,FALSE,QrCode,Bahasa,2025-10-22T05:43:31.3136Z,,,,,,,,,,,,,,68b55898ba36f57e40594600
22-10-2025 14:20:38,API dan IAS,CGK T1,1,TOILET T1B - CORRIDOR BEFORE SCP WANITA,B. SA. W,5,Satisfied,5,Ok,,Neutral,5,5,5,5,5,5,Petugas ramah dan sopan,,,,"Ketersediaan tisu, sabun, air, dan hand dryer",,,,Lokasi toilet mudah terlihat dan terjangkau,,,,b156fd15-5ce0-4e34-9b9c-149230df2f1a,Completed,New,Anonymous,59006,,cab97c1f-67b4-11f0-a847-0a0cda9789f2,01f4f038-24c4-4c5e-8607-032254333b0e,,,TRUE,FALSE,QrCode,English,2025-10-22T07:19:39.5395Z,,,,,,,,,,,,,,68b55898ba36f57e40594600
23-10-2025 15:38:48,API dan IAS,CGK T2,1,TOILET T2D - BOARDING ROOM T2D-1 WANITA,API&IAS-TOILET-CGK T2-BL D1 TW,5,Satisfied,5,Pertahankan yg sudah baik,,Positive,5,5,5,5,5,5,Petugas ramah dan sopan,,,,"Toilet bowl, urinoir, dan wastafel bersih dan berfungsi dengan baik",,,,Jumlah toilet mencukupi sehingga tidak ada antrean,,,,16f1cc86-383c-483c-b38b-273784d4ab85,Completed,New,Anonymous,121501,,cab97c1f-67b4-11f0-a847-0a0cda9789f2,01f4f038-24c4-4c5e-8607-032254333b0e,,,TRUE,FALSE,QrCode,Bahasa,2025-10-23T08:36:46.1189Z,,,,,,,,,,,,,,68b55898ba36f57e40594600
24-10-2025 8:15:26,API dan IAS,CGK T1,1,TOILET T1A - CHECKIN PRIA,A. HCI. P,5,Satisfied,5,Pertahankan,,Positive,5,5,5,5,5,5,Petugas ramah dan sopan|Berpenampilan rapi dengan seragam jelas|Cepat tanggap saat membantu penumpang|Jumlah petugas cukup,,,,"Ketersediaan tisu, sabun, air, dan hand dryer|Toilet bowl, urinoir, dan wastafel bersih dan berfungsi dengan baik|Toilet memiliki aroma yang wangi|Penerangan dan sirkulasi udara toilet baik",,,,Lokasi toilet mudah terlihat dan terjangkau|Jumlah toilet mencukupi sehingga tidak ada antrean|Proses penanganan masalah cepat sehingga aktivitas bisa berjalan dengan lancar|Jadwal kebersihan yang konsisten sehingga toilet selalu dalam kondisi bersih,,,,0da448e7-186f-421c-8086-46307201d357,Completed,New,Anonymous,67770,,cab97c1f-67b4-11f0-a847-0a0cda9789f2,01f4f038-24c4-4c5e-8607-032254333b0e,,,TRUE,FALSE,QrCode,Bahasa,2025-10-24T01:14:18.2599Z,,,,,,,,,,,,,,68b55898ba36f57e40594600
24-10-2025 9:15:11,API dan IAS,CGK T1,1,TOILET T1B - CHECKIN PRIA,B. HCI. P,5,Satisfied,5,Utk yg buat kencing berdiri baiknya dikasih penahan cipratan semua,,Neutral,5,5,5,5,5,5,Petugas ramah dan sopan|Berpenampilan rapi dengan seragam jelas|Cepat tanggap saat membantu penumpang|Jumlah petugas cukup,,,,"Ketersediaan tisu, sabun, air, dan hand dryer|Toilet bowl, urinoir, dan wastafel bersih dan berfungsi dengan baik|Toilet memiliki aroma yang wangi|Penerangan dan sirkulasi udara toilet baik",,,,Lokasi toilet mudah terlihat dan terjangkau|Jumlah toilet mencukupi sehingga tidak ada antrean|Proses penanganan masalah cepat sehingga aktivitas bisa berjalan dengan lancar|Jadwal kebersihan yang konsisten sehingga toilet selalu dalam kondisi bersih,,,,ee8d728b-23bd-406d-bf43-cb7548a852cd,Completed,New,Anonymous,196959,,cab97c1f-67b4-11f0-a847-0a0cda9789f2,01f4f038-24c4-4c5e-8607-032254333b0e,,,TRUE,FALSE,QrCode,Bahasa,2025-10-24T02:11:51.2669Z,,,,,,,,,,,,,,68b55898ba36f57e40594600
24-10-2025 10:01:23,API dan IAS,CGK T1,1,TOILET T1B - CHECKIN PRIA,B. HCI. P,5,Satisfied,5,Mantap,,Positive,5,5,5,5,5,5,Petugas ramah dan sopan,,,,"Ketersediaan tisu, sabun, air, dan hand dryer",,,,Lokasi toilet mudah terlihat dan terjangkau,,,,dbb4c95f-cb84-4d51-be33-fa03df8e70f1,Completed,New,Anonymous,35814,,cab97c1f-67b4-11f0-a847-0a0cda9789f2,01f4f038-24c4-4c5e-8607-032254333b0e,,,TRUE,FALSE,QrCode,Bahasa,2025-10-24T03:00:46.6445Z,,,,,,,,,,,,,,68b55898ba36f57e40594600
24-10-2025 12:09:56,API dan IAS,CGK T1,1,TOILET T1B - CORRIDOR AFTER SCP PRIA,CCD. B1,5,Satisfied,5,"Jalan, tempat wudlu dan toilet sempit.
Mungkin tempat toilet laki2 cukup urinoir dibuat 2 jadi jalan dan tempat sandal bisa agak lebar",,Neutral,5,5,4,4,4,4,Petugas ramah dan sopan|Cepat tanggap saat membantu penumpang,,,,"Ketersediaan tisu, sabun, air, dan hand dryer|Toilet bowl, urinoir, dan wastafel bersih dan berfungsi dengan baik|Penerangan dan sirkulasi udara toilet baik",,,,Lokasi toilet mudah terlihat dan terjangkau|Proses penanganan masalah cepat sehingga aktivitas bisa berjalan dengan lancar|Jadwal kebersihan yang konsisten sehingga toilet selalu dalam kondisi bersih,,,,d6d7f100-45f5-45d0-b96d-dec4c652baf7,Completed,New,Anonymous,322672,,cab97c1f-67b4-11f0-a847-0a0cda9789f2,01f4f038-24c4-4c5e-8607-032254333b0e,,,TRUE,FALSE,QrCode,Bahasa,2025-10-24T05:04:31.5373Z,,,,,,,,,,,,,,68b55898ba36f57e40594600
24-10-2025 17:59:12,API dan IAS,CGK T1,1,TOILET T1A - CURBSIDE WANITA,A. PCI. W,4,Satisfied,4,Tambah petugas dong..,,Negative,5,5,5,5,4,4,Petugas ramah dan sopan|Berpenampilan rapi dengan seragam jelas|Cepat tanggap saat membantu penumpang,,,,"Toilet memiliki aroma yang wangi|Penerangan dan sirkulasi udara toilet baik|Ketersediaan tisu, sabun, air, dan hand dryer",,,,Lokasi toilet mudah terlihat dan terjangkau|Jumlah toilet mencukupi sehingga tidak ada antrean|Jadwal kebersihan yang konsisten sehingga toilet selalu dalam kondisi bersih,,,,67fc8246-2483-4ada-98e4-8ea04f7b7bce,Completed,New,Anonymous,119470,,cab97c1f-67b4-11f0-a847-0a0cda9789f2,01f4f038-24c4-4c5e-8607-032254333b0e,,,TRUE,FALSE,QrCode,Bahasa,2025-10-24T10:57:12.6231Z,,,,,,,,,,,,,,68b55898ba36f57e40594600
25-10-2025 6:40:41,API dan IAS,CGK T1,1,TOILET T1A - PARKING WANITA,Toilet Parkir A - Wanita,2,Not Satisfied,2,"Toilet kotor,saya masuk jam 06.38 tp sampah tisu bertebaran
Dan bau sekali toiletnya",,Negative,3,3,2,2,2,2,,,Lainnya,Tidak ada petugas,,,"Tisu, sabun, air, dan hand dryer tidak tersedia|Toilet memiliki aroma yang bau|Penerangan dan sirkulasi udara toilet tidak baik",,,,Kondisi toilet kotor karena jadwal pembersihan tidak jelas,,f95743b5-2b99-42e5-a04d-9cce1e8cb527,Completed,New,Anonymous,114354,,cab97c1f-67b4-11f0-a847-0a0cda9789f2,01f4f038-24c4-4c5e-8607-032254333b0e,,,TRUE,FALSE,QrCode,Bahasa,2025-10-24T23:38:46.9474Z,,,,,,,,,,,,,,68b55898ba36f57e40594600
25-10-2025 10:31:11,API dan IAS,CGK T1,1,TOILET T1A - BOARDING ROOM T1A-6 WANITA,A.BL6.W,5,Satisfied,5,Staf ramah toilet bersih nyaman,,Positive,5,5,5,5,5,5,Petugas ramah dan sopan|Berpenampilan rapi dengan seragam jelas|Cepat tanggap saat membantu penumpang|Jumlah petugas cukup,,,,"Ketersediaan tisu, sabun, air, dan hand dryer|Toilet bowl, urinoir, dan wastafel bersih dan berfungsi dengan baik|Toilet memiliki aroma yang wangi|Penerangan dan sirkulasi udara toilet baik",,,,Lokasi toilet mudah terlihat dan terjangkau|Jumlah toilet mencukupi sehingga tidak ada antrean|Proses penanganan masalah cepat sehingga aktivitas bisa berjalan dengan lancar|Jadwal kebersihan yang konsisten sehingga toilet selalu dalam kondisi bersih,,,,a13315d8-726a-467b-8bd3-09b7cfa1dfee,Completed,New,Anonymous,73371,,cab97c1f-67b4-11f0-a847-0a0cda9789f2,01f4f038-24c4-4c5e-8607-032254333b0e,,,TRUE,FALSE,QrCode,Bahasa,2025-10-25T03:29:54.6659Z,,,,,,,,,,,,,,68b55898ba36f57e40594600
25-10-2025 16:27:15,API dan IAS,CGK T1,1,TOILET T1B - CHECKIN PRIA,B. HCI. P,5,Satisfied,5,,,,5,5,5,5,5,5,Petugas ramah dan sopan|Berpenampilan rapi dengan seragam jelas|Cepat tanggap saat membantu penumpang,,,,"Ketersediaan tisu, sabun, air, dan hand dryer|Toilet bowl, urinoir, dan wastafel bersih dan berfungsi dengan baik|Penerangan dan sirkulasi udara toilet baik|Toilet memiliki aroma yang wangi",,,,Lokasi toilet mudah terlihat dan terjangkau|Jumlah toilet mencukupi sehingga tidak ada antrean|Proses penanganan masalah cepat sehingga aktivitas bisa berjalan dengan lancar|Jadwal kebersihan yang konsisten sehingga toilet selalu dalam kondisi bersih,,,,a0859d9a-def5-459c-8143-3ee748c25fbf,Completed,New,Anonymous,91877,,cab97c1f-67b4-11f0-a847-0a0cda9789f2,01f4f038-24c4-4c5e-8607-032254333b0e,,,TRUE,FALSE,QrCode,Bahasa,2025-10-25T09:25:40.6121Z,,,,,,,,,,,,,,68b55898ba36f57e40594600
25-10-2025 18:15:34,API dan IAS,CGK T1,1,TOILET T1B - BOARDING ROOM T1B-4 PRIA,B. BL4. P,4,Satisfied,4,Tisu habis,,Negative,3,3,4,4,4,4,,,"Penampilan berantakan, seragam tidak rapi",,Toilet memiliki aroma yang wangi,,,,Jadwal kebersihan yang konsisten sehingga toilet selalu dalam kondisi bersih,,,,aff85014-65a6-418e-b296-c16dbb52f020,Completed,New,Anonymous,57508,,cab97c1f-67b4-11f0-a847-0a0cda9789f2,01f4f038-24c4-4c5e-8607-032254333b0e,,,TRUE,FALSE,QrCode,Bahasa,2025-10-25T11:14:34.4914Z,,,,,,,,,,,,,,68b55898ba36f57e40594600
26-10-2025 9:58:41,API dan IAS,CGK T1,1,TOILET T1B - BOARDING ROOM T1B-3 PRIA,B. BL3. P,5,Satisfied,5,"Sangat baik terjaga kebersihan nya, pertahankan, kalu bisa karpet musholanya di ganti yg baru yg lebih soft",,Positive,5,5,5,5,5,5,Petugas ramah dan sopan|Berpenampilan rapi dengan seragam jelas|Cepat tanggap saat membantu penumpang,,,,"Ketersediaan tisu, sabun, air, dan hand dryer|Toilet bowl, urinoir, dan wastafel bersih dan berfungsi dengan baik|Toilet memiliki aroma yang wangi|Penerangan dan sirkulasi udara toilet baik",,,,Lokasi toilet mudah terlihat dan terjangkau|Jumlah toilet mencukupi sehingga tidak ada antrean,,,,ce9de11d-0c1c-4bf6-b915-fabb5b0ff65f,Completed,New,Anonymous,142937,,cab97c1f-67b4-11f0-a847-0a0cda9789f2,01f4f038-24c4-4c5e-8607-032254333b0e,,,TRUE,FALSE,QrCode,Bahasa,2025-10-26T02:56:17.2278Z,,,,,,,,,,,,,,68b55898ba36f57e40594600
26-10-2025 16:16:40,API dan IAS,CGK T1,1,TOILET T1A - BOARDING ROOM T1A-4 PRIA,A.BL4.P,4,Satisfied,4,"Bagus, ramah",,Positive,5,5,5,5,5,5,Petugas ramah dan sopan|Berpenampilan rapi dengan seragam jelas|Cepat tanggap saat membantu penumpang|Jumlah petugas cukup,,,,"Ketersediaan tisu, sabun, air, dan hand dryer|Toilet bowl, urinoir, dan wastafel bersih dan berfungsi dengan baik|Toilet memiliki aroma yang wangi|Penerangan dan sirkulasi udara toilet baik",,,,Lokasi toilet mudah terlihat dan terjangkau|Jumlah toilet mencukupi sehingga tidak ada antrean|Proses penanganan masalah cepat sehingga aktivitas bisa berjalan dengan lancar|Jadwal kebersihan yang konsisten sehingga toilet selalu dalam kondisi bersih,,,,70bed40e-f946-4c0b-a162-7d6b0ceeecdf,Completed,New,Anonymous,224061,,cab97c1f-67b4-11f0-a847-0a0cda9789f2,01f4f038-24c4-4c5e-8607-032254333b0e,,,TRUE,FALSE,QrCode,Bahasa,2025-10-26T09:12:57.4021Z,,,,,,,,,,,,,,68b55898ba36f57e40594600
26-10-2025 17:17:36,API dan IAS,CGK T1,1,TOILET T1A - BOARDING ROOM T1A-3 PRIA,A.BL3.P,3,Neutral,3,Tidak ada petugas yang standby membersihkan,,Negative,3,3,3,3,4,4,,,Lainnya,Tidak ada petugas,,,"Toilet memiliki aroma yang bau|Penerangan dan sirkulasi udara toilet tidak baik|Toilet bowl, urinoir, dan wastafel kotor dan tidak berfungsi dengan baik",,Lokasi toilet mudah terlihat dan terjangkau|Jumlah toilet mencukupi sehingga tidak ada antrean|Proses penanganan masalah cepat sehingga aktivitas bisa berjalan dengan lancar,,,,9c74b9c0-b3e5-4d9e-886e-c9601324e7ce,Completed,New,Anonymous,73676,,cab97c1f-67b4-11f0-a847-0a0cda9789f2,01f4f038-24c4-4c5e-8607-032254333b0e,,,TRUE,FALSE,QrCode,Bahasa,2025-10-26T10:16:22.2215Z,,,,,,,,,,,,,,68b55898ba36f57e40594600
27-10-2025 16:43:54,API dan IAS,CGK T1,1,TOILET T1A - BOARDING ROOM T1A-3 PRIA,A.BL3.P,4,Satisfied,4,Tolong pintu mushola diberi pembatas semacam tirai supaya orang yang lagi solat tidak tampak menyatu dengan toilet,,Neutral,5,5,5,5,5,5,Petugas ramah dan sopan|Berpenampilan rapi dengan seragam jelas|Jumlah petugas cukup|Cepat tanggap saat membantu penumpang,,,,"Ketersediaan tisu, sabun, air, dan hand dryer|Toilet bowl, urinoir, dan wastafel bersih dan berfungsi dengan baik|Toilet memiliki aroma yang wangi|Penerangan dan sirkulasi udara toilet baik",,,,Lokasi toilet mudah terlihat dan terjangkau|Jadwal kebersihan yang konsisten sehingga toilet selalu dalam kondisi bersih,,,,e3251bdd-a220-43f4-887f-2c84b5032c81,Completed,New,Anonymous,194459,,cab97c1f-67b4-11f0-a847-0a0cda9789f2,01f4f038-24c4-4c5e-8607-032254333b0e,,,TRUE,FALSE,QrCode,Bahasa,2025-10-27T09:40:39.7391Z,,,,,,,,,,,,,,68b55898ba36f57e40594600
28-10-2025 8:44:28,API dan IAS,CGK T1,1,TOILET T1B - BAGGAGE CLAIM PRIA,B.HCO.P,5,Satisfied,5,Toilet bersih petugas sopan,,Positive,5,5,5,5,5,5,Petugas ramah dan sopan,,,,Toilet memiliki aroma yang wangi,,,,Lokasi toilet mudah terlihat dan terjangkau,,,,3fc383ea-7099-4bf2-b745-473b57d3caab,Completed,New,Anonymous,88541,,cab97c1f-67b4-11f0-a847-0a0cda9789f2,01f4f038-24c4-4c5e-8607-032254333b0e,,,TRUE,FALSE,QrCode,Bahasa,2025-10-28T01:42:58.2652Z,,,,,,,,,,,,,,68b55898ba36f57e40594600
28-10-2025 14:15:32,API dan IAS,CGK T1,1,TOILET T1A - CORRIDOR ARRIVAL PRIA,A.CCA.P,4,Satisfied,4,Tempat urin otomatis,,Positive,4,4,5,5,3,3,Berpenampilan rapi dengan seragam jelas|Petugas ramah dan sopan|Cepat tanggap saat membantu penumpang,,,,"Ketersediaan tisu, sabun, air, dan hand dryer|Penerangan dan sirkulasi udara toilet baik|Toilet bowl, urinoir, dan wastafel bersih dan berfungsi dengan baik",,,,,,Proses penanganan masalah lambat sehingga aktivitas tidak berjalan dengan lancar,,d485291f-12ce-44ae-a658-bbe208b9d39c,Completed,New,Anonymous,111586,,cab97c1f-67b4-11f0-a847-0a0cda9789f2,01f4f038-24c4-4c5e-8607-032254333b0e,,,TRUE,FALSE,QrCode,Bahasa,2025-10-28T07:13:34.9079Z,,,,,,,,,,,,,,68b55898ba36f57e40594600
29-10-2025 3:23:29,API dan IAS,CGK T1,1,TOILET T1B - CORRIDOR BEFORE SCP WANITA,B. SA. W,5,Satisfied,5,,,,5,5,5,5,5,5,Petugas ramah dan sopan|Berpenampilan rapi dengan seragam jelas|Cepat tanggap saat membantu penumpang|Jumlah petugas cukup,,,,"Ketersediaan tisu, sabun, air, dan hand dryer|Toilet bowl, urinoir, dan wastafel bersih dan berfungsi dengan baik|Penerangan dan sirkulasi udara toilet baik|Toilet memiliki aroma yang wangi",,,,Lokasi toilet mudah terlihat dan terjangkau|Jumlah toilet mencukupi sehingga tidak ada antrean|Proses penanganan masalah cepat sehingga aktivitas bisa berjalan dengan lancar|Jadwal kebersihan yang konsisten sehingga toilet selalu dalam kondisi bersih|Lainnya,"Mohon pengaturan suhu AC sebelum 7 pagi dipertimbangkan lagi karena banyak penumpang menunggu yang kedinginan dan harus keluar-masuk kamar mandi karena kedinginan atau sekadar menghangatkan dengan suhu toilet. Selain itu, mohon mempertimbangkan penyediaan hand sanitizer untuk penumpang yang merasa kedinginan karena air atau lainnya. Terima kasih",,,64c29001-d24d-416f-8410-af68f87a49d8,Completed,New,Anonymous,232547,,cab97c1f-67b4-11f0-a847-0a0cda9789f2,01f4f038-24c4-4c5e-8607-032254333b0e,,,TRUE,FALSE,QrCode,Bahasa,2025-10-28T20:19:36.3174Z,,,,,,,,,,,,,,68b55898ba36f57e40594600
29-10-2025 10:52:12,API dan IAS,CGK T1,1,TOILET T1A - BOARDING ROOM T1A-2 PRIA,A.BL2.P,5,Satisfied,5,Ramah,,Positive,5,5,5,5,5,5,Petugas ramah dan sopan|Berpenampilan rapi dengan seragam jelas|Cepat tanggap saat membantu penumpang,,,,"Ketersediaan tisu, sabun, air, dan hand dryer|Toilet bowl, urinoir, dan wastafel bersih dan berfungsi dengan baik|Toilet memiliki aroma yang wangi|Penerangan dan sirkulasi udara toilet baik",,,,Lokasi toilet mudah terlihat dan terjangkau|Jumlah toilet mencukupi sehingga tidak ada antrean|Proses penanganan masalah cepat sehingga aktivitas bisa berjalan dengan lancar|Jadwal kebersihan yang konsisten sehingga toilet selalu dalam kondisi bersih,,,,c3452f4b-ff5b-434e-b23a-0734ca2a5458,Completed,New,Anonymous,48983,,cab97c1f-67b4-11f0-a847-0a0cda9789f2,01f4f038-24c4-4c5e-8607-032254333b0e,,,TRUE,FALSE,QrCode,Bahasa,2025-10-29T03:51:22.6795Z,,,,,,,,,,,,,,68b55898ba36f57e40594600
29-10-2025 11:58:29,API dan IAS,CGK T1,1,TOILET T1B - CHECKIN PRIA,B. HCI. P,5,Satisfied,5,Bersih,,Positive,5,5,5,5,5,5,Petugas ramah dan sopan|Berpenampilan rapi dengan seragam jelas|Cepat tanggap saat membantu penumpang|Jumlah petugas cukup,,,,"Toilet bowl, urinoir, dan wastafel bersih dan berfungsi dengan baik",,,,Jadwal kebersihan yang konsisten sehingga toilet selalu dalam kondisi bersih,,,,927cdd4a-9b15-48d4-8512-da269afe39c9,Completed,New,Anonymous,70947,,cab97c1f-67b4-11f0-a847-0a0cda9789f2,01f4f038-24c4-4c5e-8607-032254333b0e,,,TRUE,FALSE,QrCode,Bahasa,2025-10-29T04:57:16.3271Z,,,,,,,,,,,,,,68b55898ba36f57e40594600
29-10-2025 22:54:31,API dan IAS,CGK T1,1,TOILET T1B - CORRIDOR BEFORE SCP WANITA,B. SA. W,5,Satisfied,5,Sangat Bersih dan ramah penjaganya..pertahankan,,Positive,5,5,5,5,5,5,Petugas ramah dan sopan|Berpenampilan rapi dengan seragam jelas|Cepat tanggap saat membantu penumpang,,,,"Ketersediaan tisu, sabun, air, dan hand dryer|Toilet bowl, urinoir, dan wastafel bersih dan berfungsi dengan baik|Toilet memiliki aroma yang wangi|Penerangan dan sirkulasi udara toilet baik",,,,Lokasi toilet mudah terlihat dan terjangkau|Jumlah toilet mencukupi sehingga tidak ada antrean|Proses penanganan masalah cepat sehingga aktivitas bisa berjalan dengan lancar|Jadwal kebersihan yang konsisten sehingga toilet selalu dalam kondisi bersih,,,,86b728f2-b17a-4a11-b0be-25513a311baa,Completed,New,Anonymous,159869,,cab97c1f-67b4-11f0-a847-0a0cda9789f2,01f4f038-24c4-4c5e-8607-032254333b0e,,,TRUE,FALSE,QrCode,Bahasa,2025-10-29T15:51:49.9957Z,,,,,,,,,,,,,,68b55898ba36f57e40594600
30-10-2025 10:40:32,API dan IAS,CGK T1,1,TOILET T1B - CHECKIN PRIA,B. HCI. P,2,Not Satisfied,2,"Di terminal 1A Pertama ke toilet tgl 6 Oktober 2025, hari ini 30 Oktober 2025 ke toilet lagi, untuk buang air kecil, kejadiannya sama tidak ada air di urinor, kebersihan toilet juga masih kurang, jauh dibandingkan dengan toilet dibandara Kualanamu",,Negative,3,3,2,2,3,3,,,Lainnya,2 kali ke toilet tidak pernah bertemu petugas,,,"Toilet bowl, urinoir, dan wastafel kotor dan tidak berfungsi dengan baik|Toilet memiliki aroma yang bau",,,,Lokasi toilet susah dicari dan tidak terjangkau,,45af07bb-18b1-4a3e-a2f4-6e3a5b8ac611,Completed,New,Anonymous,276595,,cab97c1f-67b4-11f0-a847-0a0cda9789f2,01f4f038-24c4-4c5e-8607-032254333b0e,,,TRUE,FALSE,QrCode,Bahasa,2025-10-30T03:35:56.8134Z,,,,,,,,,,,,,,68b55898ba36f57e40594600
30-10-2025 21:04:57,API dan IAS,CGK T1,1,TOILET T1A - CURBSIDE WANITA,A. PCI. W,5,Satisfied,5,,,,5,5,5,5,5,5,Petugas ramah dan sopan|Berpenampilan rapi dengan seragam jelas|Cepat tanggap saat membantu penumpang|Jumlah petugas cukup,,,,Penerangan dan sirkulasi udara toilet baik,,,,Jumlah toilet mencukupi sehingga tidak ada antrean|Lokasi toilet mudah terlihat dan terjangkau,,,,b58a2710-0c4a-4836-943d-c9c460ae0012,Completed,New,Anonymous,80265,,cab97c1f-67b4-11f0-a847-0a0cda9789f2,01f4f038-24c4-4c5e-8607-032254333b0e,,,TRUE,FALSE,QrCode,Bahasa,2025-10-30T14:03:36.1637Z,,,,,,,,,,,,,,68b55898ba36f57e40594600
30-10-2025 21:29:36,API dan IAS,CGK T1,1,TOILET T1A - BOARDING ROOM T1A-5 WANITA,A.BL5.W,1,Not Satisfied,1,"Kotor, ada ulat kecil berwarna hitam di lantai, tidak ada petugas kebersihan",,Negative,1,1,3,3,1,1,,,Lainnya,Tidak ada petugas,,,Lainnya,Kotor dan ada ulat,,,Kondisi toilet kotor karena jadwal pembersihan tidak jelas,,043d0d74-fa78-4c2a-aacb-2413fde9e0f9,Completed,New,Anonymous,172867,,cab97c1f-67b4-11f0-a847-0a0cda9789f2,01f4f038-24c4-4c5e-8607-032254333b0e,,,TRUE,FALSE,QrCode,Bahasa,2025-10-30T14:26:38.5669Z,,,,,,,,,,,,,,68b55898ba36f57e40594600
31-10-2025 13:57:36,API dan IAS,CGK T2,1,TOILET T2D - BOARDING ROOM T2D-1 PRIA,API&IAS-TOILET-CGK T2-BL D1 TP,5,Satisfied,5,Petugas toilet sangat ramah,,Positive,5,5,5,5,5,5,Petugas ramah dan sopan,,,,Penerangan dan sirkulasi udara toilet baik,,,,Lokasi toilet mudah terlihat dan terjangkau,,,,c12f029f-affa-4bf0-b941-ea1d9aa7aad7,Completed,New,Anonymous,51480,,cab97c1f-67b4-11f0-a847-0a0cda9789f2,01f4f038-24c4-4c5e-8607-032254333b0e,,,TRUE,FALSE,QrCode,Bahasa,2025-10-31T06:56:45.2984Z,,,,,,,,,,,,,,68b55898ba36f57e40594600
31-10-2025 15:27:40,API dan IAS,CGK T2,1,TOILET T2F - CHECKIN WANITA,API&IAS-TOILET-CGK T2-HCI F TW,5,Satisfied,5,Petugas Ramah,,Positive,5,5,5,5,5,5,Petugas ramah dan sopan,,,,"Ketersediaan tisu, sabun, air, dan hand dryer|Toilet bowl, urinoir, dan wastafel bersih dan berfungsi dengan baik|Penerangan dan sirkulasi udara toilet baik|Toilet memiliki aroma yang wangi",,,,Lokasi toilet mudah terlihat dan terjangkau|Jumlah toilet mencukupi sehingga tidak ada antrean|Proses penanganan masalah cepat sehingga aktivitas bisa berjalan dengan lancar|Jadwal kebersihan yang konsisten sehingga toilet selalu dalam kondisi bersih,,,,8f79ec58-a2ef-4f18-8cd2-429baba60d87,Completed,New,Anonymous,27881,,cab97c1f-67b4-11f0-a847-0a0cda9789f2,01f4f038-24c4-4c5e-8607-032254333b0e,,,TRUE,FALSE,QrCode,Bahasa,2025-10-31T08:27:11.8572Z,,,,,,,,,,,,,,68b55898ba36f57e40594600
31-10-2025 16:54:28,API dan IAS,DPS,2,TOILET KEBERANGKATAN DOMESTIK CHECK IN BARAT (PRIA),DPS-TOILET-DD01-P,5,Satisfied,5,"Toilet bersih ,harum dan petugasnya ramah,terima kasih",,Positive,5,5,5,5,5,5,Petugas ramah dan sopan,,,,"Ketersediaan tisu, sabun, air, dan hand dryer",,,,Jadwal kebersihan yang konsisten sehingga toilet selalu dalam kondisi bersih,,,,19208aa0-1854-42b9-b3d5-97d3ee26acc2,Completed,New,Anonymous,103712,,cab97c1f-67b4-11f0-a847-0a0cda9789f2,01f4f038-24c4-4c5e-8607-032254333b0e,,,TRUE,FALSE,QrCode,Bahasa,2025-10-31T09:52:44.8686Z,,,,,,,,,,,,,,68b55898ba36f57e40594600
01-11-2025 1:17:19,API dan IAS,DPS,2,TOILET KEBERANGKATAN INTERNASIONAL AKSES KARYAWAN (WANITA + DIFABLE),DPS-TOILET-3D-W,1,Not Satisfied,1,Toilet di penuhi kecoa,,Negative,3,3,1,1,1,1,,,Lainnya,"Toilet di penuhi kecoa ,",,,Lainnya,Di setiap sudut toilet ada kecoa nya,,,Lainnya,Kecoa ada di mana mana,1bb132d1-b763-4b47-ae15-05b00bc40061,Completed,New,Anonymous,76478,,cab97c1f-67b4-11f0-a847-0a0cda9789f2,01f4f038-24c4-4c5e-8607-032254333b0e,,,TRUE,FALSE,QrCode,Bahasa,2025-10-31T18:16:01.4547Z,,,,,,,,,,,,,,68b55898ba36f57e40594600
01-11-2025 6:18:36,API dan IAS,CGK T1,1,TOILET T1B - CORRIDOR BEFORE SCP WANITA,B. SA. W,3,Neutral,3,Akan lebih baik toilet nya di perbanyak lagi di terminal 1B,,Neutral,4,4,4,4,4,4,Petugas ramah dan sopan,,,,Toilet memiliki aroma yang wangi,,,,Jadwal kebersihan yang konsisten sehingga toilet selalu dalam kondisi bersih,,,,5d4b30d9-bfe6-4097-a328-6b6043657052,Completed,New,Anonymous,150870,,cab97c1f-67b4-11f0-a847-0a0cda9789f2,01f4f038-24c4-4c5e-8607-032254333b0e,,,TRUE,FALSE,QrCode,Bahasa,2025-10-31T23:16:05.3168Z,,,,,,,,,,,,,,68b55898ba36f57e40594600
01-11-2025 7:02:14,API dan IAS,CGK T1,1,TOILET T1A - BOARDING ROOM T1A-2 PRIA,A.BL2.P,5,Satisfied,5,Fasilitas toiletnya bersih dan nyaman digunakan,,Positive,5,5,5,5,5,5,Petugas ramah dan sopan|Berpenampilan rapi dengan seragam jelas|Cepat tanggap saat membantu penumpang|Jumlah petugas cukup,,,,"Ketersediaan tisu, sabun, air, dan hand dryer|Toilet bowl, urinoir, dan wastafel bersih dan berfungsi dengan baik|Toilet memiliki aroma yang wangi|Penerangan dan sirkulasi udara toilet baik",,,,Lokasi toilet mudah terlihat dan terjangkau|Jumlah toilet mencukupi sehingga tidak ada antrean|Proses penanganan masalah cepat sehingga aktivitas bisa berjalan dengan lancar|Jadwal kebersihan yang konsisten sehingga toilet selalu dalam kondisi bersih,,,,e0ee251c-ba6d-47b1-9dce-55e7e879fb43,Completed,New,Anonymous,439137,,cab97c1f-67b4-11f0-a847-0a0cda9789f2,01f4f038-24c4-4c5e-8607-032254333b0e,,,TRUE,FALSE,QrCode,Bahasa,2025-10-31T23:54:54.6739Z,,,,,,,,,,,,,,68b55898ba36f57e40594600
01-11-2025 15:23:51,API dan IAS,DPS,2,TOILET KEBERANGKATAN DOMESTIK GATE 5-6 (PRIA),DPS-TOILET-DD04-P,1,Not Satisfied,1,bau banget,,Negative,5,5,3,3,4,4,Petugas ramah dan sopan|Berpenampilan rapi dengan seragam jelas,,,,,,Toilet memiliki aroma yang bau,,Lokasi toilet mudah terlihat dan terjangkau,,,,498ad97f-469c-453d-ad80-08f3785a8e11,Completed,New,Anonymous,64784,,cab97c1f-67b4-11f0-a847-0a0cda9789f2,01f4f038-24c4-4c5e-8607-032254333b0e,,,TRUE,FALSE,QrCode,Bahasa,2025-11-01T08:22:45.3243Z,,,,,,,,,,,,,,68b55898ba36f57e40594600
02-11-2025 6:07:51,API dan IAS,CGK T1,1,TOILET T1B - BOARDING ROOM T1B-2 PRIA,B. BL2. P,4,Satisfied,4,Bekas sepatu waktu pagi banyak,,Neutral,4,4,3,3,3,3,Petugas ramah dan sopan|Berpenampilan rapi dengan seragam jelas,,,,,,"Toilet bowl, urinoir, dan wastafel kotor dan tidak berfungsi dengan baik",,,,Kondisi toilet kotor karena jadwal pembersihan tidak jelas,,c512cf03-c327-4887-b7a7-3f5e0e859c2d,Completed,New,Anonymous,233406,,cab97c1f-67b4-11f0-a847-0a0cda9789f2,01f4f038-24c4-4c5e-8607-032254333b0e,,,TRUE,FALSE,QrCode,Bahasa,2025-11-01T23:03:56.7680Z,,,,,,,,,,,,,,68b55898ba36f57e40594600
02-11-2025 8:01:15,API dan IAS,CGK T1,1,TOILET T1B - CORRIDOR AFTER SCP PRIA,CCD. B1,5,Satisfied,5,Excellent,,Positive,5,5,5,5,5,5,Petugas ramah dan sopan|Berpenampilan rapi dengan seragam jelas|Cepat tanggap saat membantu penumpang|Jumlah petugas cukup,,,,"Ketersediaan tisu, sabun, air, dan hand dryer|Toilet bowl, urinoir, dan wastafel bersih dan berfungsi dengan baik|Toilet memiliki aroma yang wangi|Penerangan dan sirkulasi udara toilet baik",,,,Lokasi toilet mudah terlihat dan terjangkau|Proses penanganan masalah cepat sehingga aktivitas bisa berjalan dengan lancar|Jadwal kebersihan yang konsisten sehingga toilet selalu dalam kondisi bersih,,,,ef8682c6-c3aa-4aee-ab03-c1a7977784cd,Completed,New,Anonymous,109242,,cab97c1f-67b4-11f0-a847-0a0cda9789f2,01f4f038-24c4-4c5e-8607-032254333b0e,,,TRUE,FALSE,QrCode,Bahasa,2025-11-02T00:59:26.0443Z,,,,,,,,,,,,,,68b55898ba36f57e40594600
02-11-2025 10:59:26,API dan IAS,CGK T1,1,TOILET T1B - CHECKIN PRIA,B. HCI. P,5,Satisfied,5,Pertahankan kinerja baiknya,,Positive,5,5,5,5,5,5,Petugas ramah dan sopan|Cepat tanggap saat membantu penumpang,,,,Toilet memiliki aroma yang wangi,,,,Jadwal kebersihan yang konsisten sehingga toilet selalu dalam kondisi bersih,,,,25b52287-1022-44ae-9be9-9ae10f5f09e1,Completed,New,Anonymous,45215,,cab97c1f-67b4-11f0-a847-0a0cda9789f2,01f4f038-24c4-4c5e-8607-032254333b0e,,,TRUE,FALSE,QrCode,Bahasa,2025-11-02T03:58:40.8529Z,,,,,,,,,,,,,,68b55898ba36f57e40594600
02-11-2025 13:34:10,API dan IAS,CGK T2,1,TOILET T2D - BOARDING ROOM T2D-1 PRIA,API&IAS-TOILET-CGK T2-BL D1 TP,5,Satisfied,5,Toilet nya bersih wangi,,Positive,5,5,5,5,5,5,Petugas ramah dan sopan|Berpenampilan rapi dengan seragam jelas,,,,"Toilet bowl, urinoir, dan wastafel bersih dan berfungsi dengan baik|Ketersediaan tisu, sabun, air, dan hand dryer|Penerangan dan sirkulasi udara toilet baik|Toilet memiliki aroma yang wangi",,,,Jadwal kebersihan yang konsisten sehingga toilet selalu dalam kondisi bersih,,,,d95f778e-cec8-4ed2-aafb-b6015e8aba5d,Completed,New,Anonymous,78475,,cab97c1f-67b4-11f0-a847-0a0cda9789f2,01f4f038-24c4-4c5e-8607-032254333b0e,,,TRUE,FALSE,QrCode,Bahasa,2025-11-02T06:32:52.7756Z,,,,,,,,,,,,,,68b55898ba36f57e40594600
02-11-2025 15:17:25,API dan IAS,CGK T1,1,TOILET T1A - BOARDING ROOM T1A-3 PRIA,A.BL3.P,5,Satisfied,5,Luar biasa,,Positive,5,5,5,5,5,5,Petugas ramah dan sopan|Berpenampilan rapi dengan seragam jelas|Cepat tanggap saat membantu penumpang|Jumlah petugas cukup,,,,"Ketersediaan tisu, sabun, air, dan hand dryer|Toilet bowl, urinoir, dan wastafel bersih dan berfungsi dengan baik|Toilet memiliki aroma yang wangi|Penerangan dan sirkulasi udara toilet baik",,,,Lokasi toilet mudah terlihat dan terjangkau|Jumlah toilet mencukupi sehingga tidak ada antrean|Proses penanganan masalah cepat sehingga aktivitas bisa berjalan dengan lancar|Jadwal kebersihan yang konsisten sehingga toilet selalu dalam kondisi bersih,,,,9a6f5189-79e4-406d-a517-7baadf8cf7e2,Completed,New,Anonymous,51404,,cab97c1f-67b4-11f0-a847-0a0cda9789f2,01f4f038-24c4-4c5e-8607-032254333b0e,,,TRUE,FALSE,QrCode,Bahasa,2025-11-02T08:16:34.2072Z,,,,,,,,,,,,,,68b55898ba36f57e40594600
02-11-2025 17:02:30,API dan IAS,CGK T1,1,TOILET T1A - BAGGAGE CLAIM PRIA,A.CCAT.P,3,Neutral,3,Sebaiknya diperjelas antara batas suci praying room dg toilet..soalnya banyak pengunjung yg make sepatu di area yg tertulis batas suci...terima kasih,,Neutral,5,5,5,5,3,3,Petugas ramah dan sopan,,,,Toilet memiliki aroma yang wangi,,,,,,Lainnya,Batas suci antara toilet dan praying room,c3144997-bc0e-422b-8364-342437e3798a,Completed,New,Anonymous,135223,,cab97c1f-67b4-11f0-a847-0a0cda9789f2,01f4f038-24c4-4c5e-8607-032254333b0e,,,TRUE,FALSE,QrCode,Bahasa,2025-11-02T10:00:14.9501Z,,,,,,,,,,,,,,68b55898ba36f57e40594600
03-11-2025 6:36:31,API dan IAS,CGK T1,1,TOILET T1B - BOARDING ROOM T1B-3 PRIA,B. BL3. P,5,Satisfied,5,Menjaga higenus yg lbh prima,,Positive,5,5,5,5,5,5,Petugas ramah dan sopan|Berpenampilan rapi dengan seragam jelas|Cepat tanggap saat membantu penumpang,,,,"Ketersediaan tisu, sabun, air, dan hand dryer|Toilet bowl, urinoir, dan wastafel bersih dan berfungsi dengan baik|Toilet memiliki aroma yang wangi|Penerangan dan sirkulasi udara toilet baik",,,,Lokasi toilet mudah terlihat dan terjangkau|Jadwal kebersihan yang konsisten sehingga toilet selalu dalam kondisi bersih,,,,00e5e65a-91c3-419e-9ee0-6bff290977d7,Completed,New,Anonymous,83343,,cab97c1f-67b4-11f0-a847-0a0cda9789f2,01f4f038-24c4-4c5e-8607-032254333b0e,,,TRUE,FALSE,QrCode,Bahasa,2025-11-02T23:35:08.2858Z,,,,,,,,,,,,,,68b55898ba36f57e40594600
03-11-2025 9:42:44,API dan IAS,CGK T2,1,TOILET T2F - CHECKIN WANITA,API&IAS-TOILET-CGK T2-HCI F TW,5,Satisfied,5,,,,5,5,5,5,5,5,Petugas ramah dan sopan|Berpenampilan rapi dengan seragam jelas|Cepat tanggap saat membantu penumpang,,,,"Ketersediaan tisu, sabun, air, dan hand dryer|Toilet bowl, urinoir, dan wastafel bersih dan berfungsi dengan baik|Toilet memiliki aroma yang wangi|Penerangan dan sirkulasi udara toilet baik",,,,Lokasi toilet mudah terlihat dan terjangkau|Proses penanganan masalah cepat sehingga aktivitas bisa berjalan dengan lancar|Jadwal kebersihan yang konsisten sehingga toilet selalu dalam kondisi bersih,,,,f09abceb-2406-4d0c-92e3-2b6727ba6280,Completed,New,Anonymous,51723,,cab97c1f-67b4-11f0-a847-0a0cda9789f2,01f4f038-24c4-4c5e-8607-032254333b0e,,,TRUE,FALSE,QrCode,Bahasa,2025-11-03T02:41:51.9251Z,,,,,,,,,,,,,,68b55898ba36f57e40594600
03-11-2025 11:17:25,API dan IAS,CGK T2,1,TOILET T2D - CURBSIDE KEBERANGKATAN WANITA,API&IAS-TOILET-CGK T2-PCI D TW,5,Satisfied,5,,,,5,5,5,5,5,5,Petugas ramah dan sopan,,,,"Ketersediaan tisu, sabun, air, dan hand dryer",,,,Lokasi toilet mudah terlihat dan terjangkau,,,,5d4994a8-09a2-4eef-8df9-8465ff6c8fdf,Completed,New,Anonymous,47917,,cab97c1f-67b4-11f0-a847-0a0cda9789f2,01f4f038-24c4-4c5e-8607-032254333b0e,,,TRUE,FALSE,QrCode,English,2025-11-03T04:16:30.1752Z,,,,,,,,,,,,,,68b55898ba36f57e40594600
04-11-2025 4:33:44,API dan IAS,CGK T1,1,TOILET T1B - BOARDING ROOM T1B-4 PRIA,B. BL4. P,5,Satisfied,5,"Clean, and good smell",,Positive,5,5,5,5,5,5,Petugas ramah dan sopan,,,,"Ketersediaan tisu, sabun, air, dan hand dryer|Toilet bowl, urinoir, dan wastafel bersih dan berfungsi dengan baik|Toilet memiliki aroma yang wangi|Penerangan dan sirkulasi udara toilet baik",,,,Lokasi toilet mudah terlihat dan terjangkau|Jumlah toilet mencukupi sehingga tidak ada antrean|Proses penanganan masalah cepat sehingga aktivitas bisa berjalan dengan lancar|Jadwal kebersihan yang konsisten sehingga toilet selalu dalam kondisi bersih,,,,1608b9c1-ec68-498c-bbb3-be53dcc56166,Completed,New,Anonymous,68216,,cab97c1f-67b4-11f0-a847-0a0cda9789f2,01f4f038-24c4-4c5e-8607-032254333b0e,,,TRUE,FALSE,QrCode,English,2025-11-03T21:32:34.6729Z,,,,,,,,,,,,,,68b55898ba36f57e40594600
04-11-2025 5:47:56,API dan IAS,CGK T1,1,TOILET T1A - CURBSIDE WANITA,A. PCI. W,1,Not Satisfied,1,"Petugas toilet wanita 
nyah judes banget kga ada senyum sama sekali, kaga seperti yang lain.",,Negative,1,1,5,5,5,5,,,Petugas tidak ramah dan kurang sopan,,Lainnya,Petugas kurang ramah tidak senyum sama sekali,,,Lainnya|Jadwal kebersihan yang konsisten sehingga toilet selalu dalam kondisi bersih,"Saya baru masuk toilet muka nyah udh judes banget, dan memantau saya  yang lagi pake make up dan muka nyah kga seneng kalo saya ada di toilet situ",,,c8174a7f-6e29-48f9-92d8-59f071c16420,Completed,New,Anonymous,577587,,cab97c1f-67b4-11f0-a847-0a0cda9789f2,01f4f038-24c4-4c5e-8607-032254333b0e,,,TRUE,FALSE,QrCode,Bahasa,2025-11-03T22:38:19.0149Z,,,,,,,,,,,,,,68b55898ba36f57e40594600
04-11-2025 9:50:56,API dan IAS,CGK T2,1,TOILET T2D - BOARDING ROOM T2D-2 PRIA,API&IAS-TOILET-CGK T2-BL D2 TP,1,Not Satisfied,1,Jorok terus saya nanya ini kenapa air nya gak bisa nyala malah saya yang di marah” in tolong ini petugasnya,,Negative,1,1,2,2,1,1,,,"Petugas tidak ramah dan kurang sopan|Penampilan berantakan, seragam tidak rapi|Lambat atau tidak tanggap membantu penumpang|Jumlah petugas kurang sehingga antrian panjang",,,,"Toilet bowl, urinoir, dan wastafel kotor dan tidak berfungsi dengan baik|Toilet memiliki aroma yang bau|Tisu, sabun, air, dan hand dryer tidak tersedia",,,,Lokasi toilet susah dicari dan tidak terjangkau|Antrean toilet panjang karena jumlah toilet tidak mencukupi|Kondisi toilet kotor karena jadwal pembersihan tidak jelas,,102061b9-670c-48e5-ba14-753c23146892,Completed,New,Anonymous,100404,,cab97c1f-67b4-11f0-a847-0a0cda9789f2,01f4f038-24c4-4c5e-8607-032254333b0e,,,TRUE,FALSE,QrCode,Bahasa,2025-11-04T02:49:15.2890Z,,,,,,,,,,,,,,68b55898ba36f57e40594600
04-11-2025 15:22:24,API dan IAS,CGK T1,1,TOILET T1A - CHECKIN WANITA,A. HCI. W,5,Satisfied,5,Bagus,,Positive,5,5,5,5,5,5,Petugas ramah dan sopan,,,,"Ketersediaan tisu, sabun, air, dan hand dryer",,,,Lokasi toilet mudah terlihat dan terjangkau,,,,82ac8c79-6138-418f-adb6-7358025433a0,Completed,New,Anonymous,114357,,cab97c1f-67b4-11f0-a847-0a0cda9789f2,01f4f038-24c4-4c5e-8607-032254333b0e,,,TRUE,FALSE,QrCode,Bahasa,2025-11-04T08:20:28.6754Z,,,,,,,,,,,,,,68b55898ba36f57e40594600
05-11-2025 0:09:40,API dan IAS,DPS,2,TOILET KEDATANGAN INTERNASIONAL IMIGRASI TIMUR (PRIA + DIFABLE),DPS-TOILET-1D-P,5,Satisfied,5,Harus sering dicek tentang kebersihan,,Neutral,5,5,4,4,5,5,Berpenampilan rapi dengan seragam jelas,,,,Toilet memiliki aroma yang wangi,,,,Jumlah toilet mencukupi sehingga tidak ada antrean,,,,f3314d41-8e33-4382-9a76-1a92cb7c322f,Completed,New,Anonymous,109092,,cab97c1f-67b4-11f0-a847-0a0cda9789f2,01f4f038-24c4-4c5e-8607-032254333b0e,,,TRUE,FALSE,QrCode,Bahasa,2025-11-04T17:07:51.1821Z,,,,,,,,,,,,,,68b55898ba36f57e40594600
05-11-2025 2:22:01,API dan IAS,CGK T2,1,TOILET T2D - BOARDING ROOM T2D-6 PRIA,API&IAS-TOILET-CGK T2-BL D6 TP,5,Satisfied,5,Tetap ramah dan jaga kebersihan,,Positive,5,5,5,5,5,5,Petugas ramah dan sopan|Berpenampilan rapi dengan seragam jelas|Cepat tanggap saat membantu penumpang,,,,"Ketersediaan tisu, sabun, air, dan hand dryer|Toilet bowl, urinoir, dan wastafel bersih dan berfungsi dengan baik|Toilet memiliki aroma yang wangi|Penerangan dan sirkulasi udara toilet baik",,,,Lokasi toilet mudah terlihat dan terjangkau|Jumlah toilet mencukupi sehingga tidak ada antrean|Proses penanganan masalah cepat sehingga aktivitas bisa berjalan dengan lancar|Jadwal kebersihan yang konsisten sehingga toilet selalu dalam kondisi bersih,,,,6ebcfd05-d5fb-4ce5-afd4-17b2eec8376d,Completed,New,Anonymous,81505,,cab97c1f-67b4-11f0-a847-0a0cda9789f2,01f4f038-24c4-4c5e-8607-032254333b0e,,,TRUE,FALSE,QrCode,Bahasa,2025-11-04T19:20:39.6173Z,,,,,,,,,,,,,,68b55898ba36f57e40594600
05-11-2025 13:02:58,API dan IAS,CGK T2,1,TOILET T2E - BOARDING ROOM T2E-2 PRIA,API&IAS-TOILET-CGK T2-BL E2 TP,3,Neutral,3,Kurang pelayanan,,Negative,5,5,5,5,5,5,Lainnya,Kurang,,,"Toilet bowl, urinoir, dan wastafel bersih dan berfungsi dengan baik",,,,Lainnya,Kurang toilet,,,e718c59c-cce2-4c20-988e-85e30f0ed17a,Completed,New,Anonymous,78112,,cab97c1f-67b4-11f0-a847-0a0cda9789f2,01f4f038-24c4-4c5e-8607-032254333b0e,,,TRUE,FALSE,QrCode,Bahasa,2025-11-05T06:01:35.5573Z,,,,,,,,,,,,,,68b55898ba36f57e40594600
05-11-2025 21:29:49,API dan IAS,CGK T1,1,TOILET T1A - BAGGAGE CLAIM PRIA,A.CCAT.P,2,Not Satisfied,2,Kalau bisa jumlah toilet wanita ditambah dan tempat peny,,Neutral,3,3,4,4,2,2,,,Lambat atau tidak tanggap membantu penumpang,,"Ketersediaan tisu, sabun, air, dan hand dryer",,,,,,Antrean toilet panjang karena jumlah toilet tidak mencukupi,,ad51783f-1c34-4ca4-bc75-66c96b016af1,Completed,New,Anonymous,925559,,cab97c1f-67b4-11f0-a847-0a0cda9789f2,01f4f038-24c4-4c5e-8607-032254333b0e,,,TRUE,FALSE,QrCode,Bahasa,2025-11-05T14:14:23.6463Z,,,,,,,,,,,,,,68b55898ba36f57e40594600
06-11-2025 9:39:32,API dan IAS,CGK T1,1,TOILET T1A - BOARDING ROOM T1A-2 WANITA,A.BL2.W,5,Satisfied,5,,,,5,5,5,5,5,5,Petugas ramah dan sopan|Berpenampilan rapi dengan seragam jelas|Cepat tanggap saat membantu penumpang,,,,"Ketersediaan tisu, sabun, air, dan hand dryer|Toilet bowl, urinoir, dan wastafel bersih dan berfungsi dengan baik|Toilet memiliki aroma yang wangi|Penerangan dan sirkulasi udara toilet baik",,,,Jadwal kebersihan yang konsisten sehingga toilet selalu dalam kondisi bersih,,,,ebd5cf3e-a470-493a-8236-ee0f6ee0a68e,Completed,New,Anonymous,237299,,cab97c1f-67b4-11f0-a847-0a0cda9789f2,01f4f038-24c4-4c5e-8607-032254333b0e,,,TRUE,FALSE,QrCode,English,2025-11-06T02:35:34.8715Z,,,,,,,,,,,,,,68b55898ba36f57e40594600
06-11-2025 10:12:46,API dan IAS,DPS,2,TOILET KEBERANGKATAN INTERNASIONAL ISLAND E TIMUR (DIFABLE),DPS-TOILET-E.TIMUR-DIFABLE,5,Satisfied,5,Sangat puas,,Positive,5,5,5,5,5,5,Petugas ramah dan sopan,,,,"Toilet bowl, urinoir, dan wastafel bersih dan berfungsi dengan baik",,,,Jadwal kebersihan yang konsisten sehingga toilet selalu dalam kondisi bersih,,,,a623b247-4347-4f26-a10d-6c64bf1f97ac,Completed,New,Anonymous,131052,,cab97c1f-67b4-11f0-a847-0a0cda9789f2,01f4f038-24c4-4c5e-8607-032254333b0e,,,TRUE,FALSE,QrCode,Bahasa,2025-11-06T03:10:35.1786Z,,,,,,,,,,,,,,68b55898ba36f57e40594600
06-11-2025 10:37:39,API dan IAS,CGK T1,1,TOILET T1B - CHECKIN PRIA,B. HCI. P,5,Satisfied,5,zuper DAHSYAT bersama Bang NAJAMUDIN,,Positive,5,5,5,5,5,5,Petugas ramah dan sopan|Berpenampilan rapi dengan seragam jelas|Cepat tanggap saat membantu penumpang|Jumlah petugas cukup,,,,"Ketersediaan tisu, sabun, air, dan hand dryer|Toilet bowl, urinoir, dan wastafel bersih dan berfungsi dengan baik|Toilet memiliki aroma yang wangi|Penerangan dan sirkulasi udara toilet baik",,,,Lokasi toilet mudah terlihat dan terjangkau|Jumlah toilet mencukupi sehingga tidak ada antrean|Proses penanganan masalah cepat sehingga aktivitas bisa berjalan dengan lancar|Jadwal kebersihan yang konsisten sehingga toilet selalu dalam kondisi bersih,,,,fc296b71-86ea-4696-916a-49a03bb96c03,Completed,New,Anonymous,75340,,cab97c1f-67b4-11f0-a847-0a0cda9789f2,01f4f038-24c4-4c5e-8607-032254333b0e,,,TRUE,FALSE,QrCode,Bahasa,2025-11-06T03:36:23.7213Z,,,,,,,,,,,,,,68b55898ba36f57e40594600
06-11-2025 11:59:05,API dan IAS,CGK T2,1,TOILET T2D - BOARDING ROOM T2D-6 PRIA,API&IAS-TOILET-CGK T2-BL D6 TP,5,Satisfied,5,Staf sangat ramah,,Positive,5,5,4,4,4,4,Petugas ramah dan sopan|Berpenampilan rapi dengan seragam jelas,,,,"Ketersediaan tisu, sabun, air, dan hand dryer",,,,Lokasi toilet mudah terlihat dan terjangkau,,,,b0f2106c-3e1c-41b9-a6fe-554093019d88,Completed,New,Anonymous,55964,,cab97c1f-67b4-11f0-a847-0a0cda9789f2,01f4f038-24c4-4c5e-8607-032254333b0e,,,TRUE,FALSE,QrCode,Bahasa,2025-11-06T04:58:08.0508Z,,,,,,,,,,,,,,68b55898ba36f57e40594600
07-11-2025 12:39:51,API dan IAS,SUB,4,"T2,A3,DIFABEL","SUB-TOILE-T2-A3,DIFABEL",5,Satisfied,5,Baik,,Neutral,5,5,5,5,5,5,Petugas ramah dan sopan,,,,"Toilet bowl, urinoir, dan wastafel bersih dan berfungsi dengan baik|Toilet memiliki aroma yang wangi|Penerangan dan sirkulasi udara toilet baik|Ketersediaan tisu, sabun, air, dan hand dryer",,,,Lokasi toilet mudah terlihat dan terjangkau|Jumlah toilet mencukupi sehingga tidak ada antrean|Proses penanganan masalah cepat sehingga aktivitas bisa berjalan dengan lancar|Jadwal kebersihan yang konsisten sehingga toilet selalu dalam kondisi bersih,,,,81aad550-538a-4dfb-a2c3-1eb97673dd2f,Completed,New,Anonymous,408610,,cab97c1f-67b4-11f0-a847-0a0cda9789f2,01f4f038-24c4-4c5e-8607-032254333b0e,,,TRUE,FALSE,QrCode,Bahasa,2025-11-07T05:33:01.9252Z,,,,,,,,,,,,,,68b55898ba36f57e40594600
07-11-2025 17:06:19,API dan IAS,CGK T1,1,TOILET T1A - BAGGAGE CLAIM PRIA,A.CCAT.P,5,Satisfied,5,Staff a.n Abu sangat ramah dan menjaga kebersihan Musholla Bandara dengan Baik 👍,,Positive,5,5,5,5,5,5,Petugas ramah dan sopan|Berpenampilan rapi dengan seragam jelas|Cepat tanggap saat membantu penumpang|Jumlah petugas cukup,,,,"Ketersediaan tisu, sabun, air, dan hand dryer|Toilet bowl, urinoir, dan wastafel bersih dan berfungsi dengan baik|Toilet memiliki aroma yang wangi|Penerangan dan sirkulasi udara toilet baik",,,,Lokasi toilet mudah terlihat dan terjangkau|Jumlah toilet mencukupi sehingga tidak ada antrean|Proses penanganan masalah cepat sehingga aktivitas bisa berjalan dengan lancar|Jadwal kebersihan yang konsisten sehingga toilet selalu dalam kondisi bersih,,,,ec1efb9f-3a4f-46e6-88e1-ea402f670c83,Completed,New,Anonymous,100914,,cab97c1f-67b4-11f0-a847-0a0cda9789f2,01f4f038-24c4-4c5e-8607-032254333b0e,,,TRUE,FALSE,QrCode,Bahasa,2025-11-07T10:04:37.5958Z,,,,,,,,,,,,,,68b55898ba36f57e40594600
07-11-2025 17:48:20,API dan IAS,SUB,4,"T1,GATE 1,PRIA","SUB-TOILE-T1-GATE 1,PRIA",5,Satisfied,5,,,,5,5,5,5,5,5,Cepat tanggap saat membantu penumpang|Petugas ramah dan sopan|Berpenampilan rapi dengan seragam jelas,,,,"Toilet memiliki aroma yang wangi|Toilet bowl, urinoir, dan wastafel bersih dan berfungsi dengan baik|Ketersediaan tisu, sabun, air, dan hand dryer|Penerangan dan sirkulasi udara toilet baik",,,,Jadwal kebersihan yang konsisten sehingga toilet selalu dalam kondisi bersih|Lokasi toilet mudah terlihat dan terjangkau|Proses penanganan masalah cepat sehingga aktivitas bisa berjalan dengan lancar,,,,c1a5a660-d411-4833-b3b8-82b637c1599b,Completed,New,Anonymous,1046287,,cab97c1f-67b4-11f0-a847-0a0cda9789f2,01f4f038-24c4-4c5e-8607-032254333b0e,,,TRUE,FALSE,QrCode,Bahasa,2025-11-07T10:30:55.5261Z,,,,,,,,,,,,,,68b55898ba36f57e40594600
07-11-2025 18:20:09,API dan IAS,CGK T1,1,TOILET T1B - BOARDING ROOM T1B-5 PRIA,B. BL5. P,5,Satisfied,5,Bersih wangi toilet ny. Saya sangat puas,,Positive,5,5,5,5,5,5,Petugas ramah dan sopan,,,,Toilet memiliki aroma yang wangi,,,,Jadwal kebersihan yang konsisten sehingga toilet selalu dalam kondisi bersih,,,,515c7408-8f7d-4aa3-b323-b669a723d275,Completed,New,Anonymous,138540,,cab97c1f-67b4-11f0-a847-0a0cda9789f2,01f4f038-24c4-4c5e-8607-032254333b0e,,,TRUE,FALSE,QrCode,Bahasa,2025-11-07T11:17:50.1664Z,,,,,,,,,,,,,,68b55898ba36f57e40594600
07-11-2025 21:07:58,API dan IAS,SUB,4,"T2,A7,PRIA","SUB-TOILE-T2-A7,PRIA",5,Satisfied,5,"Toiletnya bersih, kering,harum dan petugasnya ramah & sopan",,Positive,5,5,5,5,5,5,Petugas ramah dan sopan|Berpenampilan rapi dengan seragam jelas|Cepat tanggap saat membantu penumpang|Jumlah petugas cukup,,,,"Ketersediaan tisu, sabun, air, dan hand dryer|Toilet bowl, urinoir, dan wastafel bersih dan berfungsi dengan baik|Toilet memiliki aroma yang wangi|Penerangan dan sirkulasi udara toilet baik",,,,Lokasi toilet mudah terlihat dan terjangkau|Proses penanganan masalah cepat sehingga aktivitas bisa berjalan dengan lancar|Jumlah toilet mencukupi sehingga tidak ada antrean|Jadwal kebersihan yang konsisten sehingga toilet selalu dalam kondisi bersih,,,,ead85753-4efb-497f-abcb-32c80a4c5124,Completed,New,Anonymous,244368,,cab97c1f-67b4-11f0-a847-0a0cda9789f2,01f4f038-24c4-4c5e-8607-032254333b0e,,,TRUE,FALSE,QrCode,Bahasa,2025-11-07T14:03:54.1855Z,,,,,,,,,,,,,,68b55898ba36f57e40594600
08-11-2025 2:06:47,API dan IAS,CGK T1,1,TOILET T1A - CORRIDOR AFTER SCP PRIA,CCD. A1. P,4,Satisfied,4,Pertahankan kebersihannya,,Positive,4,4,4,4,4,4,Petugas ramah dan sopan|Berpenampilan rapi dengan seragam jelas|Cepat tanggap saat membantu penumpang|Jumlah petugas cukup,,,,"Ketersediaan tisu, sabun, air, dan hand dryer|Toilet bowl, urinoir, dan wastafel bersih dan berfungsi dengan baik|Toilet memiliki aroma yang wangi|Penerangan dan sirkulasi udara toilet baik",,,,Lokasi toilet mudah terlihat dan terjangkau|Jumlah toilet mencukupi sehingga tidak ada antrean|Proses penanganan masalah cepat sehingga aktivitas bisa berjalan dengan lancar|Jadwal kebersihan yang konsisten sehingga toilet selalu dalam kondisi bersih,,,,3cd980be-4eb9-4770-82a4-0be5a12af416,Completed,New,Anonymous,144865,,cab97c1f-67b4-11f0-a847-0a0cda9789f2,01f4f038-24c4-4c5e-8607-032254333b0e,,,TRUE,FALSE,QrCode,Bahasa,2025-11-07T19:04:21.3675Z,,,,,,,,,,,,,,68b55898ba36f57e40594600
08-11-2025 11:47:48,API dan IAS,CGK T1,1,TOILET T1B - CHECKIN PRIA,B. HCI. P,5,Satisfied,5,,,,5,5,5,5,5,5,Petugas ramah dan sopan|Cepat tanggap saat membantu penumpang|Berpenampilan rapi dengan seragam jelas,,,,"Ketersediaan tisu, sabun, air, dan hand dryer|Toilet bowl, urinoir, dan wastafel bersih dan berfungsi dengan baik|Toilet memiliki aroma yang wangi",,,,Lokasi toilet mudah terlihat dan terjangkau|Jumlah toilet mencukupi sehingga tidak ada antrean,,,,6db8427f-74ca-43c9-a015-f5c03c14e643,Completed,New,Anonymous,80607,,cab97c1f-67b4-11f0-a847-0a0cda9789f2,01f4f038-24c4-4c5e-8607-032254333b0e,,,TRUE,FALSE,QrCode,Bahasa,2025-11-08T04:46:26.9158Z,,,,,,,,,,,,,,68b55898ba36f57e40594600
08-11-2025 13:56:23,API dan IAS,SUB,4,"T1,GATE 3,WANITA","SUB-TOILE-T1-GATE 3,WANITA",5,Satisfied,5,All good,,Positive,5,5,5,5,5,5,Petugas ramah dan sopan,,,,"Ketersediaan tisu, sabun, air, dan hand dryer|Toilet memiliki aroma yang wangi|Toilet bowl, urinoir, dan wastafel bersih dan berfungsi dengan baik|Penerangan dan sirkulasi udara toilet baik",,,,Lokasi toilet mudah terlihat dan terjangkau|Jumlah toilet mencukupi sehingga tidak ada antrean|Proses penanganan masalah cepat sehingga aktivitas bisa berjalan dengan lancar|Jadwal kebersihan yang konsisten sehingga toilet selalu dalam kondisi bersih,,,,e951a973-e280-43fe-bc7c-6bdf4cb420ed,Completed,New,Anonymous,39088,,cab97c1f-67b4-11f0-a847-0a0cda9789f2,01f4f038-24c4-4c5e-8607-032254333b0e,,,TRUE,FALSE,QrCode,Bahasa,2025-11-08T06:55:43.7282Z,,,,,,,,,,,,,,68b55898ba36f57e40594600
08-11-2025 14:55:15,API dan IAS,CGK T2,1,TOILET T2D - CHECKIN PRIA,API&IAS-TOILET-CGK T2-HCI D TP,5,Satisfied,5,Dipertahankan,,Neutral,5,5,5,5,5,5,Petugas ramah dan sopan,,,,"Ketersediaan tisu, sabun, air, dan hand dryer|Toilet bowl, urinoir, dan wastafel bersih dan berfungsi dengan baik|Toilet memiliki aroma yang wangi|Penerangan dan sirkulasi udara toilet baik",,,,Lokasi toilet mudah terlihat dan terjangkau|Jumlah toilet mencukupi sehingga tidak ada antrean|Proses penanganan masalah cepat sehingga aktivitas bisa berjalan dengan lancar|Jadwal kebersihan yang konsisten sehingga toilet selalu dalam kondisi bersih,,,,0c8afd6e-2fea-4b92-9275-716e77590c4d,Completed,New,Anonymous,152185,,cab97c1f-67b4-11f0-a847-0a0cda9789f2,01f4f038-24c4-4c5e-8607-032254333b0e,,,TRUE,FALSE,QrCode,Bahasa,2025-11-08T07:52:42.9215Z,,,,,,,,,,,,,,68b55898ba36f57e40594600
08-11-2025 15:04:31,API dan IAS,CGK T2,1,TOILET T2E - BOARDING ROOM T2E-7 PRIA,API&IAS-TOILET-CGK T2-BL E7 TP,5,Satisfied,5,,,,5,5,5,5,5,5,Petugas ramah dan sopan|Berpenampilan rapi dengan seragam jelas,,,,"Toilet bowl, urinoir, dan wastafel bersih dan berfungsi dengan baik|Toilet memiliki aroma yang wangi",,,,Lokasi toilet mudah terlihat dan terjangkau|Jumlah toilet mencukupi sehingga tidak ada antrean,,,,0e041efa-8ba8-4303-b60b-66bf51930864,Completed,New,Anonymous,61255,,cab97c1f-67b4-11f0-a847-0a0cda9789f2,01f4f038-24c4-4c5e-8607-032254333b0e,,,TRUE,FALSE,QrCode,Bahasa,2025-11-08T08:03:29.9464Z,,,,,,,,,,,,,,68b55898ba36f57e40594600
08-11-2025 15:52:07,API dan IAS,CGK T2,1,TOILET T2E - ARRIVAL CORRIDOR WANITA,API&IAS-TOILET-CGK T2-CCA E TW,5,Satisfied,5,Tempat sampah perlu diremajakan.,,Neutral,5,5,5,5,5,5,Petugas ramah dan sopan|Berpenampilan rapi dengan seragam jelas|Cepat tanggap saat membantu penumpang|Jumlah petugas cukup,,,,"Ketersediaan tisu, sabun, air, dan hand dryer|Toilet bowl, urinoir, dan wastafel bersih dan berfungsi dengan baik|Toilet memiliki aroma yang wangi|Penerangan dan sirkulasi udara toilet baik",,,,Lokasi toilet mudah terlihat dan terjangkau|Jumlah toilet mencukupi sehingga tidak ada antrean|Proses penanganan masalah cepat sehingga aktivitas bisa berjalan dengan lancar|Jadwal kebersihan yang konsisten sehingga toilet selalu dalam kondisi bersih,,,,1bebb3b2-4d65-4abb-a602-9802e1fd5430,Completed,New,Anonymous,138505,,cab97c1f-67b4-11f0-a847-0a0cda9789f2,01f4f038-24c4-4c5e-8607-032254333b0e,,,TRUE,FALSE,QrCode,Bahasa,2025-11-08T08:49:45.6262Z,,,,,,,,,,,,,,68b55898ba36f57e40594600
08-11-2025 16:46:58,API dan IAS,SUB,4,"T2,A2,PRIA","SUB-TOILE-T2-A2,PRIA",5,Satisfied,5,Luar biasa toilet' sangat bersih petugas pun sangat ramah TOP benget,,Positive,5,5,5,5,5,5,Petugas ramah dan sopan|Berpenampilan rapi dengan seragam jelas|Cepat tanggap saat membantu penumpang|Lainnya|Jumlah petugas cukup,Petugas ramah,,,Lainnya,Baik,,,Lokasi toilet mudah terlihat dan terjangkau,,,,61957873-3995-40a0-a21d-4c35ff6b938c,Completed,New,Anonymous,104321,,cab97c1f-67b4-11f0-a847-0a0cda9789f2,01f4f038-24c4-4c5e-8607-032254333b0e,,,TRUE,FALSE,QrCode,Bahasa,2025-11-08T09:45:15.6735Z,,,,,,,,,,,,,,68b55898ba36f57e40594600
09-11-2025 3:35:34,API dan IAS,CGK T2,1,TOILET T2D - BOARDING ROOM T2D-4 PRIA,API&IAS-TOILET-CGK T2-BL D4 TP,5,Satisfied,5,Bersih dan harum,,Positive,5,5,5,5,5,5,Petugas ramah dan sopan|Berpenampilan rapi dengan seragam jelas|Cepat tanggap saat membantu penumpang|Jumlah petugas cukup,,,,"Ketersediaan tisu, sabun, air, dan hand dryer|Toilet bowl, urinoir, dan wastafel bersih dan berfungsi dengan baik|Toilet memiliki aroma yang wangi|Penerangan dan sirkulasi udara toilet baik",,,,Lokasi toilet mudah terlihat dan terjangkau|Jumlah toilet mencukupi sehingga tidak ada antrean|Proses penanganan masalah cepat sehingga aktivitas bisa berjalan dengan lancar|Jadwal kebersihan yang konsisten sehingga toilet selalu dalam kondisi bersih,,,,b4d298af-da3a-4360-a5be-ef35a7b7d19e,Completed,New,Anonymous,90376,,cab97c1f-67b4-11f0-a847-0a0cda9789f2,01f4f038-24c4-4c5e-8607-032254333b0e,,,TRUE,FALSE,QrCode,Bahasa,2025-11-08T20:40:45.6379Z,,,,,,,,,,,,,,68b55898ba36f57e40594600
09-11-2025 4:38:49,API dan IAS,SUB,4,"T1,GATE 10 CONCOURSE 4,FAMILY","SUB-TOILE-T1-GATE 10 CONCOURSE 4,",5,Satisfied,5,Terima kasih atas pelayanan nya saya liat petugas nya juga sigap membersihkan dan juga ramah..pribadi saya aprisiasi,,Positive,5,5,5,5,5,5,Petugas ramah dan sopan|Cepat tanggap saat membantu penumpang,,,,"Ketersediaan tisu, sabun, air, dan hand dryer",,,,Lainnya,Terima kasih,,,d15da1b7-5351-43ff-a4db-ca932993dd22,Completed,New,Anonymous,105360,,cab97c1f-67b4-11f0-a847-0a0cda9789f2,01f4f038-24c4-4c5e-8607-032254333b0e,,,TRUE,FALSE,QrCode,Bahasa,2025-11-08T21:37:04.6598Z,,,,,,,,,,,,,,68b55898ba36f57e40594600
09-11-2025 7:07:06,API dan IAS,CGK T1,1,TOILET T1A - BOARDING ROOM T1A-6 WANITA,A.BL6.W,5,Satisfied,5,Wangi bersih dan petugas ramah,,Positive,5,5,5,5,5,5,Petugas ramah dan sopan|Berpenampilan rapi dengan seragam jelas|Cepat tanggap saat membantu penumpang,,,,"Ketersediaan tisu, sabun, air, dan hand dryer|Toilet bowl, urinoir, dan wastafel bersih dan berfungsi dengan baik|Toilet memiliki aroma yang wangi|Penerangan dan sirkulasi udara toilet baik",,,,Lokasi toilet mudah terlihat dan terjangkau|Jumlah toilet mencukupi sehingga tidak ada antrean|Proses penanganan masalah cepat sehingga aktivitas bisa berjalan dengan lancar|Jadwal kebersihan yang konsisten sehingga toilet selalu dalam kondisi bersih,,,,d695d328-ef1e-4856-ab04-ab456d0e5517,Completed,New,Anonymous,85836,,cab97c1f-67b4-11f0-a847-0a0cda9789f2,01f4f038-24c4-4c5e-8607-032254333b0e,,,TRUE,FALSE,QrCode,Bahasa,2025-11-09T00:05:39.4621Z,,,,,,,,,,,,,,68b55898ba36f57e40594600
09-11-2025 10:04:27,API dan IAS,SUB,4,"T1,GATE 6 CONCOURSE 7,PRIA","SUB-TOILE-T1-GATE 6 CONCOURSE 7,P",1,Not Satisfied,1,WC cuma 3 pcs sehinggu harus antri lama.,,Negative,5,5,5,5,1,1,Jumlah petugas cukup,,,,Lainnya,Tidak ada,,,,,Antrean toilet panjang karena jumlah toilet tidak mencukupi|Proses penanganan masalah lambat sehingga aktivitas tidak berjalan dengan lancar|Lokasi toilet susah dicari dan tidak terjangkau,,55c76462-c30d-4c35-878b-d317cfc51725,Completed,New,Anonymous,106316,,cab97c1f-67b4-11f0-a847-0a0cda9789f2,01f4f038-24c4-4c5e-8607-032254333b0e,,,TRUE,FALSE,QrCode,Bahasa,2025-11-09T03:02:40.4356Z,,,,,,,,,,,,,,68b55898ba36f57e40594600
09-11-2025 10:08:05,API dan IAS,CGK T1,1,TOILET T1B - BAGGAGE CLAIM PRIA,B.HCO.P,5,Satisfied,5,sangat nyaman,,Positive,5,5,5,5,5,5,Petugas ramah dan sopan|Berpenampilan rapi dengan seragam jelas|Cepat tanggap saat membantu penumpang|Jumlah petugas cukup,,,,"Ketersediaan tisu, sabun, air, dan hand dryer|Toilet bowl, urinoir, dan wastafel bersih dan berfungsi dengan baik|Toilet memiliki aroma yang wangi|Penerangan dan sirkulasi udara toilet baik",,,,Lokasi toilet mudah terlihat dan terjangkau|Jumlah toilet mencukupi sehingga tidak ada antrean|Proses penanganan masalah cepat sehingga aktivitas bisa berjalan dengan lancar|Jadwal kebersihan yang konsisten sehingga toilet selalu dalam kondisi bersih,,,,8eab8fe9-c1a0-4997-90e3-3a3666aac41e,Completed,New,Anonymous,61524,,cab97c1f-67b4-11f0-a847-0a0cda9789f2,01f4f038-24c4-4c5e-8607-032254333b0e,,,TRUE,FALSE,QrCode,Bahasa,2025-11-09T03:07:01.9464Z,,,,,,,,,,,,,,68b55898ba36f57e40594600
09-11-2025 16:20:39,API dan IAS,CGK T1,1,TOILET T1B - BAGGAGE CLAIM PRIA,B.HCO.P,5,Satisfied,5,"Keren dan lengkap
Pokoke top tenan toilet umumnya",,Positive,5,5,5,5,5,5,Petugas ramah dan sopan,,,,"Toilet bowl, urinoir, dan wastafel bersih dan berfungsi dengan baik|Ketersediaan tisu, sabun, air, dan hand dryer|Toilet memiliki aroma yang wangi|Penerangan dan sirkulasi udara toilet baik",,,,Lokasi toilet mudah terlihat dan terjangkau|Jadwal kebersihan yang konsisten sehingga toilet selalu dalam kondisi bersih,,,,6582ef2b-6f11-42ac-ad65-83e3e89139d6,Completed,New,Anonymous,149602,,cab97c1f-67b4-11f0-a847-0a0cda9789f2,01f4f038-24c4-4c5e-8607-032254333b0e,,,TRUE,FALSE,QrCode,Bahasa,2025-11-09T09:18:07.7402Z,,,,,,,,,,,,,,68b55898ba36f57e40594600
09-11-2025 17:23:40,API dan IAS,CGK T2,1,TOILET T2D - BAGGAGE CLAIM PRIA,API&IAS-TOILET-CGK T2-HCO D TP,5,Satisfied,5,toiletnyawangi mangga,,Neutral,5,5,5,5,5,5,Petugas ramah dan sopan|Berpenampilan rapi dengan seragam jelas|Cepat tanggap saat membantu penumpang|Jumlah petugas cukup,,,,"Ketersediaan tisu, sabun, air, dan hand dryer|Toilet bowl, urinoir, dan wastafel bersih dan berfungsi dengan baik|Toilet memiliki aroma yang wangi|Penerangan dan sirkulasi udara toilet baik",,,,Lokasi toilet mudah terlihat dan terjangkau|Jumlah toilet mencukupi sehingga tidak ada antrean|Proses penanganan masalah cepat sehingga aktivitas bisa berjalan dengan lancar|Jadwal kebersihan yang konsisten sehingga toilet selalu dalam kondisi bersih,,,,8f6ad657-1996-494b-a44a-6fefcbf3d999,Completed,New,Anonymous,66545,,cab97c1f-67b4-11f0-a847-0a0cda9789f2,01f4f038-24c4-4c5e-8607-032254333b0e,,,TRUE,FALSE,QrCode,Bahasa,2025-11-09T10:22:32.8764Z,,,,,,,,,,,,,,68b55898ba36f57e40594600
09-11-2025 23:06:47,API dan IAS,CGK T1,1,TOILET T1B - CORRIDOR BEFORE SCP WANITA,B. SA. W,5,Satisfied,5,Toiletnya bagus drpd toilet di terminal 3,,Positive,5,5,5,5,5,5,Petugas ramah dan sopan|Berpenampilan rapi dengan seragam jelas|Cepat tanggap saat membantu penumpang|Jumlah petugas cukup,,,,"Ketersediaan tisu, sabun, air, dan hand dryer|Toilet bowl, urinoir, dan wastafel bersih dan berfungsi dengan baik|Toilet memiliki aroma yang wangi|Penerangan dan sirkulasi udara toilet baik",,,,Lokasi toilet mudah terlihat dan terjangkau,,,,808b718d-a974-4407-a841-aeb9c94ff1f9,Completed,New,Anonymous,100717,,cab97c1f-67b4-11f0-a847-0a0cda9789f2,01f4f038-24c4-4c5e-8607-032254333b0e,,,TRUE,FALSE,QrCode,Bahasa,2025-11-09T16:05:06.1103Z,,,,,,,,,,,,,,68b55898ba36f57e40594600
10-11-2025 1:13:28,API dan IAS,CGK T2,1,TOILET T2D - CHECKIN PRIA,API&IAS-TOILET-CGK T2-HCI D TP,5,Satisfied,5,Mantap,,Positive,5,5,5,5,5,5,Petugas ramah dan sopan|Berpenampilan rapi dengan seragam jelas|Cepat tanggap saat membantu penumpang,,,,"Ketersediaan tisu, sabun, air, dan hand dryer|Toilet bowl, urinoir, dan wastafel bersih dan berfungsi dengan baik|Toilet memiliki aroma yang wangi|Penerangan dan sirkulasi udara toilet baik",,,,Lokasi toilet mudah terlihat dan terjangkau|Jumlah toilet mencukupi sehingga tidak ada antrean,,,,5831297a-7dd0-43df-9659-8439595610ac,Completed,New,Anonymous,70423,,cab97c1f-67b4-11f0-a847-0a0cda9789f2,01f4f038-24c4-4c5e-8607-032254333b0e,,,TRUE,FALSE,QrCode,Bahasa,2025-11-09T18:12:18.0924Z,,,,,,,,,,,,,,68b55898ba36f57e40594600
10-11-2025 5:57:08,API dan IAS,SUB,4,"T1,KEDATANGAN 1B/1C TANGGA TRANSIT",SUB-TOILE-T1-KEDATANGAN 1B/1C TAN,5,Satisfied,5,Pertahankan,,Neutral,5,5,5,5,5,5,Petugas ramah dan sopan,,,,"Ketersediaan tisu, sabun, air, dan hand dryer",,,,Lokasi toilet mudah terlihat dan terjangkau,,,,a74bc4d3-086c-4180-89cd-3cdc11e99a55,Completed,New,Anonymous,98169,,cab97c1f-67b4-11f0-a847-0a0cda9789f2,01f4f038-24c4-4c5e-8607-032254333b0e,,,TRUE,FALSE,QrCode,Bahasa,2025-11-09T22:55:29.4509Z,,,,,,,,,,,,,,68b55898ba36f57e40594600
10-11-2025 7:50:02,API dan IAS,DPS,2,TOILET KEDATANGAN INTERNASIONAL MLCP INTER LT1 (WANITA),DPS-TOILET-INT.MLCP1-W,5,Satisfied,5,"Toilet lantai 1 wanita bersih dan wangi, tetap dijaga kebersihan nya selalu teman-teman!",,Positive,5,5,5,5,5,5,Petugas ramah dan sopan,,,,Toilet memiliki aroma yang wangi,,,,Jadwal kebersihan yang konsisten sehingga toilet selalu dalam kondisi bersih,,,,64de9e33-e061-4d75-b419-6d58f76f6db1,Completed,New,Anonymous,97725,,cab97c1f-67b4-11f0-a847-0a0cda9789f2,01f4f038-24c4-4c5e-8607-032254333b0e,,,TRUE,FALSE,QrCode,Bahasa,2025-11-10T00:48:24.8053Z,,,,,,,,,,,,,,68b55898ba36f57e40594600
10-11-2025 7:51:26,API dan IAS,CGK T1,1,TOILET T1B - BOARDING ROOM T1B-6 PRIA,B. BL6. P,5,Satisfied,5,Sangat memuaskan dan bersih,,Positive,5,5,5,5,5,5,Petugas ramah dan sopan|Berpenampilan rapi dengan seragam jelas|Cepat tanggap saat membantu penumpang|Jumlah petugas cukup,,,,"Ketersediaan tisu, sabun, air, dan hand dryer|Toilet bowl, urinoir, dan wastafel bersih dan berfungsi dengan baik|Toilet memiliki aroma yang wangi|Penerangan dan sirkulasi udara toilet baik",,,,Lokasi toilet mudah terlihat dan terjangkau|Jumlah toilet mencukupi sehingga tidak ada antrean|Proses penanganan masalah cepat sehingga aktivitas bisa berjalan dengan lancar|Jadwal kebersihan yang konsisten sehingga toilet selalu dalam kondisi bersih,,,,68d47add-891d-4435-94af-ff367ef672c1,Completed,New,Anonymous,51452,,cab97c1f-67b4-11f0-a847-0a0cda9789f2,01f4f038-24c4-4c5e-8607-032254333b0e,,,TRUE,FALSE,QrCode,Bahasa,2025-11-10T00:50:34.2614Z,,,,,,,,,,,,,,68b55898ba36f57e40594600
10-11-2025 9:29:40,API dan IAS,YIA,4,TOILET ARRIVAL WANITA,YIA-TOI-ARR-W,4,Satisfied,4,Sudah baik,,Positive,4,4,4,4,4,4,Cepat tanggap saat membantu penumpang|Petugas ramah dan sopan,,,,Toilet memiliki aroma yang wangi,,,,Lokasi toilet mudah terlihat dan terjangkau,,,,abdc8d6a-9371-4a77-9629-4c098c1519f9,Completed,New,Anonymous,96171,,cab97c1f-67b4-11f0-a847-0a0cda9789f2,01f4f038-24c4-4c5e-8607-032254333b0e,,,TRUE,FALSE,QrCode,Bahasa,2025-11-10T02:28:05.3376Z,,,,,,,,,,,,,,68b55898ba36f57e40594600
10-11-2025 9:32:34,API dan IAS,YIA,4,TOILET ARRIVAL WANITA,YIA-TOI-ARR-W,5,Satisfied,5,Berikan keset toilet,,Neutral,5,5,5,5,5,5,Petugas ramah dan sopan|Berpenampilan rapi dengan seragam jelas|Cepat tanggap saat membantu penumpang|Jumlah petugas cukup,,,,"Toilet bowl, urinoir, dan wastafel bersih dan berfungsi dengan baik|Ketersediaan tisu, sabun, air, dan hand dryer|Toilet memiliki aroma yang wangi|Penerangan dan sirkulasi udara toilet baik",,,,Jadwal kebersihan yang konsisten sehingga toilet selalu dalam kondisi bersih|Proses penanganan masalah cepat sehingga aktivitas bisa berjalan dengan lancar,,,,f6f26d24-447d-4ff9-886b-ec4e61635d88,Completed,New,Anonymous,137685,,cab97c1f-67b4-11f0-a847-0a0cda9789f2,01f4f038-24c4-4c5e-8607-032254333b0e,,,TRUE,FALSE,QrCode,Bahasa,2025-11-10T02:30:17.9536Z,,,,,,,,,,,,,,68b55898ba36f57e40594600
10-11-2025 9:37:56,API dan IAS,CGK T1,1,TOILET T1B - CHECKIN WANITA,B. HCI. W,2,Not Satisfied,2,tgl 10 oct 9:30 toilet cewe kotor lantainya basah semua. tempat sampah penuh. petugasnya cuman ngaca sama ngobrol,,Negative,2,2,3,3,3,3,,,Petugas tidak ramah dan kurang sopan,,,,Toilet memiliki aroma yang bau,,,,Kondisi toilet kotor karena jadwal pembersihan tidak jelas,,4c3532e5-20e5-41cb-a752-8d7c22a42747,Completed,New,Anonymous,134543,,cab97c1f-67b4-11f0-a847-0a0cda9789f2,01f4f038-24c4-4c5e-8607-032254333b0e,,,TRUE,FALSE,QrCode,Bahasa,2025-11-10T02:35:40.6686Z,,,,,,,,,,,,,,68b55898ba36f57e40594600
10-11-2025 15:48:02,API dan IAS,SUB,4,"T2,B3,PRIA","SUB-TOILE-T2-B3,PRIA",5,Satisfied,5,"Untuk fasilitas yg ada di toilet kurang hand dryer, utk menghemat tisu",,Neutral,5,5,5,5,5,5,Petugas ramah dan sopan|Berpenampilan rapi dengan seragam jelas|Cepat tanggap saat membantu penumpang,,,,"Toilet bowl, urinoir, dan wastafel bersih dan berfungsi dengan baik|Toilet memiliki aroma yang wangi|Penerangan dan sirkulasi udara toilet baik",,,,Lokasi toilet mudah terlihat dan terjangkau|Jumlah toilet mencukupi sehingga tidak ada antrean|Proses penanganan masalah cepat sehingga aktivitas bisa berjalan dengan lancar|Jadwal kebersihan yang konsisten sehingga toilet selalu dalam kondisi bersih,,,,9d6f0c2d-d778-497a-9aa4-513325ca81cc,Completed,New,Anonymous,169006,,cab97c1f-67b4-11f0-a847-0a0cda9789f2,01f4f038-24c4-4c5e-8607-032254333b0e,,,TRUE,FALSE,QrCode,Bahasa,2025-11-10T08:45:13.2353Z,,,,,,,,,,,,,,68b55898ba36f57e40594600
10-11-2025 16:46:35,API dan IAS,CGK T1,1,TOILET T1B - BOARDING ROOM T1B-6 PRIA,B. BL6. P,5,Satisfied,5,"Sangat baik, pegawai sangat friendly",,Positive,5,5,5,5,5,5,Petugas ramah dan sopan|Berpenampilan rapi dengan seragam jelas|Cepat tanggap saat membantu penumpang|Jumlah petugas cukup,,,,"Ketersediaan tisu, sabun, air, dan hand dryer|Toilet bowl, urinoir, dan wastafel bersih dan berfungsi dengan baik|Toilet memiliki aroma yang wangi|Penerangan dan sirkulasi udara toilet baik",,,,Lokasi toilet mudah terlihat dan terjangkau|Jumlah toilet mencukupi sehingga tidak ada antrean|Proses penanganan masalah cepat sehingga aktivitas bisa berjalan dengan lancar|Jadwal kebersihan yang konsisten sehingga toilet selalu dalam kondisi bersih,,,,b524b7f8-0bc4-4654-ba8f-fb54eb3a02af,Completed,New,Anonymous,194320,,cab97c1f-67b4-11f0-a847-0a0cda9789f2,01f4f038-24c4-4c5e-8607-032254333b0e,,,TRUE,FALSE,QrCode,Bahasa,2025-11-10T09:43:12.8341Z,,,,,,,,,,,,,,68b55898ba36f57e40594600
10-11-2025 16:47:29,API dan IAS,CGK T1,1,TOILET T1B - BOARDING ROOM T1B-6 PRIA,B. BL6. P,5,Satisfied,5,Baik sekali,,Positive,5,5,5,5,5,5,Petugas ramah dan sopan|Berpenampilan rapi dengan seragam jelas|Cepat tanggap saat membantu penumpang|Jumlah petugas cukup,,,,"Ketersediaan tisu, sabun, air, dan hand dryer|Toilet bowl, urinoir, dan wastafel bersih dan berfungsi dengan baik|Toilet memiliki aroma yang wangi|Penerangan dan sirkulasi udara toilet baik",,,,Lokasi toilet mudah terlihat dan terjangkau|Jumlah toilet mencukupi sehingga tidak ada antrean|Proses penanganan masalah cepat sehingga aktivitas bisa berjalan dengan lancar|Jadwal kebersihan yang konsisten sehingga toilet selalu dalam kondisi bersih,,,,4e92988c-bf1e-4bfc-b6a6-21815c6fefe5,Completed,New,Anonymous,41877,,cab97c1f-67b4-11f0-a847-0a0cda9789f2,01f4f038-24c4-4c5e-8607-032254333b0e,,,TRUE,FALSE,QrCode,Bahasa,2025-11-10T09:46:46.9522Z,,,,,,,,,,,,,,68b55898ba36f57e40594600
10-11-2025 18:35:38,API dan IAS,YIA,4,TOILET DIFABLE ARRIVAL 1,YIA-TOIDIF.-ARR1,4,Satisfied,4,Bagus bersih,,Positive,4,4,4,4,4,4,Berpenampilan rapi dengan seragam jelas,,,,"Ketersediaan tisu, sabun, air, dan hand dryer",,,,Jadwal kebersihan yang konsisten sehingga toilet selalu dalam kondisi bersih,,,,e9a62624-fa15-4652-b3f4-69e756d86069,Completed,New,Anonymous,83708,,cab97c1f-67b4-11f0-a847-0a0cda9789f2,01f4f038-24c4-4c5e-8607-032254333b0e,,,TRUE,FALSE,QrCode,Bahasa,2025-11-10T11:34:14.0754Z,,,,,,,,,,,,,,68b55898ba36f57e40594600
11-11-2025 6:51:28,API dan IAS,DPS,2,TOILET KEDATANGAN DOMESTIK PICKUPZONE TIMUR ( PENJEMPUTAN ) (PRIA),DPS-TOILET-JPO-P,4,Satisfied,4,,,,5,5,5,5,5,5,Petugas ramah dan sopan|Berpenampilan rapi dengan seragam jelas|Cepat tanggap saat membantu penumpang|Jumlah petugas cukup,,,,"Ketersediaan tisu, sabun, air, dan hand dryer|Toilet bowl, urinoir, dan wastafel bersih dan berfungsi dengan baik|Toilet memiliki aroma yang wangi|Penerangan dan sirkulasi udara toilet baik",,,,Lokasi toilet mudah terlihat dan terjangkau|Jumlah toilet mencukupi sehingga tidak ada antrean|Proses penanganan masalah cepat sehingga aktivitas bisa berjalan dengan lancar|Jadwal kebersihan yang konsisten sehingga toilet selalu dalam kondisi bersih,,,,39528484-078e-4bce-9cfe-bd22a55fd762,Completed,New,Anonymous,65334,,cab97c1f-67b4-11f0-a847-0a0cda9789f2,01f4f038-24c4-4c5e-8607-032254333b0e,,,TRUE,FALSE,QrCode,Bahasa,2025-11-10T23:50:22.1007Z,,,,,,,,,,,,,,68b55898ba36f57e40594600
11-11-2025 8:22:50,API dan IAS,CGK T1,1,TOILET T1B - BOARDING ROOM T1B-2 PRIA,B. BL2. P,5,Satisfied,5,Melarang orang yg buang2 air di lantai toilet agar tidak becek,,Neutral,5,5,5,5,5,5,Petugas ramah dan sopan,,,,"Ketersediaan tisu, sabun, air, dan hand dryer|Toilet bowl, urinoir, dan wastafel bersih dan berfungsi dengan baik|Penerangan dan sirkulasi udara toilet baik",,,,Proses penanganan masalah cepat sehingga aktivitas bisa berjalan dengan lancar|Jadwal kebersihan yang konsisten sehingga toilet selalu dalam kondisi bersih,,,,a032340e-8029-474e-86ec-9b07887be77c,Completed,New,Anonymous,119043,,cab97c1f-67b4-11f0-a847-0a0cda9789f2,01f4f038-24c4-4c5e-8607-032254333b0e,,,TRUE,FALSE,QrCode,Bahasa,2025-11-11T01:20:48.7123Z,,,,,,,,,,,,,,68b55898ba36f57e40594600
11-11-2025 10:37:34,API dan IAS,YIA,4,TOILET BOARIDNG ROOM BARAT PRIA,YIA-TOI-BR-B-P,5,Satisfied,5,-,,Neutral,5,5,4,4,5,5,Cepat tanggap saat membantu penumpang,,,,Toilet memiliki aroma yang wangi,,,,Proses penanganan masalah cepat sehingga aktivitas bisa berjalan dengan lancar,,,,da45072f-2b22-4a55-98dd-0d3e5a4de68b,Completed,New,Anonymous,80266,,cab97c1f-67b4-11f0-a847-0a0cda9789f2,01f4f038-24c4-4c5e-8607-032254333b0e,,,TRUE,FALSE,QrCode,Bahasa,2025-11-11T03:36:13.5708Z,,,,,,,,,,,,,,68b55898ba36f57e40594600
11-11-2025 11:26:07,API dan IAS,CGK T2,1,TOILET T2E - BOARDING ROOM T2E-6 PRIA,API&IAS-TOILET-CGK T2-BL E6 TP,3,Neutral,3,Mohon sabun dan tisu di isi,,Neutral,5,5,3,3,4,4,Petugas ramah dan sopan,,,,,,"Toilet bowl, urinoir, dan wastafel kotor dan tidak berfungsi dengan baik|Tisu, sabun, air, dan hand dryer tidak tersedia",,Jumlah toilet mencukupi sehingga tidak ada antrean,,,,730f2192-abfc-418c-a155-c22ea1603d73,Completed,New,Anonymous,114144,,cab97c1f-67b4-11f0-a847-0a0cda9789f2,01f4f038-24c4-4c5e-8607-032254333b0e,,,TRUE,FALSE,QrCode,Bahasa,2025-11-11T04:24:12.7435Z,,,,,,,,,,,,,,68b55898ba36f57e40594600
11-11-2025 16:28:22,API dan IAS,CGK T1,1,TOILET T1A - BOARDING ROOM T1A-6 WANITA,A.BL6.W,5,Satisfied,5,Musholla & t4 wudhu utk muslim muslimah agar dipisah,Accessibility and Facilities for Disabled/Elderly Users,Neutral,4,4,5,5,5,5,Petugas ramah dan sopan|Berpenampilan rapi dengan seragam jelas|Cepat tanggap saat membantu penumpang,,,,"Ketersediaan tisu, sabun, air, dan hand dryer|Toilet bowl, urinoir, dan wastafel bersih dan berfungsi dengan baik|Toilet memiliki aroma yang wangi|Penerangan dan sirkulasi udara toilet baik",,,,Lokasi toilet mudah terlihat dan terjangkau|Jumlah toilet mencukupi sehingga tidak ada antrean|Proses penanganan masalah cepat sehingga aktivitas bisa berjalan dengan lancar|Jadwal kebersihan yang konsisten sehingga toilet selalu dalam kondisi bersih,,,,e0561e5e-2581-46d0-9d7e-4479d92aa8f0,Completed,New,Anonymous,630863,,cab97c1f-67b4-11f0-a847-0a0cda9789f2,01f4f038-24c4-4c5e-8607-032254333b0e,,,TRUE,FALSE,QrCode,Bahasa,2025-11-11T09:17:50.8035Z,,,,,,,,,,,,,,68b55898ba36f57e40594600
11-11-2025 18:44:47,API dan IAS,CGK T1,1,TOILET T1A - BAGGAGE CLAIM WANITA,A.CCAT.W,5,Satisfied,5,"Toilet nya bersih, terus akses dari musholla ke toilet tu deket jd mudah bgt",Operational Aspects such as Queue Management and Area Cleanliness,Positive,5,5,5,5,5,5,Petugas ramah dan sopan|Berpenampilan rapi dengan seragam jelas|Cepat tanggap saat membantu penumpang|Jumlah petugas cukup,,,,"Ketersediaan tisu, sabun, air, dan hand dryer|Toilet bowl, urinoir, dan wastafel bersih dan berfungsi dengan baik|Toilet memiliki aroma yang wangi|Penerangan dan sirkulasi udara toilet baik",,,,Lokasi toilet mudah terlihat dan terjangkau|Jumlah toilet mencukupi sehingga tidak ada antrean|Proses penanganan masalah cepat sehingga aktivitas bisa berjalan dengan lancar|Jadwal kebersihan yang konsisten sehingga toilet selalu dalam kondisi bersih,,,,876eba42-e4cc-4179-a3ff-eebcd03fcc59,Completed,New,Anonymous,79871,,cab97c1f-67b4-11f0-a847-0a0cda9789f2,01f4f038-24c4-4c5e-8607-032254333b0e,,,TRUE,FALSE,QrCode,Bahasa,2025-11-11T11:43:27.2109Z,,,,,,,,,,,,,,68b55898ba36f57e40594600
12-11-2025 3:53:50,API dan IAS,CGK T2,1,TOILET T2D - BAGGAGE CLAIM PRIA,API&IAS-TOILET-CGK T2-HCO D TP,4,Satisfied,4,,,,1,1,3,3,2,2,,,Petugas tidak ramah dan kurang sopan,,,,Penerangan dan sirkulasi udara toilet tidak baik,,,,Kondisi toilet kotor karena jadwal pembersihan tidak jelas,,16339cc1-b9d8-4f0b-917e-40df305ee0e0,Completed,New,Anonymous,68311,,cab97c1f-67b4-11f0-a847-0a0cda9789f2,01f4f038-24c4-4c5e-8607-032254333b0e,,,TRUE,FALSE,QrCode,Bahasa,2025-11-11T20:52:41.2492Z,,,,,,,,,,,,,,68b55898ba36f57e40594600
12-11-2025 9:03:54,API dan IAS,YIA,4,TOILET MEZZANINE TIMUR WANITA,YIA-TOI-MZ-T-W,5,Satisfied,5,"Toilet luas bersih wangi
Yg jaga juga ramah",Cleanliness and Hygiene of Toilets,Positive,5,5,5,5,5,5,Petugas ramah dan sopan,,,,"Ketersediaan tisu, sabun, air, dan hand dryer|Toilet bowl, urinoir, dan wastafel bersih dan berfungsi dengan baik|Toilet memiliki aroma yang wangi|Penerangan dan sirkulasi udara toilet baik",,,,Jumlah toilet mencukupi sehingga tidak ada antrean,,,,872bf235-e430-438f-80e3-23f1799d766b,Completed,New,Anonymous,1991557,,cab97c1f-67b4-11f0-a847-0a0cda9789f2,01f4f038-24c4-4c5e-8607-032254333b0e,,,TRUE,FALSE,QrCode,Bahasa,2025-11-12T01:30:42.0924Z,,,,,,,,,,,,,,68b55898ba36f57e40594600
12-11-2025 12:31:37,API dan IAS,CGK T2,1,TOILET T2D - BAGGAGE CLAIM PRIA,API&IAS-TOILET-CGK T2-HCO D TP,4,Satisfied,4,,,,4,4,4,4,3,3,Berpenampilan rapi dengan seragam jelas|Petugas ramah dan sopan,,,,"Ketersediaan tisu, sabun, air, dan hand dryer",,,,,,Lainnya,"Space toilet terlalu sempit, alur lalu lintas pengguna kurang leluasa",fd8189cc-a9f0-4401-94f0-6b5eb5129d1d,Completed,New,Anonymous,469640,,cab97c1f-67b4-11f0-a847-0a0cda9789f2,01f4f038-24c4-4c5e-8607-032254333b0e,,,TRUE,FALSE,QrCode,Bahasa,2025-11-12T05:23:48.3715Z,,,,,,,,,,,,,,68b55898ba36f57e40594600
12-11-2025 12:55:48,API dan IAS,SUB,4,"T1,LOBBY 1 ULTIMATE,PRIA","SUB-TOILE-T1-LOBBY 1 ULTIMATE,PRI",4,Satisfied,4,Petugasnya lbh gercep lgi u mengepel lantai yg basah dekat uranior,Operational Aspects such as Queue Management and Area Cleanliness,Positive,4,4,5,5,5,5,Lainnya,Menyapa,,,"Ketersediaan tisu, sabun, air, dan hand dryer",,,,Lokasi toilet mudah terlihat dan terjangkau,,,,cde9ba25-fec5-4de4-866a-e412d6f8899f,Completed,New,Anonymous,2761139,,cab97c1f-67b4-11f0-a847-0a0cda9789f2,01f4f038-24c4-4c5e-8607-032254333b0e,,,TRUE,FALSE,QrCode,Bahasa,2025-11-12T05:09:46.7504Z,,,,,,,,,,,,,,68b55898ba36f57e40594600
12-11-2025 12:58:33,API dan IAS,CGK T2,1,TOILET T2D - ARRIVAL CORRIDOR WANITA,API&IAS-TOILET-CGK T2-CCA D TW,5,Satisfied,5,Bersih,Cleanliness and Hygiene of Toilets,Positive,5,5,5,5,5,5,Petugas ramah dan sopan|Berpenampilan rapi dengan seragam jelas|Cepat tanggap saat membantu penumpang,,,,"Ketersediaan tisu, sabun, air, dan hand dryer|Toilet bowl, urinoir, dan wastafel bersih dan berfungsi dengan baik|Toilet memiliki aroma yang wangi",,,,Lokasi toilet mudah terlihat dan terjangkau|Jadwal kebersihan yang konsisten sehingga toilet selalu dalam kondisi bersih,,,,f0406c82-0f37-455a-8335-7abdef2c4320,Completed,New,Anonymous,91264,,cab97c1f-67b4-11f0-a847-0a0cda9789f2,01f4f038-24c4-4c5e-8607-032254333b0e,,,TRUE,FALSE,QrCode,Bahasa,2025-11-12T05:57:02.2773Z,,,,,,,,,,,,,,68b55898ba36f57e40594600
13-11-2025 2:58:40,API dan IAS,CGK T2,1,TOILET T2E - BOARDING ROOM T2E-7 PRIA,API&IAS-TOILET-CGK T2-BL E7 TP,4,Satisfied,4,Bagus,"Customer Feedback, Complaint Handling, and Service Quality",Positive,4,4,4,4,4,4,Cepat tanggap saat membantu penumpang,,,,"Toilet bowl, urinoir, dan wastafel bersih dan berfungsi dengan baik",,,,Jumlah toilet mencukupi sehingga tidak ada antrean,,,,c1c3a67d-2960-44ba-ba0b-f240393c8a3e,Completed,New,Anonymous,72931,,cab97c1f-67b4-11f0-a847-0a0cda9789f2,01f4f038-24c4-4c5e-8607-032254333b0e,,,TRUE,FALSE,QrCode,Bahasa,2025-11-12T19:57:26.9366Z,,,,,,,,,,,,,,68b55898ba36f57e40594600
13-11-2025 7:57:34,API dan IAS,CGK T2,1,TOILET T2E - ARRIVAL CORRIDOR WANITA,API&IAS-TOILET-CGK T2-CCA E TW,5,Satisfied,5,"Sudah sempurna, pelu tambah fasilitas lagi supaya tidak menumpuk pengguna","Suggestions for Facility Improvements (e.g., additional toilets, decoration, signage)",Positive,5,5,5,5,5,5,Petugas ramah dan sopan|Berpenampilan rapi dengan seragam jelas|Cepat tanggap saat membantu penumpang|Jumlah petugas cukup,,,,"Ketersediaan tisu, sabun, air, dan hand dryer|Toilet bowl, urinoir, dan wastafel bersih dan berfungsi dengan baik|Toilet memiliki aroma yang wangi|Penerangan dan sirkulasi udara toilet baik",,,,Lokasi toilet mudah terlihat dan terjangkau|Jumlah toilet mencukupi sehingga tidak ada antrean|Proses penanganan masalah cepat sehingga aktivitas bisa berjalan dengan lancar|Jadwal kebersihan yang konsisten sehingga toilet selalu dalam kondisi bersih,,,,a0a98c6e-6d31-41ae-b7c1-35432d7a9f77,Completed,New,Anonymous,106725,,cab97c1f-67b4-11f0-a847-0a0cda9789f2,01f4f038-24c4-4c5e-8607-032254333b0e,,,TRUE,FALSE,QrCode,Bahasa,2025-11-13T00:55:47.1956Z,,,,,,,,,,,,,,68b55898ba36f57e40594600
13-11-2025 13:08:01,API dan IAS,CGK T1,1,TOILET T1A - BOARDING ROOM T1A-5 PRIA,A.BL5.P,4,Satisfied,4,"airnya kecil, tolong diperbaiki",Operational Aspects such as Queue Management and Area Cleanliness,Negative,4,4,4,4,4,4,Berpenampilan rapi dengan seragam jelas,,,,"Ketersediaan tisu, sabun, air, dan hand dryer",,,,Jadwal kebersihan yang konsisten sehingga toilet selalu dalam kondisi bersih,,,,85679cc9-ce24-4de2-bcf5-f08ba7a6a940,Completed,New,Anonymous,50653,,cab97c1f-67b4-11f0-a847-0a0cda9789f2,01f4f038-24c4-4c5e-8607-032254333b0e,,,TRUE,FALSE,QrCode,Bahasa,2025-11-13T06:07:09.1491Z,,,,,,,,,,,,,,68b55898ba36f57e40594600
13-11-2025 14:45:36,API dan IAS,CGK T2,1,TOILET T2E - ARRIVAL CORRIDOR WANITA,API&IAS-TOILET-CGK T2-CCA E TW,5,Satisfied,5,Sangat baik,"Customer Feedback, Complaint Handling, and Service Quality",Positive,5,5,5,5,5,5,Petugas ramah dan sopan|Berpenampilan rapi dengan seragam jelas|Cepat tanggap saat membantu penumpang|Jumlah petugas cukup,,,,"Ketersediaan tisu, sabun, air, dan hand dryer|Toilet bowl, urinoir, dan wastafel bersih dan berfungsi dengan baik|Toilet memiliki aroma yang wangi|Penerangan dan sirkulasi udara toilet baik",,,,Lokasi toilet mudah terlihat dan terjangkau|Jumlah toilet mencukupi sehingga tidak ada antrean|Proses penanganan masalah cepat sehingga aktivitas bisa berjalan dengan lancar|Jadwal kebersihan yang konsisten sehingga toilet selalu dalam kondisi bersih,,,,180058bb-7745-425f-8607-dd3f7fa59c9b,Completed,New,Anonymous,219906,,cab97c1f-67b4-11f0-a847-0a0cda9789f2,01f4f038-24c4-4c5e-8607-032254333b0e,,,TRUE,FALSE,QrCode,Bahasa,2025-11-13T07:41:55.4149Z,,,,,,,,,,,,,,68b55898ba36f57e40594600
14-11-2025 6:12:36,API dan IAS,CGK T2,1,TOILET T2E - BOARDING ROOM T2E-7 PRIA,API&IAS-TOILET-CGK T2-BL E7 TP,2,Not Satisfied,2,"Tidak friendly untuk orang yang sudah berumur dikarenakan toiletnya dibawah, jadi harus lewat tangga yang cukup banyak hanya untuk ke toilet saja",Accessibility and Facilities for Disabled/Elderly Users,Negative,5,5,5,5,5,5,Petugas ramah dan sopan|Berpenampilan rapi dengan seragam jelas|Jumlah petugas cukup,,,,"Ketersediaan tisu, sabun, air, dan hand dryer|Toilet bowl, urinoir, dan wastafel bersih dan berfungsi dengan baik|Toilet memiliki aroma yang wangi|Penerangan dan sirkulasi udara toilet baik",,,,Jumlah toilet mencukupi sehingga tidak ada antrean,,,,7e8657a3-651a-4a9a-b878-c1084f99b9ed,Completed,New,Anonymous,91097,,cab97c1f-67b4-11f0-a847-0a0cda9789f2,01f4f038-24c4-4c5e-8607-032254333b0e,,,TRUE,FALSE,QrCode,Bahasa,2025-11-13T23:11:04.7970Z,,,,,,,,,,,,,,68b55898ba36f57e40594600
14-11-2025 9:04:43,API dan IAS,CGK T1,1,TOILET T1A - BOARDING ROOM T1A-4 WANITA,A.BL4.W,5,Satisfied,5,Pertahankan kinerja,Facility Maintenance and Upkeep,Positive,5,5,5,5,5,5,Petugas ramah dan sopan,,,,"Ketersediaan tisu, sabun, air, dan hand dryer",,,,Lokasi toilet mudah terlihat dan terjangkau,,,,b6164e52-e925-450e-ba64-620a3cb2f3e3,Completed,New,Anonymous,89106,,cab97c1f-67b4-11f0-a847-0a0cda9789f2,01f4f038-24c4-4c5e-8607-032254333b0e,,,TRUE,FALSE,QrCode,Bahasa,2025-11-14T02:03:15.5422Z,,,,,,,,,,,,,,68b55898ba36f57e40594600
14-11-2025 13:46:32,API dan IAS,CGK T2,1,TOILET T2E - BOARDING ROOM T2E-4 PRIA,API&IAS-TOILET-CGK T2-BL E4 TP,5,Satisfied,5,Sangat baik,"Customer Feedback, Complaint Handling, and Service Quality",Positive,5,5,5,5,5,5,Petugas ramah dan sopan,,,,"Ketersediaan tisu, sabun, air, dan hand dryer|Toilet bowl, urinoir, dan wastafel bersih dan berfungsi dengan baik|Toilet memiliki aroma yang wangi",,,,Jadwal kebersihan yang konsisten sehingga toilet selalu dalam kondisi bersih,,,,956a3a90-90fe-44dd-bba2-75175d1535aa,Completed,New,Anonymous,120146,,cab97c1f-67b4-11f0-a847-0a0cda9789f2,01f4f038-24c4-4c5e-8607-032254333b0e,,,TRUE,FALSE,QrCode,Bahasa,2025-11-14T06:44:31.4390Z,,,,,,,,,,,,,,68b55898ba36f57e40594600
14-11-2025 14:46:16,API dan IAS,CGK T2,1,TOILET T2E - BOARDING ROOM T2E-7 PRIA,API&IAS-TOILET-CGK T2-BL E7 TP,5,Satisfied,5,Pastikan kedua dispenser sabun ada isinya. Sisanya memuaskan,Facility Maintenance and Upkeep,Positive,5,5,5,5,5,5,Petugas ramah dan sopan|Berpenampilan rapi dengan seragam jelas|Cepat tanggap saat membantu penumpang|Jumlah petugas cukup,,,,"Ketersediaan tisu, sabun, air, dan hand dryer|Toilet bowl, urinoir, dan wastafel bersih dan berfungsi dengan baik|Toilet memiliki aroma yang wangi|Penerangan dan sirkulasi udara toilet baik",,,,Lokasi toilet mudah terlihat dan terjangkau|Jadwal kebersihan yang konsisten sehingga toilet selalu dalam kondisi bersih,,,,d91ed6b5-07fb-4ee9-b190-95a16c19e854,Completed,New,Anonymous,95287,,cab97c1f-67b4-11f0-a847-0a0cda9789f2,01f4f038-24c4-4c5e-8607-032254333b0e,,,TRUE,FALSE,QrCode,Bahasa,2025-11-14T07:44:40.2912Z,,,,,,,,,,,,,,68b55898ba36f57e40594600
15-11-2025 0:59:48,API dan IAS,CGK T2,1,TOILET T2D - BOARDING ROOM T2D-3 PRIA,API&IAS-TOILET-CGK T2-BL D3 TP,5,Satisfied,5,Oke,,Neutral,5,5,5,5,5,5,Petugas ramah dan sopan|Berpenampilan rapi dengan seragam jelas|Cepat tanggap saat membantu penumpang|Jumlah petugas cukup,,,,"Ketersediaan tisu, sabun, air, dan hand dryer|Toilet bowl, urinoir, dan wastafel bersih dan berfungsi dengan baik|Toilet memiliki aroma yang wangi|Penerangan dan sirkulasi udara toilet baik",,,,Lokasi toilet mudah terlihat dan terjangkau|Jumlah toilet mencukupi sehingga tidak ada antrean|Proses penanganan masalah cepat sehingga aktivitas bisa berjalan dengan lancar|Jadwal kebersihan yang konsisten sehingga toilet selalu dalam kondisi bersih,,,,478854d5-ca32-4444-840b-a6b2867df416,Completed,New,Anonymous,277382,,cab97c1f-67b4-11f0-a847-0a0cda9789f2,01f4f038-24c4-4c5e-8607-032254333b0e,,,TRUE,FALSE,QrCode,Bahasa,2025-11-14T17:55:09.4742Z,,,,,,,,,,,,,,68b55898ba36f57e40594600
15-11-2025 13:17:20,API dan IAS,CGK T2,1,TOILET T2E - BOARDING ROOM T2E-4 PRIA,API&IAS-TOILET-CGK T2-BL E4 TP,4,Satisfied,4,Tempat sholatnya lebih dibesarkan🙏,Facility Maintenance and Upkeep,Positive,4,4,4,4,4,4,Berpenampilan rapi dengan seragam jelas,,,,"Toilet bowl, urinoir, dan wastafel bersih dan berfungsi dengan baik",,,,Lokasi toilet mudah terlihat dan terjangkau,,,,566e5510-4595-446c-8b79-9932428e3dfa,Completed,New,Anonymous,114872,,cab97c1f-67b4-11f0-a847-0a0cda9789f2,01f4f038-24c4-4c5e-8607-032254333b0e,,,TRUE,FALSE,QrCode,Bahasa,2025-11-15T06:15:25.2922Z,,,,,,,,,,,,,,68b55898ba36f57e40594600
15-11-2025 18:44:35,API dan IAS,CGK T2,1,TOILET T2D - BAGGAGE CLAIM PRIA,API&IAS-TOILET-CGK T2-HCO D TP,5,Satisfied,5,"Petugas kebersihan kurang ramah, biasakan minimal di lihat orang itu senyum","Customer Feedback, Complaint Handling, and Service Quality",,5,5,5,5,5,5,Lainnya,Senyumnya kurang ramah,,,Toilet memiliki aroma yang wangi,,,,Lokasi toilet mudah terlihat dan terjangkau,,,,4432a39d-582e-4242-95df-1b238b9d54c3,Completed,New,Anonymous,79090,,cab97c1f-67b4-11f0-a847-0a0cda9789f2,01f4f038-24c4-4c5e-8607-032254333b0e,,,TRUE,FALSE,QrCode,Bahasa,2025-11-15T11:43:16.7282Z,,,,,,,,,,,,,,68b55898ba36f57e40594600
15-11-2025 19:47:37,API dan IAS,CGK T1,1,TOILET T1A - CURBSIDE WANITA,A. PCI. W,4,Satisfied,4,"Perlu perbaikan utk semprotan closet duduk , semprotan air nya kecil",Facility Maintenance and Upkeep,,4,4,2,2,4,4,Berpenampilan rapi dengan seragam jelas,,,,,,"Toilet bowl, urinoir, dan wastafel kotor dan tidak berfungsi dengan baik",,Lokasi toilet mudah terlihat dan terjangkau,,,,f29d4b84-4275-45ee-93d9-399d757b6523,Completed,New,Anonymous,204812,,cab97c1f-67b4-11f0-a847-0a0cda9789f2,01f4f038-24c4-4c5e-8607-032254333b0e,,,TRUE,FALSE,QrCode,Bahasa,2025-11-15T12:44:09.5654Z,,,,,,,,,,,,,,68b55898ba36f57e40594600
16-11-2025 0:51:25,API dan IAS,CGK T2,1,TOILET T2E - BOARDING ROOM T2E-7 PRIA,API&IAS-TOILET-CGK T2-BL E7 TP,5,Satisfied,5,,,,5,5,5,5,5,5,Petugas ramah dan sopan|Berpenampilan rapi dengan seragam jelas,,,,"Ketersediaan tisu, sabun, air, dan hand dryer|Toilet memiliki aroma yang wangi|Penerangan dan sirkulasi udara toilet baik|Toilet bowl, urinoir, dan wastafel bersih dan berfungsi dengan baik",,,,Lokasi toilet mudah terlihat dan terjangkau|Jadwal kebersihan yang konsisten sehingga toilet selalu dalam kondisi bersih|Proses penanganan masalah cepat sehingga aktivitas bisa berjalan dengan lancar,,,,c8e5e6b6-040d-4244-9ba4-b5279ca21219,Completed,New,Anonymous,40613,,cab97c1f-67b4-11f0-a847-0a0cda9789f2,01f4f038-24c4-4c5e-8607-032254333b0e,,,TRUE,FALSE,QrCode,Bahasa,2025-11-15T17:50:44.5147Z,,,,,,,,,,,,,,68b55898ba36f57e40594600
16-11-2025 9:55:01,API dan IAS,SUB,4,"T1,LOBBY 2 DANTE,PRIA","SUB-TOILE-T1-LOBBY 2 DANTE,PRIA",5,Satisfied,5,"Tolong supaya semua toilet di bandara Juanda dilengkapi dengan speaker agar pengguna toilet dapat mendengar dan mengetahui setiap informasi penerbangan. Untuk speaker saat ini berada diluar toilet, jadi kurang maksimal untuk pengguna toilet.",Operational Aspects such as Queue Management and Area Cleanliness,,5,5,5,5,5,5,Petugas ramah dan sopan|Berpenampilan rapi dengan seragam jelas|Cepat tanggap saat membantu penumpang,,,,"Ketersediaan tisu, sabun, air, dan hand dryer|Toilet bowl, urinoir, dan wastafel bersih dan berfungsi dengan baik|Toilet memiliki aroma yang wangi|Penerangan dan sirkulasi udara toilet baik",,,,Jadwal kebersihan yang konsisten sehingga toilet selalu dalam kondisi bersih|Jumlah toilet mencukupi sehingga tidak ada antrean,,,,849a6883-3082-49c8-8781-6b8f7be09925,Completed,New,Anonymous,189989,,cab97c1f-67b4-11f0-a847-0a0cda9789f2,01f4f038-24c4-4c5e-8607-032254333b0e,,,TRUE,FALSE,QrCode,Bahasa,2025-11-16T02:51:51.3506Z,,,,,,,,,,,,,,68b55898ba36f57e40594600
16-11-2025 11:19:03,API dan IAS,CGK T1,1,TOILET T1A - CHECKIN WANITA,A. HCI. W,4,Satisfied,4,Sangat baik pelayananannya saran utk lansia mhn toilet khusus krn tdh sempat antri sdh duluan keluar hajatnya tks,"Customer Feedback, Complaint Handling, and Service Quality",,5,5,5,5,4,4,Petugas ramah dan sopan|Berpenampilan rapi dengan seragam jelas|Cepat tanggap saat membantu penumpang|Jumlah petugas cukup|Lainnya,Mhn lansia didahulukan masuk tiolet,,,"Ketersediaan tisu, sabun, air, dan hand dryer|Toilet bowl, urinoir, dan wastafel bersih dan berfungsi dengan baik|Toilet memiliki aroma yang wangi|Penerangan dan sirkulasi udara toilet baik|Lainnya",Kering selalu,,,Jadwal kebersihan yang konsisten sehingga toilet selalu dalam kondisi bersih,,,,7b7eea50-f291-4bce-bc67-2fe402826824,Completed,New,Anonymous,358398,,cab97c1f-67b4-11f0-a847-0a0cda9789f2,01f4f038-24c4-4c5e-8607-032254333b0e,,,TRUE,FALSE,QrCode,Bahasa,2025-11-16T04:13:04.3914Z,,,,,,,,,,,,,,68b55898ba36f57e40594600
16-11-2025 13:06:42,API dan IAS,CGK T2,1,TOILET T2D - BOARDING ROOM T2D-6 PRIA,API&IAS-TOILET-CGK T2-BL D6 TP,5,Satisfied,5,"Petugas cewek cowok informatif , helpful minggu 16.11.25 jam 13:05 gate d6","Customer Feedback, Complaint Handling, and Service Quality",,5,5,5,5,5,5,Petugas ramah dan sopan|Cepat tanggap saat membantu penumpang,,,,"Ketersediaan tisu, sabun, air, dan hand dryer|Toilet bowl, urinoir, dan wastafel bersih dan berfungsi dengan baik|Toilet memiliki aroma yang wangi|Penerangan dan sirkulasi udara toilet baik",,,,Proses penanganan masalah cepat sehingga aktivitas bisa berjalan dengan lancar,,,,4d38c1bc-2c86-4c0d-b105-e8c9c63c659d,Completed,New,Anonymous,146687,,cab97c1f-67b4-11f0-a847-0a0cda9789f2,01f4f038-24c4-4c5e-8607-032254333b0e,,,TRUE,FALSE,QrCode,Bahasa,2025-11-16T06:04:15.6436Z,,,,,,,,,,,,,,68b55898ba36f57e40594600
16-11-2025 13:16:18,API dan IAS,CGK T1,1,TOILET T1A - BOARDING ROOM T1A-2 WANITA,A.BL2.W,5,Satisfied,5,"Saya merasa puas atas pelayanannya, tapi salah satu scuritinya agak kasar","Customer Feedback, Complaint Handling, and Service Quality",,5,5,5,5,5,5,Petugas ramah dan sopan|Berpenampilan rapi dengan seragam jelas|Cepat tanggap saat membantu penumpang,,,,"Ketersediaan tisu, sabun, air, dan hand dryer|Toilet bowl, urinoir, dan wastafel bersih dan berfungsi dengan baik|Toilet memiliki aroma yang wangi|Penerangan dan sirkulasi udara toilet baik",,,,Lokasi toilet mudah terlihat dan terjangkau|Jumlah toilet mencukupi sehingga tidak ada antrean|Proses penanganan masalah cepat sehingga aktivitas bisa berjalan dengan lancar|Jadwal kebersihan yang konsisten sehingga toilet selalu dalam kondisi bersih,,,,1540aade-2016-4522-b681-baee4cb8ed70,Completed,New,Anonymous,125956,,cab97c1f-67b4-11f0-a847-0a0cda9789f2,01f4f038-24c4-4c5e-8607-032254333b0e,,,TRUE,FALSE,QrCode,Bahasa,2025-11-16T06:14:11.4901Z,,,,,,,,,,,,,,68b55898ba36f57e40594600
16-11-2025 19:21:10,API dan IAS,CGK T1,1,TOILET T1A - CHECKIN PRIA,A. HCI. P,5,Satisfied,5,Wc sangat bersih,Cleanliness and Hygiene of Toilets,,5,5,5,5,5,5,Petugas ramah dan sopan|Berpenampilan rapi dengan seragam jelas|Cepat tanggap saat membantu penumpang|Jumlah petugas cukup,,,,"Ketersediaan tisu, sabun, air, dan hand dryer|Toilet bowl, urinoir, dan wastafel bersih dan berfungsi dengan baik|Toilet memiliki aroma yang wangi|Penerangan dan sirkulasi udara toilet baik",,,,Lokasi toilet mudah terlihat dan terjangkau|Jumlah toilet mencukupi sehingga tidak ada antrean|Proses penanganan masalah cepat sehingga aktivitas bisa berjalan dengan lancar|Jadwal kebersihan yang konsisten sehingga toilet selalu dalam kondisi bersih,,,,22b51565-3a5b-4e7d-bbf4-003c1adf0266,Completed,New,Anonymous,96025,,cab97c1f-67b4-11f0-a847-0a0cda9789f2,01f4f038-24c4-4c5e-8607-032254333b0e,,,TRUE,FALSE,QrCode,Bahasa,2025-11-16T12:19:32.9776Z,,,,,,,,,,,,,,68b55898ba36f57e40594600
16-11-2025 19:40:19,API dan IAS,YIA,4,TOILET BAGGAGE CLAIM DOMESTIK WANITA,YIA-TOI-BCA-DOM-W,5,Satisfied,5,Tetap menjaga kebersihan,Facility Maintenance and Upkeep,,5,5,5,5,5,5,Petugas ramah dan sopan,,,,"Toilet bowl, urinoir, dan wastafel bersih dan berfungsi dengan baik|Ketersediaan tisu, sabun, air, dan hand dryer|Toilet memiliki aroma yang wangi|Penerangan dan sirkulasi udara toilet baik",,,,Lokasi toilet mudah terlihat dan terjangkau|Jumlah toilet mencukupi sehingga tidak ada antrean|Jadwal kebersihan yang konsisten sehingga toilet selalu dalam kondisi bersih|Proses penanganan masalah cepat sehingga aktivitas bisa berjalan dengan lancar,,,,b50ef70c-61d5-4a11-a424-32beee3ed6ff,Completed,New,Anonymous,157448,,cab97c1f-67b4-11f0-a847-0a0cda9789f2,01f4f038-24c4-4c5e-8607-032254333b0e,,,TRUE,FALSE,QrCode,Bahasa,2025-11-16T12:37:41.3535Z,,,,,,,,,,,,,,68b55898ba36f57e40594600
16-11-2025 20:19:15,API dan IAS,CGK T1,1,TOILET T1A - CHECKIN WANITA,A. HCI. W,4,Satisfied,4,,,,5,5,5,5,5,5,Petugas ramah dan sopan|Berpenampilan rapi dengan seragam jelas|Cepat tanggap saat membantu penumpang|Jumlah petugas cukup|Lainnya,Utk wuduk tdk ada,,,"Ketersediaan tisu, sabun, air, dan hand dryer|Toilet bowl, urinoir, dan wastafel bersih dan berfungsi dengan baik|Toilet memiliki aroma yang wangi|Penerangan dan sirkulasi udara toilet baik|Lainnya",Utksholat tdk tersedia,,,Jumlah toilet mencukupi sehingga tidak ada antrean|Proses penanganan masalah cepat sehingga aktivitas bisa berjalan dengan lancar|Jadwal kebersihan yang konsisten sehingga toilet selalu dalam kondisi bersih|Lainnya,Tdk terlihat dg jelas tiolet nya,,,d1dfafca-4cab-4c2e-a288-ca166f1d89a7,Completed,New,Anonymous,6061408,,cab97c1f-67b4-11f0-a847-0a0cda9789f2,01f4f038-24c4-4c5e-8607-032254333b0e,,,TRUE,FALSE,QrCode,Bahasa,2025-11-16T11:38:12.9417Z,,,,,,,,,,,,,,68b55898ba36f57e40594600
16-11-2025 21:51:17,API dan IAS,CGK T1,1,TOILET T1A - CORRIDOR ARRIVAL PRIA,A.CCA.P,3,Neutral,3,"Toilet bau, seharusnya ada pewangi atau pengharum ruangan","Odor Control, Ventilation, and Overall Comfort",,4,4,5,5,4,4,Petugas ramah dan sopan|Berpenampilan rapi dengan seragam jelas|Cepat tanggap saat membantu penumpang|Jumlah petugas cukup,,,,"Ketersediaan tisu, sabun, air, dan hand dryer",,,,Jumlah toilet mencukupi sehingga tidak ada antrean,,,,3d34c2aa-5e4b-4489-ad14-2a3f80a134af,Completed,New,Anonymous,94172,,cab97c1f-67b4-11f0-a847-0a0cda9789f2,01f4f038-24c4-4c5e-8607-032254333b0e,,,TRUE,FALSE,QrCode,Bahasa,2025-11-16T14:49:42.7496Z,,,,,,,,,,,,,,68b55898ba36f57e40594600
17-11-2025 7:15:12,API dan IAS,DPS,2,TOILET KEBERANGKATAN DOMESTIK LOBBY DEKAT POSKO (PRIA),DPS-TOILET-DD03-P,5,Satisfied,5,,,,4,4,4,4,4,4,Petugas ramah dan sopan|Berpenampilan rapi dengan seragam jelas|Cepat tanggap saat membantu penumpang,,,,"Ketersediaan tisu, sabun, air, dan hand dryer|Toilet bowl, urinoir, dan wastafel bersih dan berfungsi dengan baik|Toilet memiliki aroma yang wangi",,,,Jadwal kebersihan yang konsisten sehingga toilet selalu dalam kondisi bersih,,,,87f4ea48-bb15-4e9e-8624-8a778cdb6743,Completed,New,Anonymous,110820,,cab97c1f-67b4-11f0-a847-0a0cda9789f2,01f4f038-24c4-4c5e-8607-032254333b0e,,,TRUE,FALSE,QrCode,Bahasa,2025-11-17T00:13:22.1970Z,,,,,,,,,,,,,,68b55898ba36f57e40594600
17-11-2025 8:09:34,API dan IAS,CGK T1,1,TOILET T1B - BOARDING ROOM T1B-6 PRIA,B. BL6. P,5,Satisfied,5,SUDAH BAGUS DAN NYAMAN,Cleanliness and Hygiene of Toilets,,5,5,5,5,5,5,Berpenampilan rapi dengan seragam jelas,,,,"Toilet bowl, urinoir, dan wastafel bersih dan berfungsi dengan baik",,,,Jumlah toilet mencukupi sehingga tidak ada antrean,,,,2ac439d1-b47e-4fd7-9d3f-3da094759674,Completed,New,Anonymous,73771,,cab97c1f-67b4-11f0-a847-0a0cda9789f2,01f4f038-24c4-4c5e-8607-032254333b0e,,,TRUE,FALSE,QrCode,Bahasa,2025-11-17T01:08:20.2575Z,,,,,,,,,,,,,,68b55898ba36f57e40594600
17-11-2025 8:23:01,API dan IAS,CGK T1,1,TOILET T1B - CORRIDOR AFTER SCP PRIA,CCD. B1,5,Satisfied,5,tambah fasilitas lagi antrinya panjang,Facility Maintenance and Upkeep,,5,5,5,5,5,5,Petugas ramah dan sopan|Jumlah petugas cukup|Berpenampilan rapi dengan seragam jelas,,,,"Ketersediaan tisu, sabun, air, dan hand dryer|Toilet memiliki aroma yang wangi|Penerangan dan sirkulasi udara toilet baik",,,,Lokasi toilet mudah terlihat dan terjangkau|Jadwal kebersihan yang konsisten sehingga toilet selalu dalam kondisi bersih,,,,b9902fa8-03f8-468b-bde7-5b61a3e46371,Completed,New,Anonymous,94203,,cab97c1f-67b4-11f0-a847-0a0cda9789f2,01f4f038-24c4-4c5e-8607-032254333b0e,,,TRUE,FALSE,QrCode,Bahasa,2025-11-17T01:21:26.7785Z,,,,,,,,,,,,,,68b55898ba36f57e40594600
17-11-2025 10:47:51,API dan IAS,DPS,2,TOILET KEBERANGKATAN INTERNASIONAL ISLAND E TIMUR (WANITA),DPS-TOILET-E.TIMUR-W,5,Satisfied,5,,,,5,5,5,5,5,5,Petugas ramah dan sopan,,,,"Toilet bowl, urinoir, dan wastafel bersih dan berfungsi dengan baik",,,,Jumlah toilet mencukupi sehingga tidak ada antrean|Proses penanganan masalah cepat sehingga aktivitas bisa berjalan dengan lancar|Lokasi toilet mudah terlihat dan terjangkau|Jadwal kebersihan yang konsisten sehingga toilet selalu dalam kondisi bersih,,,,8864969a-4526-476f-a16e-6195bac2983f,Completed,New,Anonymous,60375,,cab97c1f-67b4-11f0-a847-0a0cda9789f2,01f4f038-24c4-4c5e-8607-032254333b0e,,,TRUE,FALSE,QrCode,Bahasa,2025-11-17T03:46:50.1620Z,,,,,,,,,,,,,,68b55898ba36f57e40594600
17-11-2025 13:51:23,API dan IAS,DPS,2,TOILET KEBERANGKATAN INTERNASIONAL LOBBY SISI BARAT (PRIA + DIFABLE),DPS-TOILET-3B-P,5,Satisfied,5,bagus,,,5,5,5,5,5,5,Petugas ramah dan sopan|Cepat tanggap saat membantu penumpang|Jumlah petugas cukup|Berpenampilan rapi dengan seragam jelas,,,,"Ketersediaan tisu, sabun, air, dan hand dryer|Toilet memiliki aroma yang wangi|Penerangan dan sirkulasi udara toilet baik|Toilet bowl, urinoir, dan wastafel bersih dan berfungsi dengan baik",,,,Lokasi toilet mudah terlihat dan terjangkau|Jumlah toilet mencukupi sehingga tidak ada antrean|Proses penanganan masalah cepat sehingga aktivitas bisa berjalan dengan lancar|Jadwal kebersihan yang konsisten sehingga toilet selalu dalam kondisi bersih,,,,cf6e8134-d7c6-4a33-a5ce-6b44b203e80d,Completed,New,Anonymous,62533,,cab97c1f-67b4-11f0-a847-0a0cda9789f2,01f4f038-24c4-4c5e-8607-032254333b0e,,,TRUE,FALSE,QrCode,Bahasa,2025-11-17T06:50:20.7479Z,,,,,,,,,,,,,,68b55898ba36f57e40594600
17-11-2025 14:02:58,API dan IAS,DPS,2,TOILET KEBERANGKATAN DOMESTIK GATE 2 (PRIA + DIFABLE),DPS-TOILET-DD06-P,4,Satisfied,4,Tetep di pertahankan kebersihan dan keharuman toilet,"Odor Control, Ventilation, and Overall Comfort|Facility Maintenance and Upkeep",,4,4,5,5,4,4,Petugas ramah dan sopan|Cepat tanggap saat membantu penumpang|Jumlah petugas cukup|Berpenampilan rapi dengan seragam jelas,,,,"Ketersediaan tisu, sabun, air, dan hand dryer|Toilet bowl, urinoir, dan wastafel bersih dan berfungsi dengan baik|Toilet memiliki aroma yang wangi|Penerangan dan sirkulasi udara toilet baik",,,,Lokasi toilet mudah terlihat dan terjangkau|Jumlah toilet mencukupi sehingga tidak ada antrean|Jadwal kebersihan yang konsisten sehingga toilet selalu dalam kondisi bersih,,,,4ed7439b-1cb9-479f-967b-555ff8b5aa8a,Completed,New,Anonymous,221887,,cab97c1f-67b4-11f0-a847-0a0cda9789f2,01f4f038-24c4-4c5e-8607-032254333b0e,,,TRUE,FALSE,QrCode,Bahasa,2025-11-17T06:59:15.7442Z,,,,,,,,,,,,,,68b55898ba36f57e40594600
17-11-2025 14:05:14,API dan IAS,DPS,2,TOILET KEBERANGKATAN DOMESTIK GATE 2 (WANITA + DIFABLE),DPS-TOILET-DD06-W,4,Satisfied,4,Agar tetap di pertahankan kebersihan dan keharuman toilet,"Odor Control, Ventilation, and Overall Comfort|Facility Maintenance and Upkeep",,4,4,5,5,4,4,Petugas ramah dan sopan|Berpenampilan rapi dengan seragam jelas|Cepat tanggap saat membantu penumpang|Jumlah petugas cukup,,,,"Ketersediaan tisu, sabun, air, dan hand dryer|Toilet bowl, urinoir, dan wastafel bersih dan berfungsi dengan baik|Toilet memiliki aroma yang wangi|Penerangan dan sirkulasi udara toilet baik",,,,Lokasi toilet mudah terlihat dan terjangkau|Jumlah toilet mencukupi sehingga tidak ada antrean|Jadwal kebersihan yang konsisten sehingga toilet selalu dalam kondisi bersih,,,,6d6ee562-91c8-4c50-8b65-91af8e58cba9,Completed,New,Anonymous,111481,,cab97c1f-67b4-11f0-a847-0a0cda9789f2,01f4f038-24c4-4c5e-8607-032254333b0e,,,TRUE,FALSE,QrCode,Bahasa,2025-11-17T07:03:22.7715Z,,,,,,,,,,,,,,68b55898ba36f57e40594600
17-11-2025 14:14:38,API dan IAS,DPS,2,TOILET KEBERANGKATAN DOMESTIK GATE 2 (WANITA + DIFABLE),DPS-TOILET-DD06-W,5,Satisfied,5,Toilet sudah bersih dan ditingkatkan lagi,Cleanliness and Hygiene of Toilets|Facility Maintenance and Upkeep,,5,5,5,5,5,5,Petugas ramah dan sopan,,,,"Ketersediaan tisu, sabun, air, dan hand dryer",,,,Lokasi toilet mudah terlihat dan terjangkau,,,,86ba2622-3c7e-469e-aafb-6e44d24f700d,Completed,New,Anonymous,136274,,cab97c1f-67b4-11f0-a847-0a0cda9789f2,01f4f038-24c4-4c5e-8607-032254333b0e,,,TRUE,FALSE,QrCode,Bahasa,2025-11-17T07:12:22.3033Z,,,,,,,,,,,,,,68b55898ba36f57e40594600
17-11-2025 14:17:00,API dan IAS,DPS,2,TOILET KEBERANGKATAN DOMESTIK GATE 1 (PRIA),DPS-TOILET-TDD07-P,4,Satisfied,4,Keramahtamahan petugas sangat bagus,"Customer Feedback, Complaint Handling, and Service Quality",,4,4,4,4,4,4,Petugas ramah dan sopan|Berpenampilan rapi dengan seragam jelas|Jumlah petugas cukup|Cepat tanggap saat membantu penumpang,,,,"Ketersediaan tisu, sabun, air, dan hand dryer|Toilet bowl, urinoir, dan wastafel bersih dan berfungsi dengan baik|Toilet memiliki aroma yang wangi|Lainnya",Exhausfan harus hidup semua,,,Lokasi toilet mudah terlihat dan terjangkau|Jadwal kebersihan yang konsisten sehingga toilet selalu dalam kondisi bersih|Proses penanganan masalah cepat sehingga aktivitas bisa berjalan dengan lancar,,,,91de55e0-a391-4ccd-9b0e-76a39e73561d,Completed,New,Anonymous,184728,,cab97c1f-67b4-11f0-a847-0a0cda9789f2,01f4f038-24c4-4c5e-8607-032254333b0e,,,TRUE,FALSE,QrCode,Bahasa,2025-11-17T07:13:55.6959Z,,,,,,,,,,,,,,68b55898ba36f57e40594600
17-11-2025 14:18:54,API dan IAS,DPS,2,TOILET KEBERANGKATAN DOMESTIK GATE 1B (PRIA),DPS-TOILET-DD08-P,4,Satisfied,4,Agar kebersihan toilet dan keharuman toilet tetap d pertahankan,"Odor Control, Ventilation, and Overall Comfort",,4,4,5,5,4,4,Petugas ramah dan sopan|Berpenampilan rapi dengan seragam jelas|Cepat tanggap saat membantu penumpang|Jumlah petugas cukup,,,,"Ketersediaan tisu, sabun, air, dan hand dryer|Toilet bowl, urinoir, dan wastafel bersih dan berfungsi dengan baik|Toilet memiliki aroma yang wangi|Penerangan dan sirkulasi udara toilet baik",,,,Lokasi toilet mudah terlihat dan terjangkau|Jumlah toilet mencukupi sehingga tidak ada antrean|Proses penanganan masalah cepat sehingga aktivitas bisa berjalan dengan lancar|Jadwal kebersihan yang konsisten sehingga toilet selalu dalam kondisi bersih,,,,cca3b6d7-5747-45d8-a91e-aeb4629fe84b,Completed,New,Anonymous,106196,,cab97c1f-67b4-11f0-a847-0a0cda9789f2,01f4f038-24c4-4c5e-8607-032254333b0e,,,TRUE,FALSE,QrCode,Bahasa,2025-11-17T07:17:08.1184Z,,,,,,,,,,,,,,68b55898ba36f57e40594600
17-11-2025 14:20:33,API dan IAS,DPS,2,TOILET KEBERANGKATAN DOMESTIK GATE 1B (WANITA),DPS-TOILET-DD08-W,5,Satisfied,5,Pengharum agar d tambah lagi,"Odor Control, Ventilation, and Overall Comfort",,4,4,5,5,4,4,Petugas ramah dan sopan|Berpenampilan rapi dengan seragam jelas|Cepat tanggap saat membantu penumpang|Jumlah petugas cukup,,,,"Ketersediaan tisu, sabun, air, dan hand dryer|Toilet bowl, urinoir, dan wastafel bersih dan berfungsi dengan baik|Toilet memiliki aroma yang wangi|Penerangan dan sirkulasi udara toilet baik",,,,Lokasi toilet mudah terlihat dan terjangkau|Jumlah toilet mencukupi sehingga tidak ada antrean|Proses penanganan masalah cepat sehingga aktivitas bisa berjalan dengan lancar|Jadwal kebersihan yang konsisten sehingga toilet selalu dalam kondisi bersih,,,,3de28b84-5f7a-488d-b2d5-652355620ba4,Completed,New,Anonymous,83225,,cab97c1f-67b4-11f0-a847-0a0cda9789f2,01f4f038-24c4-4c5e-8607-032254333b0e,,,TRUE,FALSE,QrCode,Bahasa,2025-11-17T07:19:10.6827Z,,,,,,,,,,,,,,68b55898ba36f57e40594600
17-11-2025 14:29:21,API dan IAS,DPS,2,TOILET KEBERANGKATAN DOMESTIK LOBBY DEKAT POSKO (WANITA),DPS-TOILET-DD03-W,5,Satisfied,5,toilet nya bersih harum tolong di pertahankan dan petugasnya juga sangat ramah.,"Odor Control, Ventilation, and Overall Comfort|Cleanliness and Hygiene of Toilets",,5,5,5,5,5,5,Petugas ramah dan sopan,,,,Toilet memiliki aroma yang wangi,,,,Jadwal kebersihan yang konsisten sehingga toilet selalu dalam kondisi bersih,,,,46ca942e-9c74-4869-b86d-5b497a51de7c,Completed,New,Anonymous,237480,,cab97c1f-67b4-11f0-a847-0a0cda9789f2,01f4f038-24c4-4c5e-8607-032254333b0e,,,TRUE,FALSE,QrCode,Bahasa,2025-11-17T07:26:12.7634Z,,,,,,,,,,,,,,68b55898ba36f57e40594600
17-11-2025 14:37:09,API dan IAS,DPS,2,TOILET KEBERANGKATAN DOMESTIK LOBBY DEKAT POSKO (WANITA),DPS-TOILET-DD03-W,5,Satisfied,5,toilet bersih tolong di pertahankan,Cleanliness and Hygiene of Toilets,,5,5,5,5,5,5,Petugas ramah dan sopan|Berpenampilan rapi dengan seragam jelas|Cepat tanggap saat membantu penumpang|Jumlah petugas cukup,,,,"Ketersediaan tisu, sabun, air, dan hand dryer|Toilet bowl, urinoir, dan wastafel bersih dan berfungsi dengan baik|Toilet memiliki aroma yang wangi|Penerangan dan sirkulasi udara toilet baik",,,,Lokasi toilet mudah terlihat dan terjangkau|Jumlah toilet mencukupi sehingga tidak ada antrean|Proses penanganan masalah cepat sehingga aktivitas bisa berjalan dengan lancar|Jadwal kebersihan yang konsisten sehingga toilet selalu dalam kondisi bersih,,,,89711a83-e4db-4b3e-a5c1-302fdac81930,Completed,New,Anonymous,111258,,cab97c1f-67b4-11f0-a847-0a0cda9789f2,01f4f038-24c4-4c5e-8607-032254333b0e,,,TRUE,FALSE,QrCode,Bahasa,2025-11-17T07:35:17.5371Z,,,,,,,,,,,,,,68b55898ba36f57e40594600
17-11-2025 14:43:00,API dan IAS,DPS,2,TOILET KEBERANGKATAN DOMESTIK CHECK IN BARAT (PRIA),DPS-TOILET-DD01-P,5,Satisfied,5,Toilet bersih petugas ramah,Cleanliness and Hygiene of Toilets,,5,5,5,5,5,5,Cepat tanggap saat membantu penumpang,,,,Toilet memiliki aroma yang wangi,,,,Lokasi toilet mudah terlihat dan terjangkau,,,,65a20e57-fb1e-4302-a056-99489ea18a93,Completed,New,Anonymous,110859,,cab97c1f-67b4-11f0-a847-0a0cda9789f2,01f4f038-24c4-4c5e-8607-032254333b0e,,,TRUE,FALSE,QrCode,Bahasa,2025-11-17T07:41:10.8538Z,,,,,,,,,,,,,,68b55898ba36f57e40594600
17-11-2025 14:45:38,API dan IAS,DPS,2,TOILET KEBERANGKATAN DOMESTIK CHECK IN BARAT (DIFABLE),DPS-TOILET-DD01-DIFABLE,5,Satisfied,5,Kebersihan toilet disabilitas dan keharuman sangat bagus,Cleanliness and Hygiene of Toilets|Facility Maintenance and Upkeep,,5,5,5,5,5,5,Berpenampilan rapi dengan seragam jelas,,,,"Toilet memiliki aroma yang wangi|Ketersediaan tisu, sabun, air, dan hand dryer",,,,Lokasi toilet mudah terlihat dan terjangkau|Jumlah toilet mencukupi sehingga tidak ada antrean|Jadwal kebersihan yang konsisten sehingga toilet selalu dalam kondisi bersih,,,,88406eff-88b5-4440-b6bf-f23684eb95c1,Completed,New,Anonymous,67812,,cab97c1f-67b4-11f0-a847-0a0cda9789f2,01f4f038-24c4-4c5e-8607-032254333b0e,,,TRUE,FALSE,QrCode,Bahasa,2025-11-17T07:44:31.5065Z,,,,,,,,,,,,,,68b55898ba36f57e40594600
17-11-2025 14:55:37,API dan IAS,DPS,2,TOILET KEDATANGAN DOMESTIK R. KEDATANGAN CONVEYOR 5 (PRIA),DPS-TOILET-AD03-P,4,Satisfied,4,Bersih kering dan harum,"Odor Control, Ventilation, and Overall Comfort|Cleanliness and Hygiene of Toilets",,4,4,4,4,4,4,Petugas ramah dan sopan,,,,Toilet memiliki aroma yang wangi,,,,Jadwal kebersihan yang konsisten sehingga toilet selalu dalam kondisi bersih,,,,745585cb-ca19-4d21-887f-7249de65be60,Completed,New,Anonymous,85029,,cab97c1f-67b4-11f0-a847-0a0cda9789f2,01f4f038-24c4-4c5e-8607-032254333b0e,,,TRUE,FALSE,QrCode,Bahasa,2025-11-17T07:54:10.9020Z,,,,,,,,,,,,,,68b55898ba36f57e40594600
17-11-2025 15:06:19,API dan IAS,DPS,2,TOILET KEBERANGKATAN DOMESTIK GATE 5-6 (WANITA + DIFABLE),DPS-TOILET-DD04-W,4,Satisfied,4,"Fasilitas sudah bagus , tingkatkan lagi ya",Facility Maintenance and Upkeep,,4,4,4,4,4,4,Petugas ramah dan sopan|Berpenampilan rapi dengan seragam jelas,,,,"Ketersediaan tisu, sabun, air, dan hand dryer|Penerangan dan sirkulasi udara toilet baik",,,,Lokasi toilet mudah terlihat dan terjangkau,,,,d18e5046-4802-47ce-b6f3-328d64fe3588,Completed,New,Anonymous,108551,,cab97c1f-67b4-11f0-a847-0a0cda9789f2,01f4f038-24c4-4c5e-8607-032254333b0e,,,TRUE,FALSE,QrCode,Bahasa,2025-11-17T08:04:30.1696Z,,,,,,,,,,,,,,68b55898ba36f57e40594600
17-11-2025 15:13:25,API dan IAS,DPS,2,TOILET KEDATANGAN DOMESTIK LOBBY AKSES KARYAWAN (PRIA + DIFABLE),DPS-TOILET-AD04-P,4,Satisfied,4,Toiletnya bersih,Cleanliness and Hygiene of Toilets,,4,4,4,4,4,4,Petugas ramah dan sopan,,,,"Toilet bowl, urinoir, dan wastafel bersih dan berfungsi dengan baik",,,,Jadwal kebersihan yang konsisten sehingga toilet selalu dalam kondisi bersih,,,,cff6a5f3-34e4-4fba-a008-7f215abd8cda,Completed,New,Anonymous,206686,,cab97c1f-67b4-11f0-a847-0a0cda9789f2,01f4f038-24c4-4c5e-8607-032254333b0e,,,TRUE,FALSE,QrCode,Bahasa,2025-11-17T08:09:58.2312Z,,,,,,,,,,,,,,68b55898ba36f57e40594600
17-11-2025 15:40:55,API dan IAS,DPS,2,TOILET KEDATANGAN DOMESTIK R. KEDATANGAN BELAKANG KONTER TIC (PRIA + DIFABLE),DPS-TOILET-AD02-P,4,Satisfied,4,Petugasnya ramah,"Customer Feedback, Complaint Handling, and Service Quality",,4,4,4,4,4,4,Petugas ramah dan sopan,,,,Toilet memiliki aroma yang wangi,,,,Lokasi toilet mudah terlihat dan terjangkau,,,,9ba42084-84f8-4d8c-97f2-1160a5d74acf,Completed,New,Anonymous,48741,,cab97c1f-67b4-11f0-a847-0a0cda9789f2,01f4f038-24c4-4c5e-8607-032254333b0e,,,TRUE,FALSE,QrCode,Bahasa,2025-11-17T08:40:05.8483Z,,,,,,,,,,,,,,68b55898ba36f57e40594600
17-11-2025 16:15:43,API dan IAS,DPS,2,TOILET KEBERANGKATAN DOMESTIK CHECK IN BARAT (PRIA),DPS-TOILET-DD01-P,5,Satisfied,5,Fasilitas lengkap dan bersih,Cleanliness and Hygiene of Toilets|Facility Maintenance and Upkeep,,5,5,5,5,5,5,Petugas ramah dan sopan,,,,Toilet memiliki aroma yang wangi,,,,Jadwal kebersihan yang konsisten sehingga toilet selalu dalam kondisi bersih,,,,a81a8499-4ec1-4f41-861b-b2c140753da8,Completed,New,Anonymous,91742,,cab97c1f-67b4-11f0-a847-0a0cda9789f2,01f4f038-24c4-4c5e-8607-032254333b0e,,,TRUE,FALSE,QrCode,Bahasa,2025-11-17T09:14:12.3610Z,,,,,,,,,,,,,,68b55898ba36f57e40594600
17-11-2025 16:16:36,API dan IAS,DPS,2,TOILET KEBERANGKATAN DOMESTIK CHECK IN BARAT (WANITA),DPS-TOILET-DD01-W,5,Satisfied,5,Fasilitas toilet berfungsi dengan baik,Facility Maintenance and Upkeep,,5,5,5,5,5,5,Petugas ramah dan sopan,,,,"Ketersediaan tisu, sabun, air, dan hand dryer|Toilet bowl, urinoir, dan wastafel bersih dan berfungsi dengan baik|Toilet memiliki aroma yang wangi",,,,Lokasi toilet mudah terlihat dan terjangkau,,,,f5133046-83c3-4810-bdb9-fa1c4508784c,Completed,New,Anonymous,45991,,cab97c1f-67b4-11f0-a847-0a0cda9789f2,01f4f038-24c4-4c5e-8607-032254333b0e,,,TRUE,FALSE,QrCode,Bahasa,2025-11-17T09:15:51.3868Z,,,,,,,,,,,,,,68b55898ba36f57e40594600
17-11-2025 16:17:58,API dan IAS,DPS,2,TOILET KEBERANGKATAN DOMESTIK CHECK IN BARAT (DIFABLE),DPS-TOILET-DD01-DIFABLE,5,Satisfied,5,"Fasilitas toilet disabilitas lengkap dan bersih ,harum",Cleanliness and Hygiene of Toilets|Facility Maintenance and Upkeep,,5,5,5,5,5,5,Berpenampilan rapi dengan seragam jelas|Petugas ramah dan sopan,,,,"Toilet bowl, urinoir, dan wastafel bersih dan berfungsi dengan baik|Toilet memiliki aroma yang wangi",,,,Proses penanganan masalah cepat sehingga aktivitas bisa berjalan dengan lancar,,,,968a8c06-5647-48d4-bb1b-9629bef4d31a,Completed,New,Anonymous,55434,,cab97c1f-67b4-11f0-a847-0a0cda9789f2,01f4f038-24c4-4c5e-8607-032254333b0e,,,TRUE,FALSE,QrCode,Bahasa,2025-11-17T09:17:04.5615Z,,,,,,,,,,,,,,68b55898ba36f57e40594600
17-11-2025 17:15:53,API dan IAS,DPS,2,TOILET KEBERANGKATAN DOMESTIK GATE 1B (WANITA),DPS-TOILET-DD08-W,4,Satisfied,4,Accesoris toilet perlu pembaharuan,Facility Maintenance and Upkeep,,4,4,4,4,4,4,Petugas ramah dan sopan|Berpenampilan rapi dengan seragam jelas|Cepat tanggap saat membantu penumpang|Jumlah petugas cukup,,,,"Ketersediaan tisu, sabun, air, dan hand dryer|Toilet bowl, urinoir, dan wastafel bersih dan berfungsi dengan baik|Toilet memiliki aroma yang wangi|Penerangan dan sirkulasi udara toilet baik",,,,Lokasi toilet mudah terlihat dan terjangkau|Jumlah toilet mencukupi sehingga tidak ada antrean|Proses penanganan masalah cepat sehingga aktivitas bisa berjalan dengan lancar|Jadwal kebersihan yang konsisten sehingga toilet selalu dalam kondisi bersih,,,,9c707c79-dcdf-4992-937c-4b5cffa97fe1,Completed,New,Anonymous,63736,,cab97c1f-67b4-11f0-a847-0a0cda9789f2,01f4f038-24c4-4c5e-8607-032254333b0e,,,TRUE,FALSE,QrCode,Bahasa,2025-11-17T10:14:49.5135Z,,,,,,,,,,,,,,68b55898ba36f57e40594600
17-11-2025 17:17:13,API dan IAS,DPS,2,TOILET KEBERANGKATAN DOMESTIK GATE 1B (PRIA),DPS-TOILET-DD08-P,4,Satisfied,4,Pertahankan wastafel selalu kondisi kering,Facility Maintenance and Upkeep,,4,4,4,4,4,4,Petugas ramah dan sopan|Berpenampilan rapi dengan seragam jelas|Cepat tanggap saat membantu penumpang|Jumlah petugas cukup,,,,"Ketersediaan tisu, sabun, air, dan hand dryer|Toilet bowl, urinoir, dan wastafel bersih dan berfungsi dengan baik|Toilet memiliki aroma yang wangi|Penerangan dan sirkulasi udara toilet baik",,,,Lokasi toilet mudah terlihat dan terjangkau|Jumlah toilet mencukupi sehingga tidak ada antrean|Proses penanganan masalah cepat sehingga aktivitas bisa berjalan dengan lancar|Jadwal kebersihan yang konsisten sehingga toilet selalu dalam kondisi bersih,,,,86c63274-0d20-41c5-b7ad-485a8ffd8cdc,Completed,New,Anonymous,63377,,cab97c1f-67b4-11f0-a847-0a0cda9789f2,01f4f038-24c4-4c5e-8607-032254333b0e,,,TRUE,FALSE,QrCode,Bahasa,2025-11-17T10:16:10.4628Z,,,,,,,,,,,,,,68b55898ba36f57e40594600
17-11-2025 17:42:27,API dan IAS,CGK T2,1,TOILET T2E - ARRIVAL CORRIDOR WANITA,API&IAS-TOILET-CGK T2-CCA E TW,5,Satisfied,5,Toiletnya bagus ga ada yang kurang lagi pokok nya the best,Cleanliness and Hygiene of Toilets|Facility Maintenance and Upkeep,,5,5,5,5,4,4,Petugas ramah dan sopan|Berpenampilan rapi dengan seragam jelas|Cepat tanggap saat membantu penumpang|Jumlah petugas cukup,,,,"Ketersediaan tisu, sabun, air, dan hand dryer|Toilet bowl, urinoir, dan wastafel bersih dan berfungsi dengan baik|Toilet memiliki aroma yang wangi|Penerangan dan sirkulasi udara toilet baik",,,,Jumlah toilet mencukupi sehingga tidak ada antrean|Proses penanganan masalah cepat sehingga aktivitas bisa berjalan dengan lancar|Jadwal kebersihan yang konsisten sehingga toilet selalu dalam kondisi bersih|Lokasi toilet mudah terlihat dan terjangkau,,,,0b7596bd-d165-4166-af96-83ebf2a1f2ef,Completed,New,Anonymous,136914,,cab97c1f-67b4-11f0-a847-0a0cda9789f2,01f4f038-24c4-4c5e-8607-032254333b0e,,,TRUE,FALSE,QrCode,Bahasa,2025-11-17T10:40:10.4424Z,,,,,,,,,,,,,,68b55898ba36f57e40594600
18-11-2025 3:07:13,API dan IAS,CGK T2,1,TOILET T2D - BAGGAGE CLAIM PRIA,API&IAS-TOILET-CGK T2-HCO D TP,4,Satisfied,4,"Closet toilet laki laki sebaiknya diberi pelindung percikan air ke celana ketika buang air kecil posisi berdiri, karena celana dipakai untuk sholat bagi yang muslim. Terima kasih.","Safety, Privacy, and Security in Toilet Areas",Neutral,5,5,4,4,4,4,Petugas ramah dan sopan|Berpenampilan rapi dengan seragam jelas|Cepat tanggap saat membantu penumpang|Jumlah petugas cukup,,,,"Ketersediaan tisu, sabun, air, dan hand dryer|Toilet bowl, urinoir, dan wastafel bersih dan berfungsi dengan baik|Penerangan dan sirkulasi udara toilet baik",,,,Lokasi toilet mudah terlihat dan terjangkau|Jumlah toilet mencukupi sehingga tidak ada antrean|Jadwal kebersihan yang konsisten sehingga toilet selalu dalam kondisi bersih|Proses penanganan masalah cepat sehingga aktivitas bisa berjalan dengan lancar,,,,7457fe8b-86ba-43b2-97b3-c2540eacddbb,Completed,New,Anonymous,535423,,cab97c1f-67b4-11f0-a847-0a0cda9789f2,01f4f038-24c4-4c5e-8607-032254333b0e,,,TRUE,FALSE,QrCode,Bahasa,2025-11-17T19:58:16.4440Z,,,,,,,,,,,,,,68b55898ba36f57e40594600
18-11-2025 12:35:07,API dan IAS,CGK T2,1,TOILET T2D - BAGGAGE CLAIM PRIA,API&IAS-TOILET-CGK T2-HCO D TP,5,Satisfied,5,Cukup,,Neutral,5,5,5,5,5,5,Berpenampilan rapi dengan seragam jelas|Petugas ramah dan sopan|Cepat tanggap saat membantu penumpang|Jumlah petugas cukup,,,,"Ketersediaan tisu, sabun, air, dan hand dryer|Toilet bowl, urinoir, dan wastafel bersih dan berfungsi dengan baik|Toilet memiliki aroma yang wangi|Penerangan dan sirkulasi udara toilet baik",,,,Lokasi toilet mudah terlihat dan terjangkau|Jumlah toilet mencukupi sehingga tidak ada antrean|Proses penanganan masalah cepat sehingga aktivitas bisa berjalan dengan lancar|Jadwal kebersihan yang konsisten sehingga toilet selalu dalam kondisi bersih,,,,3a526d05-446d-443c-9135-7830682d5b5a,Completed,New,Anonymous,138500,,cab97c1f-67b4-11f0-a847-0a0cda9789f2,01f4f038-24c4-4c5e-8607-032254333b0e,,,TRUE,FALSE,QrCode,English,2025-11-18T05:32:48.7508Z,,,,,,,,,,,,,,68b55898ba36f57e40594600
18-11-2025 13:28:10,API dan IAS,DPS,2,TOILET KEBERANGKATAN DOMESTIK CHECK IN BARAT (PRIA),DPS-TOILET-DD01-P,5,Satisfied,5,Fasilitas lengkap dan rapi,Cleanliness and Hygiene of Toilets|Facility Maintenance and Upkeep,Positive,5,5,5,5,5,5,Petugas ramah dan sopan|Berpenampilan rapi dengan seragam jelas,,,,"Ketersediaan tisu, sabun, air, dan hand dryer|Toilet bowl, urinoir, dan wastafel bersih dan berfungsi dengan baik|Toilet memiliki aroma yang wangi",,,,Lokasi toilet mudah terlihat dan terjangkau|Proses penanganan masalah cepat sehingga aktivitas bisa berjalan dengan lancar,,,,3bf81af1-a498-4883-bf66-84f11ce7291e,Completed,New,Anonymous,56459,,cab97c1f-67b4-11f0-a847-0a0cda9789f2,01f4f038-24c4-4c5e-8607-032254333b0e,,,TRUE,FALSE,QrCode,Bahasa,2025-11-18T06:27:14.6904Z,,,,,,,,,,,,,,68b55898ba36f57e40594600
18-11-2025 13:29:12,API dan IAS,DPS,2,TOILET KEBERANGKATAN DOMESTIK CHECK IN BARAT (WANITA),DPS-TOILET-DD01-W,5,Satisfied,5,Fasilitas toilet lengkap dan nyaman,Cleanliness and Hygiene of Toilets|Facility Maintenance and Upkeep,Positive,5,5,5,5,5,5,Petugas ramah dan sopan,,,,"Toilet bowl, urinoir, dan wastafel bersih dan berfungsi dengan baik",,,,Jumlah toilet mencukupi sehingga tidak ada antrean|Lokasi toilet mudah terlihat dan terjangkau,,,,fdf726c4-93cc-4462-bf11-f23326ec682a,Completed,New,Anonymous,55642,,cab97c1f-67b4-11f0-a847-0a0cda9789f2,01f4f038-24c4-4c5e-8607-032254333b0e,,,TRUE,FALSE,QrCode,Bahasa,2025-11-18T06:28:17.6098Z,,,,,,,,,,,,,,68b55898ba36f57e40594600
18-11-2025 13:42:25,API dan IAS,DPS,2,TOILET KEBERANGKATAN DOMESTIK LOBBY DEKAT POSKO (DIFABLE),DPS-TOILET-DD03-DIFABLE,5,Satisfied,5,Pelayanan yang sangat ramah,"Customer Feedback, Complaint Handling, and Service Quality",Positive,5,5,5,5,5,5,Petugas ramah dan sopan|Cepat tanggap saat membantu penumpang,,,,"Ketersediaan tisu, sabun, air, dan hand dryer|Toilet bowl, urinoir, dan wastafel bersih dan berfungsi dengan baik|Toilet memiliki aroma yang wangi|Penerangan dan sirkulasi udara toilet baik",,,,Lokasi toilet mudah terlihat dan terjangkau|Proses penanganan masalah cepat sehingga aktivitas bisa berjalan dengan lancar|Jadwal kebersihan yang konsisten sehingga toilet selalu dalam kondisi bersih,,,,d7a24a1a-9bb5-49d6-8702-11ca27925b5a,Completed,New,Anonymous,72523,,cab97c1f-67b4-11f0-a847-0a0cda9789f2,01f4f038-24c4-4c5e-8607-032254333b0e,,,TRUE,FALSE,QrCode,Bahasa,2025-11-18T06:41:12.3086Z,,,,,,,,,,,,,,68b55898ba36f57e40594600
18-11-2025 13:42:28,API dan IAS,DPS,2,TOILET KEBERANGKATAN DOMESTIK LOBBY DEKAT POSKO (DIFABLE),DPS-TOILET-DD03-DIFABLE,5,Satisfied,5,Fasilitas lengkap dan tertata,Cleanliness and Hygiene of Toilets|Facility Maintenance and Upkeep,Positive,5,5,5,5,5,5,Petugas ramah dan sopan,,,,"Ketersediaan tisu, sabun, air, dan hand dryer",,,,Lokasi toilet mudah terlihat dan terjangkau,,,,fc18b284-bd98-41c7-af8a-21abee4657e6,Completed,New,Anonymous,91144,,cab97c1f-67b4-11f0-a847-0a0cda9789f2,01f4f038-24c4-4c5e-8607-032254333b0e,,,TRUE,FALSE,QrCode,Bahasa,2025-11-18T06:40:58.0163Z,,,,,,,,,,,,,,68b55898ba36f57e40594600
18-11-2025 13:44:23,API dan IAS,DPS,2,TOILET KEBERANGKATAN DOMESTIK LOBBY DEKAT POSKO (WANITA),DPS-TOILET-DD03-W,5,Satisfied,5,Pelayanan baik dan ramah,"Customer Feedback, Complaint Handling, and Service Quality",Positive,5,5,5,5,5,5,Petugas ramah dan sopan|Berpenampilan rapi dengan seragam jelas|Cepat tanggap saat membantu penumpang,,,,"Ketersediaan tisu, sabun, air, dan hand dryer|Toilet bowl, urinoir, dan wastafel bersih dan berfungsi dengan baik|Penerangan dan sirkulasi udara toilet baik|Toilet memiliki aroma yang wangi",,,,Lokasi toilet mudah terlihat dan terjangkau|Jumlah toilet mencukupi sehingga tidak ada antrean|Proses penanganan masalah cepat sehingga aktivitas bisa berjalan dengan lancar|Jadwal kebersihan yang konsisten sehingga toilet selalu dalam kondisi bersih,,,,36876db8-c078-444a-8293-84092e8cfdec,Completed,New,Anonymous,82907,,cab97c1f-67b4-11f0-a847-0a0cda9789f2,01f4f038-24c4-4c5e-8607-032254333b0e,,,TRUE,FALSE,QrCode,Bahasa,2025-11-18T06:43:00.1195Z,,,,,,,,,,,,,,68b55898ba36f57e40594600
18-11-2025 13:48:54,API dan IAS,DPS,2,TOILET KEBERANGKATAN DOMESTIK LOBBY DEKAT POSKO (PRIA),DPS-TOILET-DD03-P,5,Satisfied,5,Fasilitas toilet lengkap,Facility Maintenance and Upkeep,Positive,4,4,5,5,5,5,Petugas ramah dan sopan,,,,"Toilet bowl, urinoir, dan wastafel bersih dan berfungsi dengan baik",,,,Jumlah toilet mencukupi sehingga tidak ada antrean,,,,96ada852-052c-4fbe-ae2d-06478fffb896,Completed,New,Anonymous,81054,,cab97c1f-67b4-11f0-a847-0a0cda9789f2,01f4f038-24c4-4c5e-8607-032254333b0e,,,TRUE,FALSE,QrCode,Bahasa,2025-11-18T06:47:34.6435Z,,,,,,,,,,,,,,68b55898ba36f57e40594600
18-11-2025 13:49:48,API dan IAS,DPS,2,TOILET KEBERANGKATAN DOMESTIK LOBBY DEKAT POSKO (WANITA),DPS-TOILET-DD03-W,4,Satisfied,4,Fasilitas toilet lengkap,Facility Maintenance and Upkeep,Positive,5,5,5,5,5,5,Petugas ramah dan sopan,,,,"Ketersediaan tisu, sabun, air, dan hand dryer",,,,Lokasi toilet mudah terlihat dan terjangkau,,,,45a1f779-46a7-476a-b775-d6858078cd5d,Completed,New,Anonymous,48789,,cab97c1f-67b4-11f0-a847-0a0cda9789f2,01f4f038-24c4-4c5e-8607-032254333b0e,,,TRUE,FALSE,QrCode,Bahasa,2025-11-18T06:49:01.0046Z,,,,,,,,,,,,,,68b55898ba36f57e40594600
18-11-2025 14:37:02,API dan IAS,CGK T1,1,TOILET T1B - CURBSIDE WANITA,B. PCI. W,5,Satisfied,5,K,,Neutral,5,5,5,5,5,5,Petugas ramah dan sopan,,,,"Ketersediaan tisu, sabun, air, dan hand dryer",,,,Lainnya,A,,,fd2baafe-c5d8-46a1-abed-39e5f9bfdc23,Completed,New,Anonymous,36946,,cab97c1f-67b4-11f0-a847-0a0cda9789f2,01f4f038-24c4-4c5e-8607-032254333b0e,,,TRUE,FALSE,QrCode,Bahasa,2025-11-18T07:36:25.5149Z,,,,,,,,,,,,,,68b55898ba36f57e40594600
18-11-2025 14:37:46,API dan IAS,SUB,4,"T1,GATE 3,PRIA","SUB-TOILE-T1-GATE 3,PRIA",4,Satisfied,4,Mantaos,,Neutral,4,4,4,4,4,4,Petugas ramah dan sopan|Berpenampilan rapi dengan seragam jelas,,,,"Ketersediaan tisu, sabun, air, dan hand dryer|Toilet bowl, urinoir, dan wastafel bersih dan berfungsi dengan baik|Toilet memiliki aroma yang wangi",,,,Lokasi toilet mudah terlihat dan terjangkau|Jumlah toilet mencukupi sehingga tidak ada antrean,,,,d9e75dea-68e7-4777-b0cc-e57168d818b1,Completed,New,Anonymous,82792,,cab97c1f-67b4-11f0-a847-0a0cda9789f2,01f4f038-24c4-4c5e-8607-032254333b0e,,,TRUE,FALSE,QrCode,Bahasa,2025-11-18T07:36:23.2191Z,,,,,,,,,,,,,,68b55898ba36f57e40594600
18-11-2025 17:46:26,API dan IAS,DPS,2,TOILET KEBERANGKATAN DOMESTIK GATE 3-4 (WANITA),DPS-TOILET-DD05-W,1,Not Satisfied,1,Hand soap was so diluted there was no soap function left,Facility Maintenance and Upkeep,Negative,4,4,1,1,5,5,Cepat tanggap saat membantu penumpang|Petugas ramah dan sopan,,,,,,"Tisu, sabun, air, dan hand dryer tidak tersedia",,Jadwal kebersihan yang konsisten sehingga toilet selalu dalam kondisi bersih,,,,bd047c3c-e0bb-4aba-916d-3c86a580f3ef,Completed,New,Anonymous,84158,,cab97c1f-67b4-11f0-a847-0a0cda9789f2,01f4f038-24c4-4c5e-8607-032254333b0e,,,TRUE,FALSE,QrCode,English,2025-11-18T10:45:01.1335Z,,,,,,,,,,,,,,68b55898ba36f57e40594600
18-11-2025 19:37:13,API dan IAS,CGK T2,1,TOILET T2D - BOARDING ROOM T2D-6 PRIA,API&IAS-TOILET-CGK T2-BL D6 TP,1,Not Satisfied,1,"Beri teguran keras dan Surat Peringatan kepada  petugas laki-laki di toilet ini,  karena masuk ke toilet perempuan tanpa pemberitahuan dan tidak meminta maaf saat diperingatkan. 
Petugas laki-laki dimaksud bertugas pada tgl 18 November 2025 pukul 18.30 wib
Saya sangat keberatan dengan sikap petugas laki-laki tersebut.","Customer Feedback, Complaint Handling, and Service Quality",Negative,1,1,3,3,1,1,,,Lainnya,Petugas laki-laki masuk ke toilet perempuan tanpa pemberitahuan dan bahkan tidak langsung keluar saat diperingatkan juga tidak meminta maaf saat diperingatkan. Petugas laki-laki pada tgl 18 November 2025 pukul 18.30 wib,,,Lainnya,Petugas saja yg TDK memuaskan,,,Lainnya,Petugas!!!!,87f184a8-e32e-42ec-af7e-a523bfdeb59b,Completed,New,Anonymous,419386,,cab97c1f-67b4-11f0-a847-0a0cda9789f2,01f4f038-24c4-4c5e-8607-032254333b0e,,,TRUE,FALSE,QrCode,Bahasa,2025-11-18T12:30:12.9162Z,,,,,,,,,,,,,,68b55898ba36f57e40594600
19-11-2025 4:33:32,API dan IAS,CGK T2,1,TOILET T2E - BOARDING ROOM T2E-2 PRIA,API&IAS-TOILET-CGK T2-BL E2 TP,5,Satisfied,5,"Bersih dan putih, nyaman",Cleanliness and Hygiene of Toilets,Positive,5,5,5,5,5,5,Petugas ramah dan sopan,,,,"Ketersediaan tisu, sabun, air, dan hand dryer",,,,Jadwal kebersihan yang konsisten sehingga toilet selalu dalam kondisi bersih,,,,860d300b-8c6d-4405-8841-875a77e4a41d,Completed,New,Anonymous,230425,,cab97c1f-67b4-11f0-a847-0a0cda9789f2,01f4f038-24c4-4c5e-8607-032254333b0e,,,TRUE,FALSE,QrCode,Bahasa,2025-11-18T21:28:01.4108Z,,,,,,,,,,,,,,68b55898ba36f57e40594600
19-11-2025 9:33:02,API dan IAS,CGK T2,1,TOILET T2E - BOARDING ROOM T2E-1 PRIA,API&IAS-TOILET-CGK T2-BL E1 TP,5,Satisfied,5,Bagus,,Positive,5,5,5,5,5,5,Petugas ramah dan sopan|Berpenampilan rapi dengan seragam jelas|Cepat tanggap saat membantu penumpang|Jumlah petugas cukup,,,,"Ketersediaan tisu, sabun, air, dan hand dryer|Toilet bowl, urinoir, dan wastafel bersih dan berfungsi dengan baik|Toilet memiliki aroma yang wangi|Penerangan dan sirkulasi udara toilet baik",,,,Lokasi toilet mudah terlihat dan terjangkau|Jumlah toilet mencukupi sehingga tidak ada antrean|Proses penanganan masalah cepat sehingga aktivitas bisa berjalan dengan lancar|Jadwal kebersihan yang konsisten sehingga toilet selalu dalam kondisi bersih,,,,73d133d1-d556-405b-95b4-b95d4af41185,Completed,New,Anonymous,43431,,cab97c1f-67b4-11f0-a847-0a0cda9789f2,01f4f038-24c4-4c5e-8607-032254333b0e,,,TRUE,FALSE,QrCode,Bahasa,2025-11-19T02:32:14.7563Z,,,,,,,,,,,,,,68b55898ba36f57e40594600
19-11-2025 11:27:23,API dan IAS,CGK T2,1,TOILET T2D - BOARDING ROOM T2D-4 PRIA,API&IAS-TOILET-CGK T2-BL D4 TP,4,Satisfied,4,Sangat baik,"Customer Feedback, Complaint Handling, and Service Quality",Positive,4,4,4,4,4,4,Petugas ramah dan sopan,,,,"Ketersediaan tisu, sabun, air, dan hand dryer",,,,Lokasi toilet mudah terlihat dan terjangkau,,,,b61db409-2aac-439d-9520-89b930d1b8a3,Completed,New,Anonymous,37399,,cab97c1f-67b4-11f0-a847-0a0cda9789f2,01f4f038-24c4-4c5e-8607-032254333b0e,,,TRUE,FALSE,QrCode,Bahasa,2025-11-19T04:26:44.7987Z,,,,,,,,,,,,,,68b55898ba36f57e40594600
19-11-2025 12:36:33,API dan IAS,CGK T1,1,TOILET T1B - BOARDING ROOM T1B-5 WANITA,B. BL5. W,5,Satisfied,5,,,,4,4,4,4,5,5,Cepat tanggap saat membantu penumpang|Petugas ramah dan sopan,,,,"Toilet bowl, urinoir, dan wastafel bersih dan berfungsi dengan baik|Toilet memiliki aroma yang wangi|Penerangan dan sirkulasi udara toilet baik|Ketersediaan tisu, sabun, air, dan hand dryer",,,,Lokasi toilet mudah terlihat dan terjangkau|Jumlah toilet mencukupi sehingga tidak ada antrean|Proses penanganan masalah cepat sehingga aktivitas bisa berjalan dengan lancar|Jadwal kebersihan yang konsisten sehingga toilet selalu dalam kondisi bersih,,,,c82b3222-92b4-4d76-89e2-68a68dc4b43d,Completed,New,Anonymous,97949,,cab97c1f-67b4-11f0-a847-0a0cda9789f2,01f4f038-24c4-4c5e-8607-032254333b0e,,,TRUE,FALSE,QrCode,Bahasa,2025-11-19T05:34:54.2540Z,,,,,,,,,,,,,,68b55898ba36f57e40594600
19-11-2025 20:23:05,API dan IAS,CGK T1,1,TOILET T1B - CORRIDOR AFTER SCP PRIA,CCD. B1,5,Satisfied,5,mantaappp,,Positive,5,5,5,5,5,5,Petugas ramah dan sopan|Berpenampilan rapi dengan seragam jelas|Cepat tanggap saat membantu penumpang,,,,"Ketersediaan tisu, sabun, air, dan hand dryer|Toilet bowl, urinoir, dan wastafel bersih dan berfungsi dengan baik|Toilet memiliki aroma yang wangi|Penerangan dan sirkulasi udara toilet baik",,,,Lokasi toilet mudah terlihat dan terjangkau|Proses penanganan masalah cepat sehingga aktivitas bisa berjalan dengan lancar|Jadwal kebersihan yang konsisten sehingga toilet selalu dalam kondisi bersih,,,,f8143cb1-6e1c-46db-8943-c90944446875,Completed,New,Anonymous,44504,,cab97c1f-67b4-11f0-a847-0a0cda9789f2,01f4f038-24c4-4c5e-8607-032254333b0e,,,TRUE,FALSE,QrCode,Bahasa,2025-11-19T13:22:20.2125Z,,,,,,,,,,,,,,68b55898ba36f57e40594600
19-11-2025 22:19:15,API dan IAS,CGK T2,1,TOILET T2D - BAGGAGE CLAIM PRIA,API&IAS-TOILET-CGK T2-HCO D TP,5,Satisfied,5,Bagus,,Positive,5,5,5,5,5,5,Petugas ramah dan sopan|Cepat tanggap saat membantu penumpang,,,,"Ketersediaan tisu, sabun, air, dan hand dryer|Toilet memiliki aroma yang wangi|Toilet bowl, urinoir, dan wastafel bersih dan berfungsi dengan baik|Penerangan dan sirkulasi udara toilet baik",,,,Jadwal kebersihan yang konsisten sehingga toilet selalu dalam kondisi bersih|Jumlah toilet mencukupi sehingga tidak ada antrean,,,,5bd92501-5c5f-434e-b730-82b8efe89970,Completed,New,Anonymous,83403,,cab97c1f-67b4-11f0-a847-0a0cda9789f2,01f4f038-24c4-4c5e-8607-032254333b0e,,,TRUE,FALSE,QrCode,Bahasa,2025-11-19T15:17:51.4716Z,,,,,,,,,,,,,,68b55898ba36f57e40594600
20-11-2025 2:52:52,API dan IAS,CGK T2,1,TOILET T2E - BOARDING ROOM T2E-7 PRIA,API&IAS-TOILET-CGK T2-BL E7 TP,5,Satisfied,5,Baik,,Neutral,5,5,5,5,5,5,Petugas ramah dan sopan,,,,"Ketersediaan tisu, sabun, air, dan hand dryer",,,,Lokasi toilet mudah terlihat dan terjangkau,,,,1ada0119-e3a0-4c54-860c-339d0fc3a22f,Completed,New,Anonymous,64771,,cab97c1f-67b4-11f0-a847-0a0cda9789f2,01f4f038-24c4-4c5e-8607-032254333b0e,,,TRUE,FALSE,QrCode,Bahasa,2025-11-19T19:51:46.9641Z,,,,,,,,,,,,,,68b55898ba36f57e40594600
20-11-2025 6:33:43,API dan IAS,CGK T2,1,TOILET T2D - BAGGAGE CLAIM PRIA,API&IAS-TOILET-CGK T2-HCO D TP,5,Satisfied,5,Pertahamkan dan tingkatkan.,Facility Maintenance and Upkeep,Positive,5,5,5,5,5,5,Petugas ramah dan sopan|Berpenampilan rapi dengan seragam jelas|Cepat tanggap saat membantu penumpang|Jumlah petugas cukup,,,,"Ketersediaan tisu, sabun, air, dan hand dryer|Toilet bowl, urinoir, dan wastafel bersih dan berfungsi dengan baik|Penerangan dan sirkulasi udara toilet baik",,,,Lokasi toilet mudah terlihat dan terjangkau|Jumlah toilet mencukupi sehingga tidak ada antrean|Proses penanganan masalah cepat sehingga aktivitas bisa berjalan dengan lancar|Jadwal kebersihan yang konsisten sehingga toilet selalu dalam kondisi bersih,,,,e05f0261-68ef-43fc-99d7-b2c9cee40aca,Completed,New,Anonymous,118821,,cab97c1f-67b4-11f0-a847-0a0cda9789f2,01f4f038-24c4-4c5e-8607-032254333b0e,,,TRUE,FALSE,QrCode,Bahasa,2025-11-19T23:31:44.8563Z,,,,,,,,,,,,,,68b55898ba36f57e40594600
20-11-2025 7:17:32,API dan IAS,CGK T1,1,TOILET T1B - PARKIR PRIA,Toilet Parkir B - Pria,3,Neutral,3,"Baik dan bersih , di sayangkan mushola untuk sholat di toilet depan shelter kalayang 1B di gunakan untuk tidur","Customer Feedback, Complaint Handling, and Service Quality",Neutral,4,4,3,3,3,3,Lainnya,Tidak menemukan petugas toilet di toilet depan shelter kalayang 1B,,,,,Toilet memiliki aroma yang bau,,,,Lainnya,Tidak ada kunci pada pintu toilet,fdaca68b-5e7e-4207-a01d-d2929608eb50,Completed,New,Anonymous,429136,,cab97c1f-67b4-11f0-a847-0a0cda9789f2,01f4f038-24c4-4c5e-8607-032254333b0e,,,TRUE,FALSE,QrCode,Bahasa,2025-11-20T00:10:24.4374Z,,,,,,,,,,,,,,68b55898ba36f57e40594600
20-11-2025 8:10:06,API dan IAS,CGK T2,1,TOILET T2D - BAGGAGE CLAIM PRIA,API&IAS-TOILET-CGK T2-HCO D TP,5,Satisfied,5,Baik temen saya botak sangat senang memaki toiletnya,"Customer Feedback, Complaint Handling, and Service Quality",Negative,5,5,5,5,5,5,Petugas ramah dan sopan,,,,Toilet memiliki aroma yang wangi,,,,Lokasi toilet mudah terlihat dan terjangkau,,,,b69f6e84-3853-4a2b-83d5-ea549744f083,Completed,New,Anonymous,164645,,cab97c1f-67b4-11f0-a847-0a0cda9789f2,01f4f038-24c4-4c5e-8607-032254333b0e,,,TRUE,FALSE,QrCode,Bahasa,2025-11-20T01:07:21.4224Z,,,,,,,,,,,,,,68b55898ba36f57e40594600
20-11-2025 14:19:14,API dan IAS,SUB,4,"T1,GATE 1,WANITA","SUB-TOILE-T1-GATE 1,WANITA",5,Satisfied,5,"Sabun tangan kurang lancar
Cahaya di kubikel kurang",Facility Maintenance and Upkeep,Negative,4,4,4,4,4,4,Petugas ramah dan sopan|Berpenampilan rapi dengan seragam jelas|Cepat tanggap saat membantu penumpang|Jumlah petugas cukup,,,,"Ketersediaan tisu, sabun, air, dan hand dryer",,,,Jumlah toilet mencukupi sehingga tidak ada antrean|Jadwal kebersihan yang konsisten sehingga toilet selalu dalam kondisi bersih,,,,94425b69-8028-48df-890d-35804bf6519b,Completed,New,Anonymous,125951,,cab97c1f-67b4-11f0-a847-0a0cda9789f2,01f4f038-24c4-4c5e-8607-032254333b0e,,,TRUE,FALSE,QrCode,Bahasa,2025-11-20T07:17:07.6016Z,,,,,,,,,,,,,,68b55898ba36f57e40594600
20-11-2025 16:33:17,API dan IAS,YIA,4,TOILET MEZZANINE BARAT PRIA,YIA-TOI-MZ-B-P,4,Satisfied,4,Baiknya dikasih kamper di urinoirnya supaya mengurangi bau pesing,"Odor Control, Ventilation, and Overall Comfort",Positive,5,5,5,5,5,5,Berpenampilan rapi dengan seragam jelas|Petugas ramah dan sopan|Jumlah petugas cukup,,,,"Ketersediaan tisu, sabun, air, dan hand dryer",,,,Lokasi toilet mudah terlihat dan terjangkau|Jumlah toilet mencukupi sehingga tidak ada antrean|Jadwal kebersihan yang konsisten sehingga toilet selalu dalam kondisi bersih,,,,a7f5c55f-84db-4140-b1a3-cf2f683bddc1,Completed,New,Anonymous,178381,,cab97c1f-67b4-11f0-a847-0a0cda9789f2,01f4f038-24c4-4c5e-8607-032254333b0e,,,TRUE,FALSE,QrCode,Bahasa,2025-11-20T09:30:18.4418Z,,,,,,,,,,,,,,68b55898ba36f57e40594600
20-11-2025 18:12:48,API dan IAS,SUB,4,"T1,LOBBY 3,WANITA","SUB-TOILE-T1-LOBBY 3,WANITA",2,Not Satisfied,2,"- toilet masih mau kotoran dan pesing
- kondisi toilet sering basah",Cleanliness and Hygiene of Toilets,Negative,5,5,4,4,4,4,Petugas ramah dan sopan|Berpenampilan rapi dengan seragam jelas,,,,Penerangan dan sirkulasi udara toilet baik,,,,Lainnya,Tidak ada,,,57f73cb2-23ab-462c-a290-796e9c23b3be,Completed,New,Anonymous,320787,,cab97c1f-67b4-11f0-a847-0a0cda9789f2,01f4f038-24c4-4c5e-8607-032254333b0e,,,TRUE,FALSE,QrCode,Bahasa,2025-11-20T11:07:26.4476Z,,,,,,,,,,,,,,68b55898ba36f57e40594600
21-11-2025 9:40:29,API dan IAS,SUB,4,"T1,GATE 10 CONCOURSE 4,FAMILY","SUB-TOILE-T1-GATE 10 CONCOURSE 4,",5,Satisfied,5,Wangi dan bersih,"Odor Control, Ventilation, and Overall Comfort",Positive,5,5,5,5,5,5,Petugas ramah dan sopan|Berpenampilan rapi dengan seragam jelas|Cepat tanggap saat membantu penumpang|Jumlah petugas cukup,,,,"Ketersediaan tisu, sabun, air, dan hand dryer|Toilet bowl, urinoir, dan wastafel bersih dan berfungsi dengan baik|Toilet memiliki aroma yang wangi|Penerangan dan sirkulasi udara toilet baik",,,,Lokasi toilet mudah terlihat dan terjangkau|Jumlah toilet mencukupi sehingga tidak ada antrean|Proses penanganan masalah cepat sehingga aktivitas bisa berjalan dengan lancar|Jadwal kebersihan yang konsisten sehingga toilet selalu dalam kondisi bersih,,,,b3672499-1f11-46af-8c35-fad9aced3fef,Completed,New,Anonymous,67939,,cab97c1f-67b4-11f0-a847-0a0cda9789f2,01f4f038-24c4-4c5e-8607-032254333b0e,,,TRUE,FALSE,QrCode,Bahasa,2025-11-21T02:39:20.5084Z,,,,,,,,,,,,,,68b55898ba36f57e40594600
21-11-2025 10:37:25,API dan IAS,YIA,4,TOILET MEZZANINE TIMUR WANITA,YIA-TOI-MZ-T-W,5,Satisfied,5,Sangat bersihh,Cleanliness and Hygiene of Toilets,Positive,5,5,5,5,5,5,Petugas ramah dan sopan|Berpenampilan rapi dengan seragam jelas|Cepat tanggap saat membantu penumpang|Jumlah petugas cukup,,,,"Ketersediaan tisu, sabun, air, dan hand dryer|Toilet bowl, urinoir, dan wastafel bersih dan berfungsi dengan baik|Toilet memiliki aroma yang wangi|Penerangan dan sirkulasi udara toilet baik",,,,Lokasi toilet mudah terlihat dan terjangkau|Jumlah toilet mencukupi sehingga tidak ada antrean|Proses penanganan masalah cepat sehingga aktivitas bisa berjalan dengan lancar|Jadwal kebersihan yang konsisten sehingga toilet selalu dalam kondisi bersih,,,,7de523f5-d97d-4155-b264-830de7ade2f0,Completed,New,Anonymous,30453,,cab97c1f-67b4-11f0-a847-0a0cda9789f2,01f4f038-24c4-4c5e-8607-032254333b0e,,,TRUE,FALSE,QrCode,Bahasa,2025-11-21T03:36:53.9627Z,,,,,,,,,,,,,,68b55898ba36f57e40594600
21-11-2025 16:09:21,API dan IAS,SUB,4,"T2,B5,WANITA","SUB-TOILE-T2-B5,WANITA",4,Satisfied,4,,,,5,5,5,5,5,5,Petugas ramah dan sopan|Berpenampilan rapi dengan seragam jelas|Cepat tanggap saat membantu penumpang,,,,"Ketersediaan tisu, sabun, air, dan hand dryer|Toilet memiliki aroma yang wangi|Penerangan dan sirkulasi udara toilet baik",,,,Lokasi toilet mudah terlihat dan terjangkau|Jadwal kebersihan yang konsisten sehingga toilet selalu dalam kondisi bersih,,,,bdf25816-9aaa-4647-9b7d-976b1022a834,Completed,New,Anonymous,76570,,cab97c1f-67b4-11f0-a847-0a0cda9789f2,01f4f038-24c4-4c5e-8607-032254333b0e,,,TRUE,FALSE,QrCode,Bahasa,2025-11-21T09:08:04.3312Z,,,,,,,,,,,,,,68b55898ba36f57e40594600
21-11-2025 16:34:53,API dan IAS,CGK T1,1,TOILET T1B - CHECKIN PRIA,B. HCI. P,2,Not Satisfied,2,Air sprayer toilet tidak keluar airnya,Operational Aspects such as Queue Management and Area Cleanliness,Negative,4,4,4,4,4,4,Petugas ramah dan sopan|Berpenampilan rapi dengan seragam jelas,,,,"Ketersediaan tisu, sabun, air, dan hand dryer",,,,Jumlah toilet mencukupi sehingga tidak ada antrean,,,,2a3bd873-ad31-4583-9633-06187ab2b12e,Completed,New,Anonymous,116343,,cab97c1f-67b4-11f0-a847-0a0cda9789f2,01f4f038-24c4-4c5e-8607-032254333b0e,,,TRUE,FALSE,QrCode,Bahasa,2025-11-21T09:32:54.9918Z,,,,,,,,,,,,,,68b55898ba36f57e40594600
21-11-2025 16:58:06,API dan IAS,DPS,2,TOILET KEBERANGKATAN DOMESTIK GATE 1 (DIFABLE),DPS-TOILET-DD07-DIFABLE,3,Neutral,3,"Musolahnya bau karpetnya, tolong diperhatikan juga jangan cuma toilet",Facility Maintenance and Upkeep,Negative,5,5,5,5,3,3,Petugas ramah dan sopan|Lainnya,Musolah jangan lupa dicek juga,,,Lainnya,Musolah diperhatikan jya,,,,,Lainnya,Musolah perhatikan,e0cb305c-ed7e-4124-9564-371633cc161e,Completed,New,Anonymous,110549,,cab97c1f-67b4-11f0-a847-0a0cda9789f2,01f4f038-24c4-4c5e-8607-032254333b0e,,,TRUE,FALSE,QrCode,Bahasa,2025-11-21T09:56:15.1850Z,,,,,,,,,,,,,,68b55898ba36f57e40594600
21-11-2025 17:27:51,API dan IAS,SUB,4,"T1,GATE 6 CONCOURSE 7,PRIA","SUB-TOILE-T1-GATE 6 CONCOURSE 7,P",5,Satisfied,5,Baik,,Neutral,5,5,5,5,5,5,Petugas ramah dan sopan,,,,"Ketersediaan tisu, sabun, air, dan hand dryer",,,,Lokasi toilet mudah terlihat dan terjangkau,,,,c00d6b44-21ce-4116-9c1b-533a860fd31d,Completed,New,Anonymous,33260,,cab97c1f-67b4-11f0-a847-0a0cda9789f2,01f4f038-24c4-4c5e-8607-032254333b0e,,,TRUE,FALSE,QrCode,Bahasa,2025-11-21T10:27:18.2042Z,,,,,,,,,,,,,,68b55898ba36f57e40594600
21-11-2025 21:11:10,API dan IAS,SUB,4,"T1,LOBBY 3,WANITA","SUB-TOILE-T1-LOBBY 3,WANITA",3,Neutral,3,"masih ada orang yg pipis di lantai saat menggunakan toilet duduk, mengganggu kenyamanan (kalo semisal kena baju najis & ga bisa shalat)","Safety, Privacy, and Security in Toilet Areas",Negative,5,5,5,5,1,1,Cepat tanggap saat membantu penumpang,,,,"Ketersediaan tisu, sabun, air, dan hand dryer|Toilet bowl, urinoir, dan wastafel bersih dan berfungsi dengan baik",,,,,,Proses penanganan masalah lambat sehingga aktivitas tidak berjalan dengan lancar,,820c17b6-18cc-47ca-a0e0-925c2c14ed27,Completed,New,Anonymous,388885,,cab97c1f-67b4-11f0-a847-0a0cda9789f2,01f4f038-24c4-4c5e-8607-032254333b0e,,,TRUE,FALSE,QrCode,Bahasa,2025-11-21T14:04:40.0537Z,,,,,,,,,,,,,,68b55898ba36f57e40594600
22-11-2025 4:08:04,API dan IAS,CGK T1,1,TOILET T1B - BOARDING ROOM T1B-2 WANITA,B. BL2. W,4,Satisfied,4,Ada yang tidak safe (kipas) tidak ada penutupnya dan setinggi kepala manusia,"Safety, Privacy, and Security in Toilet Areas",Negative,4,4,4,4,4,4,Petugas ramah dan sopan,,,,"Ketersediaan tisu, sabun, air, dan hand dryer|Toilet memiliki aroma yang wangi",,,,Proses penanganan masalah cepat sehingga aktivitas bisa berjalan dengan lancar,,,,e1df0621-c647-4d4a-b2cb-159d21e78ad5,Completed,New,Anonymous,77361,,cab97c1f-67b4-11f0-a847-0a0cda9789f2,01f4f038-24c4-4c5e-8607-032254333b0e,,,TRUE,FALSE,QrCode,Bahasa,2025-11-21T21:06:46.0543Z,,,,,,,,,,,,,,68b55898ba36f57e40594600
22-11-2025 6:24:40,API dan IAS,CGK T2,1,TOILET T2D - BAGGAGE CLAIM PRIA,API&IAS-TOILET-CGK T2-HCO D TP,5,Satisfied,5,Ok,,Neutral,5,5,5,5,5,5,Petugas ramah dan sopan,,,,"Ketersediaan tisu, sabun, air, dan hand dryer|Toilet bowl, urinoir, dan wastafel bersih dan berfungsi dengan baik|Toilet memiliki aroma yang wangi|Penerangan dan sirkulasi udara toilet baik",,,,Lokasi toilet mudah terlihat dan terjangkau|Proses penanganan masalah cepat sehingga aktivitas bisa berjalan dengan lancar|Jumlah toilet mencukupi sehingga tidak ada antrean|Jadwal kebersihan yang konsisten sehingga toilet selalu dalam kondisi bersih,,,,bf04d17d-5416-418e-a540-957cc0310eef,Completed,New,Anonymous,58000,,cab97c1f-67b4-11f0-a847-0a0cda9789f2,01f4f038-24c4-4c5e-8607-032254333b0e,,,TRUE,FALSE,QrCode,Bahasa,2025-11-21T23:23:42.0726Z,,,,,,,,,,,,,,68b55898ba36f57e40594600
22-11-2025 10:20:26,API dan IAS,SUB,4,"T2,B1,PRIA","SUB-TOILE-T2-B1,PRIA",5,Satisfied,5,Tambahkan hiasan bunga akan lebih bagus,Facility Maintenance and Upkeep,Positive,5,5,5,5,5,5,Petugas ramah dan sopan,,,,"Toilet bowl, urinoir, dan wastafel bersih dan berfungsi dengan baik|Ketersediaan tisu, sabun, air, dan hand dryer|Toilet memiliki aroma yang wangi|Penerangan dan sirkulasi udara toilet baik",,,,Lokasi toilet mudah terlihat dan terjangkau|Jumlah toilet mencukupi sehingga tidak ada antrean|Proses penanganan masalah cepat sehingga aktivitas bisa berjalan dengan lancar|Jadwal kebersihan yang konsisten sehingga toilet selalu dalam kondisi bersih,,,,59a82569-4de6-4b65-8482-fb3f8afe9693,Completed,New,Anonymous,115828,,cab97c1f-67b4-11f0-a847-0a0cda9789f2,01f4f038-24c4-4c5e-8607-032254333b0e,,,TRUE,FALSE,QrCode,Bahasa,2025-11-22T03:18:28.8299Z,,,,,,,,,,,,,,68b55898ba36f57e40594600
22-11-2025 13:53:27,API dan IAS,CGK T1,1,TOILET T1B - BOARDING ROOM T1B-5 WANITA,B. BL5. W,5,Satisfied,5,bersih dan pelayanan ramah,"Cleanliness and Hygiene of Toilets|Customer Feedback, Complaint Handling, and Service Quality",Positive,5,5,5,5,5,5,Petugas ramah dan sopan|Berpenampilan rapi dengan seragam jelas|Cepat tanggap saat membantu penumpang,,,,"Ketersediaan tisu, sabun, air, dan hand dryer|Toilet bowl, urinoir, dan wastafel bersih dan berfungsi dengan baik|Toilet memiliki aroma yang wangi|Penerangan dan sirkulasi udara toilet baik",,,,Lokasi toilet mudah terlihat dan terjangkau|Jumlah toilet mencukupi sehingga tidak ada antrean|Proses penanganan masalah cepat sehingga aktivitas bisa berjalan dengan lancar|Jadwal kebersihan yang konsisten sehingga toilet selalu dalam kondisi bersih,,,,07eeb9cb-111d-4338-b928-9ef96cc673f2,Completed,New,Anonymous,81541,,cab97c1f-67b4-11f0-a847-0a0cda9789f2,01f4f038-24c4-4c5e-8607-032254333b0e,,,TRUE,FALSE,QrCode,Bahasa,2025-11-22T06:52:05.6759Z,,,,,,,,,,,,,,68b55898ba36f57e40594600
22-11-2025 14:35:38,API dan IAS,CGK T2,1,TOILET T2F - CHECKIN WANITA,API&IAS-TOILET-CGK T2-HCI F TW,5,Satisfied,5,,,,5,5,5,5,5,5,Petugas ramah dan sopan,,,,"Ketersediaan tisu, sabun, air, dan hand dryer",,,,Lokasi toilet mudah terlihat dan terjangkau,,,,351d07fe-d265-4f88-b7e1-135065c29d7e,Completed,New,Anonymous,44200,,cab97c1f-67b4-11f0-a847-0a0cda9789f2,01f4f038-24c4-4c5e-8607-032254333b0e,,,TRUE,FALSE,QrCode,English,2025-11-22T07:34:53.7465Z,,,,,,,,,,,,,,68b55898ba36f57e40594600
22-11-2025 15:38:51,API dan IAS,SUB,4,"T1,GATE 1,PRIA","SUB-TOILE-T1-GATE 1,PRIA",5,Satisfied,5,Toilet bandara terbaik se Indonesia,"Customer Feedback, Complaint Handling, and Service Quality",Positive,5,5,5,5,5,5,Petugas ramah dan sopan|Berpenampilan rapi dengan seragam jelas|Cepat tanggap saat membantu penumpang|Jumlah petugas cukup,,,,"Ketersediaan tisu, sabun, air, dan hand dryer|Toilet bowl, urinoir, dan wastafel bersih dan berfungsi dengan baik|Toilet memiliki aroma yang wangi|Penerangan dan sirkulasi udara toilet baik",,,,Lokasi toilet mudah terlihat dan terjangkau|Jumlah toilet mencukupi sehingga tidak ada antrean|Proses penanganan masalah cepat sehingga aktivitas bisa berjalan dengan lancar|Jadwal kebersihan yang konsisten sehingga toilet selalu dalam kondisi bersih,,,,429a1a59-0f93-4b47-ac09-392d3ab60627,Completed,New,Anonymous,40288,,cab97c1f-67b4-11f0-a847-0a0cda9789f2,01f4f038-24c4-4c5e-8607-032254333b0e,,,TRUE,FALSE,QrCode,Bahasa,2025-11-22T08:38:08.5429Z,,,,,,,,,,,,,,68b55898ba36f57e40594600
22-11-2025 23:23:11,API dan IAS,CGK T2,1,TOILET T2D - BAGGAGE CLAIM PRIA,API&IAS-TOILET-CGK T2-HCO D TP,5,Satisfied,5,Sangat bersih dan wangi,"Odor Control, Ventilation, and Overall Comfort|Cleanliness and Hygiene of Toilets",Positive,5,5,5,5,5,5,Petugas ramah dan sopan|Berpenampilan rapi dengan seragam jelas|Cepat tanggap saat membantu penumpang|Jumlah petugas cukup,,,,"Ketersediaan tisu, sabun, air, dan hand dryer|Toilet bowl, urinoir, dan wastafel bersih dan berfungsi dengan baik|Toilet memiliki aroma yang wangi|Penerangan dan sirkulasi udara toilet baik",,,,Lokasi toilet mudah terlihat dan terjangkau|Jumlah toilet mencukupi sehingga tidak ada antrean|Proses penanganan masalah cepat sehingga aktivitas bisa berjalan dengan lancar|Jadwal kebersihan yang konsisten sehingga toilet selalu dalam kondisi bersih,,,,425fd83e-8939-43e0-8766-972c7515be32,Completed,New,Anonymous,48355,,cab97c1f-67b4-11f0-a847-0a0cda9789f2,01f4f038-24c4-4c5e-8607-032254333b0e,,,TRUE,FALSE,QrCode,Bahasa,2025-11-22T16:22:21.7689Z,,,,,,,,,,,,,,68b55898ba36f57e40594600
23-11-2025 4:39:06,API dan IAS,CGK T1,1,TOILET T1B - BOARDING ROOM T1B-3 PRIA,B. BL3. P,5,Satisfied,5,Bersih &Wangi,"Odor Control, Ventilation, and Overall Comfort|Cleanliness and Hygiene of Toilets",Positive,5,5,5,5,5,5,Petugas ramah dan sopan|Berpenampilan rapi dengan seragam jelas|Cepat tanggap saat membantu penumpang|Jumlah petugas cukup,,,,"Ketersediaan tisu, sabun, air, dan hand dryer|Toilet bowl, urinoir, dan wastafel bersih dan berfungsi dengan baik|Toilet memiliki aroma yang wangi|Penerangan dan sirkulasi udara toilet baik|Lainnya",Sangat memuaskan,,,Lokasi toilet mudah terlihat dan terjangkau|Jumlah toilet mencukupi sehingga tidak ada antrean|Proses penanganan masalah cepat sehingga aktivitas bisa berjalan dengan lancar|Jadwal kebersihan yang konsisten sehingga toilet selalu dalam kondisi bersih,,,,0bd9e4f9-13b4-40f2-a8d6-a122e3259c8c,Completed,New,Anonymous,69197,,cab97c1f-67b4-11f0-a847-0a0cda9789f2,01f4f038-24c4-4c5e-8607-032254333b0e,,,TRUE,FALSE,QrCode,Bahasa,2025-11-22T21:37:56.7406Z,,,,,,,,,,,,,,68b55898ba36f57e40594600
23-11-2025 5:27:01,API dan IAS,CGK T2,1,TOILET T2D - CURBSIDE KEBERANGKATAN WANITA,API&IAS-TOILET-CGK T2-PCI D TW,5,Satisfied,5,Ramah dan sopan pelayanannya.,"Customer Feedback, Complaint Handling, and Service Quality",Positive,5,5,5,5,5,5,Petugas ramah dan sopan|Berpenampilan rapi dengan seragam jelas|Jumlah petugas cukup|Cepat tanggap saat membantu penumpang,,,,"Ketersediaan tisu, sabun, air, dan hand dryer|Toilet bowl, urinoir, dan wastafel bersih dan berfungsi dengan baik|Toilet memiliki aroma yang wangi|Penerangan dan sirkulasi udara toilet baik",,,,Jadwal kebersihan yang konsisten sehingga toilet selalu dalam kondisi bersih,,,,586364e4-9669-485f-b6f2-c6ba2552c771,Completed,New,Anonymous,113214,,cab97c1f-67b4-11f0-a847-0a0cda9789f2,01f4f038-24c4-4c5e-8607-032254333b0e,,,TRUE,FALSE,QrCode,Bahasa,2025-11-22T22:25:09.1240Z,,,,,,,,,,,,,,68b55898ba36f57e40594600
23-11-2025 7:00:20,API dan IAS,CGK T2,1,TOILET T2D - BAGGAGE CLAIM PRIA,API&IAS-TOILET-CGK T2-HCO D TP,1,Not Satisfied,1,"becek bau, tisu abis","Odor Control, Ventilation, and Overall Comfort",Negative,1,1,1,1,1,1,,,Lainnya,tidak ada petugas,,,Lainnya,becek tidak ada petugas yg bersihkan dan tisu abis,,,Kondisi toilet kotor karena jadwal pembersihan tidak jelas,,f3e43e77-c741-445e-a2e4-2f10131bed46,Completed,New,Anonymous,125653,,cab97c1f-67b4-11f0-a847-0a0cda9789f2,01f4f038-24c4-4c5e-8607-032254333b0e,,,TRUE,FALSE,QrCode,Bahasa,2025-11-22T23:58:13.8558Z,,,,,,,,,,,,,,68b55898ba36f57e40594600
23-11-2025 9:27:02,API dan IAS,CGK T1,1,TOILET T1A - BOARDING ROOM T1A-7 PRIA,A.BL7.P,5,Satisfied,5,baik,,Positive,5,5,5,5,5,5,Petugas ramah dan sopan,,,,"Ketersediaan tisu, sabun, air, dan hand dryer",,,,Lokasi toilet mudah terlihat dan terjangkau|Jumlah toilet mencukupi sehingga tidak ada antrean|Proses penanganan masalah cepat sehingga aktivitas bisa berjalan dengan lancar,,,,82b4c27c-a29f-4fd7-85bc-7c1121a91e20,Completed,New,Anonymous,36348,,cab97c1f-67b4-11f0-a847-0a0cda9789f2,01f4f038-24c4-4c5e-8607-032254333b0e,,,TRUE,FALSE,QrCode,Bahasa,2025-11-23T02:26:26.4609Z,,,,,,,,,,,,,,68b55898ba36f57e40594600
23-11-2025 10:06:40,API dan IAS,CGK T2,1,TOILET T2D - BOARDING ROOM T2D-7 PRIA,API&IAS-TOILET-CGK T2-BL D7 TP,5,Satisfied,5,It is the most clean toilet all over the world!,Cleanliness and Hygiene of Toilets,Positive,5,5,5,5,5,5,Petugas ramah dan sopan|Berpenampilan rapi dengan seragam jelas|Cepat tanggap saat membantu penumpang|Jumlah petugas cukup,,,,"Ketersediaan tisu, sabun, air, dan hand dryer|Toilet bowl, urinoir, dan wastafel bersih dan berfungsi dengan baik|Toilet memiliki aroma yang wangi|Penerangan dan sirkulasi udara toilet baik",,,,Lokasi toilet mudah terlihat dan terjangkau|Jadwal kebersihan yang konsisten sehingga toilet selalu dalam kondisi bersih,,,,785230a7-6cbb-4fbd-8e98-d6d3e99c3e0f,Completed,New,Anonymous,143072,,cab97c1f-67b4-11f0-a847-0a0cda9789f2,01f4f038-24c4-4c5e-8607-032254333b0e,,,TRUE,FALSE,QrCode,English,2025-11-23T03:04:15.6175Z,,,,,,,,,,,,,,68b55898ba36f57e40594600
23-11-2025 10:56:39,API dan IAS,CGK T2,1,TOILET T2D - CHECKIN WANITA,API&IAS-TOILET-CGK T2-HCI D TW,5,Satisfied,5,Sudah di atas standar,Facility Maintenance and Upkeep,Positive,3,3,5,5,3,3,,,Lambat atau tidak tanggap membantu penumpang,,"Ketersediaan tisu, sabun, air, dan hand dryer|Toilet memiliki aroma yang wangi|Toilet bowl, urinoir, dan wastafel bersih dan berfungsi dengan baik",,,,,,Lainnya,Sesuai standar,53521868-d8d0-4727-8e47-d749ffca975b,Completed,New,Anonymous,95975,,cab97c1f-67b4-11f0-a847-0a0cda9789f2,01f4f038-24c4-4c5e-8607-032254333b0e,,,TRUE,FALSE,QrCode,Bahasa,2025-11-23T03:55:01.8398Z,,,,,,,,,,,,,,68b55898ba36f57e40594600
23-11-2025 12:56:15,API dan IAS,CGK T1,1,TOILET T1B - CORRIDOR BEFORE SCP WANITA,B. SA. W,5,Satisfied,5,Kursi duduk untuk pakai spatu habis sholat,,Neutral,5,5,5,5,5,5,Petugas ramah dan sopan,,,,"Ketersediaan tisu, sabun, air, dan hand dryer",,,,Lokasi toilet mudah terlihat dan terjangkau,,,,7797b411-2693-45c3-9e8b-01d04d5175ec,Completed,New,Anonymous,1673791,,cab97c1f-67b4-11f0-a847-0a0cda9789f2,01f4f038-24c4-4c5e-8607-032254333b0e,,,TRUE,FALSE,QrCode,English,2025-11-23T05:28:20.7775Z,,,,,,,,,,,,,,68b55898ba36f57e40594600
23-11-2025 13:46:37,API dan IAS,CGK T2,1,TOILET T2E - BOARDING ROOM T2E-6 PRIA,API&IAS-TOILET-CGK T2-BL E6 TP,4,Satisfied,4,Tingkatkan,Facility Maintenance and Upkeep,Neutral,4,4,4,4,4,4,Petugas ramah dan sopan|Berpenampilan rapi dengan seragam jelas|Cepat tanggap saat membantu penumpang|Jumlah petugas cukup,,,,"Ketersediaan tisu, sabun, air, dan hand dryer|Toilet bowl, urinoir, dan wastafel bersih dan berfungsi dengan baik|Toilet memiliki aroma yang wangi|Penerangan dan sirkulasi udara toilet baik",,,,Lokasi toilet mudah terlihat dan terjangkau|Jumlah toilet mencukupi sehingga tidak ada antrean|Proses penanganan masalah cepat sehingga aktivitas bisa berjalan dengan lancar|Jadwal kebersihan yang konsisten sehingga toilet selalu dalam kondisi bersih,,,,8d399076-5a25-4004-ad8e-6e0664265a45,Completed,New,Anonymous,96815,,cab97c1f-67b4-11f0-a847-0a0cda9789f2,01f4f038-24c4-4c5e-8607-032254333b0e,,,TRUE,FALSE,QrCode,Bahasa,2025-11-23T06:44:58.3927Z,,,,,,,,,,,,,,68b55898ba36f57e40594600
23-11-2025 18:32:17,API dan IAS,CGK T2,1,TOILET T2E - BOARDING ROOM T2E-6 PRIA,API&IAS-TOILET-CGK T2-BL E6 TP,5,Satisfied,5,"Sudah memadai, tingkatkan",Facility Maintenance and Upkeep,Positive,4,4,4,4,4,4,Petugas ramah dan sopan|Berpenampilan rapi dengan seragam jelas|Cepat tanggap saat membantu penumpang|Jumlah petugas cukup,,,,"Ketersediaan tisu, sabun, air, dan hand dryer|Toilet bowl, urinoir, dan wastafel bersih dan berfungsi dengan baik|Penerangan dan sirkulasi udara toilet baik",,,,Lokasi toilet mudah terlihat dan terjangkau|Jumlah toilet mencukupi sehingga tidak ada antrean|Jadwal kebersihan yang konsisten sehingga toilet selalu dalam kondisi bersih,,,,08c8abd9-1b2f-4d00-b57b-c68db840e8bc,Completed,New,Anonymous,147461,,cab97c1f-67b4-11f0-a847-0a0cda9789f2,01f4f038-24c4-4c5e-8607-032254333b0e,,,TRUE,FALSE,QrCode,Bahasa,2025-11-23T11:29:48.4571Z,,,,,,,,,,,,,,68b55898ba36f57e40594600
23-11-2025 20:04:01,API dan IAS,CGK T2,1,TOILET T2E - DEPARTURE CURBSIDE PRIA,API&IAS-TOILET-CGK T2-PCI E TP,3,Neutral,3,"Toilet cukup bersih, namun wc dan perlengkapan nampaknya belum terawat baik, contoh dudukan wc yang tidak pas, sabun tidak ada (alat tanpa sentuh tapi sensor gerak namun ga ada sabunnya).
Di wastafel ada tissue yg menyumbat wastafel.","Facility Maintenance and Upkeep|Customer Feedback, Complaint Handling, and Service Quality",Negative,3,3,3,3,3,3,,,Lainnya,Biasa aja,,,Lainnya,Tidak ada sabun cair cuma ada bunyi aja,,,Lainnya,Penuh dengan karyawan ganti baju dan berdandan. Ada botol2 minuman di toilet /wastafel,268093d4-bcc2-4cd3-b5dc-58ba06f9a182,Completed,New,Anonymous,565082,,cab97c1f-67b4-11f0-a847-0a0cda9789f2,01f4f038-24c4-4c5e-8607-032254333b0e,,,TRUE,FALSE,QrCode,Bahasa,2025-11-23T12:54:35.5334Z,,,,,,,,,,,,,,68b55898ba36f57e40594600
24-11-2025 6:53:15,API dan IAS,CGK T2,1,TOILET T2D - BAGGAGE CLAIM PRIA,API&IAS-TOILET-CGK T2-HCO D TP,5,Satisfied,5,Good,,Positive,5,5,5,5,5,5,Petugas ramah dan sopan|Berpenampilan rapi dengan seragam jelas|Cepat tanggap saat membantu penumpang|Jumlah petugas cukup,,,,"Ketersediaan tisu, sabun, air, dan hand dryer|Toilet bowl, urinoir, dan wastafel bersih dan berfungsi dengan baik",,,,Lokasi toilet mudah terlihat dan terjangkau,,,,57c6d0a8-4902-440d-baa8-fdb2faab54b3,Completed,New,Anonymous,64770,,cab97c1f-67b4-11f0-a847-0a0cda9789f2,01f4f038-24c4-4c5e-8607-032254333b0e,,,TRUE,FALSE,QrCode,Bahasa,2025-11-23T23:52:10.2806Z,,,,,,,,,,,,,,68b55898ba36f57e40594600
24-11-2025 8:50:10,API dan IAS,CGK T1,1,TOILET T1B - CHECKIN PRIA,B. HCI. P,5,Satisfied,5,test,,Neutral,5,5,5,5,5,5,Petugas ramah dan sopan,,,,"Ketersediaan tisu, sabun, air, dan hand dryer",,,,Lokasi toilet mudah terlihat dan terjangkau,,,,eec5debf-67b6-4e1e-90a5-1a3574c31610,Completed,New,Anonymous,41797,,cab97c1f-67b4-11f0-a847-0a0cda9789f2,01f4f038-24c4-4c5e-8607-032254333b0e,,,TRUE,FALSE,QrCode,Bahasa,2025-11-24T01:49:27.7826Z,,,,,,,,,,,,,,68b55898ba36f57e40594600
24-11-2025 8:51:15,API dan IAS,CGK T1,1,TOILET T1B - CHECKIN PRIA,B. HCI. P,4,Satisfied,4,Baik,,Neutral,4,4,4,4,4,4,Petugas ramah dan sopan,,,,"Toilet bowl, urinoir, dan wastafel bersih dan berfungsi dengan baik",,,,Jadwal kebersihan yang konsisten sehingga toilet selalu dalam kondisi bersih,,,,68664a21-3f02-4911-a1bc-81201a9942c2,Completed,New,Anonymous,117100,,cab97c1f-67b4-11f0-a847-0a0cda9789f2,01f4f038-24c4-4c5e-8607-032254333b0e,,,TRUE,FALSE,QrCode,Bahasa,2025-11-24T01:49:18.5571Z,,,,,,,,,,,,,,68b55898ba36f57e40594600
24-11-2025 9:56:08,API dan IAS,CGK T2,1,TOILET T2E - BOARDING ROOM T2E-4 PRIA,API&IAS-TOILET-CGK T2-BL E4 TP,5,Satisfied,5,Udah sangan bagus dan bersih,Cleanliness and Hygiene of Toilets,Positive,5,5,5,5,5,5,Petugas ramah dan sopan|Berpenampilan rapi dengan seragam jelas|Cepat tanggap saat membantu penumpang|Jumlah petugas cukup,,,,"Ketersediaan tisu, sabun, air, dan hand dryer|Toilet bowl, urinoir, dan wastafel bersih dan berfungsi dengan baik|Toilet memiliki aroma yang wangi|Penerangan dan sirkulasi udara toilet baik",,,,Lokasi toilet mudah terlihat dan terjangkau|Jumlah toilet mencukupi sehingga tidak ada antrean|Proses penanganan masalah cepat sehingga aktivitas bisa berjalan dengan lancar|Jadwal kebersihan yang konsisten sehingga toilet selalu dalam kondisi bersih,,,,9a77e459-8e16-46b8-a124-53a5b857662f,Completed,New,Anonymous,52136,,cab97c1f-67b4-11f0-a847-0a0cda9789f2,01f4f038-24c4-4c5e-8607-032254333b0e,,,TRUE,FALSE,QrCode,Bahasa,2025-11-24T02:51:07.4366Z,,,,,,,,,,,,,,68b55898ba36f57e40594600
24-11-2025 12:16:36,API dan IAS,CGK T1,1,TOILET T1B - CHECKIN PRIA,B. HCI. P,3,Neutral,3,The toilet is very dirty spesaly in the miror to much water mark meybe is possibble clean properly thanks,"Odor Control, Ventilation, and Overall Comfort|Cleanliness and Hygiene of Toilets",Negative,3,3,3,3,3,3,,,Lainnya,Banyak calo yg nawarin tiket tpi gk sesuai harganya,,,Toilet memiliki aroma yang bau,,,,Kondisi toilet kotor karena jadwal pembersihan tidak jelas,,b5a5354e-356a-41ad-9fc8-be550d9ed80c,Completed,New,Anonymous,133302,,cab97c1f-67b4-11f0-a847-0a0cda9789f2,01f4f038-24c4-4c5e-8607-032254333b0e,,,TRUE,FALSE,QrCode,Bahasa,2025-11-24T07:15:09.2711Z,,,,,,,,,,,,,,68b55898ba36f57e40594600
24-11-2025 18:24:58,API dan IAS,SUB,4,"T1,GATE 10 CONCOURSE 4,FAMILY","SUB-TOILE-T1-GATE 10 CONCOURSE 4,",5,Satisfied,5,Saya suka karna bersih wangi,"Odor Control, Ventilation, and Overall Comfort|Cleanliness and Hygiene of Toilets",Positive,5,5,5,5,5,5,Petugas ramah dan sopan|Berpenampilan rapi dengan seragam jelas|Cepat tanggap saat membantu penumpang|Jumlah petugas cukup,,,,"Ketersediaan tisu, sabun, air, dan hand dryer|Toilet bowl, urinoir, dan wastafel bersih dan berfungsi dengan baik|Toilet memiliki aroma yang wangi|Penerangan dan sirkulasi udara toilet baik",,,,Lokasi toilet mudah terlihat dan terjangkau|Jumlah toilet mencukupi sehingga tidak ada antrean|Proses penanganan masalah cepat sehingga aktivitas bisa berjalan dengan lancar|Jadwal kebersihan yang konsisten sehingga toilet selalu dalam kondisi bersih,,,,3e4a4b25-9a73-4669-b7be-637fd90832b7,Completed,New,Anonymous,78335,,cab97c1f-67b4-11f0-a847-0a0cda9789f2,01f4f038-24c4-4c5e-8607-032254333b0e,,,TRUE,FALSE,QrCode,Bahasa,2025-11-24T11:23:39.4312Z,,,,,,,,,,,,,,68b55898ba36f57e40594600
24-11-2025 18:25:15,API dan IAS,CGK T2,1,TOILET T2E - BOARDING ROOM T2E-6 PRIA,API&IAS-TOILET-CGK T2-BL E6 TP,4,Satisfied,4,Untuk misholah yang ada bisa di perluas,Facility Maintenance and Upkeep,Positive,4,4,4,4,4,4,Petugas ramah dan sopan,,,,"Toilet bowl, urinoir, dan wastafel bersih dan berfungsi dengan baik",,,,Jumlah toilet mencukupi sehingga tidak ada antrean,,,,9b113b94-29ab-49ce-a65d-76e4ef0b60c8,Completed,New,Anonymous,150849,,cab97c1f-67b4-11f0-a847-0a0cda9789f2,01f4f038-24c4-4c5e-8607-032254333b0e,,,TRUE,FALSE,QrCode,Bahasa,2025-11-24T11:22:43.8416Z,,,,,,,,,,,,,,68b55898ba36f57e40594600
24-11-2025 20:17:05,API dan IAS,CGK T2,1,TOILET T2D - BOARDING ROOM T2D-3 PRIA,API&IAS-TOILET-CGK T2-BL D3 TP,3,Neutral,3,very dirty,Cleanliness and Hygiene of Toilets,Negative,3,3,4,4,3,3,,,Lambat atau tidak tanggap membantu penumpang,,Toilet memiliki aroma yang wangi,,,,,,Lokasi toilet susah dicari dan tidak terjangkau,,68c01fd9-4413-4dc1-b43d-4df7891909fa,Completed,New,Anonymous,84648,,cab97c1f-67b4-11f0-a847-0a0cda9789f2,01f4f038-24c4-4c5e-8607-032254333b0e,,,TRUE,FALSE,QrCode,English,2025-11-24T13:15:39.1410Z,,,,,,,,,,,,,,68b55898ba36f57e40594600
24-11-2025 20:32:07,API dan IAS,CGK T2,1,TOILET T2D - CURBSIDE KEBERANGKATAN WANITA,API&IAS-TOILET-CGK T2-PCI D TW,5,Satisfied,5,Sangat baik dan fasilitasnya lengkap,Cleanliness and Hygiene of Toilets|Facility Maintenance and Upkeep,Positive,4,4,5,5,4,4,Petugas ramah dan sopan,,,,"Ketersediaan tisu, sabun, air, dan hand dryer",,,,Lokasi toilet mudah terlihat dan terjangkau,,,,9530117c-2e2b-4017-8e9a-1ba2cb4529ab,Completed,New,Anonymous,83989,,cab97c1f-67b4-11f0-a847-0a0cda9789f2,01f4f038-24c4-4c5e-8607-032254333b0e,,,TRUE,FALSE,QrCode,Bahasa,2025-11-24T13:30:44.0507Z,,,,,,,,,,,,,,68b55898ba36f57e40594600
25-11-2025 10:14:47,API dan IAS,CGK T2,1,TOILET T2E - BOARDING ROOM T2E-1 PRIA,API&IAS-TOILET-CGK T2-BL E1 TP,5,Satisfied,5,,,,5,5,5,5,5,5,Cepat tanggap saat membantu penumpang,,,,"Toilet bowl, urinoir, dan wastafel bersih dan berfungsi dengan baik",,,,Jumlah toilet mencukupi sehingga tidak ada antrean,,,,d507c24b-25da-4d7f-939e-db7fde2ecac6,Completed,New,Anonymous,33179,,cab97c1f-67b4-11f0-a847-0a0cda9789f2,01f4f038-24c4-4c5e-8607-032254333b0e,,,TRUE,FALSE,QrCode,Bahasa,2025-11-25T03:14:12.9723Z,,,,,,,,,,,,,,68b55898ba36f57e40594600
25-11-2025 15:18:04,API dan IAS,CGK T2,1,TOILET T2D - BOARDING ROOM T2D-1 PRIA,API&IAS-TOILET-CGK T2-BL D1 TP,4,Satisfied,4,Bersih dan rapih,Cleanliness and Hygiene of Toilets,Positive,4,4,4,4,4,4,Petugas ramah dan sopan|Berpenampilan rapi dengan seragam jelas,,,,"Toilet bowl, urinoir, dan wastafel bersih dan berfungsi dengan baik|Toilet memiliki aroma yang wangi",,,,Lokasi toilet mudah terlihat dan terjangkau|Jumlah toilet mencukupi sehingga tidak ada antrean,,,,063cb6db-6522-4f4d-8633-37ccb7e36f78,Completed,New,Anonymous,159728,,cab97c1f-67b4-11f0-a847-0a0cda9789f2,01f4f038-24c4-4c5e-8607-032254333b0e,,,TRUE,FALSE,QrCode,Bahasa,2025-11-25T08:15:23.4594Z,,,,,,,,,,,,,,68b55898ba36f57e40594600
25-11-2025 19:19:03,API dan IAS,CGK T2,1,TOILET T2D - BOARDING ROOM T2D-4 PRIA,API&IAS-TOILET-CGK T2-BL D4 TP,5,Satisfied,5,Pertahankan kebersihan,Cleanliness and Hygiene of Toilets,Positive,5,5,5,5,5,5,Berpenampilan rapi dengan seragam jelas,,,,Toilet memiliki aroma yang wangi,,,,Lokasi toilet mudah terlihat dan terjangkau,,,,dd9c2757-9cac-4b50-9aea-9ebbe9faa41e,Completed,New,Anonymous,186728,,cab97c1f-67b4-11f0-a847-0a0cda9789f2,01f4f038-24c4-4c5e-8607-032254333b0e,,,TRUE,FALSE,QrCode,Bahasa,2025-11-25T12:15:56.4074Z,,,,,,,,,,,,,,68b55898ba36f57e40594600
25-11-2025 19:41:23,API dan IAS,CGK T1,1,TOILET T1B - CORRIDOR AFTER SCP PRIA,CCD. B1,5,Satisfied,5,Pewangi agar lebih ditambah lagi,"Odor Control, Ventilation, and Overall Comfort",Positive,5,5,4,4,4,4,Petugas ramah dan sopan|Berpenampilan rapi dengan seragam jelas|Cepat tanggap saat membantu penumpang|Jumlah petugas cukup,,,,"Ketersediaan tisu, sabun, air, dan hand dryer|Toilet bowl, urinoir, dan wastafel bersih dan berfungsi dengan baik|Toilet memiliki aroma yang wangi|Penerangan dan sirkulasi udara toilet baik",,,,Jadwal kebersihan yang konsisten sehingga toilet selalu dalam kondisi bersih|Lainnya,Jumlah toilet yang sedikit,,,a7cbf4a6-8320-4d5f-a867-3d70c7292720,Completed,New,Anonymous,157353,,cab97c1f-67b4-11f0-a847-0a0cda9789f2,01f4f038-24c4-4c5e-8607-032254333b0e,,,TRUE,FALSE,QrCode,Bahasa,2025-11-25T12:38:45.7293Z,,,,,,,,,,,,,,68b55898ba36f57e40594600
25-11-2025 20:48:12,API dan IAS,YIA,4,TOILET MEZZANINE TIMUR WANITA,YIA-TOI-MZ-T-W,5,Satisfied,5,very clean! I wanna thank the people who clean here.,Cleanliness and Hygiene of Toilets,Positive,5,5,5,5,5,5,Petugas ramah dan sopan,,,,"Toilet bowl, urinoir, dan wastafel bersih dan berfungsi dengan baik",,,,Lokasi toilet mudah terlihat dan terjangkau,,,,24107933-99de-4521-ba6a-eafa51f748d5,Completed,New,Anonymous,124792,,cab97c1f-67b4-11f0-a847-0a0cda9789f2,01f4f038-24c4-4c5e-8607-032254333b0e,,,TRUE,FALSE,QrCode,English,2025-11-25T13:46:06.8280Z,,,,,,,,,,,,,,68b55898ba36f57e40594600
26-11-2025 11:08:20,API dan IAS,CGK T2,1,TOILET T2D - BAGGAGE CLAIM PRIA,API&IAS-TOILET-CGK T2-HCO D TP,5,Satisfied,5,Sangat ramah dan menolong,"Customer Feedback, Complaint Handling, and Service Quality",Positive,5,5,5,5,5,5,Petugas ramah dan sopan|Berpenampilan rapi dengan seragam jelas|Cepat tanggap saat membantu penumpang|Jumlah petugas cukup,,,,"Ketersediaan tisu, sabun, air, dan hand dryer|Toilet bowl, urinoir, dan wastafel bersih dan berfungsi dengan baik|Toilet memiliki aroma yang wangi|Penerangan dan sirkulasi udara toilet baik",,,,Lokasi toilet mudah terlihat dan terjangkau|Jumlah toilet mencukupi sehingga tidak ada antrean|Proses penanganan masalah cepat sehingga aktivitas bisa berjalan dengan lancar|Jadwal kebersihan yang konsisten sehingga toilet selalu dalam kondisi bersih,,,,bd0daef7-8a8c-4a91-bf0b-2c628bf10af3,Completed,New,Anonymous,48529,,cab97c1f-67b4-11f0-a847-0a0cda9789f2,01f4f038-24c4-4c5e-8607-032254333b0e,,,TRUE,FALSE,QrCode,Bahasa,2025-11-26T04:07:29.7503Z,,,,,,,,,,,,,,68b55898ba36f57e40594600
26-11-2025 16:11:22,API dan IAS,UPG,5,TOILET 2A GATE 4 PRIA,UPG-TOILET-2A-P,5,Satisfied,5,,,,5,5,5,5,5,5,Petugas ramah dan sopan,,,,Toilet memiliki aroma yang wangi,,,,Jadwal kebersihan yang konsisten sehingga toilet selalu dalam kondisi bersih|Proses penanganan masalah cepat sehingga aktivitas bisa berjalan dengan lancar,,,,12dc9ddb-9ebf-4c3a-a1af-16e886de638e,Completed,New,Anonymous,114934,,cab97c1f-67b4-11f0-a847-0a0cda9789f2,01f4f038-24c4-4c5e-8607-032254333b0e,,,TRUE,FALSE,QrCode,Bahasa,2025-11-26T09:09:26.9312Z,,,,,,,,,,,,,,68b55898ba36f57e40594600
27-11-2025 7:02:20,API dan IAS,DPS,2,TOILET KEBERANGKATAN INTERNASIONAL GATE 1 (WANITA + DIFABLE),DPS-TOILET-3I-W,5,Satisfied,5,"good service, good attitude. i like it","Customer Feedback, Complaint Handling, and Service Quality",Positive,5,5,5,5,5,5,Petugas ramah dan sopan|Berpenampilan rapi dengan seragam jelas|Cepat tanggap saat membantu penumpang,,,,"Ketersediaan tisu, sabun, air, dan hand dryer|Toilet bowl, urinoir, dan wastafel bersih dan berfungsi dengan baik|Toilet memiliki aroma yang wangi|Penerangan dan sirkulasi udara toilet baik",,,,Jadwal kebersihan yang konsisten sehingga toilet selalu dalam kondisi bersih,,,,085d7ea0-eeb9-47fd-82dc-960a1310d757,Completed,New,Anonymous,117307,,cab97c1f-67b4-11f0-a847-0a0cda9789f2,01f4f038-24c4-4c5e-8607-032254333b0e,,,TRUE,FALSE,QrCode,Bahasa,2025-11-27T00:00:22.1115Z,,,,,,,,,,,,,,68b55898ba36f57e40594600
27-11-2025 9:05:49,API dan IAS,CGK T1,1,TOILET T1B - CHECKIN WANITA,B. HCI. W,3,Neutral,3,"Pakai pewangi WC beraroma PINE/PINUS biar lebih segar dan wangi, nutupin bau pesing. Atau pakai karbol wangi","Odor Control, Ventilation, and Overall Comfort",Positive,5,5,4,4,4,4,Petugas ramah dan sopan|Berpenampilan rapi dengan seragam jelas|Cepat tanggap saat membantu penumpang,,,,"Toilet bowl, urinoir, dan wastafel bersih dan berfungsi dengan baik|Ketersediaan tisu, sabun, air, dan hand dryer",,,,Lokasi toilet mudah terlihat dan terjangkau,,,,f89ae327-922e-49b4-a666-1151b4e78e87,Completed,New,Anonymous,66216,,cab97c1f-67b4-11f0-a847-0a0cda9789f2,01f4f038-24c4-4c5e-8607-032254333b0e,,,TRUE,FALSE,QrCode,Bahasa,2025-11-27T02:04:42.0307Z,,,,,,,,,,,,,,68b55898ba36f57e40594600
27-11-2025 9:18:46,API dan IAS,CGK T1,1,TOILET T1B - BOARDING ROOM T1B-6 PRIA,B. BL6. P,5,Satisfied,5,Mantap pelayan baik,"Customer Feedback, Complaint Handling, and Service Quality",Positive,5,5,5,5,5,5,Petugas ramah dan sopan,,,,"Toilet bowl, urinoir, dan wastafel bersih dan berfungsi dengan baik",,,,Jadwal kebersihan yang konsisten sehingga toilet selalu dalam kondisi bersih,,,,6fb65150-a7d9-40e1-82a8-fcdd2b426bf5,Completed,New,Anonymous,110853,,cab97c1f-67b4-11f0-a847-0a0cda9789f2,01f4f038-24c4-4c5e-8607-032254333b0e,,,TRUE,FALSE,QrCode,Bahasa,2025-11-27T02:16:54.6352Z,,,,,,,,,,,,,,68b55898ba36f57e40594600
27-11-2025 10:19:04,API dan IAS,CGK T2,1,TOILET T2D - BAGGAGE CLAIM PRIA,API&IAS-TOILET-CGK T2-HCO D TP,5,Satisfied,5,Sudah sangat baik dan tambahkan lebih baik agi,,Positive,5,5,5,5,5,5,Petugas ramah dan sopan|Berpenampilan rapi dengan seragam jelas|Cepat tanggap saat membantu penumpang|Jumlah petugas cukup|Lainnya,Harum bersih,,,"Ketersediaan tisu, sabun, air, dan hand dryer|Toilet bowl, urinoir, dan wastafel bersih dan berfungsi dengan baik|Toilet memiliki aroma yang wangi|Penerangan dan sirkulasi udara toilet baik|Lainnya",Tempat Cuci yg. Ersij,,,Lokasi toilet mudah terlihat dan terjangkau|Jumlah toilet mencukupi sehingga tidak ada antrean|Proses penanganan masalah cepat sehingga aktivitas bisa berjalan dengan lancar|Jadwal kebersihan yang konsisten sehingga toilet selalu dalam kondisi bersih,,,,5f755cbb-700b-442b-9c09-ee199e350a37,Completed,New,Anonymous,91845,,cab97c1f-67b4-11f0-a847-0a0cda9789f2,01f4f038-24c4-4c5e-8607-032254333b0e,,,TRUE,FALSE,QrCode,Bahasa,2025-11-27T03:17:31.8157Z,,,,,,,,,,,,,,68b55898ba36f57e40594600
27-11-2025 13:31:27,API dan IAS,CGK T2,1,TOILET T2D - BAGGAGE CLAIM PRIA,API&IAS-TOILET-CGK T2-HCO D TP,5,Satisfied,5,Bersihh😍,"Odor Control, Ventilation, and Overall Comfort|Cleanliness and Hygiene of Toilets",Positive,5,5,5,5,5,5,Petugas ramah dan sopan|Berpenampilan rapi dengan seragam jelas|Cepat tanggap saat membantu penumpang|Jumlah petugas cukup,,,,"Ketersediaan tisu, sabun, air, dan hand dryer|Toilet bowl, urinoir, dan wastafel bersih dan berfungsi dengan baik|Toilet memiliki aroma yang wangi|Penerangan dan sirkulasi udara toilet baik",,,,Lokasi toilet mudah terlihat dan terjangkau|Jumlah toilet mencukupi sehingga tidak ada antrean|Proses penanganan masalah cepat sehingga aktivitas bisa berjalan dengan lancar|Jadwal kebersihan yang konsisten sehingga toilet selalu dalam kondisi bersih,,,,2b8b09f1-1cd5-4749-a25c-8fca0af879b5,Completed,New,Anonymous,60117,,cab97c1f-67b4-11f0-a847-0a0cda9789f2,01f4f038-24c4-4c5e-8607-032254333b0e,,,TRUE,FALSE,QrCode,Bahasa,2025-11-27T06:30:25.8742Z,,,,,,,,,,,,,,68b55898ba36f57e40594600
27-11-2025 13:49:23,API dan IAS,CGK T2,1,TOILET T2E - BOARDING ROOM T2E-2 PRIA,API&IAS-TOILET-CGK T2-BL E2 TP,5,Satisfied,5,Luar biasa,,Positive,5,5,5,5,5,5,Petugas ramah dan sopan|Berpenampilan rapi dengan seragam jelas|Cepat tanggap saat membantu penumpang|Jumlah petugas cukup,,,,"Ketersediaan tisu, sabun, air, dan hand dryer|Toilet bowl, urinoir, dan wastafel bersih dan berfungsi dengan baik|Toilet memiliki aroma yang wangi|Penerangan dan sirkulasi udara toilet baik",,,,Lokasi toilet mudah terlihat dan terjangkau|Jumlah toilet mencukupi sehingga tidak ada antrean|Proses penanganan masalah cepat sehingga aktivitas bisa berjalan dengan lancar|Jadwal kebersihan yang konsisten sehingga toilet selalu dalam kondisi bersih,,,,d6b9b5b3-2525-45b5-b380-bb6fe7c3bde5,Completed,New,Anonymous,53388,,cab97c1f-67b4-11f0-a847-0a0cda9789f2,01f4f038-24c4-4c5e-8607-032254333b0e,,,TRUE,FALSE,QrCode,Bahasa,2025-11-27T06:48:29.2997Z,,,,,,,,,,,,,,68b55898ba36f57e40594600
27-11-2025 16:36:04,API dan IAS,CGK T2,1,TOILET T2D - BOARDING ROOM T2D-1 PRIA,API&IAS-TOILET-CGK T2-BL D1 TP,5,Satisfied,5,Sangat bersih dan Pelayanannya sangat ramah Dan Sopan.  Teri a Kasih,"Cleanliness and Hygiene of Toilets|Customer Feedback, Complaint Handling, and Service Quality",Positive,5,5,5,5,5,5,Cepat tanggap saat membantu penumpang|Petugas ramah dan sopan|Berpenampilan rapi dengan seragam jelas|Jumlah petugas cukup,,,,"Ketersediaan tisu, sabun, air, dan hand dryer|Toilet bowl, urinoir, dan wastafel bersih dan berfungsi dengan baik|Toilet memiliki aroma yang wangi|Penerangan dan sirkulasi udara toilet baik",,,,Lokasi toilet mudah terlihat dan terjangkau|Jumlah toilet mencukupi sehingga tidak ada antrean|Proses penanganan masalah cepat sehingga aktivitas bisa berjalan dengan lancar|Jadwal kebersihan yang konsisten sehingga toilet selalu dalam kondisi bersih,,,,2501d6b5-8993-40e2-ae39-c672fd759722,Completed,New,Anonymous,100939,,cab97c1f-67b4-11f0-a847-0a0cda9789f2,01f4f038-24c4-4c5e-8607-032254333b0e,,,TRUE,FALSE,QrCode,Bahasa,2025-11-27T09:34:22.0232Z,,,,,,,,,,,,,,68b55898ba36f57e40594600
27-11-2025 16:36:45,API dan IAS,UPG,5,TOILET 2A GATE 4 PRIA,UPG-TOILET-2A-P,5,Satisfied,5,Pelayanan dan kebersihan toilet sudah baik,Cleanliness and Hygiene of Toilets,Positive,5,5,5,5,5,5,Petugas ramah dan sopan,,,,"Toilet bowl, urinoir, dan wastafel bersih dan berfungsi dengan baik",,,,Jumlah toilet mencukupi sehingga tidak ada antrean,,,,4e7202d9-a3d3-4894-b17e-a68dbf740b06,Completed,New,Anonymous,132356,,cab97c1f-67b4-11f0-a847-0a0cda9789f2,01f4f038-24c4-4c5e-8607-032254333b0e,,,TRUE,FALSE,QrCode,Bahasa,2025-11-27T09:34:31.6737Z,,,,,,,,,,,,,,68b55898ba36f57e40594600
27-11-2025 18:06:44,API dan IAS,CGK T2,1,TOILET T2D - BOARDING ROOM T2D-7 PRIA,API&IAS-TOILET-CGK T2-BL D7 TP,5,Satisfied,5,pegawainya ramah. dan toilet bersih. terimakasih,Cleanliness and Hygiene of Toilets,Positive,5,5,5,5,5,5,Petugas ramah dan sopan|Cepat tanggap saat membantu penumpang|Berpenampilan rapi dengan seragam jelas,,,,"Ketersediaan tisu, sabun, air, dan hand dryer|Toilet bowl, urinoir, dan wastafel bersih dan berfungsi dengan baik|Toilet memiliki aroma yang wangi|Penerangan dan sirkulasi udara toilet baik",,,,Proses penanganan masalah cepat sehingga aktivitas bisa berjalan dengan lancar|Jadwal kebersihan yang konsisten sehingga toilet selalu dalam kondisi bersih,,,,9ee71eca-9c7c-4bdf-a5ff-3183974a89d8,Completed,New,Anonymous,109643,,cab97c1f-67b4-11f0-a847-0a0cda9789f2,01f4f038-24c4-4c5e-8607-032254333b0e,,,TRUE,FALSE,QrCode,Bahasa,2025-11-27T11:04:53.7390Z,,,,,,,,,,,,,,68b55898ba36f57e40594600
27-11-2025 18:54:26,API dan IAS,CGK T2,1,TOILET T2D - BOARDING ROOM T2D-7 PRIA,API&IAS-TOILET-CGK T2-BL D7 TP,5,Satisfied,5,Bagus,,Positive,5,5,5,5,5,5,Petugas ramah dan sopan,,,,"Toilet bowl, urinoir, dan wastafel bersih dan berfungsi dengan baik",,,,Lokasi toilet mudah terlihat dan terjangkau,,,,4489eb38-0f17-4fa2-9afd-e7e6517c6d2e,Completed,New,Anonymous,204098,,cab97c1f-67b4-11f0-a847-0a0cda9789f2,01f4f038-24c4-4c5e-8607-032254333b0e,,,TRUE,FALSE,QrCode,Bahasa,2025-11-27T11:51:01.5257Z,,,,,,,,,,,,,,68b55898ba36f57e40594600
27-11-2025 22:00:41,API dan IAS,CGK T1,1,TOILET T1B - BOARDING ROOM T1B-5 PRIA,B. BL5. P,5,Satisfied,5,Toilet bagus bersih,Cleanliness and Hygiene of Toilets,Positive,5,5,5,5,5,5,Petugas ramah dan sopan|Berpenampilan rapi dengan seragam jelas|Cepat tanggap saat membantu penumpang|Jumlah petugas cukup,,,,"Ketersediaan tisu, sabun, air, dan hand dryer|Toilet bowl, urinoir, dan wastafel bersih dan berfungsi dengan baik|Toilet memiliki aroma yang wangi|Penerangan dan sirkulasi udara toilet baik",,,,Jumlah toilet mencukupi sehingga tidak ada antrean|Proses penanganan masalah cepat sehingga aktivitas bisa berjalan dengan lancar|Jadwal kebersihan yang konsisten sehingga toilet selalu dalam kondisi bersih,,,,bb36f69d-fbef-4e34-96fd-aa9c943af715,Completed,New,Anonymous,3343185,,cab97c1f-67b4-11f0-a847-0a0cda9789f2,01f4f038-24c4-4c5e-8607-032254333b0e,,,TRUE,FALSE,QrCode,Bahasa,2025-11-27T14:04:58.3633Z,,,,,,,,,,,,,,68b55898ba36f57e40594600
28-11-2025 2:58:21,API dan IAS,CGK T2,1,TOILET T2D - BOARDING ROOM T2D-5 PRIA,API&IAS-TOILET-CGK T2-BL D5 TP,5,Satisfied,5,Pertahankan yg sudah bagus,"Customer Feedback, Complaint Handling, and Service Quality",Positive,5,5,5,5,5,5,Petugas ramah dan sopan|Berpenampilan rapi dengan seragam jelas|Cepat tanggap saat membantu penumpang|Jumlah petugas cukup,,,,"Ketersediaan tisu, sabun, air, dan hand dryer|Toilet bowl, urinoir, dan wastafel bersih dan berfungsi dengan baik|Toilet memiliki aroma yang wangi|Penerangan dan sirkulasi udara toilet baik",,,,Lokasi toilet mudah terlihat dan terjangkau|Jumlah toilet mencukupi sehingga tidak ada antrean|Proses penanganan masalah cepat sehingga aktivitas bisa berjalan dengan lancar|Jadwal kebersihan yang konsisten sehingga toilet selalu dalam kondisi bersih,,,,08802ae5-a71a-40f0-983e-28bdaf30129b,Completed,New,Anonymous,89828,,cab97c1f-67b4-11f0-a847-0a0cda9789f2,01f4f038-24c4-4c5e-8607-032254333b0e,,,TRUE,FALSE,QrCode,Bahasa,2025-11-27T19:56:51.3272Z,,,,,,,,,,,,,,68b55898ba36f57e40594600
28-11-2025 4:44:39,API dan IAS,CGK T1,1,TOILET T1B - CORRIDOR BEFORE SCP WANITA,B. SA. W,4,Satisfied,4,,,,5,5,5,5,5,5,Petugas ramah dan sopan|Cepat tanggap saat membantu penumpang,,,,Toilet memiliki aroma yang wangi,,,,Lokasi toilet mudah terlihat dan terjangkau|Proses penanganan masalah cepat sehingga aktivitas bisa berjalan dengan lancar,,,,5247710a-9f7f-434a-9ac0-7f274a7e8ca1,Completed,New,Anonymous,136926,,cab97c1f-67b4-11f0-a847-0a0cda9789f2,01f4f038-24c4-4c5e-8607-032254333b0e,,,TRUE,FALSE,QrCode,Bahasa,2025-11-27T21:42:21.4363Z,,,,,,,,,,,,,,68b55898ba36f57e40594600
28-11-2025 5:10:00,API dan IAS,CGK T2,1,TOILET T2E - BOARDING ROOM T2E-2 PRIA,API&IAS-TOILET-CGK T2-BL E2 TP,5,Satisfied,5,Bersih dan wangi,"Odor Control, Ventilation, and Overall Comfort|Cleanliness and Hygiene of Toilets",Positive,5,5,5,5,5,5,Petugas ramah dan sopan|Berpenampilan rapi dengan seragam jelas|Cepat tanggap saat membantu penumpang|Jumlah petugas cukup,,,,"Penerangan dan sirkulasi udara toilet baik|Toilet memiliki aroma yang wangi|Toilet bowl, urinoir, dan wastafel bersih dan berfungsi dengan baik|Ketersediaan tisu, sabun, air, dan hand dryer",,,,Jadwal kebersihan yang konsisten sehingga toilet selalu dalam kondisi bersih|Proses penanganan masalah cepat sehingga aktivitas bisa berjalan dengan lancar|Jumlah toilet mencukupi sehingga tidak ada antrean|Lokasi toilet mudah terlihat dan terjangkau,,,,d9f68fc9-3978-495f-b39f-92bb10cf8f77,Completed,New,Anonymous,160711,,cab97c1f-67b4-11f0-a847-0a0cda9789f2,01f4f038-24c4-4c5e-8607-032254333b0e,,,TRUE,FALSE,QrCode,English,2025-11-27T22:07:19.6791Z,,,,,,,,,,,,,,68b55898ba36f57e40594600
28-11-2025 5:58:10,API dan IAS,SUB,4,"T1,LOBBY 1 ULTIMATE,PRIA","SUB-TOILE-T1-LOBBY 1 ULTIMATE,PRI",5,Satisfied,5,"dijaga kebersihanya, biar para penumpang pada nyaman dan ngga merasa risih karena toilet kurang bersih","Odor Control, Ventilation, and Overall Comfort|Cleanliness and Hygiene of Toilets",Positive,5,5,4,4,4,4,Petugas ramah dan sopan,,,,"Ketersediaan tisu, sabun, air, dan hand dryer",,,,Lainnya,"lokasi toilet sulit terlihat dan terjangkau, jadi kami para penumpang agak kesusahan mencarinya",,,74ab0acc-e84f-4ae1-9c26-3211da8a5c9f,Completed,New,Anonymous,234178,,cab97c1f-67b4-11f0-a847-0a0cda9789f2,01f4f038-24c4-4c5e-8607-032254333b0e,,,TRUE,FALSE,QrCode,Bahasa,2025-11-27T22:54:15.7389Z,,,,,,,,,,,,,,68b55898ba36f57e40594600
28-11-2025 6:30:18,API dan IAS,UPG,5,TOILET 2A GATE 4 WANITA,UPG-TOILET-2A-W,1,Not Satisfied,1,Toiletnya jorok banget./ harap di perhatikan,Cleanliness and Hygiene of Toilets,Negative,1,1,1,1,1,1,,,Lambat atau tidak tanggap membantu penumpang,,,,Lainnya,Jorok,,,Kondisi toilet kotor karena jadwal pembersihan tidak jelas,,66870413-07c6-4a50-b629-1348b8bc4c60,Completed,New,Anonymous,111919,,cab97c1f-67b4-11f0-a847-0a0cda9789f2,01f4f038-24c4-4c5e-8607-032254333b0e,,,TRUE,FALSE,QrCode,Bahasa,2025-11-27T23:28:25.8315Z,,,,,,,,,,,,,,68b55898ba36f57e40594600
28-11-2025 6:39:26,API dan IAS,CGK T1,1,TOILET T1B - CORRIDOR BEFORE SCP WANITA,B. SA. W,5,Satisfied,5,Sangat baik,,Positive,5,5,5,5,5,5,Petugas ramah dan sopan|Cepat tanggap saat membantu penumpang|Berpenampilan rapi dengan seragam jelas,,,,"Ketersediaan tisu, sabun, air, dan hand dryer|Toilet bowl, urinoir, dan wastafel bersih dan berfungsi dengan baik|Toilet memiliki aroma yang wangi|Penerangan dan sirkulasi udara toilet baik",,,,Lokasi toilet mudah terlihat dan terjangkau|Jumlah toilet mencukupi sehingga tidak ada antrean|Proses penanganan masalah cepat sehingga aktivitas bisa berjalan dengan lancar|Jadwal kebersihan yang konsisten sehingga toilet selalu dalam kondisi bersih,,,,a98df0c8-b339-444e-ae15-7ed0768e7047,Completed,New,Anonymous,54166,,cab97c1f-67b4-11f0-a847-0a0cda9789f2,01f4f038-24c4-4c5e-8607-032254333b0e,,,TRUE,FALSE,QrCode,Bahasa,2025-11-27T23:38:32.1777Z,,,,,,,,,,,,,,68b55898ba36f57e40594600
28-11-2025 6:47:36,API dan IAS,DPS,2,TOILET KEBERANGKATAN INTERNASIONAL GATE 5 (WANITA + DIFABLE),DPS-TOILET-3K-W,5,Satisfied,5,,,,5,5,5,5,5,5,Petugas ramah dan sopan|Berpenampilan rapi dengan seragam jelas,,,,"Ketersediaan tisu, sabun, air, dan hand dryer|Toilet bowl, urinoir, dan wastafel bersih dan berfungsi dengan baik|Toilet memiliki aroma yang wangi",,,,Proses penanganan masalah cepat sehingga aktivitas bisa berjalan dengan lancar,,,,7476f7e7-04c0-4c91-bc57-912a5753cdfa,Completed,New,Anonymous,92388,,cab97c1f-67b4-11f0-a847-0a0cda9789f2,01f4f038-24c4-4c5e-8607-032254333b0e,,,TRUE,FALSE,QrCode,Bahasa,2025-11-27T23:46:03.0678Z,,,,,,,,,,,,,,68b55898ba36f57e40594600
28-11-2025 16:14:56,API dan IAS,CGK T2,1,TOILET T2E - BOARDING ROOM T2E-2 PRIA,API&IAS-TOILET-CGK T2-BL E2 TP,5,Satisfied,5,Cleaning servicesnya setiap waktu selalu mengontrol kebersihan dan aman,Cleanliness and Hygiene of Toilets,Positive,4,4,4,4,4,4,Petugas ramah dan sopan|Berpenampilan rapi dengan seragam jelas|Jumlah petugas cukup|Lainnya|Cepat tanggap saat membantu penumpang,Oh ya mushollanya terlalu kecilkalau bisa ditambah ruangannya,,,"Ketersediaan tisu, sabun, air, dan hand dryer|Toilet bowl, urinoir, dan wastafel bersih dan berfungsi dengan baik|Toilet memiliki aroma yang wangi|Penerangan dan sirkulasi udara toilet baik|Lainnya",Standar kebersihan cukup,,,Jadwal kebersihan yang konsisten sehingga toilet selalu dalam kondisi bersih|Proses penanganan masalah cepat sehingga aktivitas bisa berjalan dengan lancar|Jumlah toilet mencukupi sehingga tidak ada antrean|Lokasi toilet mudah terlihat dan terjangkau,,,,2a800188-f83a-424c-9dfa-78f38ab29d26,Completed,New,Anonymous,411719,,cab97c1f-67b4-11f0-a847-0a0cda9789f2,01f4f038-24c4-4c5e-8607-032254333b0e,,,TRUE,FALSE,QrCode,Bahasa,2025-11-28T09:08:03.8784Z,,,,,,,,,,,,,,68b55898ba36f57e40594600
28-11-2025 16:41:33,API dan IAS,CGK T1,1,TOILET T1B - CHECKIN PRIA,B. HCI. P,5,Satisfied,5,,,,5,5,5,5,5,5,Petugas ramah dan sopan|Berpenampilan rapi dengan seragam jelas|Cepat tanggap saat membantu penumpang|Jumlah petugas cukup,,,,"Ketersediaan tisu, sabun, air, dan hand dryer|Toilet bowl, urinoir, dan wastafel bersih dan berfungsi dengan baik|Toilet memiliki aroma yang wangi|Penerangan dan sirkulasi udara toilet baik",,,,Lokasi toilet mudah terlihat dan terjangkau|Jumlah toilet mencukupi sehingga tidak ada antrean|Proses penanganan masalah cepat sehingga aktivitas bisa berjalan dengan lancar|Jadwal kebersihan yang konsisten sehingga toilet selalu dalam kondisi bersih,,,,edcdb4ed-ea25-41cb-a243-dc0597f4ce04,Completed,New,Anonymous,646658,,cab97c1f-67b4-11f0-a847-0a0cda9789f2,01f4f038-24c4-4c5e-8607-032254333b0e,,,TRUE,FALSE,QrCode,Bahasa,2025-11-28T09:30:45.4914Z,,,,,,,,,,,,,,68b55898ba36f57e40594600
28-11-2025 20:04:09,API dan IAS,CGK T1,1,TOILET T1B - CHECKIN PRIA,B. HCI. P,5,Satisfied,5,Sudah baik,Cleanliness and Hygiene of Toilets,Positive,5,5,5,5,5,5,Petugas ramah dan sopan|Berpenampilan rapi dengan seragam jelas|Cepat tanggap saat membantu penumpang|Jumlah petugas cukup,,,,"Ketersediaan tisu, sabun, air, dan hand dryer|Toilet bowl, urinoir, dan wastafel bersih dan berfungsi dengan baik|Toilet memiliki aroma yang wangi|Penerangan dan sirkulasi udara toilet baik",,,,Lokasi toilet mudah terlihat dan terjangkau|Jumlah toilet mencukupi sehingga tidak ada antrean|Proses penanganan masalah cepat sehingga aktivitas bisa berjalan dengan lancar|Jadwal kebersihan yang konsisten sehingga toilet selalu dalam kondisi bersih,,,,376f8e12-6353-4854-8329-2149d9e1c29e,Completed,New,Anonymous,53214,,cab97c1f-67b4-11f0-a847-0a0cda9789f2,01f4f038-24c4-4c5e-8607-032254333b0e,,,TRUE,FALSE,QrCode,Bahasa,2025-11-28T13:03:14.5199Z,,,,,,,,,,,,,,68b55898ba36f57e40594600
29-11-2025 7:36:40,API dan IAS,CGK T2,1,TOILET T2D - BOARDING ROOM T2D-2 PRIA,API&IAS-TOILET-CGK T2-BL D2 TP,5,Satisfied,5,Sudah baik dan bersih,Cleanliness and Hygiene of Toilets,Positive,5,5,5,5,5,5,Petugas ramah dan sopan|Berpenampilan rapi dengan seragam jelas|Cepat tanggap saat membantu penumpang|Jumlah petugas cukup,,,,"Ketersediaan tisu, sabun, air, dan hand dryer|Toilet bowl, urinoir, dan wastafel bersih dan berfungsi dengan baik|Toilet memiliki aroma yang wangi|Penerangan dan sirkulasi udara toilet baik",,,,Lokasi toilet mudah terlihat dan terjangkau|Jumlah toilet mencukupi sehingga tidak ada antrean|Proses penanganan masalah cepat sehingga aktivitas bisa berjalan dengan lancar|Jadwal kebersihan yang konsisten sehingga toilet selalu dalam kondisi bersih,,,,9c6f6383-b4cd-4626-abe8-c9b4a036b768,Completed,New,Anonymous,608151,,cab97c1f-67b4-11f0-a847-0a0cda9789f2,01f4f038-24c4-4c5e-8607-032254333b0e,,,TRUE,FALSE,QrCode,Bahasa,2025-11-29T00:26:31.3959Z,,,,,,,,,,,,,,68b55898ba36f57e40594600
29-11-2025 12:29:04,API dan IAS,CGK T2,1,TOILET T2D - CHECKIN WANITA,API&IAS-TOILET-CGK T2-HCI D TW,3,Neutral,3,pressure bidet toilet terlalu kecil. Mohon perbaiki.,"Facility Maintenance and Upkeep|Toilet Facilities and Completeness (e.g., soap, water, seats)",Negative,5,5,2,2,4,4,Petugas ramah dan sopan,,,,,,"Toilet bowl, urinoir, dan wastafel kotor dan tidak berfungsi dengan baik",,Lokasi toilet mudah terlihat dan terjangkau,,,,9711f697-c3ef-457a-b73f-9c04253ec02e,Completed,New,Anonymous,303054,,cab97c1f-67b4-11f0-a847-0a0cda9789f2,01f4f038-24c4-4c5e-8607-032254333b0e,,,TRUE,FALSE,QrCode,Bahasa,2025-11-29T05:24:02.1765Z,,,,,,,,,,,,,,68b55898ba36f57e40594600
29-11-2025 15:15:43,API dan IAS,CGK T2,1,TOILET T2D - BOARDING ROOM T2D-5 PRIA,API&IAS-TOILET-CGK T2-BL D5 TP,5,Satisfied,5,Sangat Puas,,Positive,5,5,5,5,5,5,Petugas ramah dan sopan,,,,Penerangan dan sirkulasi udara toilet baik,,,,Proses penanganan masalah cepat sehingga aktivitas bisa berjalan dengan lancar,,,,985cb04e-3658-49d9-be04-0f3e4b6e890e,Completed,New,Anonymous,159946,,cab97c1f-67b4-11f0-a847-0a0cda9789f2,01f4f038-24c4-4c5e-8607-032254333b0e,,,TRUE,FALSE,QrCode,Bahasa,2025-11-29T08:13:02.6619Z,,,,,,,,,,,,,,68b55898ba36f57e40594600
29-11-2025 16:43:30,API dan IAS,UPG,5,TOILET 2A GATE 4 PRIA,UPG-TOILET-2A-P,5,Satisfied,5,Sangat baik,,Positive,5,5,5,5,5,5,Petugas ramah dan sopan|Berpenampilan rapi dengan seragam jelas|Cepat tanggap saat membantu penumpang|Jumlah petugas cukup,,,,"Ketersediaan tisu, sabun, air, dan hand dryer|Toilet bowl, urinoir, dan wastafel bersih dan berfungsi dengan baik|Toilet memiliki aroma yang wangi|Penerangan dan sirkulasi udara toilet baik",,,,Lokasi toilet mudah terlihat dan terjangkau|Jumlah toilet mencukupi sehingga tidak ada antrean|Proses penanganan masalah cepat sehingga aktivitas bisa berjalan dengan lancar|Jadwal kebersihan yang konsisten sehingga toilet selalu dalam kondisi bersih,,,,2fb0d5da-bc96-4262-9c46-f0afd9108a12,Completed,New,Anonymous,45592,,cab97c1f-67b4-11f0-a847-0a0cda9789f2,01f4f038-24c4-4c5e-8607-032254333b0e,,,TRUE,FALSE,QrCode,Bahasa,2025-11-29T09:42:42.7851Z,,,,,,,,,,,,,,68b55898ba36f57e40594600
29-11-2025 21:17:02,API dan IAS,CGK T1,1,TOILET T1B - BOARDING ROOM T1B-5 PRIA,B. BL5. P,5,Satisfied,5,Konsisten,,Neutral,5,5,5,5,4,4,Petugas ramah dan sopan,,,,"Toilet bowl, urinoir, dan wastafel bersih dan berfungsi dengan baik|Toilet memiliki aroma yang wangi",,,,Jadwal kebersihan yang konsisten sehingga toilet selalu dalam kondisi bersih,,,,d9891c17-0682-4990-b1d7-507a80c1dfe0,Completed,New,Anonymous,189724,,cab97c1f-67b4-11f0-a847-0a0cda9789f2,01f4f038-24c4-4c5e-8607-032254333b0e,,,TRUE,FALSE,QrCode,Bahasa,2025-11-29T14:13:53.1180Z,,,,,,,,,,,,,,68b55898ba36f57e40594600
30-11-2025 4:00:23,API dan IAS,CGK T2,1,TOILET T2D - BOARDING ROOM T2D-5 PRIA,API&IAS-TOILET-CGK T2-BL D5 TP,5,Satisfied,5,Berikan sedikit pewangi.. Agar lebih segar aromanya,"Odor Control, Ventilation, and Overall Comfort",Positive,5,5,5,5,5,5,Petugas ramah dan sopan|Berpenampilan rapi dengan seragam jelas|Cepat tanggap saat membantu penumpang,,,,"Ketersediaan tisu, sabun, air, dan hand dryer|Toilet bowl, urinoir, dan wastafel bersih dan berfungsi dengan baik|Penerangan dan sirkulasi udara toilet baik",,,,Lokasi toilet mudah terlihat dan terjangkau|Proses penanganan masalah cepat sehingga aktivitas bisa berjalan dengan lancar|Jumlah toilet mencukupi sehingga tidak ada antrean|Jadwal kebersihan yang konsisten sehingga toilet selalu dalam kondisi bersih,,,,6cd33ce2-3144-44cb-a820-25f9a3ca8be6,Completed,New,Anonymous,84215,,cab97c1f-67b4-11f0-a847-0a0cda9789f2,01f4f038-24c4-4c5e-8607-032254333b0e,,,TRUE,FALSE,QrCode,Bahasa,2025-11-29T20:58:58.2705Z,,,,,,,,,,,,,,68b55898ba36f57e40594600
30-11-2025 4:43:22,API dan IAS,CGK T2,1,TOILET T2D - BAGGAGE CLAIM PRIA,API&IAS-TOILET-CGK T2-HCO D TP,5,Satisfied,5,Ok,,Neutral,5,5,5,5,5,5,Petugas ramah dan sopan|Berpenampilan rapi dengan seragam jelas|Cepat tanggap saat membantu penumpang,,,,"Ketersediaan tisu, sabun, air, dan hand dryer|Toilet bowl, urinoir, dan wastafel bersih dan berfungsi dengan baik|Toilet memiliki aroma yang wangi|Penerangan dan sirkulasi udara toilet baik",,,,Lokasi toilet mudah terlihat dan terjangkau|Jumlah toilet mencukupi sehingga tidak ada antrean|Proses penanganan masalah cepat sehingga aktivitas bisa berjalan dengan lancar|Jadwal kebersihan yang konsisten sehingga toilet selalu dalam kondisi bersih,,,,085ec68d-7875-4824-a70b-cf1648191092,Completed,New,Anonymous,79048,,cab97c1f-67b4-11f0-a847-0a0cda9789f2,01f4f038-24c4-4c5e-8607-032254333b0e,,,TRUE,FALSE,QrCode,Bahasa,2025-11-29T21:42:03.6365Z,,,,,,,,,,,,,,68b55898ba36f57e40594600
30-11-2025 9:16:27,API dan IAS,CGK T2,1,TOILET T2D - CHECKIN WANITA,API&IAS-TOILET-CGK T2-HCI D TW,1,Not Satisfied,1,Air jet shower untuk membersihkan stlh bab sangat² kecil shg tdk bisa dipakai unt cebok,"Odor Control, Ventilation, and Overall Comfort|Facility Maintenance and Upkeep",Negative,4,4,3,3,3,3,Berpenampilan rapi dengan seragam jelas|Petugas ramah dan sopan,,,,,,Lainnya,Jet shower unt cebok airnya sangat² pelan,,,Lainnya,Air jet shower unt cebok sangat² kecil,2a77c7da-380d-4e83-be8f-c1cfe0c5f52e,Completed,New,Anonymous,165331,,cab97c1f-67b4-11f0-a847-0a0cda9789f2,01f4f038-24c4-4c5e-8607-032254333b0e,,,TRUE,FALSE,QrCode,Bahasa,2025-11-30T02:13:42.3256Z,,,,,,,,,,,,,,68b55898ba36f57e40594600
30-11-2025 10:35:41,API dan IAS,CGK T2,1,TOILET T2D - BOARDING ROOM T2D-3 PRIA,API&IAS-TOILET-CGK T2-BL D3 TP,5,Satisfied,5,Bersih sekali. fasilitas bagus. pertahankan,Cleanliness and Hygiene of Toilets|Facility Maintenance and Upkeep,Positive,5,5,5,5,5,5,Petugas ramah dan sopan|Berpenampilan rapi dengan seragam jelas|Cepat tanggap saat membantu penumpang|Jumlah petugas cukup,,,,"Ketersediaan tisu, sabun, air, dan hand dryer|Toilet bowl, urinoir, dan wastafel bersih dan berfungsi dengan baik|Toilet memiliki aroma yang wangi|Penerangan dan sirkulasi udara toilet baik",,,,Lokasi toilet mudah terlihat dan terjangkau|Jumlah toilet mencukupi sehingga tidak ada antrean,,,,05776aea-4f7c-42cb-9e1a-ae6cc4e2f7a8,Completed,New,Anonymous,158385,,cab97c1f-67b4-11f0-a847-0a0cda9789f2,01f4f038-24c4-4c5e-8607-032254333b0e,,,TRUE,FALSE,QrCode,Bahasa,2025-11-30T03:33:02.6627Z,,,,,,,,,,,,,,68b55898ba36f57e40594600
30-11-2025 10:55:58,API dan IAS,SUB,4,"T1, CHECK IN BARAT,PRIA","SUB-TOILE-T1- CHECK IN BARAT,PRIA",3,Neutral,3,"U.1 U.2 U.3 
Disarankan pakai tumbol","Signage, Directions, and Facility Accessibility",Neutral,1,1,1,1,5,5,,,Lainnya,Tempat buang air kecil sulit untuk membersihkan setelah buang air kecil,,,Toilet memiliki aroma yang bau,,Proses penanganan masalah cepat sehingga aktivitas bisa berjalan dengan lancar,,,,14813a7f-bdb9-4aeb-b0e5-0e594bcef7cb,Completed,New,Anonymous,248431,,cab97c1f-67b4-11f0-a847-0a0cda9789f2,01f4f038-24c4-4c5e-8607-032254333b0e,,,TRUE,FALSE,QrCode,Bahasa,2025-11-30T03:51:50.1377Z,,,,,,,,,,,,,,68b55898ba36f57e40594600
30-11-2025 11:27:22,API dan IAS,UPG,5,TOILET 2A GATE 4 WANITA,UPG-TOILET-2A-W,2,Not Satisfied,2,There needs to be soap at ALL the sinks. Only 1 out of 5 sinks had soap. You can do better than this. You have a fancy machine for smell but you do not care about diseases,"Odor Control, Ventilation, and Overall Comfort|Facility Maintenance and Upkeep|Toilet Facilities and Completeness (e.g., soap, water, seats)",Negative,3,3,3,3,3,3,,,Lainnya,They were fine,,,"Tisu, sabun, air, dan hand dryer tidak tersedia",,,,Kondisi toilet kotor karena jadwal pembersihan tidak jelas|Lainnya,She needs to put in the soap,3235d5d3-f46f-49eb-b238-75b8d26f3884,Completed,New,Anonymous,189797,,cab97c1f-67b4-11f0-a847-0a0cda9789f2,01f4f038-24c4-4c5e-8607-032254333b0e,,,TRUE,FALSE,QrCode,English,2025-11-30T04:24:09.8640Z,,,,,,,,,,,,,,68b55898ba36f57e40594600
01-12-2025 3:30:33,API dan IAS,CGK T2,1,TOILET T2D - BOARDING ROOM T2D-1 PRIA,API&IAS-TOILET-CGK T2-BL D1 TP,5,Satisfied,5,Pertahankan n tetap semangat,,Positive,5,5,5,5,5,5,Petugas ramah dan sopan|Berpenampilan rapi dengan seragam jelas|Cepat tanggap saat membantu penumpang|Jumlah petugas cukup,,,,"Ketersediaan tisu, sabun, air, dan hand dryer|Toilet bowl, urinoir, dan wastafel bersih dan berfungsi dengan baik|Toilet memiliki aroma yang wangi|Penerangan dan sirkulasi udara toilet baik",,,,Lokasi toilet mudah terlihat dan terjangkau|Jumlah toilet mencukupi sehingga tidak ada antrean|Proses penanganan masalah cepat sehingga aktivitas bisa berjalan dengan lancar|Jadwal kebersihan yang konsisten sehingga toilet selalu dalam kondisi bersih,,,,6eb1f378-d83e-4267-9ccd-69d69b2b3f1d,Completed,New,Anonymous,145303,,cab97c1f-67b4-11f0-a847-0a0cda9789f2,01f4f038-24c4-4c5e-8607-032254333b0e,,,TRUE,FALSE,QrCode,Bahasa,2025-11-30T20:28:05.4874Z,,,,,,,,,,,,,,68b55898ba36f57e40594600
01-12-2025 4:36:02,API dan IAS,SUB,4,"T1,GATE 9 CONCOURSE 6,PRIA","SUB-TOILE-T1-GATE 9 CONCOURSE 6,P",5,Satisfied,5,tombol flush di toilet pria bilik kedua dari arah masuk di T1 SUB dekat gate 8 perlu diperbaiki. Tks.,Facility Maintenance and Upkeep,Negative,5,5,5,5,5,5,Petugas ramah dan sopan|Berpenampilan rapi dengan seragam jelas|Cepat tanggap saat membantu penumpang|Jumlah petugas cukup,,,,"Ketersediaan tisu, sabun, air, dan hand dryer",,,,Jadwal kebersihan yang konsisten sehingga toilet selalu dalam kondisi bersih|Jumlah toilet mencukupi sehingga tidak ada antrean,,,,4cf0d5d3-1697-4aff-9b82-e1e7066579a6,Completed,New,Anonymous,229193,,cab97c1f-67b4-11f0-a847-0a0cda9789f2,01f4f038-24c4-4c5e-8607-032254333b0e,,,TRUE,FALSE,QrCode,Bahasa,2025-11-30T21:32:12.6885Z,,,,,,,,,,,,,,68b55898ba36f57e40594600
01-12-2025 5:13:04,API dan IAS,CGK T2,1,TOILET T2D - BOARDING ROOM T2D-2 PRIA,API&IAS-TOILET-CGK T2-BL D2 TP,5,Satisfied,5,"Tolong selalu dipertahankan  kebersihan dan keramahannya , trimaksih 🙏👍",Cleanliness and Hygiene of Toilets,Positive,5,5,4,4,4,4,Petugas ramah dan sopan|Berpenampilan rapi dengan seragam jelas,,,,"Toilet bowl, urinoir, dan wastafel bersih dan berfungsi dengan baik|Toilet memiliki aroma yang wangi|Penerangan dan sirkulasi udara toilet baik",,,,Lokasi toilet mudah terlihat dan terjangkau|Jumlah toilet mencukupi sehingga tidak ada antrean|Proses penanganan masalah cepat sehingga aktivitas bisa berjalan dengan lancar|Jadwal kebersihan yang konsisten sehingga toilet selalu dalam kondisi bersih,,,,4e031a73-884f-4204-8a9c-eca761b597a6,Completed,New,Anonymous,150143,,cab97c1f-67b4-11f0-a847-0a0cda9789f2,01f4f038-24c4-4c5e-8607-032254333b0e,,,TRUE,FALSE,QrCode,Bahasa,2025-11-30T22:10:32.6033Z,,,,,,,,,,,,,,68b55898ba36f57e40594600
01-12-2025 7:43:16,API dan IAS,CGK T2,1,TOILET T2D - BAGGAGE CLAIM PRIA,API&IAS-TOILET-CGK T2-HCO D TP,3,Neutral,3,"Toilet terlalu basah, tidak nyaman","Odor Control, Ventilation, and Overall Comfort|Cleanliness and Hygiene of Toilets",Negative,5,5,5,5,5,5,Berpenampilan rapi dengan seragam jelas|Petugas ramah dan sopan|Cepat tanggap saat membantu penumpang|Jumlah petugas cukup|Lainnya,Keren,,,"Ketersediaan tisu, sabun, air, dan hand dryer|Toilet bowl, urinoir, dan wastafel bersih dan berfungsi dengan baik|Toilet memiliki aroma yang wangi|Penerangan dan sirkulasi udara toilet baik|Lainnya",Keren,,,Lokasi toilet mudah terlihat dan terjangkau|Jumlah toilet mencukupi sehingga tidak ada antrean|Proses penanganan masalah cepat sehingga aktivitas bisa berjalan dengan lancar|Lainnya|Jadwal kebersihan yang konsisten sehingga toilet selalu dalam kondisi bersih,Keren,,,20a531ca-f3dc-4513-aa06-a0195220cca5,Completed,New,Anonymous,74518,,cab97c1f-67b4-11f0-a847-0a0cda9789f2,01f4f038-24c4-4c5e-8607-032254333b0e,,,TRUE,FALSE,QrCode,Bahasa,2025-12-01T00:42:02.3658Z,,,,,,,,,,,,,,68b55898ba36f57e40594600
01-12-2025 7:59:03,API dan IAS,CGK T2,1,TOILET T2D - BAGGAGE CLAIM PRIA,API&IAS-TOILET-CGK T2-HCO D TP,5,Satisfied,5,Udah bagus banget. Petugasnya ramah. Pertahankan ya.,"Customer Feedback, Complaint Handling, and Service Quality",Positive,5,5,5,5,5,5,Petugas ramah dan sopan|Berpenampilan rapi dengan seragam jelas|Cepat tanggap saat membantu penumpang|Jumlah petugas cukup,,,,"Ketersediaan tisu, sabun, air, dan hand dryer|Toilet bowl, urinoir, dan wastafel bersih dan berfungsi dengan baik|Toilet memiliki aroma yang wangi|Penerangan dan sirkulasi udara toilet baik",,,,Lokasi toilet mudah terlihat dan terjangkau|Jumlah toilet mencukupi sehingga tidak ada antrean|Proses penanganan masalah cepat sehingga aktivitas bisa berjalan dengan lancar|Jadwal kebersihan yang konsisten sehingga toilet selalu dalam kondisi bersih,,,,65a65d4c-73b1-4fa0-bcaa-357611384e64,Completed,New,Anonymous,85148,,cab97c1f-67b4-11f0-a847-0a0cda9789f2,01f4f038-24c4-4c5e-8607-032254333b0e,,,TRUE,FALSE,QrCode,Bahasa,2025-12-01T00:57:37.5738Z,,,,,,,,,,,,,,68b55898ba36f57e40594600
01-12-2025 8:18:27,API dan IAS,CGK T2,1,TOILET T2D - BAGGAGE CLAIM PRIA,API&IAS-TOILET-CGK T2-HCO D TP,4,Satisfied,4,Kurang wangi,"Odor Control, Ventilation, and Overall Comfort",Negative,4,4,5,5,4,4,Petugas ramah dan sopan|Berpenampilan rapi dengan seragam jelas|Jumlah petugas cukup|Cepat tanggap saat membantu penumpang,,,,"Ketersediaan tisu, sabun, air, dan hand dryer|Toilet bowl, urinoir, dan wastafel bersih dan berfungsi dengan baik",,,,Lokasi toilet mudah terlihat dan terjangkau,,,,2aea2baa-3b58-4c71-bbb6-aa0bdbb4e519,Completed,New,Anonymous,506925,,cab97c1f-67b4-11f0-a847-0a0cda9789f2,01f4f038-24c4-4c5e-8607-032254333b0e,,,TRUE,FALSE,QrCode,Bahasa,2025-12-01T01:09:59.3351Z,,,,,,,,,,,,,,68b55898ba36f57e40594600
01-12-2025 8:26:12,API dan IAS,CGK T2,1,TOILET T2D - BOARDING ROOM T2D-3 PRIA,API&IAS-TOILET-CGK T2-BL D3 TP,5,Satisfied,5,Toilet nya bersih,Cleanliness and Hygiene of Toilets,Positive,5,5,5,5,5,5,Petugas ramah dan sopan|Berpenampilan rapi dengan seragam jelas|Cepat tanggap saat membantu penumpang,,,,"Ketersediaan tisu, sabun, air, dan hand dryer|Toilet bowl, urinoir, dan wastafel bersih dan berfungsi dengan baik|Toilet memiliki aroma yang wangi|Penerangan dan sirkulasi udara toilet baik",,,,Lokasi toilet mudah terlihat dan terjangkau|Jumlah toilet mencukupi sehingga tidak ada antrean|Proses penanganan masalah cepat sehingga aktivitas bisa berjalan dengan lancar|Jadwal kebersihan yang konsisten sehingga toilet selalu dalam kondisi bersih,,,,c3687b89-1418-4c5b-bd9a-39afaec43bce,Completed,New,Anonymous,54418,,cab97c1f-67b4-11f0-a847-0a0cda9789f2,01f4f038-24c4-4c5e-8607-032254333b0e,,,TRUE,FALSE,QrCode,Bahasa,2025-12-01T01:25:17.0298Z,,,,,,,,,,,,,,68b55898ba36f57e40594600
01-12-2025 8:34:25,API dan IAS,CGK T2,1,TOILET T2D - BAGGAGE CLAIM PRIA,API&IAS-TOILET-CGK T2-HCO D TP,3,Neutral,3,sabun cuci tangan jangan sampai habis,"Facility Maintenance and Upkeep|Toilet Facilities and Completeness (e.g., soap, water, seats)",Negative,5,5,2,2,3,3,Petugas ramah dan sopan,,,,,,"Tisu, sabun, air, dan hand dryer tidak tersedia",,,,Antrean toilet panjang karena jumlah toilet tidak mencukupi,,b81fa604-65a4-4c36-ab1a-360b84a4910d,Completed,New,Anonymous,186619,,cab97c1f-67b4-11f0-a847-0a0cda9789f2,01f4f038-24c4-4c5e-8607-032254333b0e,,,TRUE,FALSE,QrCode,Bahasa,2025-12-01T01:31:18.8967Z,,,,,,,,,,,,,,68b55898ba36f57e40594600
01-12-2025 8:49:05,API dan IAS,CGK T2,1,TOILET T2D - BAGGAGE CLAIM PRIA,API&IAS-TOILET-CGK T2-HCO D TP,5,Satisfied,5,pertahankan toilet bersih dan wangi,"Odor Control, Ventilation, and Overall Comfort|Cleanliness and Hygiene of Toilets",Positive,5,5,5,5,5,5,Petugas ramah dan sopan,,,,Penerangan dan sirkulasi udara toilet baik,,,,Jadwal kebersihan yang konsisten sehingga toilet selalu dalam kondisi bersih,,,,a1b8fa8a-9c61-480c-8581-b2bfa15415c7,Completed,New,Anonymous,82490,,cab97c1f-67b4-11f0-a847-0a0cda9789f2,01f4f038-24c4-4c5e-8607-032254333b0e,,,TRUE,FALSE,QrCode,Bahasa,2025-12-01T01:47:39.6055Z,,,,,,,,,,,,,,68b55898ba36f57e40594600
01-12-2025 9:22:17,API dan IAS,SUB,4,"T2,B7,WANITA","SUB-TOILE-T2-B7,WANITA",1,Not Satisfied,1,"Ngga cuma toilet, semua fasilitas di bandara juanda T2 sangat buruk",Cleanliness and Hygiene of Toilets|Facility Maintenance and Upkeep,Negative,3,3,1,1,2,2,,,Lainnya,"Saya pernah liat cleaning service ketika ramai penumpang bersikap sopan dan ramah, tapi ketika minim penumpang disekitaran gate, Attitude nya sangat buruk. Menendang2 kardus sampah dan mengomel2 seolah tidak terima mengambil sampah yang ada",,,Toilet memiliki aroma yang bau|Penerangan dan sirkulasi udara toilet tidak baik,,,,Kondisi toilet kotor karena jadwal pembersihan tidak jelas,,d83aadc3-4b05-48de-82eb-493d19c793fd,Completed,New,Anonymous,780892,,cab97c1f-67b4-11f0-a847-0a0cda9789f2,01f4f038-24c4-4c5e-8607-032254333b0e,,,TRUE,FALSE,QrCode,Bahasa,2025-12-01T02:09:15.7712Z,,,,,,,,,,,,,,68b55898ba36f57e40594600
01-12-2025 11:31:35,API dan IAS,CGK T2,1,TOILET T2D - CURBSIDE KEBERANGKATAN WANITA,API&IAS-TOILET-CGK T2-PCI D TW,5,Satisfied,5,The beestt,,Neutral,5,5,5,5,5,5,Petugas ramah dan sopan|Berpenampilan rapi dengan seragam jelas|Cepat tanggap saat membantu penumpang|Jumlah petugas cukup,,,,"Toilet bowl, urinoir, dan wastafel bersih dan berfungsi dengan baik|Toilet memiliki aroma yang wangi|Penerangan dan sirkulasi udara toilet baik",,,,Lokasi toilet mudah terlihat dan terjangkau|Jumlah toilet mencukupi sehingga tidak ada antrean|Proses penanganan masalah cepat sehingga aktivitas bisa berjalan dengan lancar|Jadwal kebersihan yang konsisten sehingga toilet selalu dalam kondisi bersih,,,,313b2d88-07dd-4682-8a78-b453243efa63,Completed,New,Anonymous,92134,,cab97c1f-67b4-11f0-a847-0a0cda9789f2,01f4f038-24c4-4c5e-8607-032254333b0e,,,TRUE,FALSE,QrCode,Bahasa,2025-12-01T04:30:02.5354Z,,,,,,,,,,,,,,68b55898ba36f57e40594600
01-12-2025 15:06:53,API dan IAS,SUB,4,"T1,GATE 3,PRIA","SUB-TOILE-T1-GATE 3,PRIA",5,Satisfied,5,Tetap jaga kualitasnya,"Customer Feedback, Complaint Handling, and Service Quality",Positive,5,5,5,5,5,5,Petugas ramah dan sopan|Berpenampilan rapi dengan seragam jelas|Cepat tanggap saat membantu penumpang|Jumlah petugas cukup,,,,"Ketersediaan tisu, sabun, air, dan hand dryer|Toilet bowl, urinoir, dan wastafel bersih dan berfungsi dengan baik|Toilet memiliki aroma yang wangi|Penerangan dan sirkulasi udara toilet baik",,,,Lokasi toilet mudah terlihat dan terjangkau|Jumlah toilet mencukupi sehingga tidak ada antrean|Proses penanganan masalah cepat sehingga aktivitas bisa berjalan dengan lancar|Jadwal kebersihan yang konsisten sehingga toilet selalu dalam kondisi bersih,,,,2cf92282-0841-49ef-a632-7fe5b58def45,Completed,New,Anonymous,36676,,cab97c1f-67b4-11f0-a847-0a0cda9789f2,01f4f038-24c4-4c5e-8607-032254333b0e,,,TRUE,FALSE,QrCode,Bahasa,2025-12-01T08:06:16.1524Z,,,,,,,,,,,,,,68b55898ba36f57e40594600
01-12-2025 15:37:37,API dan IAS,CGK T2,1,TOILET T2D - BOARDING ROOM T2D-5 PRIA,API&IAS-TOILET-CGK T2-BL D5 TP,5,Satisfied,5,,,,5,5,5,5,5,5,Petugas ramah dan sopan|Berpenampilan rapi dengan seragam jelas|Cepat tanggap saat membantu penumpang|Jumlah petugas cukup,,,,Penerangan dan sirkulasi udara toilet baik|Toilet memiliki aroma yang wangi,,,,Lokasi toilet mudah terlihat dan terjangkau|Jumlah toilet mencukupi sehingga tidak ada antrean,,,,52f90c19-7430-43e0-90b3-31a50bdb98a7,Completed,New,Anonymous,61391,,cab97c1f-67b4-11f0-a847-0a0cda9789f2,01f4f038-24c4-4c5e-8607-032254333b0e,,,TRUE,FALSE,QrCode,Bahasa,2025-12-01T08:36:34.4737Z,,,,,,,,,,,,,,68b55898ba36f57e40594600
01-12-2025 16:43:27,API dan IAS,CGK T2,1,TOILET T2E - BOARDING ROOM T2E-2 PRIA,API&IAS-TOILET-CGK T2-BL E2 TP,5,Satisfied,5,"Luar biasa bersih,dan petugas ramah","Cleanliness and Hygiene of Toilets|Customer Feedback, Complaint Handling, and Service Quality",Positive,5,5,5,5,5,5,Cepat tanggap saat membantu penumpang|Berpenampilan rapi dengan seragam jelas|Petugas ramah dan sopan|Jumlah petugas cukup,,,,"Ketersediaan tisu, sabun, air, dan hand dryer|Toilet bowl, urinoir, dan wastafel bersih dan berfungsi dengan baik|Toilet memiliki aroma yang wangi",,,,Lokasi toilet mudah terlihat dan terjangkau|Jadwal kebersihan yang konsisten sehingga toilet selalu dalam kondisi bersih,,,,4d31a53d-5653-45f2-93a3-da833a4181bb,Completed,New,Anonymous,244892,,cab97c1f-67b4-11f0-a847-0a0cda9789f2,01f4f038-24c4-4c5e-8607-032254333b0e,,,TRUE,FALSE,QrCode,Bahasa,2025-12-01T09:39:21.7126Z,,,,,,,,,,,,,,68b55898ba36f57e40594600
01-12-2025 17:15:56,API dan IAS,DPS,2,TOILET KEDATANGAN DOMESTIK MLCP DOM LT1 (PRIA),DPS-TOILET-DOM.MLCP1-P,2,Not Satisfied,2,"Tolong berikan sabun, hand dryer, dan tissue, dan pewangi ruangan","Odor Control, Ventilation, and Overall Comfort|Toilet Facilities and Completeness (e.g., soap, water, seats)",Neutral,3,3,2,2,4,4,,,Lainnya,Tidak tampak petugas,,,"Tisu, sabun, air, dan hand dryer tidak tersedia|Toilet memiliki aroma yang bau|Penerangan dan sirkulasi udara toilet tidak baik",,Lokasi toilet mudah terlihat dan terjangkau,,,,f710e7c1-1f4e-484a-bc21-01f00f2023b4,Completed,New,Anonymous,175912,,cab97c1f-67b4-11f0-a847-0a0cda9789f2,01f4f038-24c4-4c5e-8607-032254333b0e,,,TRUE,FALSE,QrCode,Bahasa,2025-12-01T10:12:57.6844Z,,,,,,,,,,,,,,68b55898ba36f57e40594600
02-12-2025 3:09:38,API dan IAS,CGK T2,1,TOILET T2E - BOARDING ROOM T2E-4 PRIA,API&IAS-TOILET-CGK T2-BL E4 TP,5,Satisfied,5,Di toilet ada serangga sejenis kecoan dengan jumlah lebih dari 1 bisa di sediakan juga semprotan untuk serangga. Terima kasih,"Odor Control, Ventilation, and Overall Comfort|Cleanliness and Hygiene of Toilets|Facility Maintenance and Upkeep",Neutral,5,5,5,5,5,5,Petugas ramah dan sopan|Berpenampilan rapi dengan seragam jelas,,,,"Toilet bowl, urinoir, dan wastafel bersih dan berfungsi dengan baik|Penerangan dan sirkulasi udara toilet baik",,,,Jadwal kebersihan yang konsisten sehingga toilet selalu dalam kondisi bersih|Jumlah toilet mencukupi sehingga tidak ada antrean|Lokasi toilet mudah terlihat dan terjangkau,,,,f1e0f3aa-f895-411d-bfab-23b3466ee299,Completed,New,Anonymous,74208,,cab97c1f-67b4-11f0-a847-0a0cda9789f2,01f4f038-24c4-4c5e-8607-032254333b0e,,,TRUE,FALSE,QrCode,Bahasa,2025-12-01T20:08:23.2083Z,,,,,,,,,,,,,,68b55898ba36f57e40594600
02-12-2025 6:12:37,API dan IAS,CGK T2,1,TOILET T2D - BAGGAGE CLAIM PRIA,API&IAS-TOILET-CGK T2-HCO D TP,5,Satisfied,5,Alhamdulillah,,Positive,5,5,5,5,5,5,Petugas ramah dan sopan|Berpenampilan rapi dengan seragam jelas|Cepat tanggap saat membantu penumpang|Jumlah petugas cukup,,,,"Ketersediaan tisu, sabun, air, dan hand dryer|Toilet bowl, urinoir, dan wastafel bersih dan berfungsi dengan baik|Toilet memiliki aroma yang wangi|Penerangan dan sirkulasi udara toilet baik",,,,Lokasi toilet mudah terlihat dan terjangkau|Jumlah toilet mencukupi sehingga tidak ada antrean|Proses penanganan masalah cepat sehingga aktivitas bisa berjalan dengan lancar|Jadwal kebersihan yang konsisten sehingga toilet selalu dalam kondisi bersih,,,,9ff4f29f-41c8-4cd9-8675-8a8b2bd9934e,Completed,New,Anonymous,44452,,cab97c1f-67b4-11f0-a847-0a0cda9789f2,01f4f038-24c4-4c5e-8607-032254333b0e,,,TRUE,FALSE,QrCode,Bahasa,2025-12-01T23:11:51.5177Z,,,,,,,,,,,,,,68b55898ba36f57e40594600
02-12-2025 13:30:22,API dan IAS,CGK T1,1,TOILET T1B - CORRIDOR AFTER SCP PRIA,CCD. B1,5,Satisfied,5,"Sangat bersih, dan terawat",Cleanliness and Hygiene of Toilets|Facility Maintenance and Upkeep,Positive,5,5,5,5,5,5,Petugas ramah dan sopan|Berpenampilan rapi dengan seragam jelas|Cepat tanggap saat membantu penumpang|Jumlah petugas cukup,,,,"Toilet bowl, urinoir, dan wastafel bersih dan berfungsi dengan baik|Ketersediaan tisu, sabun, air, dan hand dryer|Toilet memiliki aroma yang wangi|Penerangan dan sirkulasi udara toilet baik",,,,Jumlah toilet mencukupi sehingga tidak ada antrean,,,,48c30a18-0532-4fab-8d8b-0f214d6de560,Completed,New,Anonymous,71583,,cab97c1f-67b4-11f0-a847-0a0cda9789f2,01f4f038-24c4-4c5e-8607-032254333b0e,,,TRUE,FALSE,QrCode,Bahasa,2025-12-02T06:29:10.5494Z,,,,,,,,,,,,,,68b55898ba36f57e40594600
02-12-2025 14:48:54,API dan IAS,DPS,2,TOILET KEBERANGKATAN DOMESTIK GATE 1 (WANITA),DPS-TOILET-DD07-W,4,Satisfied,4,Mohon keramahtamahan terus  ditingkatkan lagi pokoknya Bali top,"Customer Feedback, Complaint Handling, and Service Quality",Positive,5,5,4,4,5,5,Petugas ramah dan sopan|Berpenampilan rapi dengan seragam jelas|Cepat tanggap saat membantu penumpang|Jumlah petugas cukup,,,,"Ketersediaan tisu, sabun, air, dan hand dryer|Toilet bowl, urinoir, dan wastafel bersih dan berfungsi dengan baik|Toilet memiliki aroma yang wangi|Penerangan dan sirkulasi udara toilet baik",,,,Lokasi toilet mudah terlihat dan terjangkau|Jumlah toilet mencukupi sehingga tidak ada antrean|Proses penanganan masalah cepat sehingga aktivitas bisa berjalan dengan lancar|Jadwal kebersihan yang konsisten sehingga toilet selalu dalam kondisi bersih,,,,9afe0f6e-9a15-4495-a74b-fe3663c8caa5,Completed,New,Anonymous,140481,,cab97c1f-67b4-11f0-a847-0a0cda9789f2,01f4f038-24c4-4c5e-8607-032254333b0e,,,TRUE,FALSE,QrCode,Bahasa,2025-12-02T07:46:32.6673Z,,,,,,,,,,,,,,68b55898ba36f57e40594600
02-12-2025 14:53:13,API dan IAS,DPS,2,TOILET KEBERANGKATAN DOMESTIK GATE 1B (WANITA),DPS-TOILET-DD08-W,4,Satisfied,4,Toilet bersih dan terlihat ada pengharum tambah mohon di jaga terus,"Odor Control, Ventilation, and Overall Comfort|Cleanliness and Hygiene of Toilets",Positive,4,4,5,5,4,4,Petugas ramah dan sopan|Berpenampilan rapi dengan seragam jelas|Cepat tanggap saat membantu penumpang|Jumlah petugas cukup,,,,"Ketersediaan tisu, sabun, air, dan hand dryer|Toilet bowl, urinoir, dan wastafel bersih dan berfungsi dengan baik|Toilet memiliki aroma yang wangi|Penerangan dan sirkulasi udara toilet baik",,,,Lokasi toilet mudah terlihat dan terjangkau|Jumlah toilet mencukupi sehingga tidak ada antrean|Proses penanganan masalah cepat sehingga aktivitas bisa berjalan dengan lancar|Jadwal kebersihan yang konsisten sehingga toilet selalu dalam kondisi bersih,,,,df4e05ef-ba55-4abf-9e13-7ad44cc31244,Completed,New,Anonymous,120257,,cab97c1f-67b4-11f0-a847-0a0cda9789f2,01f4f038-24c4-4c5e-8607-032254333b0e,,,TRUE,FALSE,QrCode,Bahasa,2025-12-02T07:51:13.6118Z,,,,,,,,,,,,,,68b55898ba36f57e40594600
02-12-2025 15:02:15,API dan IAS,DPS,2,TOILET KEDATANGAN DOMESTIK PICKUPZONE TIMUR ( PENJEMPUTAN ) (WANITA),DPS-TOILET-JPO-W,4,Satisfied,4,Petugasnya ramah.,"Customer Feedback, Complaint Handling, and Service Quality",Positive,4,4,4,4,4,4,Petugas ramah dan sopan,,,,"Ketersediaan tisu, sabun, air, dan hand dryer",,,,Lokasi toilet mudah terlihat dan terjangkau,,,,48ac86f0-a506-45a9-8873-b4bd606faeab,Completed,New,Anonymous,107627,,cab97c1f-67b4-11f0-a847-0a0cda9789f2,01f4f038-24c4-4c5e-8607-032254333b0e,,,TRUE,FALSE,QrCode,Bahasa,2025-12-02T08:00:25.6469Z,,,,,,,,,,,,,,68b55898ba36f57e40594600
02-12-2025 15:15:40,API dan IAS,DPS,2,TOILET KEDATANGAN DOMESTIK DEKAT UMKM (WANITA),DPS-TOILET-KORIDOR BARAT-W,4,Satisfied,4,Baik,,Positive,4,4,4,4,4,4,Cepat tanggap saat membantu penumpang,,,,Penerangan dan sirkulasi udara toilet baik,,,,Lokasi toilet mudah terlihat dan terjangkau,,,,ed38cead-9c6a-45f4-b99e-778eea8a2e70,Completed,New,Anonymous,87387,,cab97c1f-67b4-11f0-a847-0a0cda9789f2,01f4f038-24c4-4c5e-8607-032254333b0e,,,TRUE,FALSE,QrCode,Bahasa,2025-12-02T08:14:09.8606Z,,,,,,,,,,,,,,68b55898ba36f57e40594600
02-12-2025 16:41:25,API dan IAS,CGK T2,1,TOILET T2E - ARRIVAL CORRIDOR WANITA,API&IAS-TOILET-CGK T2-CCA E TW,4,Satisfied,4,Tolong dipertahankan kebersihan toilet-nya dan tolong dipastikan seluruh area kering! Terima kasih!,"Odor Control, Ventilation, and Overall Comfort|Cleanliness and Hygiene of Toilets|Facility Maintenance and Upkeep",Positive,4,4,4,4,4,4,Petugas ramah dan sopan|Berpenampilan rapi dengan seragam jelas|Cepat tanggap saat membantu penumpang|Jumlah petugas cukup,,,,"Toilet bowl, urinoir, dan wastafel bersih dan berfungsi dengan baik|Penerangan dan sirkulasi udara toilet baik",,,,Lokasi toilet mudah terlihat dan terjangkau|Jumlah toilet mencukupi sehingga tidak ada antrean|Proses penanganan masalah cepat sehingga aktivitas bisa berjalan dengan lancar|Jadwal kebersihan yang konsisten sehingga toilet selalu dalam kondisi bersih,,,,3d409b85-f47a-42d0-82da-f55a2d2e7d20,Completed,New,Anonymous,121865,,cab97c1f-67b4-11f0-a847-0a0cda9789f2,01f4f038-24c4-4c5e-8607-032254333b0e,,,TRUE,FALSE,QrCode,Bahasa,2025-12-02T09:39:22.5191Z,,,,,,,,,,,,,,68b55898ba36f57e40594600
02-12-2025 19:29:45,API dan IAS,CGK T2,1,TOILET T2D - BAGGAGE CLAIM PRIA,API&IAS-TOILET-CGK T2-HCO D TP,4,Satisfied,4,"Saran dari saya agar di depan toilet mungkin bisa di tulis TULISAN PRIA/WANITA karna beberapa kali saya melihat Pria/Laki² keluar dari toilet Perempuan, mungkin di karenakan orang tersebut awam atau tidak bisa mengerti lambang/Logo 👱‍♂️👱‍♀️di tembok luar sebelum masuk ke toilet.
Terimakasih","Safety, Privacy, and Security in Toilet Areas|Signage, Directions, and Facility Accessibility",Neutral,4,4,4,4,3,3,Petugas ramah dan sopan,,,,"Toilet bowl, urinoir, dan wastafel bersih dan berfungsi dengan baik",,,,,,Lainnya,"Mungkin bisa di beri pewangi ruangan, agar toilet terkesan bersih dan fresh",00816c4f-760b-42c6-b623-1b233642eeee,Completed,New,Anonymous,444204,,cab97c1f-67b4-11f0-a847-0a0cda9789f2,01f4f038-24c4-4c5e-8607-032254333b0e,,,TRUE,FALSE,QrCode,Bahasa,2025-12-02T12:22:20.2071Z,,,,,,,,,,,,,,68b55898ba36f57e40594600
03-12-2025 2:40:42,API dan IAS,UPG,5,TOILET 2A GATE 4 WANITA,UPG-TOILET-2A-W,2,Not Satisfied,2,"Cleaning service harus stay di depan toilet, spy tempat sampah tdk penuh dengan tissu, jadinya bau pesing dan.lantainya becek","Odor Control, Ventilation, and Overall Comfort|Cleanliness and Hygiene of Toilets|Facility Maintenance and Upkeep",Negative,2,2,4,4,1,1,,,Lainnya,Petugas tidak kelihatan,"Ketersediaan tisu, sabun, air, dan hand dryer",,,,,,Kondisi toilet kotor karena jadwal pembersihan tidak jelas,,6d910dde-6e86-4e4c-87d9-46a9a80630ae,Completed,New,Anonymous,352543,,cab97c1f-67b4-11f0-a847-0a0cda9789f2,01f4f038-24c4-4c5e-8607-032254333b0e,,,TRUE,FALSE,QrCode,Bahasa,2025-12-02T19:34:49.0139Z,,,,,,,,,,,,,,68b55898ba36f57e40594600
03-12-2025 6:25:49,API dan IAS,CGK T2,1,TOILET T2D - BOARDING ROOM T2D-1 PRIA,API&IAS-TOILET-CGK T2-BL D1 TP,2,Not Satisfied,2,Kotor sekali sampah penuh dan becek,"Odor Control, Ventilation, and Overall Comfort|Cleanliness and Hygiene of Toilets|Facility Maintenance and Upkeep",Negative,3,3,3,3,2,2,,,Lainnya,Kotor,,,"Toilet bowl, urinoir, dan wastafel kotor dan tidak berfungsi dengan baik",,,,Kondisi toilet kotor karena jadwal pembersihan tidak jelas,,3b8a2289-1806-438d-b96b-64d9a2da89fe,Completed,New,Anonymous,93593,,cab97c1f-67b4-11f0-a847-0a0cda9789f2,01f4f038-24c4-4c5e-8607-032254333b0e,,,TRUE,FALSE,QrCode,Bahasa,2025-12-02T23:24:15.3271Z,,,,,,,,,,,,,,68b55898ba36f57e40594600
03-12-2025 9:38:31,API dan IAS,CGK T2,1,TOILET T2D - BOARDING ROOM T2D-5 PRIA,API&IAS-TOILET-CGK T2-BL D5 TP,5,Satisfied,5,Sudah bagus,Cleanliness and Hygiene of Toilets,Positive,5,5,5,5,5,5,Petugas ramah dan sopan|Berpenampilan rapi dengan seragam jelas|Cepat tanggap saat membantu penumpang|Jumlah petugas cukup,,,,"Ketersediaan tisu, sabun, air, dan hand dryer|Toilet bowl, urinoir, dan wastafel bersih dan berfungsi dengan baik|Toilet memiliki aroma yang wangi|Penerangan dan sirkulasi udara toilet baik",,,,Lokasi toilet mudah terlihat dan terjangkau|Jadwal kebersihan yang konsisten sehingga toilet selalu dalam kondisi bersih|Proses penanganan masalah cepat sehingga aktivitas bisa berjalan dengan lancar,,,,ba003877-a698-4318-b13f-53f41da7c760,Completed,New,Anonymous,149007,,cab97c1f-67b4-11f0-a847-0a0cda9789f2,01f4f038-24c4-4c5e-8607-032254333b0e,,,TRUE,FALSE,QrCode,Bahasa,2025-12-03T02:36:03.0678Z,,,,,,,,,,,,,,68b55898ba36f57e40594600
03-12-2025 9:52:26,API dan IAS,DPS,2,TOILET KEBERANGKATAN INTERNASIONAL LOBBY SISI TIMUR (PRIA + DIFABLE),DPS-TOILET-3A-P,4,Satisfied,4,Fasilitas pendukung dikubikal  agar dapat diperbaiki,Facility Maintenance and Upkeep,Neutral,5,5,4,4,5,5,Petugas ramah dan sopan|Cepat tanggap saat membantu penumpang|Berpenampilan rapi dengan seragam jelas|Jumlah petugas cukup,,,,"Ketersediaan tisu, sabun, air, dan hand dryer|Toilet memiliki aroma yang wangi|Toilet bowl, urinoir, dan wastafel bersih dan berfungsi dengan baik|Penerangan dan sirkulasi udara toilet baik",,,,Lokasi toilet mudah terlihat dan terjangkau|Jumlah toilet mencukupi sehingga tidak ada antrean|Proses penanganan masalah cepat sehingga aktivitas bisa berjalan dengan lancar|Jadwal kebersihan yang konsisten sehingga toilet selalu dalam kondisi bersih,,,,06b48229-deb0-4e32-becc-71128a797ba6,Completed,New,Anonymous,107406,,cab97c1f-67b4-11f0-a847-0a0cda9789f2,01f4f038-24c4-4c5e-8607-032254333b0e,,,TRUE,FALSE,QrCode,Bahasa,2025-12-03T02:50:38.1029Z,,,,,,,,,,,,,,68b55898ba36f57e40594600
03-12-2025 9:58:33,API dan IAS,CGK T2,1,TOILET T2D - BOARDING ROOM T2D-4 PRIA,API&IAS-TOILET-CGK T2-BL D4 TP,5,Satisfied,5,"Bersih, dan pelayanan ramah","Cleanliness and Hygiene of Toilets|Customer Feedback, Complaint Handling, and Service Quality",Positive,5,5,5,5,5,5,Petugas ramah dan sopan|Berpenampilan rapi dengan seragam jelas|Cepat tanggap saat membantu penumpang,,,,"Ketersediaan tisu, sabun, air, dan hand dryer|Toilet bowl, urinoir, dan wastafel bersih dan berfungsi dengan baik|Toilet memiliki aroma yang wangi|Penerangan dan sirkulasi udara toilet baik",,,,Lokasi toilet mudah terlihat dan terjangkau,,,,f487cee0-a324-4fd4-b68e-98b9e17dc25b,Completed,New,Anonymous,45015,,cab97c1f-67b4-11f0-a847-0a0cda9789f2,01f4f038-24c4-4c5e-8607-032254333b0e,,,TRUE,FALSE,QrCode,Bahasa,2025-12-03T02:57:47.6478Z,,,,,,,,,,,,,,68b55898ba36f57e40594600
03-12-2025 13:47:40,API dan IAS,CGK T2,1,TOILET T2D - BAGGAGE CLAIM PRIA,API&IAS-TOILET-CGK T2-HCO D TP,5,Satisfied,5,Well maintain,Facility Maintenance and Upkeep,Positive,5,5,4,4,5,5,Petugas ramah dan sopan,,,,"Ketersediaan tisu, sabun, air, dan hand dryer",,,,Lokasi toilet mudah terlihat dan terjangkau,,,,4e964769-aebc-409c-8e94-e9b9022455c3,Completed,New,Anonymous,57961,,cab97c1f-67b4-11f0-a847-0a0cda9789f2,01f4f038-24c4-4c5e-8607-032254333b0e,,,TRUE,FALSE,QrCode,English,2025-12-03T06:46:41.5129Z,,,,,,,,,,,,,,68b55898ba36f57e40594600
03-12-2025 14:26:32,API dan IAS,DPS,2,TOILET KEBERANGKATAN DOMESTIK GATE 3-4 (WANITA),DPS-TOILET-DD05-W,5,Satisfied,5,Terima kasih utk mba Ketut Karyan bersih sekali menjaga toilet nya. Bangga toilet Bali Indonesia bersih.. Pertahankan yaa kerja bagusnya...,Cleanliness and Hygiene of Toilets,Positive,5,5,5,5,5,5,Petugas ramah dan sopan|Berpenampilan rapi dengan seragam jelas|Cepat tanggap saat membantu penumpang,,,,"Ketersediaan tisu, sabun, air, dan hand dryer|Toilet bowl, urinoir, dan wastafel bersih dan berfungsi dengan baik|Toilet memiliki aroma yang wangi|Penerangan dan sirkulasi udara toilet baik",,,,Lokasi toilet mudah terlihat dan terjangkau|Jumlah toilet mencukupi sehingga tidak ada antrean,,,,b45d62c0-9b81-465e-b2f1-e974d502599b,Completed,New,Anonymous,323620,,cab97c1f-67b4-11f0-a847-0a0cda9789f2,01f4f038-24c4-4c5e-8607-032254333b0e,,,TRUE,FALSE,QrCode,Bahasa,2025-12-03T07:21:06.3031Z,,,,,,,,,,,,,,68b55898ba36f57e40594600
03-12-2025 17:15:26,API dan IAS,CGK T2,1,TOILET T2D - BOARDING ROOM T2D-6 PRIA,API&IAS-TOILET-CGK T2-BL D6 TP,5,Satisfied,5,,,,5,5,5,5,5,5,Petugas ramah dan sopan|Berpenampilan rapi dengan seragam jelas|Cepat tanggap saat membantu penumpang|Jumlah petugas cukup,,,,"Ketersediaan tisu, sabun, air, dan hand dryer|Toilet memiliki aroma yang wangi|Penerangan dan sirkulasi udara toilet baik|Toilet bowl, urinoir, dan wastafel bersih dan berfungsi dengan baik",,,,Lokasi toilet mudah terlihat dan terjangkau|Jumlah toilet mencukupi sehingga tidak ada antrean|Proses penanganan masalah cepat sehingga aktivitas bisa berjalan dengan lancar|Jadwal kebersihan yang konsisten sehingga toilet selalu dalam kondisi bersih,,,,8f77afc0-0c18-4035-b2c5-ce953ca1c434,Completed,New,Anonymous,86744,,cab97c1f-67b4-11f0-a847-0a0cda9789f2,01f4f038-24c4-4c5e-8607-032254333b0e,,,TRUE,FALSE,QrCode,Bahasa,2025-12-03T10:13:51.3779Z,,,,,,,,,,,,,,68b55898ba36f57e40594600
03-12-2025 19:21:18,API dan IAS,SUB,4,"T2,B7,WANITA","SUB-TOILE-T2-B7,WANITA",3,Neutral,3,"Bau pengharum toilet jadi tidak merata, dan posisinya sangat rendah dan sejajar dengan tinggi orang jadi sangat menyengat sekali","Odor Control, Ventilation, and Overall Comfort|Cleanliness and Hygiene of Toilets",Negative,1,1,3,3,3,3,,,Petugas tidak ramah dan kurang sopan|Lainnya,"Pada saat itu kondisi setelah delay flight yang mana masih ada kardus besar dari sisa tempat makan penumpang yang masih ada di gate, dan posisinya masih ada staff gate yang sedang di gate 4. Dan sudah tidak ada penumpang. Dan datanglah tim cleaning. Team cleaning tersebut (1 atau 2 cowok) dari tim cleaning tersebut seolah tidak terima ada kardus besar disana dan menendang nendang kardus tersebut dan menginjak nginjak kardus tersebut sampai ke tempat sampah. Tidak dengan cara diambil, namun di tendang tendang yang mana itu sangat tidak sopan. Dan tim cleaning tersebut marah marah sambil mengomel seakan akan tidak terima dengan hal tersebut. Apabila tidak mau dengan hal itu, silahkan meminta dengan baik dan bukan dengan cara seperti itu. Sampai hal itu tidak bisa saya lupakan sampai sekarang. Itu terjadi di tgl 7 September di sekitaran gate 4.  Jika sekiranya Bapak / Ibu ingin mengecek di CCTV, saya dengan senang hati agar bisa melihat secara langsung bagaimana. Sekian Terima Kasih",,,Toilet memiliki aroma yang bau|Penerangan dan sirkulasi udara toilet tidak baik,,,,Lainnya,Cukup,0d449dcf-0dd9-474a-9d41-c942adb02027,Completed,New,Anonymous,829206,,cab97c1f-67b4-11f0-a847-0a0cda9789f2,01f4f038-24c4-4c5e-8607-032254333b0e,,,TRUE,FALSE,QrCode,Bahasa,2025-12-03T12:07:29.1170Z,,,,,,,,,,,,,,68b55898ba36f57e40594600
03-12-2025 20:46:13,API dan IAS,CGK T2,1,TOILET T2D - BAGGAGE CLAIM PRIA,API&IAS-TOILET-CGK T2-HCO D TP,5,Satisfied,5,petugas nya rajin bgtt. sehingga wc nya sangat besih serta petugas di sini orang nya ramh-ramah pluss baikk bgtt. intinyaa mantebb dee JEMPOOLL,"Cleanliness and Hygiene of Toilets|Customer Feedback, Complaint Handling, and Service Quality",Positive,5,5,5,5,5,5,Petugas ramah dan sopan|Berpenampilan rapi dengan seragam jelas|Cepat tanggap saat membantu penumpang|Jumlah petugas cukup,,,,"Ketersediaan tisu, sabun, air, dan hand dryer|Toilet bowl, urinoir, dan wastafel bersih dan berfungsi dengan baik|Toilet memiliki aroma yang wangi|Penerangan dan sirkulasi udara toilet baik",,,,Lokasi toilet mudah terlihat dan terjangkau|Jumlah toilet mencukupi sehingga tidak ada antrean|Proses penanganan masalah cepat sehingga aktivitas bisa berjalan dengan lancar|Jadwal kebersihan yang konsisten sehingga toilet selalu dalam kondisi bersih,,,,1dd295ff-1375-48b2-af5c-45019ca9ea1b,Completed,New,Anonymous,100614,,cab97c1f-67b4-11f0-a847-0a0cda9789f2,01f4f038-24c4-4c5e-8607-032254333b0e,,,TRUE,FALSE,QrCode,Bahasa,2025-12-03T13:44:31.0964Z,,,,,,,,,,,,,,68b55898ba36f57e40594600
04-12-2025 0:23:17,API dan IAS,SUB,4,"T2,A2,PRIA","SUB-TOILE-T2-A2,PRIA",3,Neutral,3,"Air untuk cuci tangan dan cuci muka, gk keluar kak..","Odor Control, Ventilation, and Overall Comfort|Facility Maintenance and Upkeep|Toilet Facilities and Completeness (e.g., soap, water, seats)",Negative,5,5,3,3,3,3,Petugas ramah dan sopan|Berpenampilan rapi dengan seragam jelas,,,,,,"Tisu, sabun, air, dan hand dryer tidak tersedia|Toilet bowl, urinoir, dan wastafel kotor dan tidak berfungsi dengan baik",,,,Proses penanganan masalah lambat sehingga aktivitas tidak berjalan dengan lancar,,a8d8f665-a445-4425-92de-f70e5d1dd7a7,Completed,New,Anonymous,114082,,cab97c1f-67b4-11f0-a847-0a0cda9789f2,01f4f038-24c4-4c5e-8607-032254333b0e,,,TRUE,FALSE,QrCode,Bahasa,2025-12-03T17:21:22.9861Z,,,,,,,,,,,,,,68b55898ba36f57e40594600
04-12-2025 7:32:53,API dan IAS,CGK T1,1,TOILET T1B - CHECKIN PRIA,B. HCI. P,1,Not Satisfied,1,debit air terlalu kecil,"Odor Control, Ventilation, and Overall Comfort",Negative,5,5,1,1,1,1,Petugas ramah dan sopan,,,,,,"Tisu, sabun, air, dan hand dryer tidak tersedia|Toilet memiliki aroma yang bau|Penerangan dan sirkulasi udara toilet tidak baik|Toilet bowl, urinoir, dan wastafel kotor dan tidak berfungsi dengan baik",,,,Proses penanganan masalah lambat sehingga aktivitas tidak berjalan dengan lancar|Kondisi toilet kotor karena jadwal pembersihan tidak jelas,,9728b2e2-ce41-4219-941a-9f3e9d2d0d1d,Completed,New,Anonymous,74575,,cab97c1f-67b4-11f0-a847-0a0cda9789f2,01f4f038-24c4-4c5e-8607-032254333b0e,,,TRUE,FALSE,QrCode,Bahasa,2025-12-04T00:31:35.8044Z,,,,,,,,,,,,,,68b55898ba36f57e40594600
04-12-2025 10:29:31,API dan IAS,DPS,2,TOILET KEBERANGKATAN DOMESTIK GATE 2 (PRIA + DIFABLE),DPS-TOILET-DD06-P,5,Satisfied,5,"tidak ada, sangat baik sekali",,Positive,5,5,5,5,5,5,Petugas ramah dan sopan|Berpenampilan rapi dengan seragam jelas|Cepat tanggap saat membantu penumpang,,,,"Ketersediaan tisu, sabun, air, dan hand dryer|Toilet bowl, urinoir, dan wastafel bersih dan berfungsi dengan baik|Toilet memiliki aroma yang wangi|Penerangan dan sirkulasi udara toilet baik",,,,Lokasi toilet mudah terlihat dan terjangkau|Jumlah toilet mencukupi sehingga tidak ada antrean|Proses penanganan masalah cepat sehingga aktivitas bisa berjalan dengan lancar|Jadwal kebersihan yang konsisten sehingga toilet selalu dalam kondisi bersih,,,,16d1fdd5-ab73-4cfc-85ef-b1bc1e461867,Completed,New,Anonymous,132495,,cab97c1f-67b4-11f0-a847-0a0cda9789f2,01f4f038-24c4-4c5e-8607-032254333b0e,,,TRUE,FALSE,QrCode,Bahasa,2025-12-04T03:27:18.6625Z,,,,,,,,,,,,,,68b55898ba36f57e40594600
04-12-2025 11:33:03,API dan IAS,SUB,4,"T2,A5,WANITA","SUB-TOILE-T2-A5,WANITA",5,Satisfied,5,Baik dan membantu,"Customer Feedback, Complaint Handling, and Service Quality",Positive,5,5,5,5,5,5,Petugas ramah dan sopan,,,,"Toilet bowl, urinoir, dan wastafel bersih dan berfungsi dengan baik",,,,Jumlah toilet mencukupi sehingga tidak ada antrean,,,,f8201df8-7afc-48d4-85f9-c41b09470cab,Completed,New,Anonymous,30384,,cab97c1f-67b4-11f0-a847-0a0cda9789f2,01f4f038-24c4-4c5e-8607-032254333b0e,,,TRUE,FALSE,QrCode,Bahasa,2025-12-04T04:32:32.9658Z,,,,,,,,,,,,,,68b55898ba36f57e40594600
04-12-2025 15:01:07,API dan IAS,CGK T2,1,TOILET T2E - ARRIVAL CORRIDOR WANITA,API&IAS-TOILET-CGK T2-CCA E TW,1,Not Satisfied,1,"Etika OB nya di perbaiki ya. Saya penumpang, saya perhatikan menjilat cari muka ke para penumpang dan terutama ke saya. Tapi kenapa ke sesama orang yang kerja di bandara dia tidak beretika? Walaupun beda devisi kalian itu semua sama2 pekerja","Customer Feedback, Complaint Handling, and Service Quality",Negative,1,1,3,3,1,1,,,Petugas tidak ramah dan kurang sopan,,,,Toilet memiliki aroma yang bau,,,,Lainnya,Petugas ob hari ini tidak ber etika,4df4ecc8-62ea-48af-ad9b-d0894c359a2f,Completed,New,Anonymous,206039,,cab97c1f-67b4-11f0-a847-0a0cda9789f2,01f4f038-24c4-4c5e-8607-032254333b0e,,,TRUE,FALSE,QrCode,Bahasa,2025-12-04T07:57:40.4533Z,,,,,,,,,,,,,,68b55898ba36f57e40594600
05-12-2025 3:05:24,API dan IAS,DPS,2,TOILET KEDATANGAN INTERNASIONAL BAGASI BARAT (PRIA + DIFABLE),DPS-TOILET-1E-P,2,Not Satisfied,2,kipas exhause kurang berfungsi maksimal sehingga menimbulkan bau,"Odor Control, Ventilation, and Overall Comfort",Negative,5,5,3,3,3,3,Petugas ramah dan sopan,,,,,,Toilet memiliki aroma yang bau|Penerangan dan sirkulasi udara toilet tidak baik,,,,Antrean toilet panjang karena jumlah toilet tidak mencukupi,,f569493d-ce84-4ada-a3b2-78d7d47001ae,Completed,New,Anonymous,200807,,cab97c1f-67b4-11f0-a847-0a0cda9789f2,01f4f038-24c4-4c5e-8607-032254333b0e,,,TRUE,FALSE,QrCode,Bahasa,2025-12-04T20:02:03.1233Z,,,,,,,,,,,,,,68b55898ba36f57e40594600
05-12-2025 6:53:10,API dan IAS,CGK T2,1,TOILET T2D - BOARDING ROOM T2D-2 PRIA,API&IAS-TOILET-CGK T2-BL D2 TP,5,Satisfied,5,"Ada foto drone bandara 
Ya",,Neutral,5,5,5,5,5,5,Cepat tanggap saat membantu penumpang|Berpenampilan rapi dengan seragam jelas|Petugas ramah dan sopan|Jumlah petugas cukup|Lainnya,"Bertgs sepenuh hati, ikhlas",,,"Ketersediaan tisu, sabun, air, dan hand dryer|Toilet bowl, urinoir, dan wastafel bersih dan berfungsi dengan baik|Toilet memiliki aroma yang wangi|Penerangan dan sirkulasi udara toilet baik|Lainnya",Ada kata mutiara dtempel,,,Lokasi toilet mudah terlihat dan terjangkau|Jumlah toilet mencukupi sehingga tidak ada antrean|Proses penanganan masalah cepat sehingga aktivitas bisa berjalan dengan lancar|Jadwal kebersihan yang konsisten sehingga toilet selalu dalam kondisi bersih|Lainnya,Tiga bhs asing dan 3 bhs daerah berbeda yg digilirkan,,,1d395086-1f48-45bb-bc03-acff7d3b80c5,Completed,New,Anonymous,676499,,cab97c1f-67b4-11f0-a847-0a0cda9789f2,01f4f038-24c4-4c5e-8607-032254333b0e,,,TRUE,FALSE,QrCode,Bahasa,2025-12-04T23:41:53.2736Z,,,,,,,,,,,,,,68b55898ba36f57e40594600
05-12-2025 7:58:42,API dan IAS,CGK T2,1,TOILET T2D - BOARDING ROOM T2D-6 PRIA,API&IAS-TOILET-CGK T2-BL D6 TP,5,Satisfied,5,Ok,,Neutral,5,5,5,5,5,5,Petugas ramah dan sopan,,,,"Penerangan dan sirkulasi udara toilet baik|Toilet memiliki aroma yang wangi|Toilet bowl, urinoir, dan wastafel bersih dan berfungsi dengan baik|Ketersediaan tisu, sabun, air, dan hand dryer",,,,Jadwal kebersihan yang konsisten sehingga toilet selalu dalam kondisi bersih|Proses penanganan masalah cepat sehingga aktivitas bisa berjalan dengan lancar|Jumlah toilet mencukupi sehingga tidak ada antrean|Lokasi toilet mudah terlihat dan terjangkau,,,,1801ca3b-bdd7-4a41-90ef-b03cd4d2671b,Completed,New,Anonymous,65813,,cab97c1f-67b4-11f0-a847-0a0cda9789f2,01f4f038-24c4-4c5e-8607-032254333b0e,,,TRUE,FALSE,QrCode,Bahasa,2025-12-05T00:57:35.8121Z,,,,,,,,,,,,,,68b55898ba36f57e40594600
05-12-2025 8:07:22,API dan IAS,CGK T1,1,TOILET T1B - BOARDING ROOM T1B-2 PRIA,B. BL2. P,5,Satisfied,5,Pertahankan yg sudah sangat baik ini,Cleanliness and Hygiene of Toilets,Positive,5,5,5,5,5,5,Petugas ramah dan sopan|Berpenampilan rapi dengan seragam jelas|Cepat tanggap saat membantu penumpang|Jumlah petugas cukup,,,,"Ketersediaan tisu, sabun, air, dan hand dryer|Toilet bowl, urinoir, dan wastafel bersih dan berfungsi dengan baik|Toilet memiliki aroma yang wangi|Penerangan dan sirkulasi udara toilet baik",,,,Lokasi toilet mudah terlihat dan terjangkau|Jumlah toilet mencukupi sehingga tidak ada antrean|Proses penanganan masalah cepat sehingga aktivitas bisa berjalan dengan lancar|Jadwal kebersihan yang konsisten sehingga toilet selalu dalam kondisi bersih,,,,146e10b6-59c6-45f0-8000-e0eba0013e6f,Completed,New,Anonymous,177238,,cab97c1f-67b4-11f0-a847-0a0cda9789f2,01f4f038-24c4-4c5e-8607-032254333b0e,,,TRUE,FALSE,QrCode,Bahasa,2025-12-05T01:04:24.0945Z,,,,,,,,,,,,,,68b55898ba36f57e40594600
05-12-2025 10:05:12,API dan IAS,YIA,4,TOILET BOARIDNG ROOM BARAT PRIA,YIA-TOI-BR-B-P,4,Satisfied,4,Sudah bagus,Cleanliness and Hygiene of Toilets,Positive,4,4,4,4,4,4,Petugas ramah dan sopan|Berpenampilan rapi dengan seragam jelas|Cepat tanggap saat membantu penumpang|Jumlah petugas cukup,,,,"Ketersediaan tisu, sabun, air, dan hand dryer|Toilet bowl, urinoir, dan wastafel bersih dan berfungsi dengan baik|Toilet memiliki aroma yang wangi|Penerangan dan sirkulasi udara toilet baik",,,,Lokasi toilet mudah terlihat dan terjangkau|Jumlah toilet mencukupi sehingga tidak ada antrean|Proses penanganan masalah cepat sehingga aktivitas bisa berjalan dengan lancar|Jadwal kebersihan yang konsisten sehingga toilet selalu dalam kondisi bersih,,,,dac4ba9c-b391-4aa3-9653-4a9414f06cb6,Completed,New,Anonymous,213498,,cab97c1f-67b4-11f0-a847-0a0cda9789f2,01f4f038-24c4-4c5e-8607-032254333b0e,,,TRUE,FALSE,QrCode,Bahasa,2025-12-05T03:01:37.3949Z,,,,,,,,,,,,,,68b55898ba36f57e40594600
05-12-2025 14:39:11,API dan IAS,CGK T2,1,TOILET T2F - CHECKIN WANITA,API&IAS-TOILET-CGK T2-HCI F TW,5,Satisfied,5,Good condition,Facility Maintenance and Upkeep,Positive,5,5,5,5,5,5,Petugas ramah dan sopan|Berpenampilan rapi dengan seragam jelas|Cepat tanggap saat membantu penumpang|Jumlah petugas cukup,,,,"Ketersediaan tisu, sabun, air, dan hand dryer|Toilet bowl, urinoir, dan wastafel bersih dan berfungsi dengan baik|Toilet memiliki aroma yang wangi|Penerangan dan sirkulasi udara toilet baik",,,,Lokasi toilet mudah terlihat dan terjangkau|Jumlah toilet mencukupi sehingga tidak ada antrean|Proses penanganan masalah cepat sehingga aktivitas bisa berjalan dengan lancar|Jadwal kebersihan yang konsisten sehingga toilet selalu dalam kondisi bersih,,,,c63b75cc-a89f-4792-aea8-87efa3dd62b1,Completed,New,Anonymous,61656,,cab97c1f-67b4-11f0-a847-0a0cda9789f2,01f4f038-24c4-4c5e-8607-032254333b0e,,,TRUE,FALSE,QrCode,Bahasa,2025-12-05T07:38:08.4187Z,,,,,,,,,,,,,,68b55898ba36f57e40594600
05-12-2025 19:16:17,API dan IAS,CGK T2,1,TOILET T2D - BAGGAGE CLAIM PRIA,API&IAS-TOILET-CGK T2-HCO D TP,1,Not Satisfied,1,Petugas menggunakan hoodie dan duduk leha-leha sementara toilet jorok+bau,"Odor Control, Ventilation, and Overall Comfort|Cleanliness and Hygiene of Toilets",Negative,1,1,1,1,5,5,,,"Penampilan berantakan, seragam tidak rapi|Petugas tidak ramah dan kurang sopan|Lambat atau tidak tanggap membantu penumpang|Lainnya",Petugas leha-leha menggunakan hoodie dan membiarkan toilet kotor dan bau,,,Lainnya,Dibiarkan kotor oleh petugas,Lainnya,Seperti jawaban sebelum nya petugas leha-leha menggunakan hoodie dan membiarkan toilet kotor dan bau,,,ae7f5f69-73c0-45d0-8776-9a3586ca7184,Completed,New,Anonymous,166824,,cab97c1f-67b4-11f0-a847-0a0cda9789f2,01f4f038-24c4-4c5e-8607-032254333b0e,,,TRUE,FALSE,QrCode,Bahasa,2025-12-05T12:13:30.8620Z,,,,,,,,,,,,,,68b55898ba36f57e40594600
05-12-2025 21:24:44,API dan IAS,CGK T1,1,TOILET T1B - BOARDING ROOM T1B-6 PRIA,B. BL6. P,5,Satisfied,5,Pertahankan Kebaikan yang telah dikerjakan dengan niat dan ketulusan hati,,Positive,5,5,5,5,5,5,Petugas ramah dan sopan|Berpenampilan rapi dengan seragam jelas|Cepat tanggap saat membantu penumpang|Jumlah petugas cukup,,,,"Ketersediaan tisu, sabun, air, dan hand dryer|Toilet bowl, urinoir, dan wastafel bersih dan berfungsi dengan baik|Toilet memiliki aroma yang wangi|Penerangan dan sirkulasi udara toilet baik",,,,Lokasi toilet mudah terlihat dan terjangkau|Jumlah toilet mencukupi sehingga tidak ada antrean|Proses penanganan masalah cepat sehingga aktivitas bisa berjalan dengan lancar|Jadwal kebersihan yang konsisten sehingga toilet selalu dalam kondisi bersih,,,,e09ea69c-8390-44a6-90f3-94fcdbc32cc0,Completed,New,Anonymous,200262,,cab97c1f-67b4-11f0-a847-0a0cda9789f2,01f4f038-24c4-4c5e-8607-032254333b0e,,,TRUE,FALSE,QrCode,Bahasa,2025-12-05T14:21:23.2589Z,,,,,,,,,,,,,,68b55898ba36f57e40594600
05-12-2025 23:35:42,API dan IAS,YIA,4,TOILET DIFABLE GEDUNG PENGHUBUNG,YIA-TOI.DIF-PHB,5,Satisfied,5,Bel emergency di toilet difabel mati. Tolong diperbaiki,"Facility Maintenance and Upkeep|Accessibility and Facilities for Disabled/Elderly Users|Safety, Privacy, and Security in Toilet Areas",Negative,4,4,4,4,4,4,Berpenampilan rapi dengan seragam jelas,,,,"Toilet bowl, urinoir, dan wastafel bersih dan berfungsi dengan baik",,,,Lokasi toilet mudah terlihat dan terjangkau|Jumlah toilet mencukupi sehingga tidak ada antrean,,,,c4298ef6-277f-4073-b7b9-a37d8ab429e8,Completed,New,Anonymous,214766,,cab97c1f-67b4-11f0-a847-0a0cda9789f2,01f4f038-24c4-4c5e-8607-032254333b0e,,,TRUE,FALSE,QrCode,Bahasa,2025-12-05T16:32:04.7750Z,,,,,,,,,,,,,,68b55898ba36f57e40594600
06-12-2025 3:22:37,API dan IAS,SUB,4,"T1,LOBBY 1 ULTIMATE,PRIA","SUB-TOILE-T1-LOBBY 1 ULTIMATE,PRI",3,Neutral,3,Mohon Tempat sampah di dalam toilet/WC sering di cek..,Facility Maintenance and Upkeep,Negative,4,4,5,5,5,5,Berpenampilan rapi dengan seragam jelas,,,,"Ketersediaan tisu, sabun, air, dan hand dryer",,,,Lokasi toilet mudah terlihat dan terjangkau,,,,4e5dd2eb-58c7-4180-9b48-40ca211c7c3f,Completed,New,Anonymous,185240,,cab97c1f-67b4-11f0-a847-0a0cda9789f2,01f4f038-24c4-4c5e-8607-032254333b0e,,,TRUE,FALSE,QrCode,Bahasa,2025-12-05T20:19:31.4378Z,,,,,,,,,,,,,,68b55898ba36f57e40594600
06-12-2025 6:38:19,API dan IAS,CGK T1,1,TOILET T1B - BOARDING ROOM T1B-5 PRIA,B. BL5. P,5,Satisfied,5,Semoga ada charger,Facility Maintenance and Upkeep,Neutral,5,5,5,5,5,5,Petugas ramah dan sopan|Cepat tanggap saat membantu penumpang,,,,"Ketersediaan tisu, sabun, air, dan hand dryer|Toilet bowl, urinoir, dan wastafel bersih dan berfungsi dengan baik|Toilet memiliki aroma yang wangi|Penerangan dan sirkulasi udara toilet baik",,,,Lokasi toilet mudah terlihat dan terjangkau|Jumlah toilet mencukupi sehingga tidak ada antrean|Proses penanganan masalah cepat sehingga aktivitas bisa berjalan dengan lancar|Jadwal kebersihan yang konsisten sehingga toilet selalu dalam kondisi bersih,,,,07e6bd62-b5af-4e73-a833-823b28528cc6,Completed,New,Anonymous,37723,,cab97c1f-67b4-11f0-a847-0a0cda9789f2,01f4f038-24c4-4c5e-8607-032254333b0e,,,TRUE,FALSE,QrCode,Bahasa,2025-12-05T23:37:40.7006Z,,,,,,,,,,,,,,68b55898ba36f57e40594600
06-12-2025 12:44:51,API dan IAS,CGK T2,1,TOILET T2D - BAGGAGE CLAIM PRIA,API&IAS-TOILET-CGK T2-HCO D TP,5,Satisfied,5,,,,5,5,5,5,5,5,Petugas ramah dan sopan,,,,Penerangan dan sirkulasi udara toilet baik,,,,Lokasi toilet mudah terlihat dan terjangkau,,,,49972e91-be07-4fdc-b602-63a638271464,Completed,New,Anonymous,82695,,cab97c1f-67b4-11f0-a847-0a0cda9789f2,01f4f038-24c4-4c5e-8607-032254333b0e,,,TRUE,FALSE,QrCode,Bahasa,2025-12-06T05:43:28.4941Z,,,,,,,,,,,,,,68b55898ba36f57e40594600
06-12-2025 23:44:23,API dan IAS,CGK T1,1,TOILET T1B - BOARDING ROOM T1B-5 PRIA,B. BL5. P,4,Satisfied,4,Bersih dan wangi sehingga jadi nyaman,"Odor Control, Ventilation, and Overall Comfort|Cleanliness and Hygiene of Toilets",Positive,4,4,4,4,4,4,Petugas ramah dan sopan|Berpenampilan rapi dengan seragam jelas|Cepat tanggap saat membantu penumpang|Jumlah petugas cukup|Lainnya,Murah senyum,,,"Ketersediaan tisu, sabun, air, dan hand dryer|Toilet bowl, urinoir, dan wastafel bersih dan berfungsi dengan baik|Penerangan dan sirkulasi udara toilet baik|Toilet memiliki aroma yang wangi",,,,Proses penanganan masalah cepat sehingga aktivitas bisa berjalan dengan lancar|Jumlah toilet mencukupi sehingga tidak ada antrean|Jadwal kebersihan yang konsisten sehingga toilet selalu dalam kondisi bersih|Lokasi toilet mudah terlihat dan terjangkau,,,,bb3d01b2-e881-4f05-9236-d5bf675eadb1,Completed,New,Anonymous,85261,,cab97c1f-67b4-11f0-a847-0a0cda9789f2,01f4f038-24c4-4c5e-8607-032254333b0e,,,TRUE,FALSE,QrCode,Bahasa,2025-12-06T16:42:57.1615Z,,,,,,,,,,,,,,68b55898ba36f57e40594600
07-12-2025 2:37:31,API dan IAS,CGK T2,1,TOILET T2D - BAGGAGE CLAIM PRIA,API&IAS-TOILET-CGK T2-HCO D TP,5,Satisfied,5,Jumlah toilet sedikit. Sebaiknya bisa diperbanyak seperti Terminal 3,"Facility Maintenance and Upkeep|Suggestions for Facility Improvements (e.g., additional toilets, decoration, signage)",Negative,5,5,5,5,4,4,Petugas ramah dan sopan|Berpenampilan rapi dengan seragam jelas,,,,"Ketersediaan tisu, sabun, air, dan hand dryer|Penerangan dan sirkulasi udara toilet baik",,,,Jadwal kebersihan yang konsisten sehingga toilet selalu dalam kondisi bersih,,,,fc3c2dda-db49-464f-8b61-849068362398,Completed,New,Anonymous,649347,,cab97c1f-67b4-11f0-a847-0a0cda9789f2,01f4f038-24c4-4c5e-8607-032254333b0e,,,TRUE,FALSE,QrCode,Bahasa,2025-12-06T19:26:40.8385Z,,,,,,,,,,,,,,68b55898ba36f57e40594600
07-12-2025 8:23:29,API dan IAS,CGK T2,1,TOILET T2D - BOARDING ROOM T2D-3 PRIA,API&IAS-TOILET-CGK T2-BL D3 TP,5,Satisfied,5,Sangat wangi dan bersih,"Odor Control, Ventilation, and Overall Comfort|Cleanliness and Hygiene of Toilets",Positive,5,5,5,5,5,5,Petugas ramah dan sopan|Berpenampilan rapi dengan seragam jelas|Cepat tanggap saat membantu penumpang|Jumlah petugas cukup|Lainnya,Petugas sangat ramah dan Full Senyum❤️,,,"Ketersediaan tisu, sabun, air, dan hand dryer|Toilet bowl, urinoir, dan wastafel bersih dan berfungsi dengan baik|Toilet memiliki aroma yang wangi|Penerangan dan sirkulasi udara toilet baik|Lainnya",Petugas Sangat Ramah dan Full Senyum,,,Lokasi toilet mudah terlihat dan terjangkau|Jumlah toilet mencukupi sehingga tidak ada antrean|Proses penanganan masalah cepat sehingga aktivitas bisa berjalan dengan lancar|Jadwal kebersihan yang konsisten sehingga toilet selalu dalam kondisi bersih|Lainnya,Petugas Sangat Ramah dan Full Senyum❤️,,,3cd8d337-c032-4eb4-843d-bfdf70b80995,Completed,New,Anonymous,253857,,cab97c1f-67b4-11f0-a847-0a0cda9789f2,01f4f038-24c4-4c5e-8607-032254333b0e,,,TRUE,FALSE,QrCode,Bahasa,2025-12-07T01:19:14.4066Z,,,,,,,,,,,,,,68b55898ba36f57e40594600
07-12-2025 12:27:59,API dan IAS,CGK T2,1,TOILET T2D - BAGGAGE CLAIM PRIA,API&IAS-TOILET-CGK T2-HCO D TP,5,Satisfied,5,Mantab,,Positive,5,5,5,5,5,5,Petugas ramah dan sopan|Berpenampilan rapi dengan seragam jelas|Cepat tanggap saat membantu penumpang,,,,"Penerangan dan sirkulasi udara toilet baik|Toilet memiliki aroma yang wangi|Toilet bowl, urinoir, dan wastafel bersih dan berfungsi dengan baik|Ketersediaan tisu, sabun, air, dan hand dryer",,,,Jumlah toilet mencukupi sehingga tidak ada antrean|Proses penanganan masalah cepat sehingga aktivitas bisa berjalan dengan lancar|Jadwal kebersihan yang konsisten sehingga toilet selalu dalam kondisi bersih|Lokasi toilet mudah terlihat dan terjangkau,,,,4983fbd4-6574-458c-a12f-1e4f7bd19b49,Completed,New,Anonymous,115665,,cab97c1f-67b4-11f0-a847-0a0cda9789f2,01f4f038-24c4-4c5e-8607-032254333b0e,,,TRUE,FALSE,QrCode,Bahasa,2025-12-07T05:26:00.2281Z,,,,,,,,,,,,,,68b55898ba36f57e40594600
07-12-2025 15:44:49,API dan IAS,CGK T1,1,TOILET T1B - ARRIVAL CORRIDOR PRIA,B. CCA. P,5,Satisfied,5,,,,5,5,5,5,5,5,Petugas ramah dan sopan|Berpenampilan rapi dengan seragam jelas|Cepat tanggap saat membantu penumpang,,,,"Ketersediaan tisu, sabun, air, dan hand dryer|Toilet bowl, urinoir, dan wastafel bersih dan berfungsi dengan baik|Toilet memiliki aroma yang wangi|Penerangan dan sirkulasi udara toilet baik",,,,Lokasi toilet mudah terlihat dan terjangkau|Jumlah toilet mencukupi sehingga tidak ada antrean,,,,99b1c69d-bbba-4000-9c4f-8d7db4701728,Completed,New,Anonymous,57050,,cab97c1f-67b4-11f0-a847-0a0cda9789f2,01f4f038-24c4-4c5e-8607-032254333b0e,,,TRUE,FALSE,QrCode,Bahasa,2025-12-07T08:43:52.1466Z,,,,,,,,,,,,,,68b55898ba36f57e40594600
07-12-2025 16:28:23,API dan IAS,CGK T2,1,TOILET T2D - BAGGAGE CLAIM PRIA,API&IAS-TOILET-CGK T2-HCO D TP,5,Satisfied,5,bersih dan rapi,Cleanliness and Hygiene of Toilets,Positive,5,5,5,5,5,5,Petugas ramah dan sopan,,,,"Toilet bowl, urinoir, dan wastafel bersih dan berfungsi dengan baik",,,,Proses penanganan masalah cepat sehingga aktivitas bisa berjalan dengan lancar,,,,38151bf0-7036-4321-baf8-2e1c81c838fc,Completed,New,Anonymous,129637,,cab97c1f-67b4-11f0-a847-0a0cda9789f2,01f4f038-24c4-4c5e-8607-032254333b0e,,,TRUE,FALSE,QrCode,Bahasa,2025-12-07T09:26:12.2082Z,,,,,,,,,,,,,,68b55898ba36f57e40594600
07-12-2025 18:10:05,API dan IAS,CGK T2,1,TOILET T2D - BAGGAGE CLAIM PRIA,API&IAS-TOILET-CGK T2-HCO D TP,5,Satisfied,5,Bagus. Lanjutkan,,Positive,5,5,5,5,5,5,Petugas ramah dan sopan|Berpenampilan rapi dengan seragam jelas,,,,"Ketersediaan tisu, sabun, air, dan hand dryer|Penerangan dan sirkulasi udara toilet baik",,,,Lokasi toilet mudah terlihat dan terjangkau,,,,0af452a1-e916-49aa-91c2-a671a37fb9e9,Completed,New,Anonymous,38071,,cab97c1f-67b4-11f0-a847-0a0cda9789f2,01f4f038-24c4-4c5e-8607-032254333b0e,,,TRUE,FALSE,QrCode,Bahasa,2025-12-07T11:09:29.5429Z,,,,,,,,,,,,,,68b55898ba36f57e40594600
07-12-2025 21:04:50,API dan IAS,CGK T2,1,TOILET T2E - BOARDING ROOM T2E-3 PRIA,API&IAS-TOILET-CGK T2-BL E3 TP,5,Satisfied,5,tetap konsisten dg kinerja nya,,Positive,5,5,5,5,5,5,Petugas ramah dan sopan|Berpenampilan rapi dengan seragam jelas|Cepat tanggap saat membantu penumpang|Jumlah petugas cukup,,,,"Ketersediaan tisu, sabun, air, dan hand dryer|Toilet bowl, urinoir, dan wastafel bersih dan berfungsi dengan baik|Toilet memiliki aroma yang wangi|Penerangan dan sirkulasi udara toilet baik",,,,Lokasi toilet mudah terlihat dan terjangkau|Jumlah toilet mencukupi sehingga tidak ada antrean|Proses penanganan masalah cepat sehingga aktivitas bisa berjalan dengan lancar|Jadwal kebersihan yang konsisten sehingga toilet selalu dalam kondisi bersih,,,,5eb82e6b-a2e3-40a8-ba5a-932f74e585e3,Completed,New,Anonymous,113093,,cab97c1f-67b4-11f0-a847-0a0cda9789f2,01f4f038-24c4-4c5e-8607-032254333b0e,,,TRUE,FALSE,QrCode,Bahasa,2025-12-07T14:02:53.0842Z,,,,,,,,,,,,,,68b55898ba36f57e40594600
08-12-2025 3:58:53,API dan IAS,CGK T2,1,TOILET T2D - BAGGAGE CLAIM PRIA,API&IAS-TOILET-CGK T2-HCO D TP,5,Satisfied,5,,,,5,5,5,5,5,5,Berpenampilan rapi dengan seragam jelas,,,,"Toilet bowl, urinoir, dan wastafel bersih dan berfungsi dengan baik",,,,Jadwal kebersihan yang konsisten sehingga toilet selalu dalam kondisi bersih,,,,a0c3e5b7-1eb3-444b-a01f-e06caada5722,Completed,New,Anonymous,183615,,cab97c1f-67b4-11f0-a847-0a0cda9789f2,01f4f038-24c4-4c5e-8607-032254333b0e,,,TRUE,FALSE,QrCode,Bahasa,2025-12-07T20:55:48.4321Z,,,,,,,,,,,,,,68b55898ba36f57e40594600
08-12-2025 4:27:07,API dan IAS,CGK T2,1,TOILET T2D - BOARDING ROOM T2D-3 PRIA,API&IAS-TOILET-CGK T2-BL D3 TP,5,Satisfied,5,"Tolong berikan apresiasi terbaik untuk semua pekerja facility care, beliau bekerja dg baik dan amanah.",Facility Maintenance and Upkeep,Positive,5,5,5,5,5,5,Petugas ramah dan sopan|Berpenampilan rapi dengan seragam jelas|Cepat tanggap saat membantu penumpang|Jumlah petugas cukup,,,,"Ketersediaan tisu, sabun, air, dan hand dryer|Toilet bowl, urinoir, dan wastafel bersih dan berfungsi dengan baik|Toilet memiliki aroma yang wangi|Penerangan dan sirkulasi udara toilet baik",,,,Lokasi toilet mudah terlihat dan terjangkau|Jumlah toilet mencukupi sehingga tidak ada antrean|Proses penanganan masalah cepat sehingga aktivitas bisa berjalan dengan lancar|Jadwal kebersihan yang konsisten sehingga toilet selalu dalam kondisi bersih,,,,4a68c477-f550-4d77-a58e-244bf360d7f7,Completed,New,Anonymous,63933,,cab97c1f-67b4-11f0-a847-0a0cda9789f2,01f4f038-24c4-4c5e-8607-032254333b0e,,,TRUE,FALSE,QrCode,Bahasa,2025-12-07T21:26:03.5237Z,,,,,,,,,,,,,,68b55898ba36f57e40594600
08-12-2025 5:21:08,API dan IAS,DPS,2,TOILET KEBERANGKATAN INTERNASIONAL GATE 6 (PRIA + DIFABLE),DPS-TOILET-3L-P,1,Not Satisfied,1,Ada tai mengambang di toilet,"Odor Control, Ventilation, and Overall Comfort|Cleanliness and Hygiene of Toilets",Negative,1,1,1,1,1,1,,,Lainnya,Tidak ada petugas,,,"Lainnya|Toilet bowl, urinoir, dan wastafel kotor dan tidak berfungsi dengan baik|Toilet memiliki aroma yang bau",Ada tai ngambang,,,Kondisi toilet kotor karena jadwal pembersihan tidak jelas,,2427c09f-3a72-445d-911e-e74dac50be67,Completed,New,Anonymous,60632,,cab97c1f-67b4-11f0-a847-0a0cda9789f2,01f4f038-24c4-4c5e-8607-032254333b0e,,,TRUE,FALSE,QrCode,Bahasa,2025-12-07T22:20:06.7590Z,,,,,,,,,,,,,,68b55898ba36f57e40594600
08-12-2025 6:32:34,API dan IAS,CGK T2,1,TOILET T2E - BOARDING ROOM T2E-7 PRIA,API&IAS-TOILET-CGK T2-BL E7 TP,4,Satisfied,4,"Barang tertinggal tolong lebih diperhatikan atau diingatkan, setelah customer keluar","Customer Feedback, Complaint Handling, and Service Quality",Negative,5,5,5,5,5,5,Lainnya,Tanggap dalam membersihkan,,,"Ketersediaan tisu, sabun, air, dan hand dryer|Toilet bowl, urinoir, dan wastafel bersih dan berfungsi dengan baik",,,,Lokasi toilet mudah terlihat dan terjangkau|Jadwal kebersihan yang konsisten sehingga toilet selalu dalam kondisi bersih,,,,ab00a25e-ecff-40c3-91ac-ff61eb180a4b,Completed,New,Anonymous,1218958,,cab97c1f-67b4-11f0-a847-0a0cda9789f2,01f4f038-24c4-4c5e-8607-032254333b0e,,,TRUE,FALSE,QrCode,Bahasa,2025-12-07T23:12:13.2861Z,,,,,,,,,,,,,,68b55898ba36f57e40594600
08-12-2025 8:02:14,API dan IAS,CGK T1,1,TOILET T1B - ARRIVAL CORRIDOR PRIA,B. CCA. P,5,Satisfied,5,sangat puas,,Positive,5,5,5,5,5,5,Petugas ramah dan sopan|Berpenampilan rapi dengan seragam jelas|Cepat tanggap saat membantu penumpang|Jumlah petugas cukup,,,,"Ketersediaan tisu, sabun, air, dan hand dryer|Toilet bowl, urinoir, dan wastafel bersih dan berfungsi dengan baik|Toilet memiliki aroma yang wangi|Penerangan dan sirkulasi udara toilet baik",,,,Jumlah toilet mencukupi sehingga tidak ada antrean|Proses penanganan masalah cepat sehingga aktivitas bisa berjalan dengan lancar|Lokasi toilet mudah terlihat dan terjangkau|Jadwal kebersihan yang konsisten sehingga toilet selalu dalam kondisi bersih,,,,f3323595-254f-47e9-b5c2-96765569352d,Completed,New,Anonymous,949176,,cab97c1f-67b4-11f0-a847-0a0cda9789f2,01f4f038-24c4-4c5e-8607-032254333b0e,,,TRUE,FALSE,QrCode,Bahasa,2025-12-08T00:46:22.3205Z,,,,,,,,,,,,,,68b55898ba36f57e40594600
08-12-2025 9:18:44,API dan IAS,CGK T2,1,TOILET T2D - BAGGAGE CLAIM PRIA,API&IAS-TOILET-CGK T2-HCO D TP,3,Neutral,3,kebersihan kurang,Cleanliness and Hygiene of Toilets,Negative,2,2,2,2,2,2,,,"Penampilan berantakan, seragam tidak rapi|Petugas tidak ramah dan kurang sopan",,,,"Toilet bowl, urinoir, dan wastafel kotor dan tidak berfungsi dengan baik|Toilet memiliki aroma yang bau|Penerangan dan sirkulasi udara toilet tidak baik|Tisu, sabun, air, dan hand dryer tidak tersedia",,,,Kondisi toilet kotor karena jadwal pembersihan tidak jelas|Proses penanganan masalah lambat sehingga aktivitas tidak berjalan dengan lancar,,b4dc1459-1ebc-44cf-8abe-957751710bfd,Completed,New,Anonymous,62318,,cab97c1f-67b4-11f0-a847-0a0cda9789f2,01f4f038-24c4-4c5e-8607-032254333b0e,,,TRUE,FALSE,QrCode,Bahasa,2025-12-08T02:17:41.0612Z,,,,,,,,,,,,,,68b55898ba36f57e40594600
08-12-2025 10:11:51,API dan IAS,CGK T2,1,TOILET T2D - BAGGAGE CLAIM PRIA,API&IAS-TOILET-CGK T2-HCO D TP,5,Satisfied,5,,,,5,5,5,5,4,4,Berpenampilan rapi dengan seragam jelas|Petugas ramah dan sopan,,,,"Toilet bowl, urinoir, dan wastafel bersih dan berfungsi dengan baik|Ketersediaan tisu, sabun, air, dan hand dryer|Lainnya",Bersih,,,Lokasi toilet mudah terlihat dan terjangkau|Jumlah toilet mencukupi sehingga tidak ada antrean|Jadwal kebersihan yang konsisten sehingga toilet selalu dalam kondisi bersih,,,,e5ab904a-5787-43fd-ab2a-84d2b9ab8e31,Completed,New,Anonymous,78018,,cab97c1f-67b4-11f0-a847-0a0cda9789f2,01f4f038-24c4-4c5e-8607-032254333b0e,,,TRUE,FALSE,QrCode,Bahasa,2025-12-08T03:10:31.9217Z,,,,,,,,,,,,,,68b55898ba36f57e40594600
08-12-2025 10:32:35,API dan IAS,CGK T2,1,TOILET T2D - BOARDING ROOM T2D-7 PRIA,API&IAS-TOILET-CGK T2-BL D7 TP,5,Satisfied,5,,,,5,5,5,5,5,5,Petugas ramah dan sopan|Berpenampilan rapi dengan seragam jelas|Cepat tanggap saat membantu penumpang|Jumlah petugas cukup,,,,"Ketersediaan tisu, sabun, air, dan hand dryer|Toilet bowl, urinoir, dan wastafel bersih dan berfungsi dengan baik|Toilet memiliki aroma yang wangi|Penerangan dan sirkulasi udara toilet baik",,,,Lokasi toilet mudah terlihat dan terjangkau|Jumlah toilet mencukupi sehingga tidak ada antrean|Proses penanganan masalah cepat sehingga aktivitas bisa berjalan dengan lancar|Jadwal kebersihan yang konsisten sehingga toilet selalu dalam kondisi bersih,,,,1dcb1c3b-ebaf-43e7-b8f1-f45f8c419645,Completed,New,Anonymous,42937,,cab97c1f-67b4-11f0-a847-0a0cda9789f2,01f4f038-24c4-4c5e-8607-032254333b0e,,,TRUE,FALSE,QrCode,Bahasa,2025-12-08T03:31:51.6055Z,,,,,,,,,,,,,,68b55898ba36f57e40594600
08-12-2025 12:43:31,API dan IAS,CGK T2,1,TOILET T2E - BOARDING ROOM T2E-3 PRIA,API&IAS-TOILET-CGK T2-BL E3 TP,2,Not Satisfied,2,"kotor, banyak air dan tissue berserakan","Odor Control, Ventilation, and Overall Comfort|Cleanliness and Hygiene of Toilets|Facility Maintenance and Upkeep",Negative,4,4,4,4,2,2,Jumlah petugas cukup|Petugas ramah dan sopan,,,,Penerangan dan sirkulasi udara toilet baik,,,,,,Kondisi toilet kotor karena jadwal pembersihan tidak jelas,,7ee70043-94bb-455e-92da-2f533258236e,Completed,New,Anonymous,154083,,cab97c1f-67b4-11f0-a847-0a0cda9789f2,01f4f038-24c4-4c5e-8607-032254333b0e,,,TRUE,FALSE,QrCode,English,2025-12-08T05:40:55.7184Z,,,,,,,,,,,,,,68b55898ba36f57e40594600
08-12-2025 16:43:27,API dan IAS,DPS,2,TOILET KEBERANGKATAN DOMESTIK LOBBY DEKAT POSKO (PRIA),DPS-TOILET-DD03-P,5,Satisfied,5,,,,5,5,5,5,5,5,Petugas ramah dan sopan|Cepat tanggap saat membantu penumpang|Berpenampilan rapi dengan seragam jelas,,,,"Ketersediaan tisu, sabun, air, dan hand dryer|Toilet bowl, urinoir, dan wastafel bersih dan berfungsi dengan baik",,,,Proses penanganan masalah cepat sehingga aktivitas bisa berjalan dengan lancar,,,,40f547e8-b460-4cfa-b5eb-7b06b7ac96ea,Completed,New,Anonymous,127976,,cab97c1f-67b4-11f0-a847-0a0cda9789f2,01f4f038-24c4-4c5e-8607-032254333b0e,,,TRUE,FALSE,QrCode,Bahasa,2025-12-08T09:41:18.6733Z,,,,,,,,,,,,,,68b55898ba36f57e40594600
08-12-2025 17:40:08,API dan IAS,CGK T2,1,TOILET T2E - BOARDING ROOM T2E-3 PRIA,API&IAS-TOILET-CGK T2-BL E3 TP,5,Satisfied,5,👍,,Positive,5,5,5,5,5,5,Petugas ramah dan sopan,,,,"Ketersediaan tisu, sabun, air, dan hand dryer",,,,Lokasi toilet mudah terlihat dan terjangkau,,,,8dcda0f1-cb94-4ad5-a125-f7ed0848a5c3,Completed,New,Anonymous,59454,,cab97c1f-67b4-11f0-a847-0a0cda9789f2,01f4f038-24c4-4c5e-8607-032254333b0e,,,TRUE,FALSE,QrCode,Bahasa,2025-12-08T10:39:08.0653Z,,,,,,,,,,,,,,68b55898ba36f57e40594600
08-12-2025 18:04:26,API dan IAS,CGK T2,1,TOILET T2E - BOARDING ROOM T2E-3 PRIA,API&IAS-TOILET-CGK T2-BL E3 TP,4,Satisfied,4,Perbesar tempat ibadahnya,"Facility Maintenance and Upkeep|Suggestions for Facility Improvements (e.g., additional toilets, decoration, signage)",Positive,4,4,4,4,4,4,Petugas ramah dan sopan,,,,"Ketersediaan tisu, sabun, air, dan hand dryer|Toilet bowl, urinoir, dan wastafel bersih dan berfungsi dengan baik|Penerangan dan sirkulasi udara toilet baik|Toilet memiliki aroma yang wangi",,,,Lokasi toilet mudah terlihat dan terjangkau|Jumlah toilet mencukupi sehingga tidak ada antrean|Proses penanganan masalah cepat sehingga aktivitas bisa berjalan dengan lancar|Jadwal kebersihan yang konsisten sehingga toilet selalu dalam kondisi bersih,,,,9102ff6f-7dc8-4f29-841d-ba38bcea9e13,Completed,New,Anonymous,67048,,cab97c1f-67b4-11f0-a847-0a0cda9789f2,01f4f038-24c4-4c5e-8607-032254333b0e,,,TRUE,FALSE,QrCode,Bahasa,2025-12-08T11:03:15.6340Z,,,,,,,,,,,,,,68b55898ba36f57e40594600
09-12-2025 7:47:17,API dan IAS,CGK T2,1,TOILET T2D - BAGGAGE CLAIM PRIA,API&IAS-TOILET-CGK T2-HCO D TP,4,Satisfied,4,belum ada yang standby di toilet untuk membersihkan,Facility Maintenance and Upkeep,Negative,3,3,1,1,1,1,,,Lambat atau tidak tanggap membantu penumpang,,,,"Tisu, sabun, air, dan hand dryer tidak tersedia|Toilet memiliki aroma yang bau|Penerangan dan sirkulasi udara toilet tidak baik",,,,Proses penanganan masalah lambat sehingga aktivitas tidak berjalan dengan lancar|Kondisi toilet kotor karena jadwal pembersihan tidak jelas,,ec61e2f0-ec06-4f63-86c3-3bd0dbef0bfb,Completed,New,Anonymous,170729,,cab97c1f-67b4-11f0-a847-0a0cda9789f2,01f4f038-24c4-4c5e-8607-032254333b0e,,,TRUE,FALSE,QrCode,Bahasa,2025-12-09T00:44:24.5662Z,,,,,,,,,,,,,,68b55898ba36f57e40594600
09-12-2025 9:42:39,API dan IAS,CGK T2,1,TOILET T2E - BOARDING ROOM T2E-4 PRIA,API&IAS-TOILET-CGK T2-BL E4 TP,5,Satisfied,5,Semoge tetap berjalan seterusnya,,Positive,5,5,5,5,5,5,Petugas ramah dan sopan|Berpenampilan rapi dengan seragam jelas|Cepat tanggap saat membantu penumpang|Jumlah petugas cukup|Lainnya,Mantap,,,"Ketersediaan tisu, sabun, air, dan hand dryer|Toilet bowl, urinoir, dan wastafel bersih dan berfungsi dengan baik|Toilet memiliki aroma yang wangi|Penerangan dan sirkulasi udara toilet baik|Lainnya",Mantap,,,Lokasi toilet mudah terlihat dan terjangkau|Jumlah toilet mencukupi sehingga tidak ada antrean|Proses penanganan masalah cepat sehingga aktivitas bisa berjalan dengan lancar|Jadwal kebersihan yang konsisten sehingga toilet selalu dalam kondisi bersih|Lainnya,Mantap,,,79a7544c-11ee-410b-ae85-63fdcd46482e,Completed,New,Anonymous,167776,,cab97c1f-67b4-11f0-a847-0a0cda9789f2,01f4f038-24c4-4c5e-8607-032254333b0e,,,TRUE,FALSE,QrCode,Bahasa,2025-12-09T02:39:52.4454Z,,,,,,,,,,,,,,68b55898ba36f57e40594600
09-12-2025 12:46:21,API dan IAS,CGK T2,1,TOILET T2D - BOARDING ROOM T2D-4 PRIA,API&IAS-TOILET-CGK T2-BL D4 TP,5,Satisfied,5,"Mohon untuk difungsikan semua, karena ada yang tidak berfungsi",Facility Maintenance and Upkeep,Negative,5,5,4,4,5,5,Petugas ramah dan sopan|Berpenampilan rapi dengan seragam jelas|Cepat tanggap saat membantu penumpang|Jumlah petugas cukup,,,,"Penerangan dan sirkulasi udara toilet baik|Toilet memiliki aroma yang wangi|Toilet bowl, urinoir, dan wastafel bersih dan berfungsi dengan baik",,,,Lokasi toilet mudah terlihat dan terjangkau|Jumlah toilet mencukupi sehingga tidak ada antrean|Proses penanganan masalah cepat sehingga aktivitas bisa berjalan dengan lancar|Jadwal kebersihan yang konsisten sehingga toilet selalu dalam kondisi bersih,,,,a9ebf556-a7c4-4fce-bf7c-bbd9759ee899,Completed,New,Anonymous,135132,,cab97c1f-67b4-11f0-a847-0a0cda9789f2,01f4f038-24c4-4c5e-8607-032254333b0e,,,TRUE,FALSE,QrCode,Bahasa,2025-12-09T05:44:05.4126Z,,,,,,,,,,,,,,68b55898ba36f57e40594600
09-12-2025 15:47:10,API dan IAS,CGK T2,1,TOILET T2D - BOARDING ROOM T2D-4 PRIA,API&IAS-TOILET-CGK T2-BL D4 TP,5,Satisfied,5,Sudah bagus petugasnya ramah dan besahabat,"Customer Feedback, Complaint Handling, and Service Quality",Positive,5,5,5,5,5,5,Petugas ramah dan sopan,,,,Toilet memiliki aroma yang wangi,,,,Lokasi toilet mudah terlihat dan terjangkau,,,,bf4a33fe-2acb-424b-884a-389756b7b804,Completed,New,Anonymous,79465,,cab97c1f-67b4-11f0-a847-0a0cda9789f2,01f4f038-24c4-4c5e-8607-032254333b0e,,,TRUE,FALSE,QrCode,Bahasa,2025-12-09T08:45:51.0767Z,,,,,,,,,,,,,,68b55898ba36f57e40594600
09-12-2025 16:33:10,API dan IAS,UPG,5,TOILET 2A GATE 4 DIFABLE,UPG-TOILET-2A-DIFABLE,5,Satisfied,5,lebih kering,"Odor Control, Ventilation, and Overall Comfort",Negative,5,5,5,5,5,5,Petugas ramah dan sopan|Berpenampilan rapi dengan seragam jelas|Cepat tanggap saat membantu penumpang|Jumlah petugas cukup,,,,"Ketersediaan tisu, sabun, air, dan hand dryer|Toilet bowl, urinoir, dan wastafel bersih dan berfungsi dengan baik",,,,Lokasi toilet mudah terlihat dan terjangkau|Proses penanganan masalah cepat sehingga aktivitas bisa berjalan dengan lancar,,,,b22f6d90-2474-4716-a897-8d68791c32f1,Completed,New,Anonymous,68851,,cab97c1f-67b4-11f0-a847-0a0cda9789f2,01f4f038-24c4-4c5e-8607-032254333b0e,,,TRUE,FALSE,QrCode,Bahasa,2025-12-09T09:31:59.4307Z,,,,,,,,,,,,,,68b55898ba36f57e40594600
10-12-2025 6:14:52,API dan IAS,CGK T1,1,TOILET T1B - CHECKIN PRIA,B. HCI. P,4,Satisfied,4,Selalu stand by,,Neutral,4,4,4,4,4,4,Berpenampilan rapi dengan seragam jelas,,,,"Ketersediaan tisu, sabun, air, dan hand dryer",,,,Lokasi toilet mudah terlihat dan terjangkau,,,,c57aa507-579b-417c-91b9-d1be054848d3,Completed,New,Anonymous,60310,,cab97c1f-67b4-11f0-a847-0a0cda9789f2,01f4f038-24c4-4c5e-8607-032254333b0e,,,TRUE,FALSE,QrCode,Bahasa,2025-12-09T23:13:50.8245Z,,,,,,,,,,,,,,68b55898ba36f57e40594600
10-12-2025 8:41:02,API dan IAS,CGK T2,1,TOILET T2D - BOARDING ROOM T2D-2 PRIA,API&IAS-TOILET-CGK T2-BL D2 TP,5,Satisfied,5,Mantabb,,Positive,5,5,5,5,5,5,Petugas ramah dan sopan|Berpenampilan rapi dengan seragam jelas|Cepat tanggap saat membantu penumpang|Jumlah petugas cukup,,,,"Ketersediaan tisu, sabun, air, dan hand dryer|Toilet bowl, urinoir, dan wastafel bersih dan berfungsi dengan baik|Toilet memiliki aroma yang wangi|Penerangan dan sirkulasi udara toilet baik",,,,Lokasi toilet mudah terlihat dan terjangkau|Jumlah toilet mencukupi sehingga tidak ada antrean|Proses penanganan masalah cepat sehingga aktivitas bisa berjalan dengan lancar|Jadwal kebersihan yang konsisten sehingga toilet selalu dalam kondisi bersih,,,,df298e84-3147-4cd6-b337-9432d26746ef,Completed,New,Anonymous,32980,,cab97c1f-67b4-11f0-a847-0a0cda9789f2,01f4f038-24c4-4c5e-8607-032254333b0e,,,TRUE,FALSE,QrCode,Bahasa,2025-12-10T01:40:28.9311Z,,,,,,,,,,,,,,68b55898ba36f57e40594600
10-12-2025 9:24:52,API dan IAS,CGK T2,1,TOILET T2F - CHECKIN WANITA,API&IAS-TOILET-CGK T2-HCI F TW,5,Satisfied,5,Keep up the good spirit,,Positive,5,5,5,5,5,5,Petugas ramah dan sopan|Berpenampilan rapi dengan seragam jelas|Cepat tanggap saat membantu penumpang|Jumlah petugas cukup,,,,"Ketersediaan tisu, sabun, air, dan hand dryer|Toilet bowl, urinoir, dan wastafel bersih dan berfungsi dengan baik|Toilet memiliki aroma yang wangi|Penerangan dan sirkulasi udara toilet baik",,,,Lokasi toilet mudah terlihat dan terjangkau|Jumlah toilet mencukupi sehingga tidak ada antrean|Proses penanganan masalah cepat sehingga aktivitas bisa berjalan dengan lancar|Jadwal kebersihan yang konsisten sehingga toilet selalu dalam kondisi bersih,,,,ef9ee3f5-710e-4f38-bd6f-864033433f86,Completed,New,Anonymous,45580,,cab97c1f-67b4-11f0-a847-0a0cda9789f2,01f4f038-24c4-4c5e-8607-032254333b0e,,,TRUE,FALSE,QrCode,Bahasa,2025-12-10T02:24:04.8263Z,,,,,,,,,,,,,,68b55898ba36f57e40594600
10-12-2025 10:38:24,API,SUB,4,"T1,GATE 13 CONCOURSE 2,PRIA","SUB-TOILE-T1-GATE 13 CONCOURSE 2,",5,Satisfied,5,,,,5,5,5,5,5,5,Petugas ramah dan sopan,,,,"Ketersediaan tisu, sabun, air, dan hand dryer",,,,Lokasi toilet mudah terlihat dan terjangkau,,,,c76471d7-6596-4da8-8073-0c69a14d28fd,Completed,New,Anonymous,33401,,cab97c1f-67b4-11f0-a847-0a0cda9789f2,01f4f038-24c4-4c5e-8607-032254333b0e,,,TRUE,FALSE,QrCode,Bahasa,2025-12-10T03:37:51.1098Z,,,,,,,,,,,,,,68b55898ba36f57e40594600
10-12-2025 10:38:24,API,SUB,4,"T1,GATE 13 CONCOURSE 2,WANITA","SUB-TOILE-T1-GATE 13 CONCOURSE 2,",5,Satisfied,5,Bersih,Cleanliness and Hygiene of Toilets,Neutral,5,5,5,5,5,5,Petugas ramah dan sopan|Berpenampilan rapi dengan seragam jelas|Cepat tanggap saat membantu penumpang|Jumlah petugas cukup,,,,"Ketersediaan tisu, sabun, air, dan hand dryer|Toilet bowl, urinoir, dan wastafel bersih dan berfungsi dengan baik|Toilet memiliki aroma yang wangi|Penerangan dan sirkulasi udara toilet baik",,,,Lokasi toilet mudah terlihat dan terjangkau|Jumlah toilet mencukupi sehingga tidak ada antrean|Proses penanganan masalah cepat sehingga aktivitas bisa berjalan dengan lancar|Jadwal kebersihan yang konsisten sehingga toilet selalu dalam kondisi bersih,,,,b38c1a3a-4c9f-4247-ab24-56923dce41f2,Completed,New,Anonymous,29241,,cab97c1f-67b4-11f0-a847-0a0cda9789f2,01f4f038-24c4-4c5e-8607-032254333b0e,,,TRUE,FALSE,QrCode,Bahasa,2025-12-10T03:37:54.1366Z,,,,,,,,,,,,,,68b55898ba36f57e40594600
10-12-2025 16:04:25,API dan IAS,CGK T2,1,TOILET T2E - BOARDING ROOM T2E-2 PRIA,API&IAS-TOILET-CGK T2-BL E2 TP,5,Satisfied,5,"Bagus,saya suka pelayannya","Customer Feedback, Complaint Handling, and Service Quality",Positive,5,5,5,5,5,5,Petugas ramah dan sopan|Berpenampilan rapi dengan seragam jelas|Cepat tanggap saat membantu penumpang,,,,"Ketersediaan tisu, sabun, air, dan hand dryer|Toilet bowl, urinoir, dan wastafel bersih dan berfungsi dengan baik|Toilet memiliki aroma yang wangi|Penerangan dan sirkulasi udara toilet baik",,,,Jadwal kebersihan yang konsisten sehingga toilet selalu dalam kondisi bersih|Proses penanganan masalah cepat sehingga aktivitas bisa berjalan dengan lancar|Jumlah toilet mencukupi sehingga tidak ada antrean|Lokasi toilet mudah terlihat dan terjangkau,,,,83f6e6ed-0354-4dca-8781-9e485986d5cc,Completed,New,Anonymous,72336,,cab97c1f-67b4-11f0-a847-0a0cda9789f2,01f4f038-24c4-4c5e-8607-032254333b0e,,,TRUE,FALSE,QrCode,Bahasa,2025-12-10T09:03:08.6816Z,,,,,,,,,,,,,,68b55898ba36f57e40594600
10-12-2025 19:04:38,API dan IAS,CGK T2,1,TOILET T2D - BOARDING ROOM T2D-2 PRIA,API&IAS-TOILET-CGK T2-BL D2 TP,5,Satisfied,5,Lebih wangi,"Odor Control, Ventilation, and Overall Comfort",Positive,5,5,5,5,5,5,Petugas ramah dan sopan|Berpenampilan rapi dengan seragam jelas|Jumlah petugas cukup,,,,"Toilet bowl, urinoir, dan wastafel bersih dan berfungsi dengan baik|Ketersediaan tisu, sabun, air, dan hand dryer",,,,Lokasi toilet mudah terlihat dan terjangkau|Proses penanganan masalah cepat sehingga aktivitas bisa berjalan dengan lancar|Jadwal kebersihan yang konsisten sehingga toilet selalu dalam kondisi bersih,,,,c67d2331-982a-4467-b325-259249987d9a,Completed,New,Anonymous,78322,,cab97c1f-67b4-11f0-a847-0a0cda9789f2,01f4f038-24c4-4c5e-8607-032254333b0e,,,TRUE,FALSE,QrCode,Bahasa,2025-12-10T12:03:18.9789Z,,,,,,,,,,,,,,68b55898ba36f57e40594600
10-12-2025 22:17:20,API dan IAS,CGK T2,1,TOILET T2F - CHECKIN WANITA,API&IAS-TOILET-CGK T2-HCI F TW,5,Satisfied,5,Cleaner was working hard but not too hard to greet with a smile.  Excellent attitude and one of the cleanest Airport Toilets I have been to.,"Odor Control, Ventilation, and Overall Comfort|Cleanliness and Hygiene of Toilets",Positive,5,5,5,5,5,5,Petugas ramah dan sopan|Berpenampilan rapi dengan seragam jelas|Cepat tanggap saat membantu penumpang,,,,"Ketersediaan tisu, sabun, air, dan hand dryer|Toilet bowl, urinoir, dan wastafel bersih dan berfungsi dengan baik|Penerangan dan sirkulasi udara toilet baik|Toilet memiliki aroma yang wangi",,,,Jadwal kebersihan yang konsisten sehingga toilet selalu dalam kondisi bersih,,,,3cd044ca-0c97-47b6-b4bf-c14a89cee3ba,Completed,New,Anonymous,140108,,cab97c1f-67b4-11f0-a847-0a0cda9789f2,01f4f038-24c4-4c5e-8607-032254333b0e,,,TRUE,FALSE,QrCode,English,2025-12-10T15:14:53.8816Z,,,,,,,,,,,,,,68b55898ba36f57e40594600
11-12-2025 9:46:20,API dan IAS,CGK T2,1,TOILET T2D - BAGGAGE CLAIM PRIA,API&IAS-TOILET-CGK T2-HCO D TP,5,Satisfied,5,Petugas sangat ramah. Waktu pukul 09:45.,,Positive,5,5,5,5,5,5,Petugas ramah dan sopan|Berpenampilan rapi dengan seragam jelas|Cepat tanggap saat membantu penumpang,,,,"Ketersediaan tisu, sabun, air, dan hand dryer|Toilet bowl, urinoir, dan wastafel bersih dan berfungsi dengan baik|Penerangan dan sirkulasi udara toilet baik",,,,Lokasi toilet mudah terlihat dan terjangkau,,,,6897d06d-6940-40c7-8d47-4d92943f7cfa,Completed,New,Anonymous,110877,,cab97c1f-67b4-11f0-a847-0a0cda9789f2,01f4f038-24c4-4c5e-8607-032254333b0e,,,TRUE,FALSE,QrCode,Bahasa,2025-12-11T02:44:28.2136Z,,,,,,,,,,,,,,68b55898ba36f57e40594600
11-12-2025 9:50:56,API dan IAS,SUB,4,"T2,B3,PRIA","SUB-TOILE-T2-B3,PRIA",5,Satisfied,5,Keep it UP,,Positive,5,5,5,5,5,5,Petugas ramah dan sopan|Berpenampilan rapi dengan seragam jelas|Cepat tanggap saat membantu penumpang|Jumlah petugas cukup,,,,"Ketersediaan tisu, sabun, air, dan hand dryer|Toilet bowl, urinoir, dan wastafel bersih dan berfungsi dengan baik|Toilet memiliki aroma yang wangi|Penerangan dan sirkulasi udara toilet baik",,,,Lokasi toilet mudah terlihat dan terjangkau|Jumlah toilet mencukupi sehingga tidak ada antrean|Proses penanganan masalah cepat sehingga aktivitas bisa berjalan dengan lancar|Jadwal kebersihan yang konsisten sehingga toilet selalu dalam kondisi bersih,,,,c68d6814-8601-4ebd-8543-ac00f1dcb763,Completed,New,Anonymous,77275,,cab97c1f-67b4-11f0-a847-0a0cda9789f2,01f4f038-24c4-4c5e-8607-032254333b0e,,,TRUE,FALSE,QrCode,English,2025-12-11T02:49:38.6643Z,,,,,,,,,,,,,,68b55898ba36f57e40594600
11-12-2025 11:49:50,API dan IAS,CGK T2,1,TOILET T2D - BAGGAGE CLAIM PRIA,API&IAS-TOILET-CGK T2-HCO D TP,5,Satisfied,5,Clean and well-maintained. Love the cubicle for wuduk. Manned by staff who are helpful and friendly,"Cleanliness and Hygiene of Toilets|Facility Maintenance and Upkeep|Customer Feedback, Complaint Handling, and Service Quality",Positive,5,5,5,5,5,5,Petugas ramah dan sopan|Berpenampilan rapi dengan seragam jelas|Cepat tanggap saat membantu penumpang|Jumlah petugas cukup,,,,"Ketersediaan tisu, sabun, air, dan hand dryer|Toilet bowl, urinoir, dan wastafel bersih dan berfungsi dengan baik|Toilet memiliki aroma yang wangi|Penerangan dan sirkulasi udara toilet baik",,,,Lokasi toilet mudah terlihat dan terjangkau|Jumlah toilet mencukupi sehingga tidak ada antrean|Proses penanganan masalah cepat sehingga aktivitas bisa berjalan dengan lancar|Jadwal kebersihan yang konsisten sehingga toilet selalu dalam kondisi bersih,,,,17a14dc4-42e8-4d34-a86e-05c4f29dff71,Completed,New,Anonymous,148487,,cab97c1f-67b4-11f0-a847-0a0cda9789f2,01f4f038-24c4-4c5e-8607-032254333b0e,,,TRUE,FALSE,QrCode,English,2025-12-11T04:47:19.8294Z,,,,,,,,,,,,,,68b55898ba36f57e40594600
12-12-2025 5:42:03,API dan IAS,CGK T1,1,TOILET T1B - BOARDING ROOM T1B-2 WANITA,B. BL2. W,5,Satisfied,5,"Please ensure all toilet bowls remain consistently clean. Overall, the restroom smells pleasant and the floor is well-maintained.","Odor Control, Ventilation, and Overall Comfort|Cleanliness and Hygiene of Toilets|Facility Maintenance and Upkeep",Positive,5,5,4,4,4,4,Petugas ramah dan sopan|Berpenampilan rapi dengan seragam jelas,,,,"Ketersediaan tisu, sabun, air, dan hand dryer|Toilet memiliki aroma yang wangi|Penerangan dan sirkulasi udara toilet baik",,,,Lokasi toilet mudah terlihat dan terjangkau,,,,c30a3aa2-f93b-435f-a50f-8748be8dcc30,Completed,New,Anonymous,640091,,cab97c1f-67b4-11f0-a847-0a0cda9789f2,01f4f038-24c4-4c5e-8607-032254333b0e,,,TRUE,FALSE,QrCode,English,2025-12-11T22:31:22.7369Z,,,,,,,,,,,,,,68b55898ba36f57e40594600
12-12-2025 5:56:59,API dan IAS,CGK T1,1,TOILET T1B - CORRIDOR AFTER SCP PRIA,CCD. B1,5,Satisfied,5,12 desember 2025 jam 5.55 petugas cowok ramah,"Customer Feedback, Complaint Handling, and Service Quality",Positive,5,5,5,5,5,5,Petugas ramah dan sopan|Berpenampilan rapi dengan seragam jelas,,,,"Ketersediaan tisu, sabun, air, dan hand dryer|Toilet bowl, urinoir, dan wastafel bersih dan berfungsi dengan baik|Toilet memiliki aroma yang wangi",,,,Lokasi toilet mudah terlihat dan terjangkau|Jumlah toilet mencukupi sehingga tidak ada antrean|Proses penanganan masalah cepat sehingga aktivitas bisa berjalan dengan lancar|Jadwal kebersihan yang konsisten sehingga toilet selalu dalam kondisi bersih,,,,2176d607-0bb3-4436-9423-d7a00497c377,Completed,New,Anonymous,159636,,cab97c1f-67b4-11f0-a847-0a0cda9789f2,01f4f038-24c4-4c5e-8607-032254333b0e,,,TRUE,FALSE,QrCode,Bahasa,2025-12-11T22:54:19.2251Z,,,,,,,,,,,,,,68b55898ba36f57e40594600
12-12-2025 7:37:51,API dan IAS,SUB,4,"T1,GATE 6 CONCOURSE 7,PRIA","SUB-TOILE-T1-GATE 6 CONCOURSE 7,P",5,Satisfied,5,Best maintenance,Facility Maintenance and Upkeep,Positive,5,5,5,5,5,5,Petugas ramah dan sopan,,,,"Ketersediaan tisu, sabun, air, dan hand dryer",,,,Lokasi toilet mudah terlihat dan terjangkau,,,,dd29ca24-19eb-436f-8456-94ec6d6373ad,Completed,New,Anonymous,117324,,cab97c1f-67b4-11f0-a847-0a0cda9789f2,01f4f038-24c4-4c5e-8607-032254333b0e,,,TRUE,FALSE,QrCode,English,2025-12-12T00:35:53.0811Z,,,,,,,,,,,,,,68b55898ba36f57e40594600
12-12-2025 10:02:30,API dan IAS,CGK T1,1,TOILET T1B - ARRIVAL CORRIDOR PRIA,B. CCA. P,5,Satisfied,5,Mantap..pertahankan,,Positive,5,5,5,5,5,5,Petugas ramah dan sopan|Berpenampilan rapi dengan seragam jelas|Cepat tanggap saat membantu penumpang|Lainnya|Jumlah petugas cukup,Di sambut dengan sabar & senyum,,,"Ketersediaan tisu, sabun, air, dan hand dryer|Toilet bowl, urinoir, dan wastafel bersih dan berfungsi dengan baik|Toilet memiliki aroma yang wangi|Penerangan dan sirkulasi udara toilet baik|Lainnya",Penerangan ok,,,Lokasi toilet mudah terlihat dan terjangkau|Jumlah toilet mencukupi sehingga tidak ada antrean|Proses penanganan masalah cepat sehingga aktivitas bisa berjalan dengan lancar|Jadwal kebersihan yang konsisten sehingga toilet selalu dalam kondisi bersih|Lainnya,Ada tmpt duduk setelah keluar dari toilet,,,97ae4b25-4a8a-4bca-adbc-369b14b906f5,Completed,New,Anonymous,164032,,cab97c1f-67b4-11f0-a847-0a0cda9789f2,01f4f038-24c4-4c5e-8607-032254333b0e,,,TRUE,FALSE,QrCode,Bahasa,2025-12-12T02:59:24.0600Z,,,,,,,,,,,,,,68b55898ba36f57e40594600
12-12-2025 10:20:21,API dan IAS,CGK T2,1,TOILET T2F - CHECKIN WANITA,API&IAS-TOILET-CGK T2-HCI F TW,5,Satisfied,5,Terpelihara dengan baik,Facility Maintenance and Upkeep,Positive,5,5,5,5,5,5,Petugas ramah dan sopan,,,,"Ketersediaan tisu, sabun, air, dan hand dryer",,,,Lokasi toilet mudah terlihat dan terjangkau,,,,21f8fb14-0a67-47a7-a418-d83d4dbef927,Completed,New,Anonymous,447893,,cab97c1f-67b4-11f0-a847-0a0cda9789f2,01f4f038-24c4-4c5e-8607-032254333b0e,,,TRUE,FALSE,QrCode,Bahasa,2025-12-12T03:12:42.6493Z,,,,,,,,,,,,,,68b55898ba36f57e40594600
12-12-2025 11:53:31,API,SUB,4,"T1,LOBBY 4 PARKIR VALLET,PRIA",SUB-TOILE-T1-LOBBY 4 PARKIR VALLE,5,Satisfied,5,Di beri pengharum ruangan lebih bagus,"Odor Control, Ventilation, and Overall Comfort",Positive,5,5,5,5,5,5,Petugas ramah dan sopan|Berpenampilan rapi dengan seragam jelas,,,,Toilet memiliki aroma yang wangi,,,,Proses penanganan masalah cepat sehingga aktivitas bisa berjalan dengan lancar|Jumlah toilet mencukupi sehingga tidak ada antrean,,,,9c828b54-6557-4693-9ede-d315480bfc52,Completed,New,Anonymous,91524,,cab97c1f-67b4-11f0-a847-0a0cda9789f2,01f4f038-24c4-4c5e-8607-032254333b0e,,,TRUE,FALSE,QrCode,Bahasa,2025-12-12T04:51:59.4497Z,,,,,,,,,,,,,,68b55898ba36f57e40594600
12-12-2025 11:55:12,API dan IAS,CGK T2,1,TOILET T2D - BAGGAGE CLAIM PRIA,API&IAS-TOILET-CGK T2-HCO D TP,4,Satisfied,4,"Tingkatkan, jika memungkinkan gunakan air purifier","Odor Control, Ventilation, and Overall Comfort|Air Quality and Fragrance in Toilets",Neutral,5,5,5,5,5,5,Petugas ramah dan sopan,,,,"Ketersediaan tisu, sabun, air, dan hand dryer",,,,Lokasi toilet mudah terlihat dan terjangkau,,,,cb38cc46-51e0-452d-a81d-017de71f34da,Completed,New,Anonymous,102762,,cab97c1f-67b4-11f0-a847-0a0cda9789f2,01f4f038-24c4-4c5e-8607-032254333b0e,,,TRUE,FALSE,QrCode,Bahasa,2025-12-12T04:53:30.1602Z,,,,,,,,,,,,,,68b55898ba36f57e40594600
12-12-2025 12:33:46,API dan IAS,CGK T2,1,TOILET T2D - BOARDING ROOM T2D-7 PRIA,API&IAS-TOILET-CGK T2-BL D7 TP,5,Satisfied,5,Bagus pelayanan Petugas juga ramah dan mengarahkan good untuk in journey dalam mengelolah petugas dan fasilitas,"Facility Maintenance and Upkeep|Customer Feedback, Complaint Handling, and Service Quality",Positive,5,5,5,5,5,5,Petugas ramah dan sopan|Berpenampilan rapi dengan seragam jelas|Cepat tanggap saat membantu penumpang|Jumlah petugas cukup,,,,"Ketersediaan tisu, sabun, air, dan hand dryer|Toilet bowl, urinoir, dan wastafel bersih dan berfungsi dengan baik|Toilet memiliki aroma yang wangi|Penerangan dan sirkulasi udara toilet baik",,,,Lokasi toilet mudah terlihat dan terjangkau|Jumlah toilet mencukupi sehingga tidak ada antrean|Proses penanganan masalah cepat sehingga aktivitas bisa berjalan dengan lancar|Jadwal kebersihan yang konsisten sehingga toilet selalu dalam kondisi bersih,,,,6eecf6fc-7205-4cd9-83e2-e9aded222b88,Completed,New,Anonymous,85421,,cab97c1f-67b4-11f0-a847-0a0cda9789f2,01f4f038-24c4-4c5e-8607-032254333b0e,,,TRUE,FALSE,QrCode,Bahasa,2025-12-12T05:32:12.8288Z,,,,,,,,,,,,,,68b55898ba36f57e40594600
12-12-2025 18:41:14,API dan IAS,CGK T2,1,TOILET T2D - BAGGAGE CLAIM PRIA,API&IAS-TOILET-CGK T2-HCO D TP,5,Satisfied,5,yez,,Positive,5,5,5,5,5,5,Petugas ramah dan sopan|Berpenampilan rapi dengan seragam jelas|Cepat tanggap saat membantu penumpang,,,,"Ketersediaan tisu, sabun, air, dan hand dryer|Toilet bowl, urinoir, dan wastafel bersih dan berfungsi dengan baik|Toilet memiliki aroma yang wangi",,,,Lokasi toilet mudah terlihat dan terjangkau|Jumlah toilet mencukupi sehingga tidak ada antrean|Proses penanganan masalah cepat sehingga aktivitas bisa berjalan dengan lancar,,,,35c9646b-bb12-4e30-be4f-abbfd6271a6b,Completed,New,Anonymous,26435,,cab97c1f-67b4-11f0-a847-0a0cda9789f2,01f4f038-24c4-4c5e-8607-032254333b0e,,,TRUE,FALSE,QrCode,English,2025-12-12T11:40:47.6114Z,,,,,,,,,,,,,,68b55898ba36f57e40594600
12-12-2025 19:49:56,API dan IAS,CGK T2,1,TOILET T2D - BOARDING ROOM T2D-1 PRIA,API&IAS-TOILET-CGK T2-BL D1 TP,5,Satisfied,5,Bagus,,Positive,5,5,5,5,5,5,Petugas ramah dan sopan|Berpenampilan rapi dengan seragam jelas|Cepat tanggap saat membantu penumpang|Jumlah petugas cukup,,,,"Ketersediaan tisu, sabun, air, dan hand dryer|Toilet bowl, urinoir, dan wastafel bersih dan berfungsi dengan baik|Toilet memiliki aroma yang wangi|Penerangan dan sirkulasi udara toilet baik",,,,Lokasi toilet mudah terlihat dan terjangkau|Jumlah toilet mencukupi sehingga tidak ada antrean|Proses penanganan masalah cepat sehingga aktivitas bisa berjalan dengan lancar|Jadwal kebersihan yang konsisten sehingga toilet selalu dalam kondisi bersih,,,,567ef40f-f220-4662-b87a-639cbb874655,Completed,New,Anonymous,45116,,cab97c1f-67b4-11f0-a847-0a0cda9789f2,01f4f038-24c4-4c5e-8607-032254333b0e,,,TRUE,FALSE,QrCode,Bahasa,2025-12-12T12:49:08.0377Z,,,,,,,,,,,,,,68b55898ba36f57e40594600
13-12-2025 1:53:21,API dan IAS,CGK T2,1,TOILET T2D - BAGGAGE CLAIM PRIA,API&IAS-TOILET-CGK T2-HCO D TP,5,Satisfied,5,keberaihan sudah maksimal terimakasih,,Positive,5,5,5,5,5,5,Petugas ramah dan sopan,,,,"Ketersediaan tisu, sabun, air, dan hand dryer",,,,Lokasi toilet mudah terlihat dan terjangkau,,,,1feb756f-ec4d-4e67-bb5d-0b18c50a55d6,Completed,New,Anonymous,77836,,cab97c1f-67b4-11f0-a847-0a0cda9789f2,01f4f038-24c4-4c5e-8607-032254333b0e,,,TRUE,FALSE,QrCode,Bahasa,2025-12-12T18:52:03.2199Z,,,,,,,,,,,,,,68b55898ba36f57e40594600
13-12-2025 2:13:57,API dan IAS,CGK T1,1,TOILET T1B - CHECKIN PRIA,B. HCI. P,5,Satisfied,5,"Keep the cleanness, keep indonesia great",Cleanliness and Hygiene of Toilets,Positive,5,5,5,5,5,5,Petugas ramah dan sopan,,,,"Toilet bowl, urinoir, dan wastafel bersih dan berfungsi dengan baik",,,,Lokasi toilet mudah terlihat dan terjangkau,,,,553d4b52-d671-480f-8b36-2b7780307cb2,Completed,New,Anonymous,109414,,cab97c1f-67b4-11f0-a847-0a0cda9789f2,01f4f038-24c4-4c5e-8607-032254333b0e,,,TRUE,FALSE,QrCode,English,2025-12-12T19:12:08.3806Z,,,,,,,,,,,,,,68b55898ba36f57e40594600
13-12-2025 3:52:04,API dan IAS,CGK T3,1,TOILET T3 INT - PARKING WANITA,PI.02.S.W,5,Satisfied,5,toilet boarding bersih,Cleanliness and Hygiene of Toilets,Positive,5,5,5,5,5,5,Petugas ramah dan sopan,,,,"Ketersediaan tisu, sabun, air, dan hand dryer",,,,Jumlah toilet mencukupi sehingga tidak ada antrean,,,,d53b4bbc-d77a-499f-a95e-0b80f602d009,Completed,New,Anonymous,67106,,cab97c1f-67b4-11f0-a847-0a0cda9789f2,01f4f038-24c4-4c5e-8607-032254333b0e,,,TRUE,FALSE,QrCode,Bahasa,2025-12-12T20:50:57.8752Z,,,,,,,,,,,,,,68b55898ba36f57e40594600
13-12-2025 6:52:34,API dan IAS,CGK T2,1,TOILET T2E - DEPARTURE CURBSIDE PRIA,API&IAS-TOILET-CGK T2-PCI E TP,5,Satisfied,5,Semakin ditingkatkan,Facility Maintenance and Upkeep,Positive,5,5,5,5,5,5,Petugas ramah dan sopan|Berpenampilan rapi dengan seragam jelas|Cepat tanggap saat membantu penumpang|Jumlah petugas cukup,,,,"Ketersediaan tisu, sabun, air, dan hand dryer|Toilet bowl, urinoir, dan wastafel bersih dan berfungsi dengan baik|Toilet memiliki aroma yang wangi|Penerangan dan sirkulasi udara toilet baik",,,,Lokasi toilet mudah terlihat dan terjangkau|Jumlah toilet mencukupi sehingga tidak ada antrean|Proses penanganan masalah cepat sehingga aktivitas bisa berjalan dengan lancar|Jadwal kebersihan yang konsisten sehingga toilet selalu dalam kondisi bersih,,,,bc9014cb-da0e-464b-b3e6-0294625dccb4,Completed,New,Anonymous,70176,,cab97c1f-67b4-11f0-a847-0a0cda9789f2,01f4f038-24c4-4c5e-8607-032254333b0e,,,TRUE,FALSE,QrCode,Bahasa,2025-12-12T23:51:22.8922Z,,,,,,,,,,,,,,68b55898ba36f57e40594600
13-12-2025 7:44:22,API dan IAS,DPS,2,TOILET KEDATANGAN INTERNASIONAL AIRSIDE TIMUR (PRIA),DPS-TOILET-1N-P,3,Neutral,3,"Tolong air ditoilet alfa 20 dan 21 cowok
Air tidak bisa dimatikan jadi keluar trus","Air Quality and Fragrance in Toilets|Safety, Privacy, and Security in Toilet Areas",Negative,3,3,3,3,3,3,,,Lainnya,Air kran tidak bisa mati,,,Lainnya,A,,,Lainnya,A,93106b34-7734-4db9-b660-e78321093a91,Completed,New,Anonymous,184728,,cab97c1f-67b4-11f0-a847-0a0cda9789f2,01f4f038-24c4-4c5e-8607-032254333b0e,,,TRUE,FALSE,QrCode,Bahasa,2025-12-13T00:41:16.7420Z,,,,,,,,,,,,,,68b55898ba36f57e40594600
13-12-2025 8:40:45,API dan IAS,CGK T2,1,TOILET T2E - BOARDING ROOM T2E-7 PRIA,API&IAS-TOILET-CGK T2-BL E7 TP,5,Satisfied,5,Dispenser sabunnya dapat memberi kita lebih banyak sabun,"Toilet Facilities and Completeness (e.g., soap, water, seats)",Positive,5,5,4,4,5,5,Petugas ramah dan sopan|Berpenampilan rapi dengan seragam jelas|Cepat tanggap saat membantu penumpang|Jumlah petugas cukup,,,,"Ketersediaan tisu, sabun, air, dan hand dryer|Toilet bowl, urinoir, dan wastafel bersih dan berfungsi dengan baik|Penerangan dan sirkulasi udara toilet baik",,,,Lokasi toilet mudah terlihat dan terjangkau|Jumlah toilet mencukupi sehingga tidak ada antrean|Proses penanganan masalah cepat sehingga aktivitas bisa berjalan dengan lancar|Jadwal kebersihan yang konsisten sehingga toilet selalu dalam kondisi bersih,,,,62a92b0f-0563-49a9-bb1b-f0bf480b9dcf,Completed,New,Anonymous,100707,,cab97c1f-67b4-11f0-a847-0a0cda9789f2,01f4f038-24c4-4c5e-8607-032254333b0e,,,TRUE,FALSE,QrCode,Bahasa,2025-12-13T01:39:03.6435Z,,,,,,,,,,,,,,68b55898ba36f57e40594600
13-12-2025 12:29:51,API dan IAS,CGK T2,1,TOILET T2E - DEPARTURE CURBSIDE PRIA,API&IAS-TOILET-CGK T2-PCI E TP,3,Neutral,3,Kotor bekas ijek kaki,Cleanliness and Hygiene of Toilets,Negative,3,3,3,3,3,3,,,Petugas tidak ramah dan kurang sopan,,,,Toilet memiliki aroma yang bau,,,,Antrean toilet panjang karena jumlah toilet tidak mencukupi,,393b61f8-d922-44b7-be84-2d2d75a31e50,Completed,New,Anonymous,101735,,cab97c1f-67b4-11f0-a847-0a0cda9789f2,01f4f038-24c4-4c5e-8607-032254333b0e,,,TRUE,FALSE,QrCode,Bahasa,2025-12-13T05:28:08.5272Z,,,,,,,,,,,,,,68b55898ba36f57e40594600
13-12-2025 13:18:12,API dan IAS,CGK T2,1,TOILET T2E - BOARDING ROOM T2E-2 PRIA,API&IAS-TOILET-CGK T2-BL E2 TP,4,Satisfied,4,"Selalu berikan layanan prima, beri pengharum aroma lembut/ segar sekitar musholla. Terimakasih","Odor Control, Ventilation, and Overall Comfort",Positive,4,4,4,4,4,4,Petugas ramah dan sopan|Berpenampilan rapi dengan seragam jelas,,,,"Ketersediaan tisu, sabun, air, dan hand dryer|Toilet bowl, urinoir, dan wastafel bersih dan berfungsi dengan baik",,,,Lokasi toilet mudah terlihat dan terjangkau,,,,de820ccd-58c1-49af-99af-4aa365243ba0,Completed,New,Anonymous,147539,,cab97c1f-67b4-11f0-a847-0a0cda9789f2,01f4f038-24c4-4c5e-8607-032254333b0e,,,TRUE,FALSE,QrCode,Bahasa,2025-12-13T06:15:43.3330Z,,,,,,,,,,,,,,68b55898ba36f57e40594600
14-12-2025 1:02:51,API dan IAS,CGK T2,1,TOILET T2D - BAGGAGE CLAIM PRIA,API&IAS-TOILET-CGK T2-HCO D TP,5,Satisfied,5,"Pertahankan, toiletnya bersih harum dan nyaman","Odor Control, Ventilation, and Overall Comfort|Cleanliness and Hygiene of Toilets",Positive,5,5,5,5,5,5,Berpenampilan rapi dengan seragam jelas,,,,"Toilet bowl, urinoir, dan wastafel bersih dan berfungsi dengan baik",,,,Lokasi toilet mudah terlihat dan terjangkau|Jadwal kebersihan yang konsisten sehingga toilet selalu dalam kondisi bersih,,,,751aeaf7-0fc2-4f10-9d9f-a65a1a42f041,Completed,New,Anonymous,201636,,cab97c1f-67b4-11f0-a847-0a0cda9789f2,01f4f038-24c4-4c5e-8607-032254333b0e,,,TRUE,FALSE,QrCode,Bahasa,2025-12-13T17:59:29.1266Z,,,,,,,,,,,,,,68b55898ba36f57e40594600
14-12-2025 5:04:32,API dan IAS,CGK T1,1,TOILET T1B - BOARDING ROOM T1B-6 PRIA,B. BL6. P,4,Satisfied,4,,,,5,5,4,4,4,4,Petugas ramah dan sopan|Berpenampilan rapi dengan seragam jelas,,,,Penerangan dan sirkulasi udara toilet baik|Toilet memiliki aroma yang wangi,,,,Jadwal kebersihan yang konsisten sehingga toilet selalu dalam kondisi bersih|Lokasi toilet mudah terlihat dan terjangkau|Jumlah toilet mencukupi sehingga tidak ada antrean,,,,265f5013-9067-4b7d-b303-c3f2fe0633de,Completed,New,Anonymous,917847,,cab97c1f-67b4-11f0-a847-0a0cda9789f2,01f4f038-24c4-4c5e-8607-032254333b0e,,,TRUE,FALSE,QrCode,English,2025-12-13T21:49:11.7001Z,,,,,,,,,,,,,,68b55898ba36f57e40594600
14-12-2025 7:30:26,API dan IAS,CGK T2,1,TOILET T2E - BOARDING ROOM T2E-4 PRIA,API&IAS-TOILET-CGK T2-BL E4 TP,4,Satisfied,4,Sangat bersih dipertahankan,Cleanliness and Hygiene of Toilets,Positive,5,5,4,4,4,4,Petugas ramah dan sopan,,,,"Ketersediaan tisu, sabun, air, dan hand dryer|Toilet bowl, urinoir, dan wastafel bersih dan berfungsi dengan baik|Penerangan dan sirkulasi udara toilet baik|Toilet memiliki aroma yang wangi",,,,Proses penanganan masalah cepat sehingga aktivitas bisa berjalan dengan lancar,,,,fb2d8837-0a0a-4699-9c34-f25fad3fd21d,Completed,New,Anonymous,93110,,cab97c1f-67b4-11f0-a847-0a0cda9789f2,01f4f038-24c4-4c5e-8607-032254333b0e,,,TRUE,FALSE,QrCode,Bahasa,2025-12-14T00:28:52.5357Z,,,,,,,,,,,,,,68b55898ba36f57e40594600
14-12-2025 9:20:13,API dan IAS,CGK T1,1,TOILET T1B - CHECKIN PRIA,B. HCI. P,5,Satisfied,5,Mantap,,Positive,5,5,5,5,5,5,Petugas ramah dan sopan,,,,"Ketersediaan tisu, sabun, air, dan hand dryer",,,,Lokasi toilet mudah terlihat dan terjangkau,,,,079e37c2-e9c6-490a-b1a0-6959ae7cdf82,Completed,New,Anonymous,31053,,cab97c1f-67b4-11f0-a847-0a0cda9789f2,01f4f038-24c4-4c5e-8607-032254333b0e,,,TRUE,FALSE,QrCode,Bahasa,2025-12-14T02:19:41.6058Z,,,,,,,,,,,,,,68b55898ba36f57e40594600
14-12-2025 12:52:04,API dan IAS,CGK T2,1,TOILET T2D - BOARDING ROOM T2D-2 PRIA,API&IAS-TOILET-CGK T2-BL D2 TP,5,Satisfied,5,"Sudah baik, dipertahankan",Cleanliness and Hygiene of Toilets,Positive,5,5,5,5,5,5,Petugas ramah dan sopan|Berpenampilan rapi dengan seragam jelas|Cepat tanggap saat membantu penumpang|Jumlah petugas cukup|Lainnya,Ga ada,,,"Ketersediaan tisu, sabun, air, dan hand dryer|Toilet bowl, urinoir, dan wastafel bersih dan berfungsi dengan baik|Toilet memiliki aroma yang wangi|Penerangan dan sirkulasi udara toilet baik",,,,Lokasi toilet mudah terlihat dan terjangkau|Jumlah toilet mencukupi sehingga tidak ada antrean|Proses penanganan masalah cepat sehingga aktivitas bisa berjalan dengan lancar|Jadwal kebersihan yang konsisten sehingga toilet selalu dalam kondisi bersih,,,,0807d80f-707d-4c7c-b5ca-44b1bf56fa29,Completed,New,Anonymous,2370883,,cab97c1f-67b4-11f0-a847-0a0cda9789f2,01f4f038-24c4-4c5e-8607-032254333b0e,,,TRUE,FALSE,QrCode,Bahasa,2025-12-14T05:12:32.9593Z,,,,,,,,,,,,,,68b55898ba36f57e40594600
14-12-2025 12:55:23,API dan IAS,CGK T2,1,TOILET T2E - BOARDING ROOM T2E-3 PRIA,API&IAS-TOILET-CGK T2-BL E3 TP,5,Satisfied,5,,,,5,5,5,5,5,5,Petugas ramah dan sopan|Berpenampilan rapi dengan seragam jelas|Cepat tanggap saat membantu penumpang|Jumlah petugas cukup,,,,"Ketersediaan tisu, sabun, air, dan hand dryer|Toilet bowl, urinoir, dan wastafel bersih dan berfungsi dengan baik|Toilet memiliki aroma yang wangi|Penerangan dan sirkulasi udara toilet baik",,,,Lokasi toilet mudah terlihat dan terjangkau|Jumlah toilet mencukupi sehingga tidak ada antrean|Proses penanganan masalah cepat sehingga aktivitas bisa berjalan dengan lancar|Jadwal kebersihan yang konsisten sehingga toilet selalu dalam kondisi bersih,,,,cef935de-7820-4172-9cd5-9fadddaf9298,Completed,New,Anonymous,74073,,cab97c1f-67b4-11f0-a847-0a0cda9789f2,01f4f038-24c4-4c5e-8607-032254333b0e,,,TRUE,FALSE,QrCode,Bahasa,2025-12-14T05:54:08.0540Z,,,,,,,,,,,,,,68b55898ba36f57e40594600
14-12-2025 17:29:34,API dan IAS,SUB,4,"T1,LOBBY 3,PRIA","SUB-TOILE-T1-LOBBY 3,PRIA",4,Satisfied,4,Bersih,Cleanliness and Hygiene of Toilets,Neutral,4,4,4,4,4,4,Berpenampilan rapi dengan seragam jelas,,,,Toilet memiliki aroma yang wangi,,,,Jadwal kebersihan yang konsisten sehingga toilet selalu dalam kondisi bersih,,,,606c94b8-0b2b-4b5e-a037-ed3b50e8747c,Completed,New,Anonymous,80615,,cab97c1f-67b4-11f0-a847-0a0cda9789f2,01f4f038-24c4-4c5e-8607-032254333b0e,,,TRUE,FALSE,QrCode,Bahasa,2025-12-14T10:28:13.8708Z,,,,,,,,,,,,,,68b55898ba36f57e40594600
14-12-2025 18:19:10,API dan IAS,CGK T1,1,TOILET T1B - BOARDING ROOM T1B-6 PRIA,B. BL6. P,5,Satisfied,5,keren,,Positive,5,5,5,5,5,5,Petugas ramah dan sopan|Berpenampilan rapi dengan seragam jelas|Cepat tanggap saat membantu penumpang|Jumlah petugas cukup,,,,"Ketersediaan tisu, sabun, air, dan hand dryer|Toilet bowl, urinoir, dan wastafel bersih dan berfungsi dengan baik|Toilet memiliki aroma yang wangi|Penerangan dan sirkulasi udara toilet baik",,,,Lokasi toilet mudah terlihat dan terjangkau|Jumlah toilet mencukupi sehingga tidak ada antrean|Proses penanganan masalah cepat sehingga aktivitas bisa berjalan dengan lancar|Jadwal kebersihan yang konsisten sehingga toilet selalu dalam kondisi bersih,,,,2ba418fb-4955-4aa9-a538-ee3e19e76b51,Completed,New,Anonymous,118997,,cab97c1f-67b4-11f0-a847-0a0cda9789f2,01f4f038-24c4-4c5e-8607-032254333b0e,,,TRUE,FALSE,QrCode,Bahasa,2025-12-14T11:16:31.7612Z,,,,,,,,,,,,,,68b55898ba36f57e40594600
14-12-2025 19:51:00,API dan IAS,SUB,4,"T1,GATE 6 CONCOURSE 7,WANITA","SUB-TOILE-T1-GATE 6 CONCOURSE 7,W",1,Not Satisfied,1,the staff so rude like doesnt want toilet used by customers in toilet gate 6,"Customer Feedback, Complaint Handling, and Service Quality",Negative,1,1,3,3,1,1,,,Petugas tidak ramah dan kurang sopan,,,,Penerangan dan sirkulasi udara toilet tidak baik,,,,Kondisi toilet kotor karena jadwal pembersihan tidak jelas,,1a8c11c7-04a8-4d1e-a2eb-ab17a6dcd7f6,Completed,New,Anonymous,188090,,cab97c1f-67b4-11f0-a847-0a0cda9789f2,01f4f038-24c4-4c5e-8607-032254333b0e,,,TRUE,FALSE,QrCode,English,2025-12-14T12:47:52.2335Z,,,,,,,,,,,,,,68b55898ba36f57e40594600
14-12-2025 22:48:35,API dan IAS,CGK T2,1,TOILET T2D - BOARDING ROOM T2D-5 PRIA,API&IAS-TOILET-CGK T2-BL D5 TP,5,Satisfied,5,"Kualitas toilet sangat baik, saya sangat senang dapat menggunakan toilet di Bandara Internasional Soekarno-Hatta",Cleanliness and Hygiene of Toilets,Positive,5,5,5,5,5,5,Petugas ramah dan sopan|Berpenampilan rapi dengan seragam jelas|Cepat tanggap saat membantu penumpang|Jumlah petugas cukup,,,,"Ketersediaan tisu, sabun, air, dan hand dryer|Toilet bowl, urinoir, dan wastafel bersih dan berfungsi dengan baik|Toilet memiliki aroma yang wangi|Penerangan dan sirkulasi udara toilet baik",,,,Lokasi toilet mudah terlihat dan terjangkau|Jumlah toilet mencukupi sehingga tidak ada antrean|Proses penanganan masalah cepat sehingga aktivitas bisa berjalan dengan lancar|Jadwal kebersihan yang konsisten sehingga toilet selalu dalam kondisi bersih,,,,ec1fb4bc-878c-46e9-ab71-c66505509e13,Completed,New,Anonymous,141550,,cab97c1f-67b4-11f0-a847-0a0cda9789f2,01f4f038-24c4-4c5e-8607-032254333b0e,,,TRUE,FALSE,QrCode,Bahasa,2025-12-14T15:46:14.1785Z,,,,,,,,,,,,,,68b55898ba36f57e40594600
15-12-2025 5:58:28,API dan IAS,DPS,2,TOILET KEBERANGKATAN INTERNASIONAL GATE 5 (WANITA + DIFABLE),DPS-TOILET-3K-W,1,Not Satisfied,1,"Pegawai yang hendel pada hari senin tanggal 15 desember 2025 di gate 5 sangat tidak ramah, kerja nya ngamuk” banting” tempat toilet seperti tidak suka dengan keramaian",Cleanliness and Hygiene of Toilets,Negative,1,1,1,1,1,1,,,Petugas tidak ramah dan kurang sopan,,,,Lainnya,Kerjanya ngamuk” banting” barang,,,Lainnya,Ta,29070d16-9558-4ced-981c-9e52038374e3,Completed,New,Anonymous,131760,,cab97c1f-67b4-11f0-a847-0a0cda9789f2,01f4f038-24c4-4c5e-8607-032254333b0e,,,TRUE,FALSE,QrCode,Bahasa,2025-12-14T22:56:16.4671Z,,,,,,,,,,,,,,68b55898ba36f57e40594600
15-12-2025 7:06:26,API dan IAS,CGK T1,1,TOILET T1B - CHECKIN PRIA,B. HCI. P,4,Satisfied,4,Secara umum OK,,Neutral,4,4,4,4,4,4,Lainnya,Semuanya secara umum OK,,,Lainnya,Ok,,,Lainnya,Ok,,,299f0536-4265-4b00-b7d1-2e2934882bb9,Completed,New,Anonymous,139014,,cab97c1f-67b4-11f0-a847-0a0cda9789f2,01f4f038-24c4-4c5e-8607-032254333b0e,,,TRUE,FALSE,QrCode,Bahasa,2025-12-15T00:04:08.6196Z,,,,,,,,,,,,,,68b55898ba36f57e40594600
15-12-2025 8:26:25,API dan IAS,CGK T2,1,TOILET T2D - BAGGAGE CLAIM PRIA,API&IAS-TOILET-CGK T2-HCO D TP,5,Satisfied,5,,,,5,5,5,5,5,5,Petugas ramah dan sopan|Berpenampilan rapi dengan seragam jelas|Cepat tanggap saat membantu penumpang,,,,"Lainnya|Penerangan dan sirkulasi udara toilet baik|Ketersediaan tisu, sabun, air, dan hand dryer",petugas ramah,,,Lokasi toilet mudah terlihat dan terjangkau,,,,78200a0d-1215-4cd0-9f21-86c6bb328db7,Completed,New,Anonymous,94774,,cab97c1f-67b4-11f0-a847-0a0cda9789f2,01f4f038-24c4-4c5e-8607-032254333b0e,,,TRUE,FALSE,QrCode,Bahasa,2025-12-15T01:24:50.7149Z,,,,,,,,,,,,,,68b55898ba36f57e40594600
15-12-2025 8:43:15,API dan IAS,CGK T2,1,TOILET T2E - BOARDING ROOM T2E-2 PRIA,API&IAS-TOILET-CGK T2-BL E2 TP,4,Satisfied,4,"sangat bersih, di pertahankan",Cleanliness and Hygiene of Toilets,Positive,5,5,5,5,5,5,Petugas ramah dan sopan|Berpenampilan rapi dengan seragam jelas|Cepat tanggap saat membantu penumpang|Jumlah petugas cukup,,,,"Ketersediaan tisu, sabun, air, dan hand dryer|Toilet bowl, urinoir, dan wastafel bersih dan berfungsi dengan baik|Toilet memiliki aroma yang wangi|Penerangan dan sirkulasi udara toilet baik",,,,Lokasi toilet mudah terlihat dan terjangkau|Jumlah toilet mencukupi sehingga tidak ada antrean|Proses penanganan masalah cepat sehingga aktivitas bisa berjalan dengan lancar|Jadwal kebersihan yang konsisten sehingga toilet selalu dalam kondisi bersih,,,,951ca6ba-9a73-4a7e-8d4a-b13be1c113d0,Completed,New,Anonymous,102257,,cab97c1f-67b4-11f0-a847-0a0cda9789f2,01f4f038-24c4-4c5e-8607-032254333b0e,,,TRUE,FALSE,QrCode,Bahasa,2025-12-15T01:41:33.5050Z,,,,,,,,,,,,,,68b55898ba36f57e40594600
15-12-2025 10:50:15,API dan IAS,YIA,4,TOILET MEZZANINE TIMUR PRIA,YIA-TOI-MZ-T-P,5,Satisfied,5,,,,5,5,2,2,4,4,Petugas ramah dan sopan|Berpenampilan rapi dengan seragam jelas,,,,,,"Tisu, sabun, air, dan hand dryer tidak tersedia",,Lokasi toilet mudah terlihat dan terjangkau|Jumlah toilet mencukupi sehingga tidak ada antrean,,,,08a144e4-4cf7-45c4-b75e-07296642297b,Completed,New,Anonymous,48449,,cab97c1f-67b4-11f0-a847-0a0cda9789f2,01f4f038-24c4-4c5e-8607-032254333b0e,,,TRUE,FALSE,QrCode,Bahasa,2025-12-15T03:49:26.3174Z,,,,,,,,,,,,,,68b55898ba36f57e40594600
15-12-2025 14:19:26,API dan IAS,DPS,2,TOILET KEBERANGKATAN DOMESTIK GATE 3-4 (WANITA),DPS-TOILET-DD05-W,5,Satisfied,5,petugas ramah,,Positive,5,5,5,5,5,5,Petugas ramah dan sopan|Cepat tanggap saat membantu penumpang|Berpenampilan rapi dengan seragam jelas,,,,"Toilet memiliki aroma yang wangi|Ketersediaan tisu, sabun, air, dan hand dryer|Toilet bowl, urinoir, dan wastafel bersih dan berfungsi dengan baik",,,,Proses penanganan masalah cepat sehingga aktivitas bisa berjalan dengan lancar|Jadwal kebersihan yang konsisten sehingga toilet selalu dalam kondisi bersih,,,,7a6cc568-4bae-4a19-8e66-867d671dbcbf,Completed,New,Anonymous,137685,,cab97c1f-67b4-11f0-a847-0a0cda9789f2,01f4f038-24c4-4c5e-8607-032254333b0e,,,TRUE,FALSE,QrCode,Bahasa,2025-12-15T07:17:08.3665Z,,,,,,,,,,,,,,68b55898ba36f57e40594600
15-12-2025 19:55:31,API dan IAS,SUB,4,"T1,GATE 6 CONCOURSE 7,PRIA","SUB-TOILE-T1-GATE 6 CONCOURSE 7,P",5,Satisfied,5,sudah bersih pertahankan,Cleanliness and Hygiene of Toilets,Positive,5,5,5,5,5,5,Petugas ramah dan sopan|Berpenampilan rapi dengan seragam jelas|Cepat tanggap saat membantu penumpang,,,,"Toilet bowl, urinoir, dan wastafel bersih dan berfungsi dengan baik|Toilet memiliki aroma yang wangi|Ketersediaan tisu, sabun, air, dan hand dryer",,,,Lokasi toilet mudah terlihat dan terjangkau|Jumlah toilet mencukupi sehingga tidak ada antrean|Proses penanganan masalah cepat sehingga aktivitas bisa berjalan dengan lancar,,,,2d230174-f6e6-40d1-9791-5b6e06177ed1,Completed,New,Anonymous,240085,,cab97c1f-67b4-11f0-a847-0a0cda9789f2,01f4f038-24c4-4c5e-8607-032254333b0e,,,TRUE,FALSE,QrCode,Bahasa,2025-12-15T12:51:30.6148Z,,,,,,,,,,,,,,68b55898ba36f57e40594600
15-12-2025 20:50:48,API dan IAS,CGK T1,1,TOILET T1B - BOARDING ROOM T1B-4 PRIA,B. BL4. P,5,Satisfied,5,Bersih dan petugas yg ramah,Cleanliness and Hygiene of Toilets,Positive,5,5,5,5,5,5,Petugas ramah dan sopan,,,,"Toilet bowl, urinoir, dan wastafel bersih dan berfungsi dengan baik",,,,Lokasi toilet mudah terlihat dan terjangkau,,,,de5ead79-eb9d-456f-9fb6-1888e70e3e37,Completed,New,Anonymous,118641,,cab97c1f-67b4-11f0-a847-0a0cda9789f2,01f4f038-24c4-4c5e-8607-032254333b0e,,,TRUE,FALSE,QrCode,Bahasa,2025-12-15T13:48:47.4952Z,,,,,,,,,,,,,,68b55898ba36f57e40594600
15-12-2025 21:01:35,API dan IAS,CGK T2,1,TOILET T2D - BAGGAGE CLAIM PRIA,API&IAS-TOILET-CGK T2-HCO D TP,5,Satisfied,5,Semangat terus,,Positive,4,4,4,4,4,4,Petugas ramah dan sopan,,,,"Toilet bowl, urinoir, dan wastafel bersih dan berfungsi dengan baik",,,,Jadwal kebersihan yang konsisten sehingga toilet selalu dalam kondisi bersih,,,,5020bedd-7c39-43c3-bdd0-772c518cc1f4,Completed,New,Anonymous,80557,,cab97c1f-67b4-11f0-a847-0a0cda9789f2,01f4f038-24c4-4c5e-8607-032254333b0e,,,TRUE,FALSE,QrCode,Bahasa,2025-12-15T14:00:14.5892Z,,,,,,,,,,,,,,68b55898ba36f57e40594600
16-12-2025 8:21:59,API dan IAS,CGK T2,1,TOILET T2D - ARRIVAL CORRIDOR PRIA,API&IAS-TOILET-CGK T2-CCA D TP,5,Satisfied,5,Semua sudh oke...,Cleanliness and Hygiene of Toilets,Positive,5,5,5,5,5,5,Petugas ramah dan sopan,,,,Toilet memiliki aroma yang wangi,,,,Lokasi toilet mudah terlihat dan terjangkau,,,,189022ad-2c71-44a1-a2ee-0cc6861e041f,Completed,New,Anonymous,96362,,cab97c1f-67b4-11f0-a847-0a0cda9789f2,01f4f038-24c4-4c5e-8607-032254333b0e,,,TRUE,FALSE,QrCode,Bahasa,2025-12-16T01:20:23.0795Z,,,,,,,,,,,,,,68b55898ba36f57e40594600
16-12-2025 9:14:12,API dan IAS,DPS,2,TOILET KEBERANGKATAN DOMESTIK GATE 2 (PRIA + DIFABLE),DPS-TOILET-DD06-P,5,Satisfied,5,"Petugas ramah ,toilet bersih dipria maupun diwanita,tetap dipertahankan",Cleanliness and Hygiene of Toilets,Positive,5,5,4,4,5,5,Petugas ramah dan sopan|Berpenampilan rapi dengan seragam jelas|Cepat tanggap saat membantu penumpang|Jumlah petugas cukup,,,,"Ketersediaan tisu, sabun, air, dan hand dryer|Toilet bowl, urinoir, dan wastafel bersih dan berfungsi dengan baik|Toilet memiliki aroma yang wangi|Penerangan dan sirkulasi udara toilet baik",,,,Lokasi toilet mudah terlihat dan terjangkau|Jumlah toilet mencukupi sehingga tidak ada antrean|Jadwal kebersihan yang konsisten sehingga toilet selalu dalam kondisi bersih|Proses penanganan masalah cepat sehingga aktivitas bisa berjalan dengan lancar,,,,bf22082e-aff5-48e7-9f06-bdc0784bed8b,Completed,New,Anonymous,101411,,cab97c1f-67b4-11f0-a847-0a0cda9789f2,01f4f038-24c4-4c5e-8607-032254333b0e,,,TRUE,FALSE,QrCode,Bahasa,2025-12-16T02:12:30.7036Z,,,,,,,,,,,,,,68b55898ba36f57e40594600
16-12-2025 9:19:54,API dan IAS,DPS,2,TOILET KEDATANGAN DOMESTIK R. KEDATANGAN BELAKANG KONTER TIC (PRIA + DIFABLE),DPS-TOILET-AD02-P,5,Satisfied,5,Fasilitas lengkap dan toilet kering,"Toilet Facilities and Completeness (e.g., soap, water, seats)",Positive,4,4,5,5,5,5,Petugas ramah dan sopan,,,,"Toilet bowl, urinoir, dan wastafel bersih dan berfungsi dengan baik",,,,Lokasi toilet mudah terlihat dan terjangkau,,,,cee96c52-694f-48f6-9464-95fd799a5d7d,Completed,New,Anonymous,163416,,cab97c1f-67b4-11f0-a847-0a0cda9789f2,01f4f038-24c4-4c5e-8607-032254333b0e,,,TRUE,FALSE,QrCode,Bahasa,2025-12-16T02:17:10.8854Z,,,,,,,,,,,,,,68b55898ba36f57e40594600
16-12-2025 9:28:14,API dan IAS,DPS,2,TOILET KEDATANGAN DOMESTIK R. KEDATANGAN CONVEYOR 5 (PRIA),DPS-TOILET-AD03-P,5,Satisfied,5,,,,5,5,5,5,5,5,Petugas ramah dan sopan,,,,"Ketersediaan tisu, sabun, air, dan hand dryer",,,,Lokasi toilet mudah terlihat dan terjangkau,,,,4f77320f-fe7d-4719-8607-a9624c0a6cb7,Completed,New,Anonymous,94795,,cab97c1f-67b4-11f0-a847-0a0cda9789f2,01f4f038-24c4-4c5e-8607-032254333b0e,,,TRUE,FALSE,QrCode,Bahasa,2025-12-16T02:26:40.0783Z,,,,,,,,,,,,,,68b55898ba36f57e40594600
16-12-2025 9:35:53,API dan IAS,DPS,2,TOILET KEDATANGAN DOMESTIK LOBBY AKSES KARYAWAN (WANITA),DPS-TOILET-AD04-W,5,Satisfied,5,Fasilitas sudah baik,Facility Maintenance and Upkeep,Positive,5,5,5,5,5,5,Berpenampilan rapi dengan seragam jelas,,,,Toilet memiliki aroma yang wangi,,,,Lokasi toilet mudah terlihat dan terjangkau,,,,3fbb626d-3158-4fe5-a094-8260d7f984e1,Completed,New,Anonymous,165468,,cab97c1f-67b4-11f0-a847-0a0cda9789f2,01f4f038-24c4-4c5e-8607-032254333b0e,,,TRUE,FALSE,QrCode,Bahasa,2025-12-16T02:33:07.4862Z,,,,,,,,,,,,,,68b55898ba36f57e40594600
16-12-2025 9:38:23,API dan IAS,DPS,2,TOILET KEDATANGAN DOMESTIK LOBBY AKSES KARYAWAN (PRIA + DIFABLE),DPS-TOILET-AD04-P,5,Satisfied,5,Fasilitas lengkap dan pelayanan petugas sangat ramah,Facility Maintenance and Upkeep,Positive,5,5,5,5,5,5,Petugas ramah dan sopan,,,,"Ketersediaan tisu, sabun, air, dan hand dryer",,,,Jadwal kebersihan yang konsisten sehingga toilet selalu dalam kondisi bersih,,,,61777a93-e4dd-4f00-ab5e-04534d0aefc6,Completed,New,Anonymous,91383,,cab97c1f-67b4-11f0-a847-0a0cda9789f2,01f4f038-24c4-4c5e-8607-032254333b0e,,,TRUE,FALSE,QrCode,Bahasa,2025-12-16T02:36:51.9376Z,,,,,,,,,,,,,,68b55898ba36f57e40594600
16-12-2025 9:40:43,API dan IAS,DPS,2,TOILET KEDATANGAN DOMESTIK R. KEDATANGAN BELAKANG KONTER TIC (PRIA + DIFABLE),DPS-TOILET-AD02-P,5,Satisfied,5,Tidak ada saran lagi. Karna saya sudah puas terkait pasilitas,Cleanliness and Hygiene of Toilets,Positive,5,5,5,5,5,5,Petugas ramah dan sopan,,,,"Toilet bowl, urinoir, dan wastafel bersih dan berfungsi dengan baik",,,,Lokasi toilet mudah terlihat dan terjangkau|Jumlah toilet mencukupi sehingga tidak ada antrean|Proses penanganan masalah cepat sehingga aktivitas bisa berjalan dengan lancar|Jadwal kebersihan yang konsisten sehingga toilet selalu dalam kondisi bersih,,,,fa2964c0-1100-4e09-865b-3a049e5316a4,Completed,New,Anonymous,317651,,cab97c1f-67b4-11f0-a847-0a0cda9789f2,01f4f038-24c4-4c5e-8607-032254333b0e,,,TRUE,FALSE,QrCode,Bahasa,2025-12-16T02:35:18.9549Z,,,,,,,,,,,,,,68b55898ba36f57e40594600
16-12-2025 10:02:26,API dan IAS,DPS,2,TOILET KEDATANGAN DOMESTIK R. KEDATANGAN BELAKANG KONTER TIC (WANITA + DIFABLE),DPS-TOILET-AD02-W,5,Satisfied,5,toilet bersih wangi pelayanan ramah,Cleanliness and Hygiene of Toilets,Positive,5,5,5,5,5,5,Petugas ramah dan sopan|Berpenampilan rapi dengan seragam jelas|Cepat tanggap saat membantu penumpang,,,,"Ketersediaan tisu, sabun, air, dan hand dryer|Toilet bowl, urinoir, dan wastafel bersih dan berfungsi dengan baik|Toilet memiliki aroma yang wangi|Penerangan dan sirkulasi udara toilet baik",,,,Lokasi toilet mudah terlihat dan terjangkau|Proses penanganan masalah cepat sehingga aktivitas bisa berjalan dengan lancar|Jadwal kebersihan yang konsisten sehingga toilet selalu dalam kondisi bersih,,,,54bf2ac5-12da-49d2-ad88-252c0773e0bd,Completed,New,Anonymous,68260,,cab97c1f-67b4-11f0-a847-0a0cda9789f2,01f4f038-24c4-4c5e-8607-032254333b0e,,,TRUE,FALSE,QrCode,Bahasa,2025-12-16T03:01:18.2228Z,,,,,,,,,,,,,,68b55898ba36f57e40594600
16-12-2025 10:41:47,API dan IAS,DPS,2,TOILET KEBERANGKATAN DOMESTIK LOBBY DEKAT POSKO (WANITA),DPS-TOILET-DD03-W,4,Satisfied,4,,,,5,5,4,4,4,4,Petugas ramah dan sopan|Berpenampilan rapi dengan seragam jelas|Cepat tanggap saat membantu penumpang|Jumlah petugas cukup,,,,"Ketersediaan tisu, sabun, air, dan hand dryer|Toilet memiliki aroma yang wangi|Penerangan dan sirkulasi udara toilet baik|Toilet bowl, urinoir, dan wastafel bersih dan berfungsi dengan baik",,,,Proses penanganan masalah cepat sehingga aktivitas bisa berjalan dengan lancar,,,,d772b433-c642-438f-bac5-a2b4ef6f4d0a,Completed,New,Anonymous,129221,,cab97c1f-67b4-11f0-a847-0a0cda9789f2,01f4f038-24c4-4c5e-8607-032254333b0e,,,TRUE,FALSE,QrCode,Bahasa,2025-12-16T03:39:37.6394Z,,,,,,,,,,,,,,68b55898ba36f57e40594600
16-12-2025 10:49:25,API dan IAS,DPS,2,TOILET KEDATANGAN DOMESTIK DEKAT UMKM (WANITA),DPS-TOILET-KORIDOR BARAT-W,5,Satisfied,5,"toilet nya bersih, wangi pegawainya ramah",Cleanliness and Hygiene of Toilets|Air Quality and Fragrance in Toilets,Positive,5,5,5,5,5,5,Petugas ramah dan sopan|Berpenampilan rapi dengan seragam jelas,,,,"Ketersediaan tisu, sabun, air, dan hand dryer|Toilet bowl, urinoir, dan wastafel bersih dan berfungsi dengan baik|Toilet memiliki aroma yang wangi",,,,Proses penanganan masalah cepat sehingga aktivitas bisa berjalan dengan lancar|Lokasi toilet mudah terlihat dan terjangkau,,,,44ac6934-f523-4e75-9802-28ef69f4af4c,Completed,New,Anonymous,109231,,cab97c1f-67b4-11f0-a847-0a0cda9789f2,01f4f038-24c4-4c5e-8607-032254333b0e,,,TRUE,FALSE,QrCode,Bahasa,2025-12-16T03:47:35.0438Z,,,,,,,,,,,,,,68b55898ba36f57e40594600
16-12-2025 10:50:37,API dan IAS,DPS,2,TOILET KEDATANGAN DOMESTIK DEKAT UMKM (PRIA),DPS-TOILET-KORIDOR BARAT-P,5,Satisfied,5,"Pegawai nya ramah dan sopan, toilet lumayan bersih.",Cleanliness and Hygiene of Toilets,Positive,4,4,5,5,5,5,Petugas ramah dan sopan,,,,Toilet memiliki aroma yang wangi,,,,Jumlah toilet mencukupi sehingga tidak ada antrean,,,,b7c428d2-d273-46b8-87ef-047b1bb68557,Completed,New,Anonymous,185745,,cab97c1f-67b4-11f0-a847-0a0cda9789f2,01f4f038-24c4-4c5e-8607-032254333b0e,,,TRUE,FALSE,QrCode,Bahasa,2025-12-16T03:47:30.5177Z,,,,,,,,,,,,,,68b55898ba36f57e40594600
16-12-2025 13:49:53,API dan IAS,CGK T1,1,TOILET T1A - BOARDING ROOM T1A-7 PRIA,A.BL7.P,5,Satisfied,5,Petugas nya ramah banget makasih bandara soeta,"Customer Feedback, Complaint Handling, and Service Quality",Positive,5,5,5,5,5,5,Petugas ramah dan sopan,,,,"Ketersediaan tisu, sabun, air, dan hand dryer",,,,Jadwal kebersihan yang konsisten sehingga toilet selalu dalam kondisi bersih,,,,e8ff4037-04f6-4f47-9c65-82edb0ed9796,Completed,New,Anonymous,347300,,cab97c1f-67b4-11f0-a847-0a0cda9789f2,01f4f038-24c4-4c5e-8607-032254333b0e,,,TRUE,FALSE,QrCode,Bahasa,2025-12-16T06:44:05.8597Z,,,,,,,,,,,,,,68b55898ba36f57e40594600
16-12-2025 16:52:00,API dan IAS,SUB,4,"T2,B2,WANITA","SUB-TOILE-T2-B2,WANITA",5,Satisfied,5,Congratulations to all your cleaners are very helpful and thoughtful to the customers!!!,Cleanliness and Hygiene of Toilets,Positive,5,5,4,4,5,5,Petugas ramah dan sopan|Cepat tanggap saat membantu penumpang,,,,"Ketersediaan tisu, sabun, air, dan hand dryer",,,,Lokasi toilet mudah terlihat dan terjangkau|Jadwal kebersihan yang konsisten sehingga toilet selalu dalam kondisi bersih,,,,68f19b96-550f-40ea-a245-295c390d704f,Completed,New,Anonymous,113834,,cab97c1f-67b4-11f0-a847-0a0cda9789f2,01f4f038-24c4-4c5e-8607-032254333b0e,,,TRUE,FALSE,QrCode,English,2025-12-16T09:50:05.1293Z,,,,,,,,,,,,,,68b55898ba36f57e40594600
17-12-2025 0:00:34,API dan IAS,CGK T1,1,TOILET T1B - BOARDING ROOM T1B-2 WANITA,B. BL2. W,5,Satisfied,5,"Tolong tambahkan gaji bapaknya, ✌👍",,Positive,5,5,5,5,5,5,Petugas ramah dan sopan|Berpenampilan rapi dengan seragam jelas|Cepat tanggap saat membantu penumpang|Jumlah petugas cukup,,,,"Ketersediaan tisu, sabun, air, dan hand dryer|Toilet bowl, urinoir, dan wastafel bersih dan berfungsi dengan baik|Toilet memiliki aroma yang wangi|Penerangan dan sirkulasi udara toilet baik",,,,Lokasi toilet mudah terlihat dan terjangkau|Jumlah toilet mencukupi sehingga tidak ada antrean|Proses penanganan masalah cepat sehingga aktivitas bisa berjalan dengan lancar|Jadwal kebersihan yang konsisten sehingga toilet selalu dalam kondisi bersih,,,,b83e9a9c-45ca-4609-bf88-29a88c4100c5,Completed,New,Anonymous,69101,,cab97c1f-67b4-11f0-a847-0a0cda9789f2,01f4f038-24c4-4c5e-8607-032254333b0e,,,TRUE,FALSE,QrCode,Bahasa,2025-12-16T16:59:24.1493Z,,,,,,,,,,,,,,68b55898ba36f57e40594600
17-12-2025 2:39:36,API dan IAS,CGK T3,1,TOILET T3 INT - BOARDING ROOM GATE 6 WANITA,I.F.04.W,5,Satisfied,5,"Toilet ny bersih ,wangi dan petugas ny ramah",Cleanliness and Hygiene of Toilets,Positive,5,5,5,5,5,5,Berpenampilan rapi dengan seragam jelas,,,,Toilet memiliki aroma yang wangi,,,,Jadwal kebersihan yang konsisten sehingga toilet selalu dalam kondisi bersih,,,,005018cd-ef19-4d45-be7e-7eb4baf62a23,Completed,New,Anonymous,141463,,cab97c1f-67b4-11f0-a847-0a0cda9789f2,01f4f038-24c4-4c5e-8607-032254333b0e,,,TRUE,FALSE,QrCode,Bahasa,2025-12-16T19:37:14.5312Z,,,,,,,,,,,,,,68b55898ba36f57e40594600
17-12-2025 3:15:54,API dan IAS,CGK T1,1,TOILET T1B - BOARDING ROOM T1B-2 PRIA,B. BL2. P,5,Satisfied,5,,,,5,5,5,5,5,5,Petugas ramah dan sopan|Berpenampilan rapi dengan seragam jelas|Cepat tanggap saat membantu penumpang|Jumlah petugas cukup,,,,"Ketersediaan tisu, sabun, air, dan hand dryer|Toilet bowl, urinoir, dan wastafel bersih dan berfungsi dengan baik|Toilet memiliki aroma yang wangi",,,,Jadwal kebersihan yang konsisten sehingga toilet selalu dalam kondisi bersih,,,,bf4b933c-530a-4a05-a173-d88e2adc8463,Completed,New,Anonymous,96272,,cab97c1f-67b4-11f0-a847-0a0cda9789f2,01f4f038-24c4-4c5e-8607-032254333b0e,,,TRUE,FALSE,QrCode,Bahasa,2025-12-16T20:14:13.8065Z,,,,,,,,,,,,,,68b55898ba36f57e40594600
17-12-2025 4:06:47,API dan IAS,CGK T2,1,TOILET T2E - BOARDING ROOM T2E-2 PRIA,API&IAS-TOILET-CGK T2-BL E2 TP,5,Satisfied,5,Pertahankan,,Neutral,4,4,5,5,5,5,Cepat tanggap saat membantu penumpang|Berpenampilan rapi dengan seragam jelas,,,,"Toilet bowl, urinoir, dan wastafel bersih dan berfungsi dengan baik|Toilet memiliki aroma yang wangi",,,,Jadwal kebersihan yang konsisten sehingga toilet selalu dalam kondisi bersih,,,,bcf162d1-8e8e-4140-9e65-eefe40d8e2f2,Completed,New,Anonymous,89051,,cab97c1f-67b4-11f0-a847-0a0cda9789f2,01f4f038-24c4-4c5e-8607-032254333b0e,,,TRUE,FALSE,QrCode,Bahasa,2025-12-16T21:05:17.9859Z,,,,,,,,,,,,,,68b55898ba36f57e40594600
17-12-2025 8:59:08,API dan IAS,CGK T2,1,TOILET T2D - BAGGAGE CLAIM PRIA,API&IAS-TOILET-CGK T2-HCO D TP,5,Satisfied,5,Dipertahankan,,Neutral,5,5,4,4,4,4,Petugas ramah dan sopan|Berpenampilan rapi dengan seragam jelas|Cepat tanggap saat membantu penumpang|Jumlah petugas cukup,,,,"Ketersediaan tisu, sabun, air, dan hand dryer|Toilet bowl, urinoir, dan wastafel bersih dan berfungsi dengan baik|Toilet memiliki aroma yang wangi|Penerangan dan sirkulasi udara toilet baik",,,,Lokasi toilet mudah terlihat dan terjangkau|Jumlah toilet mencukupi sehingga tidak ada antrean|Proses penanganan masalah cepat sehingga aktivitas bisa berjalan dengan lancar|Jadwal kebersihan yang konsisten sehingga toilet selalu dalam kondisi bersih,,,,d2dd3dd3-8a4a-4555-830c-202b784acfae,Completed,New,Anonymous,52890,,cab97c1f-67b4-11f0-a847-0a0cda9789f2,01f4f038-24c4-4c5e-8607-032254333b0e,,,TRUE,FALSE,QrCode,Bahasa,2025-12-17T01:58:15.7100Z,,,,,,,,,,,,,,68b55898ba36f57e40594600
17-12-2025 10:52:01,API dan IAS,CGK T3,1,T3 INT - ARRIVAL CORRIDOR PIER 1 GATE 4 PRIA,I.G.11.P,4,Satisfied,4,,,,4,4,5,5,5,5,Petugas ramah dan sopan,,,,"Ketersediaan tisu, sabun, air, dan hand dryer",,,,Jadwal kebersihan yang konsisten sehingga toilet selalu dalam kondisi bersih,,,,e7d8cb08-e89b-4f7c-9a64-97ecc8e26c9e,Completed,New,Anonymous,97436,,cab97c1f-67b4-11f0-a847-0a0cda9789f2,01f4f038-24c4-4c5e-8607-032254333b0e,,,TRUE,FALSE,QrCode,Bahasa,2025-12-17T03:50:21.1587Z,,,,,,,,,,,,,,68b55898ba36f57e40594600
17-12-2025 11:26:26,API dan IAS,CGK T1,1,TOILET T1B - CHECKIN WANITA,B. HCI. W,5,Satisfied,5,I sugges the toilet must be keep the cleaness,Cleanliness and Hygiene of Toilets,Negative,5,5,5,5,5,5,Cepat tanggap saat membantu penumpang,,,,Toilet memiliki aroma yang wangi,,,,Lokasi toilet mudah terlihat dan terjangkau,,,,01681848-6cfd-4e5b-8673-d9937594a212,Completed,New,Anonymous,123940,,cab97c1f-67b4-11f0-a847-0a0cda9789f2,01f4f038-24c4-4c5e-8607-032254333b0e,,,TRUE,FALSE,QrCode,English,2025-12-17T04:24:21.6809Z,,,,,,,,,,,,,,68b55898ba36f57e40594600
17-12-2025 12:54:20,API dan IAS,DPS,2,TOILET KEBERANGKATAN INTERNASIONAL GATE 4 (PRIA + DIFABLE),DPS-TOILET-3J-P,5,Satisfied,5,Lumayan,,Neutral,5,5,5,5,5,5,Petugas ramah dan sopan|Berpenampilan rapi dengan seragam jelas|Cepat tanggap saat membantu penumpang|Jumlah petugas cukup,,,,"Toilet memiliki aroma yang wangi|Ketersediaan tisu, sabun, air, dan hand dryer",,,,Lokasi toilet mudah terlihat dan terjangkau,,,,6973a795-ba35-4ee3-8448-c54c214259cb,Completed,New,Anonymous,102505,,cab97c1f-67b4-11f0-a847-0a0cda9789f2,01f4f038-24c4-4c5e-8607-032254333b0e,,,TRUE,FALSE,QrCode,Bahasa,2025-12-17T05:52:37.9268Z,,,,,,,,,,,,,,68b55898ba36f57e40594600
17-12-2025 13:39:47,API dan IAS,DPS,2,TOILET KEBERANGKATAN DOMESTIK CHECK IN BARAT (PRIA),DPS-TOILET-DD01-P,5,Satisfied,5,Toilet bersih dan petugas ramah,"Cleanliness and Hygiene of Toilets|Customer Feedback, Complaint Handling, and Service Quality",Positive,5,5,5,5,5,5,Petugas ramah dan sopan|Berpenampilan rapi dengan seragam jelas,,,,"Ketersediaan tisu, sabun, air, dan hand dryer|Toilet bowl, urinoir, dan wastafel bersih dan berfungsi dengan baik",,,,Lokasi toilet mudah terlihat dan terjangkau,,,,99dfe4af-ddd9-4572-ad8c-79d8b8d727a5,Completed,New,Anonymous,64271,,cab97c1f-67b4-11f0-a847-0a0cda9789f2,01f4f038-24c4-4c5e-8607-032254333b0e,,,TRUE,FALSE,QrCode,Bahasa,2025-12-17T06:38:43.8433Z,,,,,,,,,,,,,,68b55898ba36f57e40594600
17-12-2025 13:41:07,API dan IAS,DPS,2,TOILET KEBERANGKATAN DOMESTIK CHECK IN BARAT (WANITA),DPS-TOILET-DD01-W,5,Satisfied,5,Toilet dan kelengkapannya sangat memadai,"Facility Maintenance and Upkeep|Toilet Facilities and Completeness (e.g., soap, water, seats)",Positive,5,5,5,5,5,5,Berpenampilan rapi dengan seragam jelas|Petugas ramah dan sopan,,,,"Toilet bowl, urinoir, dan wastafel bersih dan berfungsi dengan baik|Ketersediaan tisu, sabun, air, dan hand dryer",,,,Lokasi toilet mudah terlihat dan terjangkau,,,,e08eecc5-e804-43fb-b493-8367f86c1b12,Completed,New,Anonymous,72261,,cab97c1f-67b4-11f0-a847-0a0cda9789f2,01f4f038-24c4-4c5e-8607-032254333b0e,,,TRUE,FALSE,QrCode,Bahasa,2025-12-17T06:39:56.5861Z,,,,,,,,,,,,,,68b55898ba36f57e40594600
17-12-2025 15:04:14,API dan IAS,CGK T3,1,T3 INT - ARRIVAL CORRIDOR PIER 1 GATE 4 PRIA,I.G.11.P,5,Satisfied,5,"Sudah cukup Bersih, wangi dan nyaman. Terus tingkatkan dan pertahankan. Terima kasih.",Cleanliness and Hygiene of Toilets,Positive,5,5,5,5,5,5,Petugas ramah dan sopan|Berpenampilan rapi dengan seragam jelas|Cepat tanggap saat membantu penumpang|Jumlah petugas cukup,,,,"Ketersediaan tisu, sabun, air, dan hand dryer|Toilet bowl, urinoir, dan wastafel bersih dan berfungsi dengan baik|Penerangan dan sirkulasi udara toilet baik|Toilet memiliki aroma yang wangi",,,,Lokasi toilet mudah terlihat dan terjangkau|Jumlah toilet mencukupi sehingga tidak ada antrean|Proses penanganan masalah cepat sehingga aktivitas bisa berjalan dengan lancar|Jadwal kebersihan yang konsisten sehingga toilet selalu dalam kondisi bersih,,,,4010a945-557d-45f7-89e7-09baafcfaae6,Completed,New,Anonymous,91587,,cab97c1f-67b4-11f0-a847-0a0cda9789f2,01f4f038-24c4-4c5e-8607-032254333b0e,,,TRUE,FALSE,QrCode,Bahasa,2025-12-17T08:02:42.4956Z,,,,,,,,,,,,,,68b55898ba36f57e40594600
17-12-2025 15:14:44,API dan IAS,CGK T2,1,TOILET T2D - BAGGAGE CLAIM PRIA,API&IAS-TOILET-CGK T2-HCO D TP,5,Satisfied,5,Bersih,Cleanliness and Hygiene of Toilets,Neutral,5,5,5,5,5,5,Petugas ramah dan sopan|Berpenampilan rapi dengan seragam jelas,,,,"Ketersediaan tisu, sabun, air, dan hand dryer",,,,Lokasi toilet mudah terlihat dan terjangkau,,,,7cb4af79-6c90-4f27-93eb-2fe5103ebef7,Completed,New,Anonymous,81690,,cab97c1f-67b4-11f0-a847-0a0cda9789f2,01f4f038-24c4-4c5e-8607-032254333b0e,,,TRUE,FALSE,QrCode,Bahasa,2025-12-17T08:13:22.8954Z,,,,,,,,,,,,,,68b55898ba36f57e40594600
17-12-2025 15:16:41,API dan IAS,CGK T3,1,TOILET T3 INT - BOARDING ROOM GATE 5 PRIA,I.F.05.P,5,Satisfied,5,Kering dan bersih. Bagus toiletnya,Cleanliness and Hygiene of Toilets,Positive,5,5,5,5,5,5,Petugas ramah dan sopan|Berpenampilan rapi dengan seragam jelas,,,,"Ketersediaan tisu, sabun, air, dan hand dryer|Toilet bowl, urinoir, dan wastafel bersih dan berfungsi dengan baik|Toilet memiliki aroma yang wangi|Penerangan dan sirkulasi udara toilet baik",,,,Lokasi toilet mudah terlihat dan terjangkau|Jumlah toilet mencukupi sehingga tidak ada antrean|Proses penanganan masalah cepat sehingga aktivitas bisa berjalan dengan lancar|Jadwal kebersihan yang konsisten sehingga toilet selalu dalam kondisi bersih,,,,c1e39a1f-4b18-41f8-ba1f-36798d988910,Completed,New,Anonymous,109966,,cab97c1f-67b4-11f0-a847-0a0cda9789f2,01f4f038-24c4-4c5e-8607-032254333b0e,,,TRUE,FALSE,QrCode,Bahasa,2025-12-17T08:14:50.6563Z,,,,,,,,,,,,,,68b55898ba36f57e40594600
17-12-2025 15:22:13,API dan IAS,CGK T2,1,TOILET T2D - BOARDING ROOM T2D-3 PRIA,API&IAS-TOILET-CGK T2-BL D3 TP,5,Satisfied,5,Busuk,Cleanliness and Hygiene of Toilets,Negative,4,4,4,4,4,4,Petugas ramah dan sopan|Berpenampilan rapi dengan seragam jelas,,,,"Toilet bowl, urinoir, dan wastafel bersih dan berfungsi dengan baik|Toilet memiliki aroma yang wangi|Penerangan dan sirkulasi udara toilet baik",,,,Lokasi toilet mudah terlihat dan terjangkau|Jumlah toilet mencukupi sehingga tidak ada antrean,,,,0a158783-a15f-424f-9f4d-f5deb2b0d8c8,Completed,New,Anonymous,38581,,cab97c1f-67b4-11f0-a847-0a0cda9789f2,01f4f038-24c4-4c5e-8607-032254333b0e,,,TRUE,FALSE,QrCode,Bahasa,2025-12-17T08:21:34.3362Z,,,,,,,,,,,,,,68b55898ba36f57e40594600
17-12-2025 17:47:37,API dan IAS,DPS,2,TOILET KEDATANGAN DOMESTIK LOBBY AKSES KARYAWAN (WANITA),DPS-TOILET-AD04-W,5,Satisfied,5,Sudah bagus tingkatkan,Cleanliness and Hygiene of Toilets,Positive,5,5,4,4,4,4,Petugas ramah dan sopan,,,,Toilet memiliki aroma yang wangi,,,,Jadwal kebersihan yang konsisten sehingga toilet selalu dalam kondisi bersih,,,,5f8a7d0c-2727-48e9-8075-4e7abacf8e36,Completed,New,Anonymous,290367,,cab97c1f-67b4-11f0-a847-0a0cda9789f2,01f4f038-24c4-4c5e-8607-032254333b0e,,,TRUE,FALSE,QrCode,Bahasa,2025-12-17T10:42:45.9291Z,,,,,,,,,,,,,,68b55898ba36f57e40594600
17-12-2025 17:51:23,API dan IAS,CGK T2,1,TOILET T2D - BAGGAGE CLAIM PRIA,API&IAS-TOILET-CGK T2-HCO D TP,4,Satisfied,4,None,,Neutral,4,4,4,4,4,4,Berpenampilan rapi dengan seragam jelas,,,,"Toilet bowl, urinoir, dan wastafel bersih dan berfungsi dengan baik|Toilet memiliki aroma yang wangi",,,,Lokasi toilet mudah terlihat dan terjangkau,,,,0803570f-e157-4bf0-a466-7dbad6bc4a15,Completed,New,Anonymous,47339,,cab97c1f-67b4-11f0-a847-0a0cda9789f2,01f4f038-24c4-4c5e-8607-032254333b0e,,,TRUE,FALSE,QrCode,English,2025-12-17T10:50:35.9656Z,,,,,,,,,,,,,,68b55898ba36f57e40594600
17-12-2025 18:05:08,API dan IAS,CGK T3,1,TOILET T3 DOM - BOARDING ROOM GATE 14 WANITA,D.F.04.W,5,Satisfied,5,bersih dan ada anggrek,Cleanliness and Hygiene of Toilets,Neutral,5,5,5,5,5,5,Petugas ramah dan sopan|Berpenampilan rapi dengan seragam jelas|Cepat tanggap saat membantu penumpang|Jumlah petugas cukup,,,,"Ketersediaan tisu, sabun, air, dan hand dryer|Toilet bowl, urinoir, dan wastafel bersih dan berfungsi dengan baik|Penerangan dan sirkulasi udara toilet baik",,,,Lokasi toilet mudah terlihat dan terjangkau|Jumlah toilet mencukupi sehingga tidak ada antrean|Proses penanganan masalah cepat sehingga aktivitas bisa berjalan dengan lancar,,,,a729af88-4a92-47b4-a503-2cc571d77934,Completed,New,Anonymous,56848,,cab97c1f-67b4-11f0-a847-0a0cda9789f2,01f4f038-24c4-4c5e-8607-032254333b0e,,,TRUE,FALSE,QrCode,Bahasa,2025-12-17T11:04:11.0698Z,,,,,,,,,,,,,,68b55898ba36f57e40594600
17-12-2025 18:30:13,API dan IAS,CGK T2,1,TOILET T2E - BOARDING ROOM T2E-3 PRIA,API&IAS-TOILET-CGK T2-BL E3 TP,5,Satisfied,5,Good,,Positive,5,5,5,5,5,5,Petugas ramah dan sopan|Berpenampilan rapi dengan seragam jelas|Cepat tanggap saat membantu penumpang|Jumlah petugas cukup|Lainnya,Good,,,"Ketersediaan tisu, sabun, air, dan hand dryer|Toilet bowl, urinoir, dan wastafel bersih dan berfungsi dengan baik|Toilet memiliki aroma yang wangi|Penerangan dan sirkulasi udara toilet baik",,,,Lokasi toilet mudah terlihat dan terjangkau|Jumlah toilet mencukupi sehingga tidak ada antrean|Proses penanganan masalah cepat sehingga aktivitas bisa berjalan dengan lancar|Jadwal kebersihan yang konsisten sehingga toilet selalu dalam kondisi bersih,,,,b4b1f066-a1e9-4b1f-b46f-13e998a1e60a,Completed,New,Anonymous,75673,,cab97c1f-67b4-11f0-a847-0a0cda9789f2,01f4f038-24c4-4c5e-8607-032254333b0e,,,TRUE,FALSE,QrCode,Bahasa,2025-12-17T11:28:57.3599Z,,,,,,,,,,,,,,68b55898ba36f57e40594600
17-12-2025 20:12:31,API dan IAS,CGK T1,1,TOILET T1A - BOARDING ROOM T1A-6 WANITA,A.BL6.W,5,Satisfied,5,bersih dan rapi.. terima kasih sdh menyediakan fasilitas yg baik..,Cleanliness and Hygiene of Toilets,Positive,5,5,5,5,5,5,Berpenampilan rapi dengan seragam jelas|Cepat tanggap saat membantu penumpang,,,,"Toilet memiliki aroma yang wangi|Toilet bowl, urinoir, dan wastafel bersih dan berfungsi dengan baik|Ketersediaan tisu, sabun, air, dan hand dryer|Penerangan dan sirkulasi udara toilet baik",,,,Lokasi toilet mudah terlihat dan terjangkau|Jadwal kebersihan yang konsisten sehingga toilet selalu dalam kondisi bersih,,,,8b197ca6-666a-4943-bcf8-71952b1a09a7,Completed,New,Anonymous,185523,,cab97c1f-67b4-11f0-a847-0a0cda9789f2,01f4f038-24c4-4c5e-8607-032254333b0e,,,TRUE,FALSE,QrCode,Bahasa,2025-12-17T13:09:25.8279Z,,,,,,,,,,,,,,68b55898ba36f57e40594600
17-12-2025 20:13:42,API dan IAS,DPS,2,TOILET KEDATANGAN INTERNASIONAL AOCC (PRIA),DPS-TOILET-TIA-1H-P,5,Satisfied,5,Sangat baik,,Positive,5,5,5,5,5,5,Petugas ramah dan sopan,,,,"Ketersediaan tisu, sabun, air, dan hand dryer",,,,Lokasi toilet mudah terlihat dan terjangkau,,,,16867a29-c74d-4a98-abac-ba1251ceae35,Completed,New,Anonymous,87018,,cab97c1f-67b4-11f0-a847-0a0cda9789f2,01f4f038-24c4-4c5e-8607-032254333b0e,,,TRUE,FALSE,QrCode,Bahasa,2025-12-17T13:12:16.6942Z,,,,,,,,,,,,,,68b55898ba36f57e40594600
17-12-2025 20:28:35,API dan IAS,DPS,2,TOILET KEBERANGKATAN DOMESTIK CHECK IN BARAT (WANITA),DPS-TOILET-DD01-W,4,Satisfied,4,Dipertahankan,,Neutral,5,5,4,4,4,4,Petugas ramah dan sopan,,,,"Toilet bowl, urinoir, dan wastafel bersih dan berfungsi dengan baik|Ketersediaan tisu, sabun, air, dan hand dryer|Toilet memiliki aroma yang wangi",,,,Lokasi toilet mudah terlihat dan terjangkau,,,,629f1e7d-118e-4211-a4bc-005135f966b4,Completed,New,Anonymous,108550,,cab97c1f-67b4-11f0-a847-0a0cda9789f2,01f4f038-24c4-4c5e-8607-032254333b0e,,,TRUE,FALSE,QrCode,Bahasa,2025-12-17T13:26:47.2729Z,,,,,,,,,,,,,,68b55898ba36f57e40594600
17-12-2025 23:15:17,API dan IAS,CGK T3,1,TOILET T3 DOM - PARKING PRIA,PD.01.S.P,1,Not Satisfied,1,Bau Tai,Cleanliness and Hygiene of Toilets,Neutral,1,1,1,1,1,1,,,Petugas tidak ramah dan kurang sopan,,,,"Tisu, sabun, air, dan hand dryer tidak tersedia",,,,Lokasi toilet susah dicari dan tidak terjangkau,,85280d91-2d28-40f3-aeb1-bf06a3da0905,Completed,New,Anonymous,86669,,cab97c1f-67b4-11f0-a847-0a0cda9789f2,01f4f038-24c4-4c5e-8607-032254333b0e,,,TRUE,FALSE,QrCode,Bahasa,2025-12-17T16:13:42.3491Z,,,,,,,,,,,,,,68b55898ba36f57e40594600
17-12-2025 23:21:25,API dan IAS,CGK T3,1,TOILET T3 DOM - ARRIVAL CURBSIDE PRIA,D.G.01.P,5,Satisfied,5,"Tidak ada saran, cukup puas",,Positive,5,5,5,5,5,5,Lainnya,bersih,,,Toilet memiliki aroma yang wangi,,,,Lokasi toilet mudah terlihat dan terjangkau,,,,10308822-316a-4949-9241-cb432301c376,Completed,New,Anonymous,102136,,cab97c1f-67b4-11f0-a847-0a0cda9789f2,01f4f038-24c4-4c5e-8607-032254333b0e,,,TRUE,FALSE,QrCode,Bahasa,2025-12-17T16:19:41.7347Z,,,,,,,,,,,,,,68b55898ba36f57e40594600
18-12-2025 1:47:26,API dan IAS,CGK T2,1,TOILET T2D - BAGGAGE CLAIM PRIA,API&IAS-TOILET-CGK T2-HCO D TP,5,Satisfied,5,"Pelayanan dan kebersihan sangat baik, tetapdieprtahankan dan bila perlu ditingkatkan.",Cleanliness and Hygiene of Toilets,Positive,5,5,5,5,5,5,Petugas ramah dan sopan|Berpenampilan rapi dengan seragam jelas|Cepat tanggap saat membantu penumpang|Jumlah petugas cukup,,,,"Ketersediaan tisu, sabun, air, dan hand dryer|Toilet bowl, urinoir, dan wastafel bersih dan berfungsi dengan baik|Toilet memiliki aroma yang wangi|Penerangan dan sirkulasi udara toilet baik",,,,Lokasi toilet mudah terlihat dan terjangkau|Jumlah toilet mencukupi sehingga tidak ada antrean,,,,02b8e351-0ed3-47c7-966a-036b8d69ccda,Completed,New,Anonymous,1163158,,cab97c1f-67b4-11f0-a847-0a0cda9789f2,01f4f038-24c4-4c5e-8607-032254333b0e,,,TRUE,FALSE,QrCode,Bahasa,2025-12-17T18:27:59.6307Z,,,,,,,,,,,,,,68b55898ba36f57e40594600
18-12-2025 7:39:09,API dan IAS,CGK T3,1,TOILET T3 DOM - BOARDING ROOM GATE 12 PRIA,D.F.02.P,4,Satisfied,4,all off good,,Negative,4,4,4,4,4,4,Petugas ramah dan sopan|Berpenampilan rapi dengan seragam jelas|Cepat tanggap saat membantu penumpang,,,,"Ketersediaan tisu, sabun, air, dan hand dryer|Toilet bowl, urinoir, dan wastafel bersih dan berfungsi dengan baik",,,,Lokasi toilet mudah terlihat dan terjangkau,,,,f072eb69-7e7b-4157-b991-8af04d73955e,Completed,New,Anonymous,101329,,cab97c1f-67b4-11f0-a847-0a0cda9789f2,01f4f038-24c4-4c5e-8607-032254333b0e,,,TRUE,FALSE,QrCode,Bahasa,2025-12-18T00:37:27.4110Z,,,,,,,,,,,,,,68b55898ba36f57e40594600
18-12-2025 8:12:50,API dan IAS,CGK T2,1,TOILET T2D - BOARDING ROOM T2D-4 PRIA,API&IAS-TOILET-CGK T2-BL D4 TP,5,Satisfied,5,Bersih rapih ramah dan lbh ditingkatkan pg ya,Cleanliness and Hygiene of Toilets,Positive,5,5,5,5,5,5,Petugas ramah dan sopan|Berpenampilan rapi dengan seragam jelas|Cepat tanggap saat membantu penumpang|Jumlah petugas cukup|Lainnya,Oke,,,"Toilet bowl, urinoir, dan wastafel bersih dan berfungsi dengan baik|Ketersediaan tisu, sabun, air, dan hand dryer|Toilet memiliki aroma yang wangi|Penerangan dan sirkulasi udara toilet baik|Lainnya",Ok,,,Lokasi toilet mudah terlihat dan terjangkau|Jumlah toilet mencukupi sehingga tidak ada antrean|Jadwal kebersihan yang konsisten sehingga toilet selalu dalam kondisi bersih|Lainnya|Proses penanganan masalah cepat sehingga aktivitas bisa berjalan dengan lancar,Ok,,,0d618fb4-7234-445f-a68c-ae53e22b6808,Completed,New,Anonymous,78800,,cab97c1f-67b4-11f0-a847-0a0cda9789f2,01f4f038-24c4-4c5e-8607-032254333b0e,,,TRUE,FALSE,QrCode,Bahasa,2025-12-18T01:11:30.3924Z,,,,,,,,,,,,,,68b55898ba36f57e40594600
18-12-2025 8:32:19,API dan IAS,CGK T3,1,TOILET T3 DOM - BOARDING ROOM GATE 16 WANITA,D.F.06.W,5,Satisfied,5,,,,5,5,5,5,5,5,Petugas ramah dan sopan|Berpenampilan rapi dengan seragam jelas|Cepat tanggap saat membantu penumpang|Jumlah petugas cukup,,,,"Toilet bowl, urinoir, dan wastafel bersih dan berfungsi dengan baik|Ketersediaan tisu, sabun, air, dan hand dryer|Penerangan dan sirkulasi udara toilet baik|Toilet memiliki aroma yang wangi",,,,Lokasi toilet mudah terlihat dan terjangkau|Jumlah toilet mencukupi sehingga tidak ada antrean|Proses penanganan masalah cepat sehingga aktivitas bisa berjalan dengan lancar|Jadwal kebersihan yang konsisten sehingga toilet selalu dalam kondisi bersih,,,,c10d1f12-ce17-41b8-9e81-0390896e6346,Completed,New,Anonymous,60945,,cab97c1f-67b4-11f0-a847-0a0cda9789f2,01f4f038-24c4-4c5e-8607-032254333b0e,,,TRUE,FALSE,QrCode,Bahasa,2025-12-18T01:31:18.5653Z,,,,,,,,,,,,,,68b55898ba36f57e40594600
18-12-2025 8:42:58,API dan IAS,DPS,2,TOILET KEBERANGKATAN DOMESTIK GATE 1 (DIFABLE),DPS-TOILET-DD07-DIFABLE,5,Satisfied,5,Semua tersedia dan bersih,Cleanliness and Hygiene of Toilets,Positive,5,5,5,5,5,5,Petugas ramah dan sopan|Berpenampilan rapi dengan seragam jelas|Cepat tanggap saat membantu penumpang|Jumlah petugas cukup,,,,"Ketersediaan tisu, sabun, air, dan hand dryer|Toilet bowl, urinoir, dan wastafel bersih dan berfungsi dengan baik|Toilet memiliki aroma yang wangi|Penerangan dan sirkulasi udara toilet baik",,,,Lokasi toilet mudah terlihat dan terjangkau|Jumlah toilet mencukupi sehingga tidak ada antrean|Proses penanganan masalah cepat sehingga aktivitas bisa berjalan dengan lancar|Jadwal kebersihan yang konsisten sehingga toilet selalu dalam kondisi bersih,,,,12ca2ecc-1db9-416e-a6d1-6d12ffbd2555,Completed,New,Anonymous,61452,,cab97c1f-67b4-11f0-a847-0a0cda9789f2,01f4f038-24c4-4c5e-8607-032254333b0e,,,TRUE,FALSE,QrCode,Bahasa,2025-12-18T01:41:56.4415Z,,,,,,,,,,,,,,68b55898ba36f57e40594600
18-12-2025 9:45:48,API dan IAS,CGK T3,1,TOILET T3 DOM - SCP WANITA,D.S.02.W,5,Satisfied,5,"Petugas ramah, toilet bersih",Cleanliness and Hygiene of Toilets,Positive,5,5,5,5,5,5,Petugas ramah dan sopan,,,,Toilet memiliki aroma yang wangi,,,,Jadwal kebersihan yang konsisten sehingga toilet selalu dalam kondisi bersih,,,,81aab8ae-045b-4a30-81c6-8bb51a078250,Completed,New,Anonymous,117408,,cab97c1f-67b4-11f0-a847-0a0cda9789f2,01f4f038-24c4-4c5e-8607-032254333b0e,,,TRUE,FALSE,QrCode,Bahasa,2025-12-18T02:43:50.8833Z,,,,,,,,,,,,,,68b55898ba36f57e40594600
18-12-2025 11:35:32,API dan IAS,CGK T2,1,TOILET T2D - BOARDING ROOM T2D-6 PRIA,API&IAS-TOILET-CGK T2-BL D6 TP,5,Satisfied,5,Bagus,,Positive,5,5,5,5,5,5,Petugas ramah dan sopan,,,,"Toilet bowl, urinoir, dan wastafel bersih dan berfungsi dengan baik",,,,Jadwal kebersihan yang konsisten sehingga toilet selalu dalam kondisi bersih,,,,98cf0cea-ab00-464d-bc74-23e6cff87541,Completed,New,Anonymous,130196,,cab97c1f-67b4-11f0-a847-0a0cda9789f2,01f4f038-24c4-4c5e-8607-032254333b0e,,,TRUE,FALSE,QrCode,Bahasa,2025-12-18T04:33:20.6692Z,,,,,,,,,,,,,,68b55898ba36f57e40594600
18-12-2025 12:34:19,API dan IAS,CGK T2,1,TOILET T2D - BAGGAGE CLAIM PRIA,API&IAS-TOILET-CGK T2-HCO D TP,5,Satisfied,5,Very of good from the Services,Cleanliness and Hygiene of Toilets,Positive,5,5,5,5,5,5,Cepat tanggap saat membantu penumpang,,,,"Toilet bowl, urinoir, dan wastafel bersih dan berfungsi dengan baik",,,,Jadwal kebersihan yang konsisten sehingga toilet selalu dalam kondisi bersih,,,,c1e706bf-17c9-40d5-bc6d-0c8809304448,Completed,New,Anonymous,45209,,cab97c1f-67b4-11f0-a847-0a0cda9789f2,01f4f038-24c4-4c5e-8607-032254333b0e,,,TRUE,FALSE,QrCode,English,2025-12-18T05:33:33.1555Z,,,,,,,,,,,,,,68b55898ba36f57e40594600
18-12-2025 12:40:53,API dan IAS,SUB,4,"T1,GATE 1,WANITA","SUB-TOILE-T1-GATE 1,WANITA",3,Neutral,3,"Beberapa petugas berdandan di washtafel  toilet, hingga menyisakan 1 washtafel untuk anak. Buat orang dewasa jd susah cuci tangan",Facility Maintenance and Upkeep,Negative,4,4,4,4,3,3,Lainnya,Jumlah bilik banyak,,,"Ketersediaan tisu, sabun, air, dan hand dryer",,,,,,Kondisi toilet kotor karena jadwal pembersihan tidak jelas,,b89cc9f2-b666-4570-a9f2-793494dd2a73,Completed,New,Anonymous,120770,,cab97c1f-67b4-11f0-a847-0a0cda9789f2,01f4f038-24c4-4c5e-8607-032254333b0e,,,TRUE,FALSE,QrCode,Bahasa,2025-12-18T05:38:32.0457Z,,,,,,,,,,,,,,68b55898ba36f57e40594600
18-12-2025 13:44:17,API dan IAS,CGK T3,1,TOILET T3 INT - ARRIVAL CORRIDOR BBKK-IMIGRASI PRIA,I.G.05.P,5,Satisfied,5,sangat bersih dan rapi tugasnya pun ramah menerapkan senyum salam dan sapa,Cleanliness and Hygiene of Toilets,Positive,5,5,5,5,5,5,Petugas ramah dan sopan|Berpenampilan rapi dengan seragam jelas,,,,"Ketersediaan tisu, sabun, air, dan hand dryer|Penerangan dan sirkulasi udara toilet baik",,,,Lokasi toilet mudah terlihat dan terjangkau,,,,ef3c6426-3931-429e-b410-a822a0582bc1,Completed,New,Anonymous,164998,,cab97c1f-67b4-11f0-a847-0a0cda9789f2,01f4f038-24c4-4c5e-8607-032254333b0e,,,TRUE,FALSE,QrCode,English,2025-12-18T06:41:31.4627Z,,,,,,,,,,,,,,68b55898ba36f57e40594600
18-12-2025 15:09:46,API dan IAS,SUB,4,"T1,GATE 3,WANITA","SUB-TOILE-T1-GATE 3,WANITA",4,Satisfied,4,Tempat sampah pijakan kakinya untuk diperbaiki agar memudahkan membuang sampah,Facility Maintenance and Upkeep,Neutral,4,4,4,4,4,4,Petugas ramah dan sopan|Berpenampilan rapi dengan seragam jelas,,,,"Ketersediaan tisu, sabun, air, dan hand dryer|Toilet bowl, urinoir, dan wastafel bersih dan berfungsi dengan baik",,,,Jumlah toilet mencukupi sehingga tidak ada antrean,,,,8c5b22d5-012f-44c5-8c2a-c9655e1f3245,Completed,New,Anonymous,216696,,cab97c1f-67b4-11f0-a847-0a0cda9789f2,01f4f038-24c4-4c5e-8607-032254333b0e,,,TRUE,FALSE,QrCode,Bahasa,2025-12-18T08:06:09.0224Z,,,,,,,,,,,,,,68b55898ba36f57e40594600
18-12-2025 15:56:10,API dan IAS,CGK T2,1,TOILET T2E - BOARDING ROOM T2E-6 PRIA,API&IAS-TOILET-CGK T2-BL E6 TP,5,Satisfied,5,toilet nya bersih..org nya ramah,Cleanliness and Hygiene of Toilets,Positive,5,5,5,5,5,5,Petugas ramah dan sopan|Berpenampilan rapi dengan seragam jelas|Cepat tanggap saat membantu penumpang|Jumlah petugas cukup,,,,"Ketersediaan tisu, sabun, air, dan hand dryer|Toilet bowl, urinoir, dan wastafel bersih dan berfungsi dengan baik|Toilet memiliki aroma yang wangi|Penerangan dan sirkulasi udara toilet baik",,,,Lokasi toilet mudah terlihat dan terjangkau|Jumlah toilet mencukupi sehingga tidak ada antrean|Proses penanganan masalah cepat sehingga aktivitas bisa berjalan dengan lancar|Jadwal kebersihan yang konsisten sehingga toilet selalu dalam kondisi bersih,,,,6970136e-6f64-4acb-8b18-19398a36d245,Completed,New,Anonymous,103945,,cab97c1f-67b4-11f0-a847-0a0cda9789f2,01f4f038-24c4-4c5e-8607-032254333b0e,,,TRUE,FALSE,QrCode,Bahasa,2025-12-18T08:54:26.5507Z,,,,,,,,,,,,,,68b55898ba36f57e40594600
18-12-2025 16:08:58,API dan IAS,CGK T1,1,TOILET T1B - CHECKIN PRIA,B. HCI. P,5,Satisfied,5,Pelayanannya ramah,"Customer Feedback, Complaint Handling, and Service Quality",Positive,5,5,5,5,5,5,Petugas ramah dan sopan,,,,"Toilet bowl, urinoir, dan wastafel bersih dan berfungsi dengan baik",,,,Lokasi toilet mudah terlihat dan terjangkau,,,,8f845768-bb17-4ab8-bb1e-9b3529ca1ed0,Completed,New,Anonymous,48650,,cab97c1f-67b4-11f0-a847-0a0cda9789f2,01f4f038-24c4-4c5e-8607-032254333b0e,,,TRUE,FALSE,QrCode,Bahasa,2025-12-18T09:08:08.7329Z,,,,,,,,,,,,,,68b55898ba36f57e40594600
18-12-2025 16:10:13,API dan IAS,CGK T2,1,TOILET T2E - BOARDING ROOM T2E-4 PRIA,API&IAS-TOILET-CGK T2-BL E4 TP,5,Satisfied,5,"Puas pelayanan nya bagus petugas nya ramah,toilet bersih wangi tidak bau","Odor Control, Ventilation, and Overall Comfort|Cleanliness and Hygiene of Toilets",Positive,5,5,5,5,5,5,Petugas ramah dan sopan,,,,"Toilet bowl, urinoir, dan wastafel bersih dan berfungsi dengan baik",,,,Lokasi toilet mudah terlihat dan terjangkau,,,,b807f63d-6450-4877-8318-be155a9ea7e7,Completed,New,Anonymous,82930,,cab97c1f-67b4-11f0-a847-0a0cda9789f2,01f4f038-24c4-4c5e-8607-032254333b0e,,,TRUE,FALSE,QrCode,Bahasa,2025-12-18T09:08:49.4839Z,,,,,,,,,,,,,,68b55898ba36f57e40594600
19-12-2025 0:25:26,API dan IAS,CGK T3,1,TOILET T3 INT - ARRIVAL CORRIDOR GATE 6 PRIA,I.G.07.P,5,Satisfied,5,"Pasitas tersedia, petugasnya ramah, toilet bersih,",Cleanliness and Hygiene of Toilets,Positive,5,5,5,5,5,5,Berpenampilan rapi dengan seragam jelas,,,,"Ketersediaan tisu, sabun, air, dan hand dryer",,,,Lokasi toilet mudah terlihat dan terjangkau,,,,33902967-6b4f-45c1-9fdb-ec9c7ad5b1ef,Completed,New,Anonymous,121296,,cab97c1f-67b4-11f0-a847-0a0cda9789f2,01f4f038-24c4-4c5e-8607-032254333b0e,,,TRUE,FALSE,QrCode,Bahasa,2025-12-18T17:16:35.9665Z,,,,,,,,,,,,,,68b55898ba36f57e40594600
19-12-2025 1:04:14,API dan IAS,CGK T2,1,TOILET T2D - BOARDING ROOM T2D-3 PRIA,API&IAS-TOILET-CGK T2-BL D3 TP,5,Satisfied,5,Pertahankan,,Neutral,5,5,5,5,5,5,Petugas ramah dan sopan|Berpenampilan rapi dengan seragam jelas|Cepat tanggap saat membantu penumpang|Jumlah petugas cukup,,,,"Ketersediaan tisu, sabun, air, dan hand dryer|Toilet bowl, urinoir, dan wastafel bersih dan berfungsi dengan baik|Toilet memiliki aroma yang wangi|Penerangan dan sirkulasi udara toilet baik",,,,Lokasi toilet mudah terlihat dan terjangkau|Jumlah toilet mencukupi sehingga tidak ada antrean|Proses penanganan masalah cepat sehingga aktivitas bisa berjalan dengan lancar|Jadwal kebersihan yang konsisten sehingga toilet selalu dalam kondisi bersih,,,,6784db8c-cb28-4f0f-abdf-7245ea8fea35,Completed,New,Anonymous,50978,,cab97c1f-67b4-11f0-a847-0a0cda9789f2,01f4f038-24c4-4c5e-8607-032254333b0e,,,TRUE,FALSE,QrCode,Bahasa,2025-12-18T18:03:22.8178Z,,,,,,,,,,,,,,68b55898ba36f57e40594600
19-12-2025 3:07:39,API dan IAS,CGK T2,1,TOILET T2D - BOARDING ROOM T2D-1 PRIA,API&IAS-TOILET-CGK T2-BL D1 TP,5,Satisfied,5,Toiletnya sangat bersih dan memuaskan!,Cleanliness and Hygiene of Toilets,Positive,5,5,5,5,5,5,Petugas ramah dan sopan|Berpenampilan rapi dengan seragam jelas|Cepat tanggap saat membantu penumpang|Jumlah petugas cukup,,,,"Ketersediaan tisu, sabun, air, dan hand dryer|Toilet bowl, urinoir, dan wastafel bersih dan berfungsi dengan baik|Toilet memiliki aroma yang wangi|Penerangan dan sirkulasi udara toilet baik",,,,Lokasi toilet mudah terlihat dan terjangkau|Jumlah toilet mencukupi sehingga tidak ada antrean|Proses penanganan masalah cepat sehingga aktivitas bisa berjalan dengan lancar|Jadwal kebersihan yang konsisten sehingga toilet selalu dalam kondisi bersih,,,,27418b78-541a-42f4-a48c-32723d7c7ea7,Completed,New,Anonymous,229875,,cab97c1f-67b4-11f0-a847-0a0cda9789f2,01f4f038-24c4-4c5e-8607-032254333b0e,,,TRUE,FALSE,QrCode,Bahasa,2025-12-18T20:03:50.8188Z,,,,,,,,,,,,,,68b55898ba36f57e40594600
19-12-2025 5:33:40,API dan IAS,CGK T3,1,TOILET T3 INT - PARKING PRIA,PI.03.U.P,5,Satisfied,5,,,,5,5,5,5,5,5,Berpenampilan rapi dengan seragam jelas,,,,Penerangan dan sirkulasi udara toilet baik,,,,Lokasi toilet mudah terlihat dan terjangkau,,,,7159827b-7b5f-486d-9e1f-e631750f8056,Completed,New,Anonymous,117127,,cab97c1f-67b4-11f0-a847-0a0cda9789f2,01f4f038-24c4-4c5e-8607-032254333b0e,,,TRUE,FALSE,QrCode,English,2025-12-18T22:31:42.5910Z,,,,,,,,,,,,,,68b55898ba36f57e40594600
19-12-2025 7:44:25,API dan IAS,CGK T3,1,TOILET T3 DOM - SCP PRIA,D.S.02.P,5,Satisfied,5,"Sudah cukup baik, tetap jaga pelanayannya","Customer Feedback, Complaint Handling, and Service Quality",Positive,5,5,5,5,5,5,Petugas ramah dan sopan|Berpenampilan rapi dengan seragam jelas|Cepat tanggap saat membantu penumpang|Jumlah petugas cukup,,,,"Ketersediaan tisu, sabun, air, dan hand dryer|Toilet bowl, urinoir, dan wastafel bersih dan berfungsi dengan baik|Toilet memiliki aroma yang wangi|Penerangan dan sirkulasi udara toilet baik",,,,Lokasi toilet mudah terlihat dan terjangkau|Jumlah toilet mencukupi sehingga tidak ada antrean|Proses penanganan masalah cepat sehingga aktivitas bisa berjalan dengan lancar|Jadwal kebersihan yang konsisten sehingga toilet selalu dalam kondisi bersih,,,,bcafba5c-06b8-4827-92f1-c6eb9770c28c,Completed,New,Anonymous,153914,,cab97c1f-67b4-11f0-a847-0a0cda9789f2,01f4f038-24c4-4c5e-8607-032254333b0e,,,TRUE,FALSE,QrCode,Bahasa,2025-12-19T00:41:50.4841Z,,,,,,,,,,,,,,68b55898ba36f57e40594600
19-12-2025 8:10:02,API dan IAS,CGK T2,1,TOILET T2D - CHECKIN WANITA,API&IAS-TOILET-CGK T2-HCI D TW,1,Not Satisfied,1,Airnya diperhatiin lah kecil bgt kaya musim kemarau,"Odor Control, Ventilation, and Overall Comfort",Negative,4,4,1,1,1,1,Berpenampilan rapi dengan seragam jelas,,,,,,"Tisu, sabun, air, dan hand dryer tidak tersedia|Toilet memiliki aroma yang bau|Toilet bowl, urinoir, dan wastafel kotor dan tidak berfungsi dengan baik",,,,Proses penanganan masalah lambat sehingga aktivitas tidak berjalan dengan lancar,,d0e86e93-9b6f-4e22-beb9-40cc3e27e6bb,Completed,New,Anonymous,99227,,cab97c1f-67b4-11f0-a847-0a0cda9789f2,01f4f038-24c4-4c5e-8607-032254333b0e,,,TRUE,FALSE,QrCode,Bahasa,2025-12-19T01:08:22.6617Z,,,,,,,,,,,,,,68b55898ba36f57e40594600
19-12-2025 8:24:08,API dan IAS,CGK T1,1,TOILET T1B - BAGGAGE CLAIM PRIA,B.HCO.P,5,Satisfied,5,Joss,,Neutral,5,5,5,5,5,5,Petugas ramah dan sopan|Berpenampilan rapi dengan seragam jelas|Cepat tanggap saat membantu penumpang,,,,"Ketersediaan tisu, sabun, air, dan hand dryer|Toilet bowl, urinoir, dan wastafel bersih dan berfungsi dengan baik|Toilet memiliki aroma yang wangi|Penerangan dan sirkulasi udara toilet baik",,,,Lokasi toilet mudah terlihat dan terjangkau|Jumlah toilet mencukupi sehingga tidak ada antrean|Jadwal kebersihan yang konsisten sehingga toilet selalu dalam kondisi bersih,,,,4b3f9618-6859-4ccf-bf8b-8f8a3e73421a,Completed,New,Anonymous,39721,,cab97c1f-67b4-11f0-a847-0a0cda9789f2,01f4f038-24c4-4c5e-8607-032254333b0e,,,TRUE,FALSE,QrCode,Bahasa,2025-12-19T01:23:27.4529Z,,,,,,,,,,,,,,68b55898ba36f57e40594600
19-12-2025 9:21:24,API dan IAS,CGK T2,1,TOILET T2E - DEPARTURE CURBSIDE PRIA,API&IAS-TOILET-CGK T2-PCI E TP,5,Satisfied,5,bersih,Cleanliness and Hygiene of Toilets,Neutral,5,5,5,5,5,5,Petugas ramah dan sopan,,,,"Toilet memiliki aroma yang wangi|Toilet bowl, urinoir, dan wastafel bersih dan berfungsi dengan baik|Ketersediaan tisu, sabun, air, dan hand dryer|Penerangan dan sirkulasi udara toilet baik",,,,Lokasi toilet mudah terlihat dan terjangkau|Jumlah toilet mencukupi sehingga tidak ada antrean|Proses penanganan masalah cepat sehingga aktivitas bisa berjalan dengan lancar|Jadwal kebersihan yang konsisten sehingga toilet selalu dalam kondisi bersih,,,,445a0b8c-5246-4e5a-95e4-c5f432a87858,Completed,New,Anonymous,92655,,cab97c1f-67b4-11f0-a847-0a0cda9789f2,01f4f038-24c4-4c5e-8607-032254333b0e,,,TRUE,FALSE,QrCode,Bahasa,2025-12-19T02:19:51.0582Z,,,,,,,,,,,,,,68b55898ba36f57e40594600
19-12-2025 9:50:23,API dan IAS,CGK T2,1,TOILET T2D - BAGGAGE CLAIM PRIA,API&IAS-TOILET-CGK T2-HCO D TP,5,Satisfied,5,None,,Neutral,5,5,4,4,5,5,Petugas ramah dan sopan,,,,"Ketersediaan tisu, sabun, air, dan hand dryer",,,,Lokasi toilet mudah terlihat dan terjangkau,,,,bcbc222c-9f98-48be-946f-46ac5531d385,Completed,New,Anonymous,62387,,cab97c1f-67b4-11f0-a847-0a0cda9789f2,01f4f038-24c4-4c5e-8607-032254333b0e,,,TRUE,FALSE,QrCode,English,2025-12-19T02:49:20.4233Z,,,,,,,,,,,,,,68b55898ba36f57e40594600
19-12-2025 10:31:35,API dan IAS,CGK T2,1,TOILET T2D - BAGGAGE CLAIM PRIA,API&IAS-TOILET-CGK T2-HCO D TP,5,Satisfied,5,Cukup baik dan bersih,Cleanliness and Hygiene of Toilets,Positive,,,,,5,5,Petugas ramah dan sopan,,,,"Toilet bowl, urinoir, dan wastafel bersih dan berfungsi dengan baik",,,,Lokasi toilet mudah terlihat dan terjangkau,,,,89c37430-292b-45e4-a72b-ef2121dd0840,Completed,New,Anonymous,505137,,cab97c1f-67b4-11f0-a847-0a0cda9789f2,01f4f038-24c4-4c5e-8607-032254333b0e,,,TRUE,FALSE,QrCode,Bahasa,2025-12-19T03:23:10.2937Z,,,,,,,,,,,,,,68b55898ba36f57e40594600
19-12-2025 10:37:28,API dan IAS,CGK T3,1,TOILET T3 DOM - BOARDING ROOM GATE 14 WANITA,D.F.04.W,5,Satisfied,5,Very good for service this toilet,Cleanliness and Hygiene of Toilets,Positive,,,,,5,5,Petugas ramah dan sopan,,,,"Ketersediaan tisu, sabun, air, dan hand dryer",,,,Jadwal kebersihan yang konsisten sehingga toilet selalu dalam kondisi bersih,,,,25029d20-79f1-4372-a247-594c2d3a1308,Completed,New,Anonymous,91337,,cab97c1f-67b4-11f0-a847-0a0cda9789f2,01f4f038-24c4-4c5e-8607-032254333b0e,,,TRUE,FALSE,QrCode,English,2025-12-19T03:35:55.5942Z,,,,,,,,,,,,,,68b55898ba36f57e40594600
19-12-2025 10:43:47,API dan IAS,CGK T2,1,TOILET T2D - BAGGAGE CLAIM PRIA,API&IAS-TOILET-CGK T2-HCO D TP,3,Neutral,3,Make it cleaner and less smelly,"Odor Control, Ventilation, and Overall Comfort|Cleanliness and Hygiene of Toilets",Negative,,,,,2,2,Petugas ramah dan sopan,,,,,,"Toilet memiliki aroma yang bau|Tisu, sabun, air, dan hand dryer tidak tersedia",,,,Kondisi toilet kotor karena jadwal pembersihan tidak jelas,,01611553-3c12-48c7-b68b-26345963be13,Completed,New,Anonymous,131046,,cab97c1f-67b4-11f0-a847-0a0cda9789f2,01f4f038-24c4-4c5e-8607-032254333b0e,,,TRUE,FALSE,QrCode,English,2025-12-19T03:41:34.7049Z,,,,,,,,,,,,,,68b55898ba36f57e40594600
19-12-2025 11:02:23,API dan IAS,CGK T2,1,TOILET T2D - BAGGAGE CLAIM PRIA,API&IAS-TOILET-CGK T2-HCO D TP,4,Satisfied,4,Bersih,Cleanliness and Hygiene of Toilets,Neutral,,,,,4,4,Petugas ramah dan sopan|Berpenampilan rapi dengan seragam jelas,,,,"Toilet bowl, urinoir, dan wastafel bersih dan berfungsi dengan baik",,,,Jadwal kebersihan yang konsisten sehingga toilet selalu dalam kondisi bersih,,,,ae0af121-dc0e-4a48-b89d-2c7eb40163ec,Completed,New,Anonymous,41843,,cab97c1f-67b4-11f0-a847-0a0cda9789f2,01f4f038-24c4-4c5e-8607-032254333b0e,,,TRUE,FALSE,QrCode,Bahasa,2025-12-19T04:01:42.1728Z,,,,,,,,,,,,,,68b55898ba36f57e40594600
19-12-2025 11:40:39,API dan IAS,CGK T3,1,TOILET T3 INT - ARRIVAL CORRIDOR BBKK-IMIGRASI PRIA,I.G.05.P,5,Satisfied,5,Bagus,,Positive,,,,,5,5,Petugas ramah dan sopan,,,,"Ketersediaan tisu, sabun, air, dan hand dryer",,,,Lokasi toilet mudah terlihat dan terjangkau,,,,d70c2963-ccc7-4bcb-9b94-331103bcaf14,Completed,New,Anonymous,45005,,cab97c1f-67b4-11f0-a847-0a0cda9789f2,01f4f038-24c4-4c5e-8607-032254333b0e,,,TRUE,FALSE,QrCode,Bahasa,2025-12-19T04:39:54.0378Z,,,,,,,,,,,,,,68b55898ba36f57e40594600
19-12-2025 13:02:37,API dan IAS,CGK T2,1,TOILET T2D - BOARDING ROOM T2D-1 PRIA,API&IAS-TOILET-CGK T2-BL D1 TP,5,Satisfied,5,,,,,,,,5,5,Petugas ramah dan sopan,,,,Toilet memiliki aroma yang wangi,,,,Jumlah toilet mencukupi sehingga tidak ada antrean,,,,dd672bd4-ec41-460c-af74-f428ce9a9f58,Completed,New,Anonymous,153610,,cab97c1f-67b4-11f0-a847-0a0cda9789f2,01f4f038-24c4-4c5e-8607-032254333b0e,,,TRUE,FALSE,QrCode,Bahasa,2025-12-19T06:00:04.9329Z,,,,,,,,,,,,,,68b55898ba36f57e40594600
19-12-2025 15:51:58,API dan IAS,UPG,5,TOILET 2A GATE 4 PRIA,UPG-TOILET-2A-P,5,Satisfied,5,Tempat sampah yang rusak agar diganti,Facility Maintenance and Upkeep,Negative,,,,,5,5,Petugas ramah dan sopan|Berpenampilan rapi dengan seragam jelas,,,,"Ketersediaan tisu, sabun, air, dan hand dryer|Toilet bowl, urinoir, dan wastafel bersih dan berfungsi dengan baik|Toilet memiliki aroma yang wangi",,,,Lokasi toilet mudah terlihat dan terjangkau|Jumlah toilet mencukupi sehingga tidak ada antrean|Proses penanganan masalah cepat sehingga aktivitas bisa berjalan dengan lancar|Jadwal kebersihan yang konsisten sehingga toilet selalu dalam kondisi bersih,,,,2b708a63-e157-4b7d-92fd-d7c691a9f609,Completed,New,Anonymous,122907,,cab97c1f-67b4-11f0-a847-0a0cda9789f2,01f4f038-24c4-4c5e-8607-032254333b0e,,,TRUE,FALSE,QrCode,Bahasa,2025-12-19T08:49:54.9387Z,,,,,,,,,,,,,,68b55898ba36f57e40594600
19-12-2025 16:12:03,API dan IAS,CGK T2,1,TOILET T2D - BOARDING ROOM T2D-7 PRIA,API&IAS-TOILET-CGK T2-BL D7 TP,5,Satisfied,5,Sudah baik petugas sangat ramah,"Customer Feedback, Complaint Handling, and Service Quality",Positive,,,,,5,5,Cepat tanggap saat membantu penumpang|Petugas ramah dan sopan,,,,"Toilet bowl, urinoir, dan wastafel bersih dan berfungsi dengan baik|Ketersediaan tisu, sabun, air, dan hand dryer|Toilet memiliki aroma yang wangi",,,,Jadwal kebersihan yang konsisten sehingga toilet selalu dalam kondisi bersih,,,,9c5355a5-d879-4740-adf0-b0f2e1129e52,Completed,New,Anonymous,62006,,cab97c1f-67b4-11f0-a847-0a0cda9789f2,01f4f038-24c4-4c5e-8607-032254333b0e,,,TRUE,FALSE,QrCode,Bahasa,2025-12-19T09:10:59.8803Z,,,,,,,,,,,,,,68b55898ba36f57e40594600
19-12-2025 16:46:18,API dan IAS,CGK T2,1,TOILET T2D - BOARDING ROOM T2D-1 PRIA,API&IAS-TOILET-CGK T2-BL D1 TP,5,Satisfied,5,,,,,,,,5,5,Petugas ramah dan sopan|Berpenampilan rapi dengan seragam jelas|Cepat tanggap saat membantu penumpang|Jumlah petugas cukup,,,,"Ketersediaan tisu, sabun, air, dan hand dryer|Toilet bowl, urinoir, dan wastafel bersih dan berfungsi dengan baik|Toilet memiliki aroma yang wangi|Penerangan dan sirkulasi udara toilet baik",,,,Lokasi toilet mudah terlihat dan terjangkau|Jumlah toilet mencukupi sehingga tidak ada antrean|Proses penanganan masalah cepat sehingga aktivitas bisa berjalan dengan lancar|Jadwal kebersihan yang konsisten sehingga toilet selalu dalam kondisi bersih,,,,9f0b368b-97e6-4444-b9f7-6bb72b5b1b57,Completed,New,Anonymous,115057,,cab97c1f-67b4-11f0-a847-0a0cda9789f2,01f4f038-24c4-4c5e-8607-032254333b0e,,,TRUE,FALSE,QrCode,Bahasa,2025-12-19T09:44:23.6024Z,,,,,,,,,,,,,,68b55898ba36f57e40594600
19-12-2025 16:46:33,API dan IAS,DPS,2,TOILET KEDATANGAN DOMESTIK MLCP DOM LT1 (WANITA),DPS-TOILET-DOM.MLCP1-W,3,Neutral,3,Tidak ada sabun untuk cuci tangan. Tapi sekarang sudah ada tissue,"Cleanliness and Hygiene of Toilets|Toilet Facilities and Completeness (e.g., soap, water, seats)",Negative,,,,,5,5,Petugas ramah dan sopan|Berpenampilan rapi dengan seragam jelas|Cepat tanggap saat membantu penumpang,,,,,,"Tisu, sabun, air, dan hand dryer tidak tersedia",,Lokasi toilet mudah terlihat dan terjangkau,,,,e3c2dcf1-b78d-4852-98f3-bae0d4feb686,Completed,New,Anonymous,80044,,cab97c1f-67b4-11f0-a847-0a0cda9789f2,01f4f038-24c4-4c5e-8607-032254333b0e,,,TRUE,FALSE,QrCode,Bahasa,2025-12-19T09:45:14.0061Z,,,,,,,,,,,,,,68b55898ba36f57e40594600
19-12-2025 20:40:13,API dan IAS,CGK T3,1,TOILET T3 DOM - BAGGAGE CLAIM WANITA,D.G.04.W,5,Satisfied,5,Pastikan amenities seperti tisu tersedia,"Toilet Facilities and Completeness (e.g., soap, water, seats)",Positive,,,,,5,5,Petugas ramah dan sopan,,,,"Toilet bowl, urinoir, dan wastafel bersih dan berfungsi dengan baik",,,,Jumlah toilet mencukupi sehingga tidak ada antrean,,,,efa7ae3d-8f3a-42a3-8b87-ae8fb4638a04,Completed,New,Anonymous,93969,,cab97c1f-67b4-11f0-a847-0a0cda9789f2,01f4f038-24c4-4c5e-8607-032254333b0e,,,TRUE,FALSE,QrCode,Bahasa,2025-12-19T13:38:39.6148Z,,,,,,,,,,,,,,68b55898ba36f57e40594600
19-12-2025 21:25:36,API dan IAS,CGK T3,1,TOILET T3 DOM - BAGGAGE CLAIM WANITA,D.G.04.W,5,Satisfied,5,Wewangian mesti ditambah,"Odor Control, Ventilation, and Overall Comfort",Positive,,,,,5,5,Petugas ramah dan sopan|Berpenampilan rapi dengan seragam jelas|Cepat tanggap saat membantu penumpang|Jumlah petugas cukup,,,,"Ketersediaan tisu, sabun, air, dan hand dryer|Toilet bowl, urinoir, dan wastafel bersih dan berfungsi dengan baik|Penerangan dan sirkulasi udara toilet baik",,,,Lokasi toilet mudah terlihat dan terjangkau|Jumlah toilet mencukupi sehingga tidak ada antrean|Proses penanganan masalah cepat sehingga aktivitas bisa berjalan dengan lancar|Jadwal kebersihan yang konsisten sehingga toilet selalu dalam kondisi bersih,,,,e9a55783-4401-4967-a9d9-a1470d77f5c9,Completed,New,Anonymous,76591,,cab97c1f-67b4-11f0-a847-0a0cda9789f2,01f4f038-24c4-4c5e-8607-032254333b0e,,,TRUE,FALSE,QrCode,Bahasa,2025-12-19T14:24:19.5773Z,,,,,,,,,,,,,,68b55898ba36f57e40594600
20-12-2025 5:05:26,API dan IAS,CGK T1,1,TOILET T1B - CHECKIN PRIA,B. HCI. P,5,Satisfied,5,"Sudah bagus, lanjutkan",,Positive,,,,,5,5,Petugas ramah dan sopan|Berpenampilan rapi dengan seragam jelas|Cepat tanggap saat membantu penumpang|Jumlah petugas cukup,,,,"Ketersediaan tisu, sabun, air, dan hand dryer|Toilet bowl, urinoir, dan wastafel bersih dan berfungsi dengan baik|Toilet memiliki aroma yang wangi|Penerangan dan sirkulasi udara toilet baik",,,,Lokasi toilet mudah terlihat dan terjangkau|Jumlah toilet mencukupi sehingga tidak ada antrean|Proses penanganan masalah cepat sehingga aktivitas bisa berjalan dengan lancar|Jadwal kebersihan yang konsisten sehingga toilet selalu dalam kondisi bersih,,,,8c7e18d8-8e6d-40cb-bf05-cf06a6719d98,Completed,New,Anonymous,112627,,cab97c1f-67b4-11f0-a847-0a0cda9789f2,01f4f038-24c4-4c5e-8607-032254333b0e,,,TRUE,FALSE,QrCode,Bahasa,2025-12-19T22:03:33.7863Z,,,,,,,,,,,,,,68b55898ba36f57e40594600
20-12-2025 8:51:50,API dan IAS,CGK T2,1,TOILET T2D - ARRIVAL CORRIDOR PRIA,API&IAS-TOILET-CGK T2-CCA D TP,5,Satisfied,5,Ditambahkan pewangi rasa kopi,"Odor Control, Ventilation, and Overall Comfort",Neutral,,,,,5,5,Petugas ramah dan sopan|Berpenampilan rapi dengan seragam jelas|Cepat tanggap saat membantu penumpang|Jumlah petugas cukup,,,,"Ketersediaan tisu, sabun, air, dan hand dryer|Toilet bowl, urinoir, dan wastafel bersih dan berfungsi dengan baik|Penerangan dan sirkulasi udara toilet baik",,,,Lokasi toilet mudah terlihat dan terjangkau|Jumlah toilet mencukupi sehingga tidak ada antrean|Proses penanganan masalah cepat sehingga aktivitas bisa berjalan dengan lancar|Jadwal kebersihan yang konsisten sehingga toilet selalu dalam kondisi bersih,,,,2ae74a2e-a6fb-4927-bafc-4328a27144cb,Completed,New,Anonymous,144466,,cab97c1f-67b4-11f0-a847-0a0cda9789f2,01f4f038-24c4-4c5e-8607-032254333b0e,,,TRUE,FALSE,QrCode,Bahasa,2025-12-20T01:49:25.5520Z,,,,,,,,,,,,,,68b55898ba36f57e40594600
20-12-2025 8:54:38,API dan IAS,CGK T2,1,TOILET T2E - BOARDING ROOM T2E-2 PRIA,API&IAS-TOILET-CGK T2-BL E2 TP,5,Satisfied,5,Beacuse this toilet is very modern and very clean:),Cleanliness and Hygiene of Toilets,Positive,,,,,5,5,Petugas ramah dan sopan,,,,Penerangan dan sirkulasi udara toilet baik,,,,Lokasi toilet mudah terlihat dan terjangkau,,,,3a282e16-4314-45b6-a6c7-9802123c4578,Completed,New,Anonymous,53253,,cab97c1f-67b4-11f0-a847-0a0cda9789f2,01f4f038-24c4-4c5e-8607-032254333b0e,,,TRUE,FALSE,QrCode,English,2025-12-20T01:53:45.2988Z,,,,,,,,,,,,,,68b55898ba36f57e40594600
20-12-2025 9:05:15,API dan IAS,CGK T2,1,TOILET T2E - BOARDING ROOM T2E-4 PRIA,API&IAS-TOILET-CGK T2-BL E4 TP,5,Satisfied,5,,,,,,,,5,5,Petugas ramah dan sopan|Berpenampilan rapi dengan seragam jelas|Cepat tanggap saat membantu penumpang|Jumlah petugas cukup,,,,"Ketersediaan tisu, sabun, air, dan hand dryer|Toilet bowl, urinoir, dan wastafel bersih dan berfungsi dengan baik|Toilet memiliki aroma yang wangi|Penerangan dan sirkulasi udara toilet baik",,,,Lokasi toilet mudah terlihat dan terjangkau|Jumlah toilet mencukupi sehingga tidak ada antrean|Proses penanganan masalah cepat sehingga aktivitas bisa berjalan dengan lancar|Jadwal kebersihan yang konsisten sehingga toilet selalu dalam kondisi bersih,,,,b1bea42c-5284-4a32-809b-f7737ad17a5e,Completed,New,Anonymous,139998,,cab97c1f-67b4-11f0-a847-0a0cda9789f2,01f4f038-24c4-4c5e-8607-032254333b0e,,,TRUE,FALSE,QrCode,Bahasa,2025-12-20T02:02:54.3507Z,,,,,,,,,,,,,,68b55898ba36f57e40594600
20-12-2025 9:37:50,API dan IAS,SUB,4,"T1,GATE 10 CONCOURSE 4,FAMILY","SUB-TOILE-T1-GATE 10 CONCOURSE 4,",5,Satisfied,5,"Survey senyum lebih dipermudah, kalau bisa orang tinggal enter saja.","Signage, Directions, and Facility Accessibility",Positive,,,,,5,5,Petugas ramah dan sopan|Berpenampilan rapi dengan seragam jelas|Cepat tanggap saat membantu penumpang,,,,"Ketersediaan tisu, sabun, air, dan hand dryer|Toilet bowl, urinoir, dan wastafel bersih dan berfungsi dengan baik|Toilet memiliki aroma yang wangi|Penerangan dan sirkulasi udara toilet baik",,,,Lokasi toilet mudah terlihat dan terjangkau,,,,8c4cd09c-1a66-4b12-964c-1c6cd2a6aa1d,Completed,New,Anonymous,232316,,cab97c1f-67b4-11f0-a847-0a0cda9789f2,01f4f038-24c4-4c5e-8607-032254333b0e,,,TRUE,FALSE,QrCode,Bahasa,2025-12-20T02:33:53.3445Z,,,,,,,,,,,,,,68b55898ba36f57e40594600
20-12-2025 9:38:32,API dan IAS,CGK T2,1,TOILET T2E - BOARDING ROOM T2E-2 PRIA,API&IAS-TOILET-CGK T2-BL E2 TP,5,Satisfied,5,"Ada kerusakan Roob Hook di toilet pria ruang tggu terminal 2E, mohon dapat segera diganti...
Terima kasih",Facility Maintenance and Upkeep,Negative,,,,,4,4,Petugas ramah dan sopan|Cepat tanggap saat membantu penumpang|Berpenampilan rapi dengan seragam jelas,,,,"Ketersediaan tisu, sabun, air, dan hand dryer|Penerangan dan sirkulasi udara toilet baik|Toilet bowl, urinoir, dan wastafel bersih dan berfungsi dengan baik",,,,Lokasi toilet mudah terlihat dan terjangkau|Jadwal kebersihan yang konsisten sehingga toilet selalu dalam kondisi bersih,,,,029f505e-64bc-4faf-a4bc-bd0d3ec7d78c,Completed,New,Anonymous,237670,,cab97c1f-67b4-11f0-a847-0a0cda9789f2,01f4f038-24c4-4c5e-8607-032254333b0e,,,TRUE,FALSE,QrCode,Bahasa,2025-12-20T02:34:33.5987Z,,,,,,,,,,,,,,68b55898ba36f57e40594600
20-12-2025 11:20:55,API dan IAS,CGK T2,1,TOILET T2E - BOARDING ROOM T2E-2 PRIA,API&IAS-TOILET-CGK T2-BL E2 TP,5,Satisfied,5,"Sabtu 20 Des 2025 Pukul 10.58, Staf laki2 dan Perempuan Ramah, Komunikatif, Care, Sopan, Resik, Rapih..Pertahankan terus pelayanannya

Tingkatkan : Gantungan Besi utk tas di dalam WC

Semoga lebih baik dan salam sehat semuanya
@Youtube #IdrusBorneo",Facility Maintenance and Upkeep,Positive,,,,,5,5,Petugas ramah dan sopan|Berpenampilan rapi dengan seragam jelas|Cepat tanggap saat membantu penumpang|Jumlah petugas cukup,,,,,,Lainnya,Besi gantungan Tas,Lokasi toilet mudah terlihat dan terjangkau|Jumlah toilet mencukupi sehingga tidak ada antrean|Proses penanganan masalah cepat sehingga aktivitas bisa berjalan dengan lancar|Jadwal kebersihan yang konsisten sehingga toilet selalu dalam kondisi bersih|Lainnya,Tambahkan Keranjang menaruh koper /Tas,,,f5e97408-781e-41b9-811e-29538e9e989b,Completed,New,Anonymous,311517,,cab97c1f-67b4-11f0-a847-0a0cda9789f2,01f4f038-24c4-4c5e-8607-032254333b0e,,,TRUE,FALSE,QrCode,Bahasa,2025-12-20T04:15:38.6945Z,,,,,,,,,,,,,,68b55898ba36f57e40594600
20-12-2025 13:22:40,API dan IAS,CGK T3,1,TOILET T3 DOM - BOARDING ROOM GATE 12 PRIA,D.F.02.P,5,Satisfied,5,Sangat Baik & Besih dan pelayanan sangat baik,Cleanliness and Hygiene of Toilets,Positive,,,,,5,5,Petugas ramah dan sopan|Berpenampilan rapi dengan seragam jelas|Cepat tanggap saat membantu penumpang|Jumlah petugas cukup,,,,"Ketersediaan tisu, sabun, air, dan hand dryer|Toilet bowl, urinoir, dan wastafel bersih dan berfungsi dengan baik|Toilet memiliki aroma yang wangi|Penerangan dan sirkulasi udara toilet baik",,,,Lokasi toilet mudah terlihat dan terjangkau|Jumlah toilet mencukupi sehingga tidak ada antrean|Proses penanganan masalah cepat sehingga aktivitas bisa berjalan dengan lancar|Jadwal kebersihan yang konsisten sehingga toilet selalu dalam kondisi bersih,,,,6289f310-81a2-4dad-b011-0299f48d6e56,Completed,New,Anonymous,75842,,cab97c1f-67b4-11f0-a847-0a0cda9789f2,01f4f038-24c4-4c5e-8607-032254333b0e,,,TRUE,FALSE,QrCode,Bahasa,2025-12-20T06:21:23.9311Z,,,,,,,,,,,,,,68b55898ba36f57e40594600
20-12-2025 14:09:45,API dan IAS,CGK T1,1,TOILET T1A - BAGGAGE CLAIM WANITA,A.CCAT.W,5,Satisfied,5,"Pertahankan kebersihan dan keramahan petugasnya.

Layak sbg bandara internasional",Cleanliness and Hygiene of Toilets,Positive,,,,,5,5,Petugas ramah dan sopan|Berpenampilan rapi dengan seragam jelas|Cepat tanggap saat membantu penumpang|Jumlah petugas cukup,,,,"Ketersediaan tisu, sabun, air, dan hand dryer|Toilet bowl, urinoir, dan wastafel bersih dan berfungsi dengan baik|Toilet memiliki aroma yang wangi|Penerangan dan sirkulasi udara toilet baik",,,,Lokasi toilet mudah terlihat dan terjangkau|Jumlah toilet mencukupi sehingga tidak ada antrean|Jadwal kebersihan yang konsisten sehingga toilet selalu dalam kondisi bersih,,,,03092b13-448d-4719-bb9a-cfc2b5c824f2,Completed,New,Anonymous,123950,,cab97c1f-67b4-11f0-a847-0a0cda9789f2,01f4f038-24c4-4c5e-8607-032254333b0e,,,TRUE,FALSE,QrCode,Bahasa,2025-12-20T07:07:40.9308Z,,,,,,,,,,,,,,68b55898ba36f57e40594600
20-12-2025 14:58:45,API dan IAS,CGK T2,1,TOILET T2D - BOARDING ROOM T2D-3 PRIA,API&IAS-TOILET-CGK T2-BL D3 TP,5,Satisfied,5,,,,,,,,5,5,Petugas ramah dan sopan|Berpenampilan rapi dengan seragam jelas|Cepat tanggap saat membantu penumpang|Jumlah petugas cukup,,,,"Ketersediaan tisu, sabun, air, dan hand dryer|Toilet bowl, urinoir, dan wastafel bersih dan berfungsi dengan baik|Toilet memiliki aroma yang wangi|Penerangan dan sirkulasi udara toilet baik",,,,Lokasi toilet mudah terlihat dan terjangkau|Jumlah toilet mencukupi sehingga tidak ada antrean|Proses penanganan masalah cepat sehingga aktivitas bisa berjalan dengan lancar|Jadwal kebersihan yang konsisten sehingga toilet selalu dalam kondisi bersih,,,,787332f2-4701-4d96-a860-65e7d82d31d1,Completed,New,Anonymous,48034,,cab97c1f-67b4-11f0-a847-0a0cda9789f2,01f4f038-24c4-4c5e-8607-032254333b0e,,,TRUE,FALSE,QrCode,Bahasa,2025-12-20T07:57:54.8481Z,,,,,,,,,,,,,,68b55898ba36f57e40594600
20-12-2025 17:35:19,API dan IAS,CGK T2,1,TOILET T2E - BOARDING ROOM T2E-6 PRIA,API&IAS-TOILET-CGK T2-BL E6 TP,2,Not Satisfied,2,"Cleaning service nya super rese. Nuduh nuduh  saya merokok didalam wc. 
Nuduh saya mandi di wc. 
Tolong ditindak lanjuti penjaga wc nya. 

Baru kali ini ada penjaga wc sangat mengganggu dan parahnya bukannya minta maaf, malah melotot. 

WC Pria, jam 17.30 WIB",Cleanliness and Hygiene of Toilets,Negative,,,,,4,4,,,Petugas tidak ramah dan kurang sopan,,"Ketersediaan tisu, sabun, air, dan hand dryer|Toilet bowl, urinoir, dan wastafel bersih dan berfungsi dengan baik|Penerangan dan sirkulasi udara toilet baik",,,,Lokasi toilet mudah terlihat dan terjangkau|Jumlah toilet mencukupi sehingga tidak ada antrean,,,,ca10f516-6f9f-465b-85c6-6aca38d23de0,Completed,New,Anonymous,288377,,cab97c1f-67b4-11f0-a847-0a0cda9789f2,01f4f038-24c4-4c5e-8607-032254333b0e,,,TRUE,FALSE,QrCode,Bahasa,2025-12-20T10:30:30.1002Z,,,,,,,,,,,,,,68b55898ba36f57e40594600
20-12-2025 23:04:03,API dan IAS,CGK T1,1,TOILET T1B - PARKIR PRIA,Toilet Parkir B - Pria,2,Not Satisfied,2,Jorok,Cleanliness and Hygiene of Toilets,Negative,,,,,1,1,,,Jumlah petugas kurang sehingga antrian panjang,,,,Toilet memiliki aroma yang bau,,,,Antrean toilet panjang karena jumlah toilet tidak mencukupi,,78734ee2-5d3f-4457-b395-d44a70d69369,Completed,New,Anonymous,86852,,cab97c1f-67b4-11f0-a847-0a0cda9789f2,01f4f038-24c4-4c5e-8607-032254333b0e,,,TRUE,FALSE,QrCode,Bahasa,2025-12-20T16:02:28.9406Z,,,,,,,,,,,,,,68b55898ba36f57e40594600
21-12-2025 0:30:35,API dan IAS,CGK T3,1,TOILET T3 DOM - ARRIVAL CORRIDOR GATE 13 PRIA,D.G.06.P,4,Satisfied,4,Untuk Saat Ini Toilet DG06 P Dan Toilet DG06 W Sudah Bagus Penunjang Fasilitas Sudah Bagus Saya Aristiyan Dari Unit TSS T3 Internasional Tolong kalau Ada Kerusakan Fasilitas Toilet Segera Hubungi ke Unit Tim Terkait,"Facility Maintenance and Upkeep|Signage, Directions, and Facility Accessibility",Positive,,,,,4,4,Petugas ramah dan sopan,,,,"Ketersediaan tisu, sabun, air, dan hand dryer|Toilet bowl, urinoir, dan wastafel bersih dan berfungsi dengan baik|Toilet memiliki aroma yang wangi|Penerangan dan sirkulasi udara toilet baik",,,,Lokasi toilet mudah terlihat dan terjangkau|Proses penanganan masalah cepat sehingga aktivitas bisa berjalan dengan lancar|Jadwal kebersihan yang konsisten sehingga toilet selalu dalam kondisi bersih,,,,84825ae9-33c7-4145-b7fe-d3f24b6179af,Completed,New,Anonymous,321607,,cab97c1f-67b4-11f0-a847-0a0cda9789f2,01f4f038-24c4-4c5e-8607-032254333b0e,,,TRUE,FALSE,QrCode,Bahasa,2025-12-20T17:25:13.6346Z,,,,,,,,,,,,,,68b55898ba36f57e40594600
21-12-2025 4:33:18,API dan IAS,CGK T2,1,TOILET T2D - BAGGAGE CLAIM PRIA,API&IAS-TOILET-CGK T2-HCO D TP,5,Satisfied,5,"Penggunaan toilet family/ disabilitas tidak sesuai fungsi, malah digunakan perorangan/ pramugara",,,,,,,4,4,Petugas ramah dan sopan,,,,"Ketersediaan tisu, sabun, air, dan hand dryer",,,,Lokasi toilet mudah terlihat dan terjangkau,,,,d3e74718-6247-4ea6-94ba-8fc5ac205cc2,Completed,New,Anonymous,239609,,cab97c1f-67b4-11f0-a847-0a0cda9789f2,01f4f038-24c4-4c5e-8607-032254333b0e,,,TRUE,FALSE,QrCode,Bahasa,2025-12-20T21:29:18.4568Z,,,,,,,,,,,,,,68b55898ba36f57e40594600
21-12-2025 6:45:19,API dan IAS,CGK T3,1,TOILET T3 INT - PARKING PRIA,PI.03.U.P,3,Neutral,3,Tisunya kagak ada,,,,,,,3,3,,,Lainnya,Tisunya kurang banyak,,,"Tisu, sabun, air, dan hand dryer tidak tersedia",,,,Lainnya,Tisunya kurang,e5144cf7-e7e2-49a1-b7ed-ba9dfbf5f835,Completed,New,Anonymous,195320,,cab97c1f-67b4-11f0-a847-0a0cda9789f2,01f4f038-24c4-4c5e-8607-032254333b0e,,,TRUE,FALSE,QrCode,Bahasa,2025-12-20T23:42:00.2650Z,,,,,,,,,,,,,,68b55898ba36f57e40594600
21-12-2025 9:54:25,API dan IAS,CGK T1,1,TOILET T1A - CURBSIDE WANITA,A. PCI. W,1,Not Satisfied,1,sangat tidak nyaman pelayanan nya kurang sopan jorok,,,,,,,1,1,,,Petugas tidak ramah dan kurang sopan,,,,Toilet memiliki aroma yang bau,,,,Kondisi toilet kotor karena jadwal pembersihan tidak jelas,,fe18e7de-c858-4f0c-84bc-16a3291a51ff,Completed,New,Anonymous,119598,,cab97c1f-67b4-11f0-a847-0a0cda9789f2,01f4f038-24c4-4c5e-8607-032254333b0e,,,TRUE,FALSE,QrCode,Bahasa,2025-12-21T02:52:26.6245Z,,,,,,,,,,,,,,68b55898ba36f57e40594600
21-12-2025 11:04:30,API dan IAS,DPS,2,TOILET KEBERANGKATAN DOMESTIK GATE 1 (WANITA),DPS-TOILET-DD07-W,5,Satisfied,5,"Pwlayanan petugas sangat ramah sopan, toilet kering..agar dipertahankan",,,,,,,5,5,Petugas ramah dan sopan|Berpenampilan rapi dengan seragam jelas|Cepat tanggap saat membantu penumpang|Jumlah petugas cukup,,,,"Ketersediaan tisu, sabun, air, dan hand dryer|Toilet bowl, urinoir, dan wastafel bersih dan berfungsi dengan baik|Toilet memiliki aroma yang wangi|Penerangan dan sirkulasi udara toilet baik",,,,Lokasi toilet mudah terlihat dan terjangkau|Jumlah toilet mencukupi sehingga tidak ada antrean|Proses penanganan masalah cepat sehingga aktivitas bisa berjalan dengan lancar|Jadwal kebersihan yang konsisten sehingga toilet selalu dalam kondisi bersih,,,,d63d9f73-df75-4381-a5c7-fd2e7ce8edc5,Completed,New,Anonymous,128280,,cab97c1f-67b4-11f0-a847-0a0cda9789f2,01f4f038-24c4-4c5e-8607-032254333b0e,,,TRUE,FALSE,QrCode,Bahasa,2025-12-21T04:02:22.1360Z,,,,,,,,,,,,,,68b55898ba36f57e40594600
21-12-2025 11:30:12,API dan IAS,CGK T2,1,TOILET T2D - BOARDING ROOM T2D-1 PRIA,API&IAS-TOILET-CGK T2-BL D1 TP,4,Satisfied,4,Bagus,,,,,,,4,4,Berpenampilan rapi dengan seragam jelas,,,,"Toilet bowl, urinoir, dan wastafel bersih dan berfungsi dengan baik",,,,Lokasi toilet mudah terlihat dan terjangkau,,,,5cb2b88f-270d-47a2-a5a8-27fe29323cbb,Completed,New,Anonymous,149976,,cab97c1f-67b4-11f0-a847-0a0cda9789f2,01f4f038-24c4-4c5e-8607-032254333b0e,,,TRUE,FALSE,QrCode,Bahasa,2025-12-21T04:27:41.5766Z,,,,,,,,,,,,,,68b55898ba36f57e40594600
21-12-2025 13:36:07,API dan IAS,CGK T2,1,TOILET T2D - BAGGAGE CLAIM PRIA,API&IAS-TOILET-CGK T2-HCO D TP,5,Satisfied,5,"Perlu ditambah tray, space area atau pembatas untuk meletakkan barang bawaan di dekat wastafel sehingga tidak perlu membawa barang dalam kamar mandi.",,,,,,,5,5,Petugas ramah dan sopan|Berpenampilan rapi dengan seragam jelas|Cepat tanggap saat membantu penumpang|Jumlah petugas cukup,,,,"Ketersediaan tisu, sabun, air, dan hand dryer|Toilet bowl, urinoir, dan wastafel bersih dan berfungsi dengan baik|Toilet memiliki aroma yang wangi|Penerangan dan sirkulasi udara toilet baik",,,,Lokasi toilet mudah terlihat dan terjangkau|Proses penanganan masalah cepat sehingga aktivitas bisa berjalan dengan lancar|Jadwal kebersihan yang konsisten sehingga toilet selalu dalam kondisi bersih,,,,ccd6d6be-df83-4126-b86c-cd8088a025f3,Completed,New,Anonymous,591725,,cab97c1f-67b4-11f0-a847-0a0cda9789f2,01f4f038-24c4-4c5e-8607-032254333b0e,,,TRUE,FALSE,QrCode,Bahasa,2025-12-21T06:26:06.1188Z,,,,,,,,,,,,,,68b55898ba36f57e40594600
21-12-2025 13:42:06,API dan IAS,CGK T1,1,TOILET T1B - CHECKIN PRIA,B. HCI. P,5,Satisfied,5,Oke,,Neutral,,,,,5,5,Petugas ramah dan sopan|Berpenampilan rapi dengan seragam jelas,,,,"Ketersediaan tisu, sabun, air, dan hand dryer|Toilet bowl, urinoir, dan wastafel bersih dan berfungsi dengan baik|Penerangan dan sirkulasi udara toilet baik",,,,Lokasi toilet mudah terlihat dan terjangkau|Proses penanganan masalah cepat sehingga aktivitas bisa berjalan dengan lancar,,,,24c5f1bc-0131-460d-9854-a28aa2dcc5ff,Completed,New,Anonymous,39920,,cab97c1f-67b4-11f0-a847-0a0cda9789f2,01f4f038-24c4-4c5e-8607-032254333b0e,,,TRUE,FALSE,QrCode,Bahasa,2025-12-21T06:41:25.1251Z,,,,,,,,,,,,,,68b55898ba36f57e40594600
21-12-2025 13:46:14,API dan IAS,DPS,2,TOILET KEBERANGKATAN DOMESTIK GATE 5-6 (PRIA),DPS-TOILET-DD04-P,5,Satisfied,5,Toilet sudah bersih. Di tingkatkan  lagi,,,,,,,5,5,Petugas ramah dan sopan,,,,Toilet memiliki aroma yang wangi,,,,Lokasi toilet mudah terlihat dan terjangkau,,,,bae9aa93-513d-4c18-9f27-0959e893a6a0,Completed,New,Anonymous,108717,,cab97c1f-67b4-11f0-a847-0a0cda9789f2,01f4f038-24c4-4c5e-8607-032254333b0e,,,TRUE,FALSE,QrCode,Bahasa,2025-12-21T06:44:25.1289Z,,,,,,,,,,,,,,68b55898ba36f57e40594600
21-12-2025 15:20:20,API dan IAS,CGK T3,1,TOILET T3 DOM - BOARDING ROOM GATE 16 WANITA,D.F.06.W,5,Satisfied,5,,,,,,,,5,5,Petugas ramah dan sopan|Berpenampilan rapi dengan seragam jelas|Cepat tanggap saat membantu penumpang,,,,"Ketersediaan tisu, sabun, air, dan hand dryer|Toilet bowl, urinoir, dan wastafel bersih dan berfungsi dengan baik|Toilet memiliki aroma yang wangi|Penerangan dan sirkulasi udara toilet baik",,,,Jumlah toilet mencukupi sehingga tidak ada antrean|Jadwal kebersihan yang konsisten sehingga toilet selalu dalam kondisi bersih,,,,a7a8b942-1548-4333-8b1a-441c37a33863,Completed,New,Anonymous,51799,,cab97c1f-67b4-11f0-a847-0a0cda9789f2,01f4f038-24c4-4c5e-8607-032254333b0e,,,TRUE,FALSE,QrCode,Bahasa,2025-12-21T08:19:28.1332Z,,,,,,,,,,,,,,68b55898ba36f57e40594600
21-12-2025 19:10:37,API dan IAS,CGK T3,1,TOILET T3 DOM - BOARDING ROOM GATE 14 PRIA,D.F.04.P,5,Satisfied,5,petugas bisa ditambah jumlahnya,Facility Maintenance and Upkeep,Positive,,,,,5,5,Petugas ramah dan sopan,,,,"Ketersediaan tisu, sabun, air, dan hand dryer|Toilet bowl, urinoir, dan wastafel bersih dan berfungsi dengan baik|Toilet memiliki aroma yang wangi|Penerangan dan sirkulasi udara toilet baik",,,,Lokasi toilet mudah terlihat dan terjangkau|Jumlah toilet mencukupi sehingga tidak ada antrean|Proses penanganan masalah cepat sehingga aktivitas bisa berjalan dengan lancar|Jadwal kebersihan yang konsisten sehingga toilet selalu dalam kondisi bersih,,,,1c7ddbb4-41e5-4d67-8b68-c255ecc0a7dc,Completed,New,Anonymous,91549,,cab97c1f-67b4-11f0-a847-0a0cda9789f2,01f4f038-24c4-4c5e-8607-032254333b0e,,,TRUE,FALSE,QrCode,Bahasa,2025-12-21T12:09:05.2251Z,,,,,,,,,,,,,,68b55898ba36f57e40594600
21-12-2025 21:32:46,API dan IAS,CGK T3,1,TOILET T3 INT - BOARDING ROOM GATE 6 WANITA,I.F.04.W,5,Satisfied,5,Ok,,Neutral,,,,,5,5,Petugas ramah dan sopan,,,,"Ketersediaan tisu, sabun, air, dan hand dryer",,,,Proses penanganan masalah cepat sehingga aktivitas bisa berjalan dengan lancar,,,,a506c3b3-e55a-4fe9-914d-25aff5603a9d,Completed,New,Anonymous,25377,,cab97c1f-67b4-11f0-a847-0a0cda9789f2,01f4f038-24c4-4c5e-8607-032254333b0e,,,TRUE,FALSE,QrCode,Bahasa,2025-12-21T14:32:19.9275Z,,,,,,,,,,,,,,68b55898ba36f57e40594600
22-12-2025 4:55:04,API dan IAS,CGK T2,1,TOILET T2E - BOARDING ROOM T2E-3 PRIA,API&IAS-TOILET-CGK T2-BL E3 TP,5,Satisfied,5,,,,,,,,4,4,Lainnya,tidak ada petugas,,,"Toilet bowl, urinoir, dan wastafel bersih dan berfungsi dengan baik",,,,Lainnya,toilet nya kurang,,,42b4057d-86b2-4650-8e7c-0a33a92c6612,Completed,New,Anonymous,878795,,cab97c1f-67b4-11f0-a847-0a0cda9789f2,01f4f038-24c4-4c5e-8607-032254333b0e,,,TRUE,FALSE,QrCode,Bahasa,2025-12-21T21:40:24.8798Z,,,,,,,,,,,,,,68b55898ba36f57e40594600
22-12-2025 5:58:45,API dan IAS,CGK T3,1,TOILET T3 DOM - BOARDING ROOM GATE 13 WANITA,D.F.03.W,4,Satisfied,4,,,,,,,,4,4,Cepat tanggap saat membantu penumpang|Berpenampilan rapi dengan seragam jelas,,,,"Ketersediaan tisu, sabun, air, dan hand dryer|Toilet bowl, urinoir, dan wastafel bersih dan berfungsi dengan baik|Toilet memiliki aroma yang wangi|Penerangan dan sirkulasi udara toilet baik",,,,Lokasi toilet mudah terlihat dan terjangkau|Jadwal kebersihan yang konsisten sehingga toilet selalu dalam kondisi bersih|Proses penanganan masalah cepat sehingga aktivitas bisa berjalan dengan lancar,,,,eff9e0e1-99e4-4608-8227-4e6a10d45f80,Completed,New,Anonymous,91942,,cab97c1f-67b4-11f0-a847-0a0cda9789f2,01f4f038-24c4-4c5e-8607-032254333b0e,,,TRUE,FALSE,QrCode,Bahasa,2025-12-21T22:57:13.3825Z,,,,,,,,,,,,,,68b55898ba36f57e40594600
22-12-2025 7:36:38,API dan IAS,CGK T3,1,TOILET T3 DOM - SCP WANITA,D.S.02.W,5,Satisfied,5,Baik,,Positive,,,,,5,5,Petugas ramah dan sopan|Berpenampilan rapi dengan seragam jelas,,,,Penerangan dan sirkulasi udara toilet baik,,,,Jadwal kebersihan yang konsisten sehingga toilet selalu dalam kondisi bersih,,,,65d8cb55-925c-4e32-a050-8fc591af4c54,Completed,New,Anonymous,43525,,cab97c1f-67b4-11f0-a847-0a0cda9789f2,01f4f038-24c4-4c5e-8607-032254333b0e,,,TRUE,FALSE,QrCode,Bahasa,2025-12-22T00:35:54.3273Z,,,,,,,,,,,,,,68b55898ba36f57e40594600
22-12-2025 8:10:54,API dan IAS,CGK T3,1,TOILET T3 INT - ARRIVAL CURBSIDE GATE 1 PRIA,I.G.02.P,5,Satisfied,5,G02 pria plaza,"Signage, Directions, and Facility Accessibility",Neutral,,,,,5,5,Cepat tanggap saat membantu penumpang,,,,Penerangan dan sirkulasi udara toilet baik,,,,Jadwal kebersihan yang konsisten sehingga toilet selalu dalam kondisi bersih,,,,d107f4a1-fd94-41cc-be8f-98783e5a31f6,Completed,New,Anonymous,167670,,cab97c1f-67b4-11f0-a847-0a0cda9789f2,01f4f038-24c4-4c5e-8607-032254333b0e,,,TRUE,FALSE,QrCode,English,2025-12-22T01:08:06.9480Z,,,,,,,,,,,,,,68b55898ba36f57e40594600
22-12-2025 8:32:54,API dan IAS,CGK T2,1,TOILET T2D - BOARDING ROOM T2D-6 PRIA,API&IAS-TOILET-CGK T2-BL D6 TP,5,Satisfied,5,Mantap,,Positive,,,,,5,5,Petugas ramah dan sopan|Berpenampilan rapi dengan seragam jelas|Cepat tanggap saat membantu penumpang|Jumlah petugas cukup|Lainnya,Mantap,,,"Ketersediaan tisu, sabun, air, dan hand dryer|Toilet bowl, urinoir, dan wastafel bersih dan berfungsi dengan baik|Toilet memiliki aroma yang wangi|Penerangan dan sirkulasi udara toilet baik|Lainnya",Mantap,,,Lokasi toilet mudah terlihat dan terjangkau|Jumlah toilet mencukupi sehingga tidak ada antrean|Proses penanganan masalah cepat sehingga aktivitas bisa berjalan dengan lancar|Lainnya|Jadwal kebersihan yang konsisten sehingga toilet selalu dalam kondisi bersih,Mantap,,,104f96ea-2443-4d59-b79d-68b94954a347,Completed,New,Anonymous,41344,,cab97c1f-67b4-11f0-a847-0a0cda9789f2,01f4f038-24c4-4c5e-8607-032254333b0e,,,TRUE,FALSE,QrCode,Bahasa,2025-12-22T01:32:11.7681Z,,,,,,,,,,,,,,68b55898ba36f57e40594600
22-12-2025 9:01:12,API,SUB,4,"T1,KEDATANGAN CITILINK,WANITA","SUB-TOILE-T1-KEDATANGAN CITILINK,",5,Satisfied,5,,,,,,,,5,5,Petugas ramah dan sopan|Berpenampilan rapi dengan seragam jelas,,,,"Ketersediaan tisu, sabun, air, dan hand dryer|Toilet memiliki aroma yang wangi|Toilet bowl, urinoir, dan wastafel bersih dan berfungsi dengan baik|Penerangan dan sirkulasi udara toilet baik",,,,Lokasi toilet mudah terlihat dan terjangkau|Jumlah toilet mencukupi sehingga tidak ada antrean,,,,d68ae830-6994-4ee5-a0f4-b45435535af6,Completed,New,Anonymous,113004,,cab97c1f-67b4-11f0-a847-0a0cda9789f2,01f4f038-24c4-4c5e-8607-032254333b0e,,,TRUE,FALSE,QrCode,Bahasa,2025-12-22T01:59:19.2374Z,,,,,,,,,,,,,,68b55898ba36f57e40594600
22-12-2025 9:35:14,API dan IAS,CGK T2,1,TOILET T2D - BAGGAGE CLAIM PRIA,API&IAS-TOILET-CGK T2-HCO D TP,5,Satisfied,5,Tidak ada,,Neutral,,,,,5,5,Petugas ramah dan sopan|Berpenampilan rapi dengan seragam jelas,,,,"Ketersediaan tisu, sabun, air, dan hand dryer|Toilet bowl, urinoir, dan wastafel bersih dan berfungsi dengan baik|Toilet memiliki aroma yang wangi",,,,Lokasi toilet mudah terlihat dan terjangkau|Jumlah toilet mencukupi sehingga tidak ada antrean|Proses penanganan masalah cepat sehingga aktivitas bisa berjalan dengan lancar,,,,2763d3f7-df68-4edd-8244-134d433b7989,Completed,New,Anonymous,74876,,cab97c1f-67b4-11f0-a847-0a0cda9789f2,01f4f038-24c4-4c5e-8607-032254333b0e,,,TRUE,FALSE,QrCode,Bahasa,2025-12-22T02:33:58.5540Z,,,,,,,,,,,,,,68b55898ba36f57e40594600
22-12-2025 11:11:48,API dan IAS,CGK T2,1,TOILET T2D - BOARDING ROOM T2D-4 PRIA,API&IAS-TOILET-CGK T2-BL D4 TP,5,Satisfied,5,Keren mantap puas bagus ramah,,Positive,,,,,5,5,Petugas ramah dan sopan|Berpenampilan rapi dengan seragam jelas|Cepat tanggap saat membantu penumpang|Jumlah petugas cukup,,,,"Ketersediaan tisu, sabun, air, dan hand dryer|Toilet bowl, urinoir, dan wastafel bersih dan berfungsi dengan baik|Toilet memiliki aroma yang wangi|Penerangan dan sirkulasi udara toilet baik",,,,Lokasi toilet mudah terlihat dan terjangkau|Jumlah toilet mencukupi sehingga tidak ada antrean|Proses penanganan masalah cepat sehingga aktivitas bisa berjalan dengan lancar|Jadwal kebersihan yang konsisten sehingga toilet selalu dalam kondisi bersih,,,,e2dd1014-a412-4ef9-ac33-19428f6ce1e9,Completed,New,Anonymous,69895,,cab97c1f-67b4-11f0-a847-0a0cda9789f2,01f4f038-24c4-4c5e-8607-032254333b0e,,,TRUE,FALSE,QrCode,Bahasa,2025-12-22T04:10:31.8085Z,,,,,,,,,,,,,,68b55898ba36f57e40594600
22-12-2025 11:15:58,API dan IAS,CGK T2,1,TOILET T2D - BAGGAGE CLAIM PRIA,API&IAS-TOILET-CGK T2-HCO D TP,5,Satisfied,5,Baik makasih ya,,Positive,,,,,5,5,Petugas ramah dan sopan,,,,Lainnya,Baik,,,Jumlah toilet mencukupi sehingga tidak ada antrean,,,,cc11c397-2909-471a-b5f8-719248ea243a,Completed,New,Anonymous,38227,,cab97c1f-67b4-11f0-a847-0a0cda9789f2,01f4f038-24c4-4c5e-8607-032254333b0e,,,TRUE,FALSE,QrCode,Bahasa,2025-12-22T04:15:20.1711Z,,,,,,,,,,,,,,68b55898ba36f57e40594600
22-12-2025 11:34:49,API dan IAS,CGK T3,1,TOILET T3 DOM - BOARDING ROOM GATE 14 WANITA,D.F.04.W,5,Satisfied,5,"Petugas ramah, ditingkatkan","Customer Feedback, Complaint Handling, and Service Quality",Positive,,,,,5,5,Petugas ramah dan sopan|Berpenampilan rapi dengan seragam jelas|Cepat tanggap saat membantu penumpang,,,,"Ketersediaan tisu, sabun, air, dan hand dryer|Toilet bowl, urinoir, dan wastafel bersih dan berfungsi dengan baik|Toilet memiliki aroma yang wangi|Penerangan dan sirkulasi udara toilet baik",,,,Lokasi toilet mudah terlihat dan terjangkau|Jumlah toilet mencukupi sehingga tidak ada antrean|Jadwal kebersihan yang konsisten sehingga toilet selalu dalam kondisi bersih|Proses penanganan masalah cepat sehingga aktivitas bisa berjalan dengan lancar,,,,89079d8a-8913-4faf-82b4-152f570123ac,Completed,New,Anonymous,106512,,cab97c1f-67b4-11f0-a847-0a0cda9789f2,01f4f038-24c4-4c5e-8607-032254333b0e,,,TRUE,FALSE,QrCode,Bahasa,2025-12-22T04:33:01.9730Z,,,,,,,,,,,,,,68b55898ba36f57e40594600
22-12-2025 15:35:12,API dan IAS,CGK T3,1,TOILET T3 DOM - SCP PRIA,D.S.02.P,5,Satisfied,5,Selain petugas ramah Toilet juga wangi dan tersedia sabun cuci tangan serta tisu yang tersedia. Tempat buang air kecil air kurang saat di tekan. Terima kasih.,"Odor Control, Ventilation, and Overall Comfort|Cleanliness and Hygiene of Toilets|Facility Maintenance and Upkeep|Toilet Facilities and Completeness (e.g., soap, water, seats)",Positive,,,,,5,5,Petugas ramah dan sopan,,,,"Toilet bowl, urinoir, dan wastafel bersih dan berfungsi dengan baik",,,,Lokasi toilet mudah terlihat dan terjangkau,,,,0cafa3f0-7fb3-44f3-be6a-b72edf5c2418,Completed,New,Anonymous,278816,,cab97c1f-67b4-11f0-a847-0a0cda9789f2,01f4f038-24c4-4c5e-8607-032254333b0e,,,TRUE,FALSE,QrCode,Bahasa,2025-12-22T07:13:41.6057Z,,,,,,,,,,,,,,68b55898ba36f57e40594600
22-12-2025 23:46:57,API dan IAS,CGK T2,1,TOILET T2E - BOARDING ROOM T2E-4 PRIA,API&IAS-TOILET-CGK T2-BL E4 TP,4,Satisfied,4,,,,,,,,4,4,Petugas ramah dan sopan|Berpenampilan rapi dengan seragam jelas,,,,"Penerangan dan sirkulasi udara toilet baik|Ketersediaan tisu, sabun, air, dan hand dryer",,,,Lokasi toilet mudah terlihat dan terjangkau|Jadwal kebersihan yang konsisten sehingga toilet selalu dalam kondisi bersih,,,,221b5717-b0a5-4384-8f80-7ecad5cae833,Completed,New,Anonymous,98263,,cab97c1f-67b4-11f0-a847-0a0cda9789f2,01f4f038-24c4-4c5e-8607-032254333b0e,,,TRUE,FALSE,QrCode,Bahasa,2025-12-22T16:45:19.3460Z,,,,,,,,,,,,,,68b55898ba36f57e40594600
23-12-2025 2:15:45,API dan IAS,CGK T2,1,TOILET T2D - CURBSIDE KEBERANGKATAN WANITA,API&IAS-TOILET-CGK T2-PCI D TW,5,Satisfied,5,Oke,,Neutral,,,,,5,5,Petugas ramah dan sopan|Berpenampilan rapi dengan seragam jelas|Cepat tanggap saat membantu penumpang|Jumlah petugas cukup|Lainnya,Baik dan kerja bagus,,,"Ketersediaan tisu, sabun, air, dan hand dryer|Toilet bowl, urinoir, dan wastafel bersih dan berfungsi dengan baik|Toilet memiliki aroma yang wangi|Penerangan dan sirkulasi udara toilet baik|Lainnya",Bersih,,,Lokasi toilet mudah terlihat dan terjangkau|Jumlah toilet mencukupi sehingga tidak ada antrean|Proses penanganan masalah cepat sehingga aktivitas bisa berjalan dengan lancar|Jadwal kebersihan yang konsisten sehingga toilet selalu dalam kondisi bersih|Lainnya,Sangat nyaman,,,2b2d54f7-4986-4aab-b531-3a43e271a4bd,Completed,New,Anonymous,55125,,cab97c1f-67b4-11f0-a847-0a0cda9789f2,01f4f038-24c4-4c5e-8607-032254333b0e,,,TRUE,FALSE,QrCode,Bahasa,2025-12-22T19:14:50.6381Z,,,,,,,,,,,,,,68b55898ba36f57e40594600
23-12-2025 5:55:58,API dan IAS,CGK T2,1,TOILET T2E - BOARDING ROOM T2E-2 PRIA,API&IAS-TOILET-CGK T2-BL E2 TP,5,Satisfied,5,Bersih,Cleanliness and Hygiene of Toilets,Neutral,,,,,5,5,Petugas ramah dan sopan|Berpenampilan rapi dengan seragam jelas|Cepat tanggap saat membantu penumpang|Jumlah petugas cukup|Lainnya,Bersih rapi baik,,,"Ketersediaan tisu, sabun, air, dan hand dryer|Toilet memiliki aroma yang wangi|Toilet bowl, urinoir, dan wastafel bersih dan berfungsi dengan baik|Penerangan dan sirkulasi udara toilet baik|Lainnya",Bersih rapi dan baik,,,Lokasi toilet mudah terlihat dan terjangkau|Jumlah toilet mencukupi sehingga tidak ada antrean|Proses penanganan masalah cepat sehingga aktivitas bisa berjalan dengan lancar|Lainnya|Jadwal kebersihan yang konsisten sehingga toilet selalu dalam kondisi bersih,Bersih,,,f26d9699-17ce-44ce-bd76-6809846b3fc9,Completed,New,Anonymous,49233,,cab97c1f-67b4-11f0-a847-0a0cda9789f2,01f4f038-24c4-4c5e-8607-032254333b0e,,,TRUE,FALSE,QrCode,Bahasa,2025-12-22T22:55:08.7018Z,,,,,,,,,,,,,,68b55898ba36f57e40594600
23-12-2025 6:22:05,API dan IAS,CGK T2,1,TOILET T2D - BAGGAGE CLAIM PRIA,API&IAS-TOILET-CGK T2-HCO D TP,4,Satisfied,4,Kalau sudah ada pengering tangan dari listrik untuk apa lagi ada tissu.,Facility Maintenance and Upkeep,Neutral,,,,,4,4,Lainnya,Tak temukan petugas,,,"Ketersediaan tisu, sabun, air, dan hand dryer|Toilet bowl, urinoir, dan wastafel bersih dan berfungsi dengan baik|Penerangan dan sirkulasi udara toilet baik",,,,Lokasi toilet mudah terlihat dan terjangkau|Jumlah toilet mencukupi sehingga tidak ada antrean,,,,64e58f47-2530-4ac3-a693-46666955ee55,Completed,New,Anonymous,203537,,cab97c1f-67b4-11f0-a847-0a0cda9789f2,01f4f038-24c4-4c5e-8607-032254333b0e,,,TRUE,FALSE,QrCode,Bahasa,2025-12-22T23:18:42.9873Z,,,,,,,,,,,,,,68b55898ba36f57e40594600
23-12-2025 7:31:16,API dan IAS,CGK T2,1,TOILET T2D - CHECKIN WANITA,API&IAS-TOILET-CGK T2-HCI D TW,2,Not Satisfied,2,Air jet spray terlalu kecil,"Odor Control, Ventilation, and Overall Comfort",Negative,,,,,2,2,,,Jumlah petugas kurang sehingga antrian panjang,,,,"Toilet bowl, urinoir, dan wastafel kotor dan tidak berfungsi dengan baik|Toilet memiliki aroma yang bau|Penerangan dan sirkulasi udara toilet tidak baik",,,,Lainnya,-,54a79e66-60c5-41f9-8516-061e729808cb,Completed,New,Anonymous,189283,,cab97c1f-67b4-11f0-a847-0a0cda9789f2,01f4f038-24c4-4c5e-8607-032254333b0e,,,TRUE,FALSE,QrCode,Bahasa,2025-12-23T00:28:06.4166Z,,,,,,,,,,,,,,68b55898ba36f57e40594600
23-12-2025 7:53:49,API dan IAS,CGK T2,1,TOILET T2D - CHECKIN WANITA,API&IAS-TOILET-CGK T2-HCI D TW,3,Neutral,3,"Jet spray toilet no 1 sangat kecil, jd kesulitan utk cebok",Facility Maintenance and Upkeep,Negative,,,,,3,3,,,Lainnya,"Sedang sibuk nge Pel, Rajin",,,Lainnya,"Jet spray utk Cebok kecil bgt, jadi susah semua",,,Lainnya,Kebetulan rada jauh dr tempat kita check in,ce5d164b-dc91-4405-be1b-1ca96302525a,Completed,New,Anonymous,3565395,,cab97c1f-67b4-11f0-a847-0a0cda9789f2,01f4f038-24c4-4c5e-8607-032254333b0e,,,TRUE,FALSE,QrCode,Bahasa,2025-12-22T23:54:23.2616Z,,,,,,,,,,,,,,68b55898ba36f57e40594600
23-12-2025 8:17:04,API dan IAS,CGK T1,1,TOILET T1B - CORRIDOR BEFORE SCP WANITA,B. SA. W,5,Satisfied,5,Baik.. hanya sabunnya saja yang bau nya agak tidak enak,"Odor Control, Ventilation, and Overall Comfort",Neutral,,,,,5,5,Petugas ramah dan sopan|Berpenampilan rapi dengan seragam jelas|Cepat tanggap saat membantu penumpang|Jumlah petugas cukup,,,,"Ketersediaan tisu, sabun, air, dan hand dryer|Toilet bowl, urinoir, dan wastafel bersih dan berfungsi dengan baik|Toilet memiliki aroma yang wangi|Penerangan dan sirkulasi udara toilet baik",,,,Jadwal kebersihan yang konsisten sehingga toilet selalu dalam kondisi bersih|Proses penanganan masalah cepat sehingga aktivitas bisa berjalan dengan lancar|Jumlah toilet mencukupi sehingga tidak ada antrean|Lokasi toilet mudah terlihat dan terjangkau,,,,4f6e14f8-5129-4760-85d8-c716b104cbec,Completed,New,Anonymous,97262,,cab97c1f-67b4-11f0-a847-0a0cda9789f2,01f4f038-24c4-4c5e-8607-032254333b0e,,,TRUE,FALSE,QrCode,Bahasa,2025-12-23T01:15:27.0193Z,,,,,,,,,,,,,,68b55898ba36f57e40594600
23-12-2025 9:39:29,API dan IAS,CGK T2,1,TOILET T2E - BOARDING ROOM T2E-4 PRIA,API&IAS-TOILET-CGK T2-BL E4 TP,4,Satisfied,4,Sampah tisu di toilet terlalu penuh,Cleanliness and Hygiene of Toilets,Negative,,,,,2,2,Petugas ramah dan sopan|Berpenampilan rapi dengan seragam jelas|Cepat tanggap saat membantu penumpang,,,,"Toilet bowl, urinoir, dan wastafel bersih dan berfungsi dengan baik|Toilet memiliki aroma yang wangi|Ketersediaan tisu, sabun, air, dan hand dryer",,,,,,Lokasi toilet susah dicari dan tidak terjangkau|Antrean toilet panjang karena jumlah toilet tidak mencukupi,,a31e71da-0043-464f-9672-621830176456,Completed,New,Anonymous,87071,,cab97c1f-67b4-11f0-a847-0a0cda9789f2,01f4f038-24c4-4c5e-8607-032254333b0e,,,TRUE,FALSE,QrCode,Bahasa,2025-12-23T02:38:02.2374Z,,,,,,,,,,,,,,68b55898ba36f57e40594600
23-12-2025 9:52:39,API dan IAS,CGK T2,1,TOILET T2D - BOARDING ROOM T2D-1 PRIA,API&IAS-TOILET-CGK T2-BL D1 TP,5,Satisfied,5,"Toilet laki dan posisi urinoir sedikit terbuka dengan mushola tempat sholat perempuan, buat sedikit tertutup.",,Negative,,,,,5,5,Petugas ramah dan sopan|Berpenampilan rapi dengan seragam jelas|Cepat tanggap saat membantu penumpang|Jumlah petugas cukup,,,,"Ketersediaan tisu, sabun, air, dan hand dryer|Toilet bowl, urinoir, dan wastafel bersih dan berfungsi dengan baik|Toilet memiliki aroma yang wangi|Penerangan dan sirkulasi udara toilet baik",,,,Lokasi toilet mudah terlihat dan terjangkau|Jumlah toilet mencukupi sehingga tidak ada antrean|Proses penanganan masalah cepat sehingga aktivitas bisa berjalan dengan lancar|Jadwal kebersihan yang konsisten sehingga toilet selalu dalam kondisi bersih,,,,d9717759-a1f5-437d-8889-352bcafd7f3d,Completed,New,Anonymous,132212,,cab97c1f-67b4-11f0-a847-0a0cda9789f2,01f4f038-24c4-4c5e-8607-032254333b0e,,,TRUE,FALSE,QrCode,Bahasa,2025-12-23T02:50:24.7026Z,,,,,,,,,,,,,,68b55898ba36f57e40594600
23-12-2025 10:15:41,API dan IAS,CGK T3,1,TOILET T3 DOM - ARRIVAL CORRIDOR GATE 14 WANITA,D.G.07.W,5,Satisfied,5,Semoga semua toilet kebersihan nya sebaik ini,Cleanliness and Hygiene of Toilets,Positive,,,,,5,5,Petugas ramah dan sopan|Berpenampilan rapi dengan seragam jelas|Cepat tanggap saat membantu penumpang|Jumlah petugas cukup,,,,"Ketersediaan tisu, sabun, air, dan hand dryer|Toilet bowl, urinoir, dan wastafel bersih dan berfungsi dengan baik|Toilet memiliki aroma yang wangi|Penerangan dan sirkulasi udara toilet baik",,,,Lokasi toilet mudah terlihat dan terjangkau|Jumlah toilet mencukupi sehingga tidak ada antrean|Proses penanganan masalah cepat sehingga aktivitas bisa berjalan dengan lancar|Jadwal kebersihan yang konsisten sehingga toilet selalu dalam kondisi bersih,,,,3b2773dc-dc5c-4ea1-8333-378c55ab1d80,Completed,New,Anonymous,54520,,cab97c1f-67b4-11f0-a847-0a0cda9789f2,01f4f038-24c4-4c5e-8607-032254333b0e,,,TRUE,FALSE,QrCode,Bahasa,2025-12-23T03:13:34.0549Z,,,,,,,,,,,,,,68b55898ba36f57e40594600
23-12-2025 12:10:50,API dan IAS,CGK T3,1,TOILET T3 DOM - GROUND FLOOR ARRIVAL,D.G.03.P,5,Satisfied,5,Tolong tetap d jaga performa dan kebersihannya,Cleanliness and Hygiene of Toilets,Positive,,,,,5,5,Berpenampilan rapi dengan seragam jelas|Petugas ramah dan sopan|Cepat tanggap saat membantu penumpang,,,,"Toilet memiliki aroma yang wangi|Penerangan dan sirkulasi udara toilet baik|Toilet bowl, urinoir, dan wastafel bersih dan berfungsi dengan baik|Ketersediaan tisu, sabun, air, dan hand dryer",,,,Lokasi toilet mudah terlihat dan terjangkau|Jumlah toilet mencukupi sehingga tidak ada antrean|Proses penanganan masalah cepat sehingga aktivitas bisa berjalan dengan lancar|Jadwal kebersihan yang konsisten sehingga toilet selalu dalam kondisi bersih,,,,c3cda250-39be-4122-a779-c08b85716670,Completed,New,Anonymous,74724,,cab97c1f-67b4-11f0-a847-0a0cda9789f2,01f4f038-24c4-4c5e-8607-032254333b0e,,,TRUE,FALSE,QrCode,Bahasa,2025-12-23T05:09:34.4272Z,,,,,,,,,,,,,,68b55898ba36f57e40594600
23-12-2025 19:52:33,API dan IAS,CGK T2,1,TOILET T2D - BAGGAGE CLAIM PRIA,API&IAS-TOILET-CGK T2-HCO D TP,5,Satisfied,5,baik,,Positive,,,,,5,5,Petugas ramah dan sopan|Berpenampilan rapi dengan seragam jelas|Cepat tanggap saat membantu penumpang|Jumlah petugas cukup,,,,"Ketersediaan tisu, sabun, air, dan hand dryer|Toilet bowl, urinoir, dan wastafel bersih dan berfungsi dengan baik|Toilet memiliki aroma yang wangi|Penerangan dan sirkulasi udara toilet baik",,,,Lokasi toilet mudah terlihat dan terjangkau|Jumlah toilet mencukupi sehingga tidak ada antrean|Proses penanganan masalah cepat sehingga aktivitas bisa berjalan dengan lancar|Jadwal kebersihan yang konsisten sehingga toilet selalu dalam kondisi bersih,,,,e0030066-96a4-4464-b931-3b2076e84f71,Completed,New,Anonymous,56936,,cab97c1f-67b4-11f0-a847-0a0cda9789f2,01f4f038-24c4-4c5e-8607-032254333b0e,,,TRUE,FALSE,QrCode,Bahasa,2025-12-23T12:51:36.7739Z,,,,,,,,,,,,,,68b55898ba36f57e40594600
23-12-2025 22:18:28,API dan IAS,SUB,4,"T1,LOBBY 1 ULTIMATE,PRIA","SUB-TOILE-T1-LOBBY 1 ULTIMATE,PRI",5,Satisfied,5,Sudah sangat bersih dan nyaman,Cleanliness and Hygiene of Toilets,Positive,,,,,5,5,Petugas ramah dan sopan|Berpenampilan rapi dengan seragam jelas|Cepat tanggap saat membantu penumpang|Jumlah petugas cukup,,,,"Ketersediaan tisu, sabun, air, dan hand dryer|Toilet bowl, urinoir, dan wastafel bersih dan berfungsi dengan baik|Toilet memiliki aroma yang wangi|Penerangan dan sirkulasi udara toilet baik",,,,Lokasi toilet mudah terlihat dan terjangkau|Jumlah toilet mencukupi sehingga tidak ada antrean|Proses penanganan masalah cepat sehingga aktivitas bisa berjalan dengan lancar|Jadwal kebersihan yang konsisten sehingga toilet selalu dalam kondisi bersih,,,,18dc2422-6f62-49af-a012-f84fdadd9df0,Completed,New,Anonymous,179133,,cab97c1f-67b4-11f0-a847-0a0cda9789f2,01f4f038-24c4-4c5e-8607-032254333b0e,,,TRUE,FALSE,QrCode,Bahasa,2025-12-23T15:15:29.6905Z,,,,,,,,,,,,,,68b55898ba36f57e40594600
24-12-2025 1:57:44,API dan IAS,CGK T2,1,TOILET T2D - BOARDING ROOM T2D-1 PRIA,API&IAS-TOILET-CGK T2-BL D1 TP,5,Satisfied,5,Sangat wangi,"Odor Control, Ventilation, and Overall Comfort",Positive,,,,,5,5,Berpenampilan rapi dengan seragam jelas,,,,"Ketersediaan tisu, sabun, air, dan hand dryer",,,,Lokasi toilet mudah terlihat dan terjangkau,,,,c59b06f7-865e-49ec-b1d8-01d76e8e3db6,Completed,New,Anonymous,56270,,cab97c1f-67b4-11f0-a847-0a0cda9789f2,01f4f038-24c4-4c5e-8607-032254333b0e,,,TRUE,FALSE,QrCode,Bahasa,2025-12-23T18:56:48.1023Z,,,,,,,,,,,,,,68b55898ba36f57e40594600
24-12-2025 6:44:16,API dan IAS,CGK T3,1,TOILET T3 INT - BOARDING ROOM GATE 7 WANITA,I.F.03.W,5,Satisfied,5,Bagus tinggal dipertahankan,,Positive,,,,,5,5,Petugas ramah dan sopan|Berpenampilan rapi dengan seragam jelas|Cepat tanggap saat membantu penumpang|Jumlah petugas cukup,,,,"Ketersediaan tisu, sabun, air, dan hand dryer|Toilet bowl, urinoir, dan wastafel bersih dan berfungsi dengan baik|Toilet memiliki aroma yang wangi",,,,Lokasi toilet mudah terlihat dan terjangkau|Jadwal kebersihan yang konsisten sehingga toilet selalu dalam kondisi bersih,,,,1f5d1824-e7e8-48ed-8fd3-a84d3c35c59b,Completed,New,Anonymous,43669,,cab97c1f-67b4-11f0-a847-0a0cda9789f2,01f4f038-24c4-4c5e-8607-032254333b0e,,,TRUE,FALSE,QrCode,Bahasa,2025-12-23T23:43:30.5506Z,,,,,,,,,,,,,,68b55898ba36f57e40594600
24-12-2025 8:59:15,API dan IAS,CGK T3,1,TOILET T3 INT - ARRIVAL CORRIDOR GATE 5 PRIA,I.G.09.P,5,Satisfied,5,Ok,,Neutral,,,,,5,5,Petugas ramah dan sopan,,,,"Ketersediaan tisu, sabun, air, dan hand dryer",,,,Proses penanganan masalah cepat sehingga aktivitas bisa berjalan dengan lancar,,,,acd1c198-5cc7-46bc-a458-ba1475a3a768,Completed,New,Anonymous,82848,,cab97c1f-67b4-11f0-a847-0a0cda9789f2,01f4f038-24c4-4c5e-8607-032254333b0e,,,TRUE,FALSE,QrCode,Bahasa,2025-12-24T01:57:49.3518Z,,,,,,,,,,,,,,68b55898ba36f57e40594600
24-12-2025 12:37:11,API dan IAS,CGK T2,1,TOILET T2D - BOARDING ROOM T2D-4 PRIA,API&IAS-TOILET-CGK T2-BL D4 TP,4,Satisfied,4,Cukup,,Neutral,,,,,4,4,Petugas ramah dan sopan|Berpenampilan rapi dengan seragam jelas|Cepat tanggap saat membantu penumpang|Jumlah petugas cukup,,,,"Ketersediaan tisu, sabun, air, dan hand dryer|Toilet memiliki aroma yang wangi|Penerangan dan sirkulasi udara toilet baik|Toilet bowl, urinoir, dan wastafel bersih dan berfungsi dengan baik",,,,Lokasi toilet mudah terlihat dan terjangkau|Jumlah toilet mencukupi sehingga tidak ada antrean|Proses penanganan masalah cepat sehingga aktivitas bisa berjalan dengan lancar|Jadwal kebersihan yang konsisten sehingga toilet selalu dalam kondisi bersih,,,,74c52221-d979-4e10-9099-0eb5a5f974f0,Completed,New,Anonymous,33106,,cab97c1f-67b4-11f0-a847-0a0cda9789f2,01f4f038-24c4-4c5e-8607-032254333b0e,,,TRUE,FALSE,QrCode,Bahasa,2025-12-24T05:36:36.9080Z,,,,,,,,,,,,,,68b55898ba36f57e40594600
24-12-2025 12:37:55,API dan IAS,CGK T2,1,TOILET T2D - BOARDING ROOM T2D-4 PRIA,API&IAS-TOILET-CGK T2-BL D4 TP,1,Not Satisfied,1,"Sebenarn Cukup, tapi kenapa tidak ada kuisioner untuk musholla?","Suggestions for Facility Improvements (e.g., additional toilets, decoration, signage)",Neutral,,,,,1,1,,,Jumlah petugas kurang sehingga antrian panjang,,,,Penerangan dan sirkulasi udara toilet tidak baik,,,,Kondisi toilet kotor karena jadwal pembersihan tidak jelas,,33486c64-e979-4c71-befd-fbc1f2a03d78,Completed,New,Anonymous,35914,,cab97c1f-67b4-11f0-a847-0a0cda9789f2,01f4f038-24c4-4c5e-8607-032254333b0e,,,TRUE,FALSE,QrCode,Bahasa,2025-12-24T05:37:19.0844Z,,,,,,,,,,,,,,68b55898ba36f57e40594600
24-12-2025 13:34:51,API dan IAS,CGK T3,1,TOILET T3 DOM - BOARDING ROOM GATE 12 PRIA,D.F.02.P,5,Satisfied,5,Very good,,Positive,,,,,5,5,Petugas ramah dan sopan|Berpenampilan rapi dengan seragam jelas|Cepat tanggap saat membantu penumpang|Jumlah petugas cukup,,,,"Ketersediaan tisu, sabun, air, dan hand dryer|Toilet bowl, urinoir, dan wastafel bersih dan berfungsi dengan baik|Toilet memiliki aroma yang wangi|Penerangan dan sirkulasi udara toilet baik",,,,Lokasi toilet mudah terlihat dan terjangkau|Jumlah toilet mencukupi sehingga tidak ada antrean|Proses penanganan masalah cepat sehingga aktivitas bisa berjalan dengan lancar|Jadwal kebersihan yang konsisten sehingga toilet selalu dalam kondisi bersih,,,,bd277311-296e-44ef-8332-1f1f1934304f,Completed,New,Anonymous,118557,,cab97c1f-67b4-11f0-a847-0a0cda9789f2,01f4f038-24c4-4c5e-8607-032254333b0e,,,TRUE,FALSE,QrCode,Bahasa,2025-12-24T06:32:52.6053Z,,,,,,,,,,,,,,68b55898ba36f57e40594600
24-12-2025 14:00:32,API dan IAS,CGK T1,1,TOILET T1B - BAGGAGE CLAIM PRIA,B.HCO.P,5,Satisfied,5,Lebih bagus lagi kalau diperluas dan di perbanyak toiletnya dikarenakan padatnya penumpang yang menggunakan fasilitas dan harus mengantri,"Facility Maintenance and Upkeep|Signage, Directions, and Facility Accessibility",Negative,,,,,5,5,Petugas ramah dan sopan|Berpenampilan rapi dengan seragam jelas,,,,"Ketersediaan tisu, sabun, air, dan hand dryer|Toilet bowl, urinoir, dan wastafel bersih dan berfungsi dengan baik|Toilet memiliki aroma yang wangi|Penerangan dan sirkulasi udara toilet baik",,,,Proses penanganan masalah cepat sehingga aktivitas bisa berjalan dengan lancar|Jadwal kebersihan yang konsisten sehingga toilet selalu dalam kondisi bersih,,,,6074184d-d515-45fa-b830-3d74aad96aa2,Completed,New,Anonymous,252988,,cab97c1f-67b4-11f0-a847-0a0cda9789f2,01f4f038-24c4-4c5e-8607-032254333b0e,,,TRUE,FALSE,QrCode,Bahasa,2025-12-24T06:56:16.0180Z,,,,,,,,,,,,,,68b55898ba36f57e40594600
24-12-2025 15:04:35,API dan IAS,CGK T2,1,TOILET T2E - BOARDING ROOM T2E-7 PRIA,API&IAS-TOILET-CGK T2-BL E7 TP,5,Satisfied,5,Very clean and fresh smell great job by the cleaners🙏🙏,Cleanliness and Hygiene of Toilets,Positive,,,,,5,5,Petugas ramah dan sopan|Berpenampilan rapi dengan seragam jelas|Cepat tanggap saat membantu penumpang|Jumlah petugas cukup,,,,"Ketersediaan tisu, sabun, air, dan hand dryer|Toilet bowl, urinoir, dan wastafel bersih dan berfungsi dengan baik|Toilet memiliki aroma yang wangi|Penerangan dan sirkulasi udara toilet baik",,,,Lokasi toilet mudah terlihat dan terjangkau|Jumlah toilet mencukupi sehingga tidak ada antrean|Proses penanganan masalah cepat sehingga aktivitas bisa berjalan dengan lancar|Jadwal kebersihan yang konsisten sehingga toilet selalu dalam kondisi bersih,,,,a04fc5ab-c313-4480-9d7d-d50475c99d3f,Completed,New,Anonymous,134676,,cab97c1f-67b4-11f0-a847-0a0cda9789f2,01f4f038-24c4-4c5e-8607-032254333b0e,,,TRUE,FALSE,QrCode,English,2025-12-24T08:02:17.4181Z,,,,,,,,,,,,,,68b55898ba36f57e40594600
24-12-2025 18:05:24,API dan IAS,CGK T2,1,TOILET T2D - BAGGAGE CLAIM PRIA,API&IAS-TOILET-CGK T2-HCO D TP,5,Satisfied,5,Sangat bersih,Cleanliness and Hygiene of Toilets,Positive,,,,,5,5,Petugas ramah dan sopan|Berpenampilan rapi dengan seragam jelas,,,,"Ketersediaan tisu, sabun, air, dan hand dryer|Toilet bowl, urinoir, dan wastafel bersih dan berfungsi dengan baik|Toilet memiliki aroma yang wangi|Penerangan dan sirkulasi udara toilet baik",,,,Lokasi toilet mudah terlihat dan terjangkau|Jumlah toilet mencukupi sehingga tidak ada antrean,,,,684699f3-9e57-4582-aed1-b297dd58b847,Completed,New,Anonymous,49548,,cab97c1f-67b4-11f0-a847-0a0cda9789f2,01f4f038-24c4-4c5e-8607-032254333b0e,,,TRUE,FALSE,QrCode,Bahasa,2025-12-24T11:04:33.9741Z,,,,,,,,,,,,,,68b55898ba36f57e40594600
24-12-2025 18:36:52,API dan IAS,CGK T2,1,TOILET T2D - BAGGAGE CLAIM PRIA,API&IAS-TOILET-CGK T2-HCO D TP,5,Satisfied,5,,,,,,,,5,5,Petugas ramah dan sopan|Berpenampilan rapi dengan seragam jelas|Cepat tanggap saat membantu penumpang|Jumlah petugas cukup,,,,"Ketersediaan tisu, sabun, air, dan hand dryer|Toilet bowl, urinoir, dan wastafel bersih dan berfungsi dengan baik|Toilet memiliki aroma yang wangi|Penerangan dan sirkulasi udara toilet baik",,,,Lokasi toilet mudah terlihat dan terjangkau|Jumlah toilet mencukupi sehingga tidak ada antrean|Proses penanganan masalah cepat sehingga aktivitas bisa berjalan dengan lancar|Jadwal kebersihan yang konsisten sehingga toilet selalu dalam kondisi bersih,,,,493491a1-81d0-4cf6-bad2-2f3d83a03778,Completed,New,Anonymous,35871,,cab97c1f-67b4-11f0-a847-0a0cda9789f2,01f4f038-24c4-4c5e-8607-032254333b0e,,,TRUE,FALSE,QrCode,English,2025-12-24T11:36:10.7873Z,,,,,,,,,,,,,,68b55898ba36f57e40594600
24-12-2025 18:41:32,API dan IAS,CGK T2,1,TOILET T2E - BOARDING ROOM T2E-6 PRIA,API&IAS-TOILET-CGK T2-BL E6 TP,4,Satisfied,4,Agak becek,Cleanliness and Hygiene of Toilets,Negative,,,,,4,4,Petugas ramah dan sopan|Berpenampilan rapi dengan seragam jelas|Cepat tanggap saat membantu penumpang,,,,"Toilet bowl, urinoir, dan wastafel bersih dan berfungsi dengan baik|Ketersediaan tisu, sabun, air, dan hand dryer",,,,Lokasi toilet mudah terlihat dan terjangkau|Jumlah toilet mencukupi sehingga tidak ada antrean,,,,5ae8c5ce-9260-4c35-945b-d3ac5e9332cb,Completed,New,Anonymous,139815,,cab97c1f-67b4-11f0-a847-0a0cda9789f2,01f4f038-24c4-4c5e-8607-032254333b0e,,,TRUE,FALSE,QrCode,Bahasa,2025-12-24T11:39:11.3365Z,,,,,,,,,,,,,,68b55898ba36f57e40594600
24-12-2025 20:20:36,API dan IAS,CGK T2,1,TOILET T2E - ARRIVAL CORRIDOR WANITA,API&IAS-TOILET-CGK T2-CCA E TW,5,Satisfied,5,Bersih dan sopan.  Terimakasih,Cleanliness and Hygiene of Toilets,Positive,,,,,4,4,Petugas ramah dan sopan|Berpenampilan rapi dengan seragam jelas|Cepat tanggap saat membantu penumpang,,,,"Ketersediaan tisu, sabun, air, dan hand dryer|Toilet bowl, urinoir, dan wastafel bersih dan berfungsi dengan baik|Toilet memiliki aroma yang wangi|Penerangan dan sirkulasi udara toilet baik",,,,Lokasi toilet mudah terlihat dan terjangkau|Proses penanganan masalah cepat sehingga aktivitas bisa berjalan dengan lancar|Jadwal kebersihan yang konsisten sehingga toilet selalu dalam kondisi bersih,,,,dc66769d-2fd0-4930-8899-88e6de2e5a7b,Completed,New,Anonymous,73992,,cab97c1f-67b4-11f0-a847-0a0cda9789f2,01f4f038-24c4-4c5e-8607-032254333b0e,,,TRUE,FALSE,QrCode,Bahasa,2025-12-24T13:19:22.3923Z,,,,,,,,,,,,,,68b55898ba36f57e40594600
24-12-2025 23:21:22,API dan IAS,CGK T1,1,TOILET T1B - CHECKIN PRIA,B. HCI. P,1,Not Satisfied,1,"Bidet toilet rusak, air semburan lemah",Facility Maintenance and Upkeep,Negative,,,,,1,1,Petugas ramah dan sopan|Berpenampilan rapi dengan seragam jelas,,,,,,"Toilet bowl, urinoir, dan wastafel kotor dan tidak berfungsi dengan baik",,,,Lainnya,"bidet rusak, semburan air lemah",24b0adc5-ddca-43ba-bf21-45c7e95a8973,Completed,New,Anonymous,120409,,cab97c1f-67b4-11f0-a847-0a0cda9789f2,01f4f038-24c4-4c5e-8607-032254333b0e,,,TRUE,FALSE,QrCode,Bahasa,2025-12-24T16:19:21.7506Z,,,,,,,,,,,,,,68b55898ba36f57e40594600
25-12-2025 0:43:15,API dan IAS,CGK T3,1,TOILET T3 INT - BAGGAGE CLAIM PRIA,I.G.04.P,5,Satisfied,5,"Usahakan yang jagain bang yayat (beling) attitude bagus, rajin , toilet bersih dan wangi","Odor Control, Ventilation, and Overall Comfort|Cleanliness and Hygiene of Toilets",Positive,,,,,5,5,Petugas ramah dan sopan|Berpenampilan rapi dengan seragam jelas|Cepat tanggap saat membantu penumpang|Lainnya|Jumlah petugas cukup,Bang yayat semakin oke,,,"Ketersediaan tisu, sabun, air, dan hand dryer|Toilet bowl, urinoir, dan wastafel bersih dan berfungsi dengan baik|Toilet memiliki aroma yang wangi|Penerangan dan sirkulasi udara toilet baik",,,,Jadwal kebersihan yang konsisten sehingga toilet selalu dalam kondisi bersih|Proses penanganan masalah cepat sehingga aktivitas bisa berjalan dengan lancar|Jumlah toilet mencukupi sehingga tidak ada antrean|Lokasi toilet mudah terlihat dan terjangkau,,,,0ae9f873-41be-4a8e-bd06-0d4eea36696a,Completed,New,Anonymous,80146,,cab97c1f-67b4-11f0-a847-0a0cda9789f2,01f4f038-24c4-4c5e-8607-032254333b0e,,,TRUE,FALSE,QrCode,Bahasa,2025-12-24T17:41:54.6430Z,,,,,,,,,,,,,,68b55898ba36f57e40594600
25-12-2025 7:11:58,API dan IAS,CGK T3,1,TOILET T3 DOM - BAGGAGE CLAIM WANITA,D.G.04.W,4,Satisfied,4,"Ada Urinoir 1 unit dipojokan yang tidak lancar.

Sisanya OK",Facility Maintenance and Upkeep,Neutral,,,,,5,5,Petugas ramah dan sopan|Berpenampilan rapi dengan seragam jelas|Cepat tanggap saat membantu penumpang|Jumlah petugas cukup,,,,"Ketersediaan tisu, sabun, air, dan hand dryer|Toilet bowl, urinoir, dan wastafel bersih dan berfungsi dengan baik|Toilet memiliki aroma yang wangi|Penerangan dan sirkulasi udara toilet baik",,,,Lokasi toilet mudah terlihat dan terjangkau|Jumlah toilet mencukupi sehingga tidak ada antrean|Proses penanganan masalah cepat sehingga aktivitas bisa berjalan dengan lancar|Jadwal kebersihan yang konsisten sehingga toilet selalu dalam kondisi bersih,,,,bade8ef1-988d-4479-839f-ea33584fc07e,Completed,New,Anonymous,55466,,cab97c1f-67b4-11f0-a847-0a0cda9789f2,01f4f038-24c4-4c5e-8607-032254333b0e,,,TRUE,FALSE,QrCode,Bahasa,2025-12-25T00:11:01.9735Z,,,,,,,,,,,,,,68b55898ba36f57e40594600
25-12-2025 7:54:13,API dan IAS,CGK T2,1,TOILET T2E - ARRIVAL CORRIDOR WANITA,API&IAS-TOILET-CGK T2-CCA E TW,5,Satisfied,5,Kebersihan sdh bagus tinggal di maintain saja.,Cleanliness and Hygiene of Toilets,Positive,,,,,5,5,Petugas ramah dan sopan|Berpenampilan rapi dengan seragam jelas|Cepat tanggap saat membantu penumpang|Jumlah petugas cukup,,,,"Ketersediaan tisu, sabun, air, dan hand dryer|Toilet bowl, urinoir, dan wastafel bersih dan berfungsi dengan baik|Toilet memiliki aroma yang wangi|Penerangan dan sirkulasi udara toilet baik",,,,Lokasi toilet mudah terlihat dan terjangkau|Jumlah toilet mencukupi sehingga tidak ada antrean|Proses penanganan masalah cepat sehingga aktivitas bisa berjalan dengan lancar|Jadwal kebersihan yang konsisten sehingga toilet selalu dalam kondisi bersih,,,,b2397f56-d3b2-4d59-a83b-1ba2c60c6f77,Completed,New,Anonymous,1132715,,cab97c1f-67b4-11f0-a847-0a0cda9789f2,01f4f038-24c4-4c5e-8607-032254333b0e,,,TRUE,FALSE,QrCode,Bahasa,2025-12-25T00:35:18.0405Z,,,,,,,,,,,,,,68b55898ba36f57e40594600
25-12-2025 8:52:09,API dan IAS,CGK T2,1,TOILET T2D - BOARDING ROOM T2D-2 PRIA,API&IAS-TOILET-CGK T2-BL D2 TP,5,Satisfied,5,"mohon untuk ditingkatkan lagi sopan santun dari tiap petugas, dan beri teguran agar selalu standby di lokasi ( Terminal 2D Gate D2 )","Customer Feedback, Complaint Handling, and Service Quality",Negative,,,,,4,4,,,Petugas tidak ramah dan kurang sopan,,"Toilet bowl, urinoir, dan wastafel bersih dan berfungsi dengan baik",,,,Jadwal kebersihan yang konsisten sehingga toilet selalu dalam kondisi bersih,,,,a41f21cb-8b16-4887-90ed-056a6267d8ac,Completed,New,Anonymous,139998,,cab97c1f-67b4-11f0-a847-0a0cda9789f2,01f4f038-24c4-4c5e-8607-032254333b0e,,,TRUE,FALSE,QrCode,Bahasa,2025-12-25T01:49:48.0430Z,,,,,,,,,,,,,,68b55898ba36f57e40594600
25-12-2025 9:47:10,API dan IAS,CGK T2,1,TOILET T2D - BOARDING ROOM T2D-7 PRIA,API&IAS-TOILET-CGK T2-BL D7 TP,5,Satisfied,5,Sudah sangat baik. Pertahankan,,Positive,,,,,5,5,Petugas ramah dan sopan|Berpenampilan rapi dengan seragam jelas|Cepat tanggap saat membantu penumpang|Jumlah petugas cukup,,,,"Ketersediaan tisu, sabun, air, dan hand dryer|Toilet bowl, urinoir, dan wastafel bersih dan berfungsi dengan baik|Toilet memiliki aroma yang wangi|Penerangan dan sirkulasi udara toilet baik",,,,Lokasi toilet mudah terlihat dan terjangkau|Jumlah toilet mencukupi sehingga tidak ada antrean|Proses penanganan masalah cepat sehingga aktivitas bisa berjalan dengan lancar|Jadwal kebersihan yang konsisten sehingga toilet selalu dalam kondisi bersih,,,,7b89e688-343c-4be3-8c0c-49dbcbdb7b85,Completed,New,Anonymous,36553,,cab97c1f-67b4-11f0-a847-0a0cda9789f2,01f4f038-24c4-4c5e-8607-032254333b0e,,,TRUE,FALSE,QrCode,Bahasa,2025-12-25T02:46:34.7302Z,,,,,,,,,,,,,,68b55898ba36f57e40594600
25-12-2025 10:07:35,API,SUB,4,"T1,KEDATANGAN 1A LORONG,PRIA",SUB-TOILE-T1-KEDATANGAN 1A LORONG,5,Satisfied,5,"Bersih, kering, lengkap, harum, higienis",Cleanliness and Hygiene of Toilets,Positive,,,,,5,5,Petugas ramah dan sopan|Berpenampilan rapi dengan seragam jelas|Cepat tanggap saat membantu penumpang,,,,"Ketersediaan tisu, sabun, air, dan hand dryer|Toilet bowl, urinoir, dan wastafel bersih dan berfungsi dengan baik|Toilet memiliki aroma yang wangi|Penerangan dan sirkulasi udara toilet baik",,,,Lokasi toilet mudah terlihat dan terjangkau|Jumlah toilet mencukupi sehingga tidak ada antrean|Jadwal kebersihan yang konsisten sehingga toilet selalu dalam kondisi bersih,,,,186980f9-38d1-47ec-badb-52072bf43e78,Completed,New,Anonymous,61351,,cab97c1f-67b4-11f0-a847-0a0cda9789f2,01f4f038-24c4-4c5e-8607-032254333b0e,,,TRUE,FALSE,QrCode,Bahasa,2025-12-25T03:06:33.9116Z,,,,,,,,,,,,,,68b55898ba36f57e40594600
25-12-2025 11:22:49,API dan IAS,CGK T3,1,TOILET T3 DOM - BOARDING ROOM GATE 14 PRIA,D.F.04.P,3,Neutral,3,Mulai mengetik jawaban Anda disini.,,Neutral,,,,,4,4,Lainnya,Sebutkan,,,Lainnya,Sebutkan,,,Lainnya,Sebutkan,,,c3d3a18d-acfa-4036-a262-9528f57e7d8e,Completed,New,Anonymous,255748,,cab97c1f-67b4-11f0-a847-0a0cda9789f2,01f4f038-24c4-4c5e-8607-032254333b0e,,,TRUE,FALSE,QrCode,Bahasa,2025-12-25T04:18:32.7404Z,,,,,,,,,,,,,,68b55898ba36f57e40594600
25-12-2025 12:30:52,API dan IAS,CGK T2,1,TOILET T2D - BOARDING ROOM T2D-2 PRIA,API&IAS-TOILET-CGK T2-BL D2 TP,5,Satisfied,5,,,,,,,,5,5,Petugas ramah dan sopan|Cepat tanggap saat membantu penumpang|Berpenampilan rapi dengan seragam jelas|Jumlah petugas cukup,,,,"Ketersediaan tisu, sabun, air, dan hand dryer|Toilet bowl, urinoir, dan wastafel bersih dan berfungsi dengan baik|Toilet memiliki aroma yang wangi|Penerangan dan sirkulasi udara toilet baik",,,,Lokasi toilet mudah terlihat dan terjangkau|Jumlah toilet mencukupi sehingga tidak ada antrean|Proses penanganan masalah cepat sehingga aktivitas bisa berjalan dengan lancar|Jadwal kebersihan yang konsisten sehingga toilet selalu dalam kondisi bersih,,,,15e62c5e-801d-4f3f-95ea-afd7816e594e,Completed,New,Anonymous,56891,,cab97c1f-67b4-11f0-a847-0a0cda9789f2,01f4f038-24c4-4c5e-8607-032254333b0e,,,TRUE,FALSE,QrCode,Bahasa,2025-12-25T05:29:53.8366Z,,,,,,,,,,,,,,68b55898ba36f57e40594600
25-12-2025 13:14:00,API dan IAS,CGK T2,1,TOILET T2D - BOARDING ROOM T2D-2 PRIA,API&IAS-TOILET-CGK T2-BL D2 TP,5,Satisfied,5,Mantap Bersih dan Nyaman,Cleanliness and Hygiene of Toilets,Positive,,,,,5,5,Petugas ramah dan sopan|Berpenampilan rapi dengan seragam jelas|Cepat tanggap saat membantu penumpang,,,,"Ketersediaan tisu, sabun, air, dan hand dryer|Toilet bowl, urinoir, dan wastafel bersih dan berfungsi dengan baik|Toilet memiliki aroma yang wangi|Penerangan dan sirkulasi udara toilet baik",,,,Lokasi toilet mudah terlihat dan terjangkau|Jumlah toilet mencukupi sehingga tidak ada antrean|Proses penanganan masalah cepat sehingga aktivitas bisa berjalan dengan lancar|Jadwal kebersihan yang konsisten sehingga toilet selalu dalam kondisi bersih,,,,db2de4d7-d87d-43ee-9a5e-8002ff5520a8,Completed,New,Anonymous,68268,,cab97c1f-67b4-11f0-a847-0a0cda9789f2,01f4f038-24c4-4c5e-8607-032254333b0e,,,TRUE,FALSE,QrCode,Bahasa,2025-12-25T06:12:51.5706Z,,,,,,,,,,,,,,68b55898ba36f57e40594600
25-12-2025 13:57:55,API dan IAS,CGK T3,1,TOILET T3 INT - BOARDING ROOM GATE 6 WANITA,I.F.04.W,3,Neutral,3,Mohon diperbanyak dan jarak jangan terlalu jauh antar gate. Biar ga antri dan kejauhan bila mau cari opsi toilet lain,"Signage, Directions, and Facility Accessibility",Neutral,,,,,3,3,Cepat tanggap saat membantu penumpang,,,,"Toilet bowl, urinoir, dan wastafel bersih dan berfungsi dengan baik",,,,,,Antrean toilet panjang karena jumlah toilet tidak mencukupi,,9ee1e756-cbff-4882-b332-64b80f956d60,Completed,New,Anonymous,211825,,cab97c1f-67b4-11f0-a847-0a0cda9789f2,01f4f038-24c4-4c5e-8607-032254333b0e,,,TRUE,FALSE,QrCode,Bahasa,2025-12-25T06:54:23.0086Z,,,,,,,,,,,,,,68b55898ba36f57e40594600
25-12-2025 16:25:10,API dan IAS,CGK T1,1,TOILET T1B - ARRIVAL CORRIDOR PRIA,B. CCA. P,5,Satisfied,5,"Ac nya tidak terlalu dingin, soalnya rata-rata di pesawat juga sudah dingin. Makadih",,Neutral,,,,,4,4,Petugas ramah dan sopan,,,,Toilet memiliki aroma yang wangi,,,,Jumlah toilet mencukupi sehingga tidak ada antrean,,,,0b1920d6-748b-464f-a362-904fc039d340,Completed,New,Anonymous,174950,,cab97c1f-67b4-11f0-a847-0a0cda9789f2,01f4f038-24c4-4c5e-8607-032254333b0e,,,TRUE,FALSE,QrCode,Bahasa,2025-12-25T09:22:05.2643Z,,,,,,,,,,,,,,68b55898ba36f57e40594600
25-12-2025 16:52:44,API dan IAS,CGK T3,1,TOILET T3 INT - BOARDING ROOM GATE 8 PRIA,I.F.02.P,1,Not Satisfied,1,Kotor bidet tidak jalan flush juga gak jalan. Tolong perhatikan kebersihan Dan fungsi alatnya.. kelas bandara international harus lebih baik Dan beri contoh,Cleanliness and Hygiene of Toilets|Facility Maintenance and Upkeep,Negative,,,,,1,1,,,Lainnya,Kurang bersih,,,"Toilet bowl, urinoir, dan wastafel kotor dan tidak berfungsi dengan baik|Tisu, sabun, air, dan hand dryer tidak tersedia|Toilet memiliki aroma yang bau|Penerangan dan sirkulasi udara toilet tidak baik",,,,Lokasi toilet susah dicari dan tidak terjangkau,,4ef23447-e15c-4dbd-a102-70c4ba11ba3c,Completed,New,Anonymous,284729,,cab97c1f-67b4-11f0-a847-0a0cda9789f2,01f4f038-24c4-4c5e-8607-032254333b0e,,,TRUE,FALSE,QrCode,Bahasa,2025-12-25T09:47:59.1493Z,,,,,,,,,,,,,,68b55898ba36f57e40594600
26-12-2025 5:30:51,API dan IAS,CGK T3,1,TOILET T3 DOM - SCP PRIA,D.S.02.P,5,Satisfied,5,Excellent,,,,,,,5,5,Petugas ramah dan sopan,,,,"Ketersediaan tisu, sabun, air, dan hand dryer",,,,Lokasi toilet mudah terlihat dan terjangkau,,,,c6e01428-5670-434e-90f6-9e992413da73,Completed,New,Anonymous,58739,,cab97c1f-67b4-11f0-a847-0a0cda9789f2,01f4f038-24c4-4c5e-8607-032254333b0e,,,TRUE,FALSE,QrCode,Bahasa,2025-12-25T22:29:51.3779Z,,,,,,,,,,,,,,68b55898ba36f57e40594600
26-12-2025 12:47:42,API dan IAS,CGK T2,1,TOILET T2D - BOARDING ROOM T2D-6 PRIA,API&IAS-TOILET-CGK T2-BL D6 TP,5,Satisfied,5,,,,,,,,5,5,Petugas ramah dan sopan,,,,"Ketersediaan tisu, sabun, air, dan hand dryer|Toilet memiliki aroma yang wangi",,,,Lokasi toilet mudah terlihat dan terjangkau,,,,bd99a6fb-bab6-46dc-9c0c-a96033ea17dc,Completed,New,Anonymous,32601,,cab97c1f-67b4-11f0-a847-0a0cda9789f2,01f4f038-24c4-4c5e-8607-032254333b0e,,,TRUE,FALSE,QrCode,Bahasa,2025-12-26T05:47:08.9189Z,,,,,,,,,,,,,,68b55898ba36f57e40594600
26-12-2025 13:05:49,API dan IAS,CGK T3,1,TOILET T3 DOM - ARRIVAL CORRIDOR GATE 13 PRIA,D.G.06.P,5,Satisfied,5,Lebih bersih lagi,,,,,,,3,3,Petugas ramah dan sopan|Berpenampilan rapi dengan seragam jelas|Cepat tanggap saat membantu penumpang,,,,"Ketersediaan tisu, sabun, air, dan hand dryer|Toilet bowl, urinoir, dan wastafel bersih dan berfungsi dengan baik|Penerangan dan sirkulasi udara toilet baik",,,,,,Antrean toilet panjang karena jumlah toilet tidak mencukupi,,26e9bdb7-60be-4f91-a31d-3ec291502ca0,Completed,New,Anonymous,72610,,cab97c1f-67b4-11f0-a847-0a0cda9789f2,01f4f038-24c4-4c5e-8607-032254333b0e,,,TRUE,FALSE,QrCode,Bahasa,2025-12-26T06:04:39.4662Z,,,,,,,,,,,,,,68b55898ba36f57e40594600
26-12-2025 13:50:54,API dan IAS,CGK T3,1,TOILET T3 DOM - SCP WANITA,D.S.02.W,5,Satisfied,5,"Toiletnya harum, bersih",Cleanliness and Hygiene of Toilets,Negative,,,,,5,5,Petugas ramah dan sopan|Berpenampilan rapi dengan seragam jelas|Cepat tanggap saat membantu penumpang|Jumlah petugas cukup,,,,"Ketersediaan tisu, sabun, air, dan hand dryer|Toilet bowl, urinoir, dan wastafel bersih dan berfungsi dengan baik|Toilet memiliki aroma yang wangi|Penerangan dan sirkulasi udara toilet baik",,,,Lokasi toilet mudah terlihat dan terjangkau|Jumlah toilet mencukupi sehingga tidak ada antrean|Proses penanganan masalah cepat sehingga aktivitas bisa berjalan dengan lancar|Jadwal kebersihan yang konsisten sehingga toilet selalu dalam kondisi bersih,,,,76b6a9bc-c805-49ac-8c4a-b6e92e0219dc,Completed,New,Anonymous,86239,,cab97c1f-67b4-11f0-a847-0a0cda9789f2,01f4f038-24c4-4c5e-8607-032254333b0e,,,TRUE,FALSE,QrCode,Bahasa,2025-12-26T06:49:26.7915Z,,,,,,,,,,,,,,68b55898ba36f57e40594600
26-12-2025 18:05:28,API dan IAS,CGK T2,1,TOILET T2D - BOARDING ROOM T2D-3 PRIA,API&IAS-TOILET-CGK T2-BL D3 TP,5,Satisfied,5,Sudah oke semua,,Neutral,,,,,5,5,Petugas ramah dan sopan|Berpenampilan rapi dengan seragam jelas|Cepat tanggap saat membantu penumpang|Jumlah petugas cukup,,,,"Ketersediaan tisu, sabun, air, dan hand dryer|Toilet bowl, urinoir, dan wastafel bersih dan berfungsi dengan baik|Toilet memiliki aroma yang wangi",,,,Jadwal kebersihan yang konsisten sehingga toilet selalu dalam kondisi bersih|Proses penanganan masalah cepat sehingga aktivitas bisa berjalan dengan lancar,,,,c6d09fcc-7157-4be6-b689-926ccf763b91,Completed,New,Anonymous,111066,,cab97c1f-67b4-11f0-a847-0a0cda9789f2,01f4f038-24c4-4c5e-8607-032254333b0e,,,TRUE,FALSE,QrCode,Bahasa,2025-12-26T11:03:35.2547Z,,,,,,,,,,,,,,68b55898ba36f57e40594600
26-12-2025 23:37:12,API dan IAS,CGK T2,1,TOILET T2F - CHECKIN WANITA,API&IAS-TOILET-CGK T2-HCI F TW,5,Satisfied,5,Rapih,Cleanliness and Hygiene of Toilets,Neutral,,,,,5,5,Petugas ramah dan sopan,,,,"Ketersediaan tisu, sabun, air, dan hand dryer",,,,Lokasi toilet mudah terlihat dan terjangkau,,,,82005bca-5917-4713-a9f2-713eca050eb2,Completed,New,Anonymous,98558,,cab97c1f-67b4-11f0-a847-0a0cda9789f2,01f4f038-24c4-4c5e-8607-032254333b0e,,,TRUE,FALSE,QrCode,Bahasa,2025-12-26T16:35:34.3810Z,,,,,,,,,,,,,,68b55898ba36f57e40594600
27-12-2025 7:44:40,API dan IAS,CGK T3,1,TOILET T3 DOM - GROUND FLOOR ARRIVAL,D.G.03.W,5,Satisfied,5,,,,,,,,5,5,Petugas ramah dan sopan|Berpenampilan rapi dengan seragam jelas|Cepat tanggap saat membantu penumpang|Jumlah petugas cukup,,,,"Ketersediaan tisu, sabun, air, dan hand dryer|Toilet bowl, urinoir, dan wastafel bersih dan berfungsi dengan baik|Toilet memiliki aroma yang wangi|Penerangan dan sirkulasi udara toilet baik",,,,Lokasi toilet mudah terlihat dan terjangkau|Jumlah toilet mencukupi sehingga tidak ada antrean|Proses penanganan masalah cepat sehingga aktivitas bisa berjalan dengan lancar|Jadwal kebersihan yang konsisten sehingga toilet selalu dalam kondisi bersih,,,,f5cd9d42-25fb-400a-8d97-42588e521f54,Completed,New,Anonymous,48201,,cab97c1f-67b4-11f0-a847-0a0cda9789f2,01f4f038-24c4-4c5e-8607-032254333b0e,,,TRUE,FALSE,QrCode,Bahasa,2025-12-27T00:43:53.4939Z,,,,,,,,,,,,,,68b55898ba36f57e40594600
27-12-2025 8:22:38,API dan IAS,CGK T3,1,TOILET T3 DOM - BOARDING ROOM GATE 13 PRIA,D.F.03.P,5,Satisfied,5,,,,,,,,5,5,Petugas ramah dan sopan,,,,"Ketersediaan tisu, sabun, air, dan hand dryer|Toilet bowl, urinoir, dan wastafel bersih dan berfungsi dengan baik|Toilet memiliki aroma yang wangi|Penerangan dan sirkulasi udara toilet baik",,,,Lokasi toilet mudah terlihat dan terjangkau|Jumlah toilet mencukupi sehingga tidak ada antrean|Proses penanganan masalah cepat sehingga aktivitas bisa berjalan dengan lancar|Jadwal kebersihan yang konsisten sehingga toilet selalu dalam kondisi bersih,,,,9fed4771-1d84-4ccb-9428-05bd73922dc7,Completed,New,Anonymous,32608,,cab97c1f-67b4-11f0-a847-0a0cda9789f2,01f4f038-24c4-4c5e-8607-032254333b0e,,,TRUE,FALSE,QrCode,Bahasa,2025-12-27T01:22:05.3033Z,,,,,,,,,,,,,,68b55898ba36f57e40594600
27-12-2025 8:35:26,API dan IAS,CGK T1,1,TOILET T1B - BOARDING ROOM T1B-5 PRIA,B. BL5. P,5,Satisfied,5,bersih banget toilet nya,Cleanliness and Hygiene of Toilets,Positive,,,,,5,5,Petugas ramah dan sopan|Berpenampilan rapi dengan seragam jelas|Cepat tanggap saat membantu penumpang|Jumlah petugas cukup,,,,"Ketersediaan tisu, sabun, air, dan hand dryer|Toilet bowl, urinoir, dan wastafel bersih dan berfungsi dengan baik|Toilet memiliki aroma yang wangi|Penerangan dan sirkulasi udara toilet baik",,,,Jumlah toilet mencukupi sehingga tidak ada antrean|Lokasi toilet mudah terlihat dan terjangkau|Proses penanganan masalah cepat sehingga aktivitas bisa berjalan dengan lancar|Jadwal kebersihan yang konsisten sehingga toilet selalu dalam kondisi bersih,,,,45312d22-7171-4f8e-9a7d-941855c273c1,Completed,New,Anonymous,50925,,cab97c1f-67b4-11f0-a847-0a0cda9789f2,01f4f038-24c4-4c5e-8607-032254333b0e,,,TRUE,FALSE,QrCode,Bahasa,2025-12-27T01:34:33.5189Z,,,,,,,,,,,,,,68b55898ba36f57e40594600
27-12-2025 9:27:00,API dan IAS,DPS,2,TOILET KEDATANGAN DOMESTIK MLCP DOM LT2 (WANITA),DPS-TOILET-DOM.MLCP2-W,5,Satisfied,5,"Toiletnya bersih dan wangi cuma minusnya satu, jangan sampai toilet wanita di gunakan oleh pria untuk mandi disana,di bandara sudah di sediakan shower untuk mandi, disanalah gunakan untuk mandi dan jangan menggunakan toilet wanita sebagai tempat mandi,kasihan FC wanita sudah capek-capek bersihiin dan menjaga agar tetap bersih dan wangi namun di rusak oleh oknum oknum yg tidak bertanggung jawab. Gunakan toilet sesuai dg keterangan yg sudah sesuai dg nama toilet masing-masing","Cleanliness and Hygiene of Toilets|Signage, Directions, and Facility Accessibility",Negative,,,,,5,5,Lainnya,Semuanya bagus cuma saran toilet wanita jangan di gunakan untuk mandi,,,Lainnya,Semua sudah lengkap dan bagus hanya saja toilet wanita jangan di gunakan sebagai tempat untuk mandi,,,Lainnya,Semua sudah sesuai,,,eeff01b6-76d8-4278-ba73-f556f2c31740,Completed,New,Anonymous,293850,,cab97c1f-67b4-11f0-a847-0a0cda9789f2,01f4f038-24c4-4c5e-8607-032254333b0e,,,TRUE,FALSE,QrCode,Bahasa,2025-12-27T02:22:02.7324Z,,,,,,,,,,,,,,68b55898ba36f57e40594600
27-12-2025 11:20:50,API dan IAS,CGK T2,1,TOILET T2D - BOARDING ROOM T2D-1 PRIA,API&IAS-TOILET-CGK T2-BL D1 TP,5,Satisfied,5,its clean. the helper is nice and welcoming,Cleanliness and Hygiene of Toilets,Positive,,,,,5,5,Petugas ramah dan sopan|Berpenampilan rapi dengan seragam jelas|Cepat tanggap saat membantu penumpang,,,,"Ketersediaan tisu, sabun, air, dan hand dryer|Toilet bowl, urinoir, dan wastafel bersih dan berfungsi dengan baik|Toilet memiliki aroma yang wangi|Penerangan dan sirkulasi udara toilet baik",,,,Lokasi toilet mudah terlihat dan terjangkau|Jumlah toilet mencukupi sehingga tidak ada antrean|Jadwal kebersihan yang konsisten sehingga toilet selalu dalam kondisi bersih,,,,74689a6f-94d4-4ab7-931d-58765c2b8110,Completed,New,Anonymous,81137,,cab97c1f-67b4-11f0-a847-0a0cda9789f2,01f4f038-24c4-4c5e-8607-032254333b0e,,,TRUE,FALSE,QrCode,English,2025-12-27T04:19:27.0981Z,,,,,,,,,,,,,,68b55898ba36f57e40594600
27-12-2025 12:12:20,API dan IAS,CGK T2,1,TOILET T2E - BOARDING ROOM T2E-6 PRIA,API&IAS-TOILET-CGK T2-BL E6 TP,4,Satisfied,4,"Kebersihan sudah bagus
Kebersihan sajadah mohon diperhatikan juga
Dan semoga space untuk sholat dapat di perlebar/ diperluas",Cleanliness and Hygiene of Toilets,Positive,,,,,4,4,Petugas ramah dan sopan|Berpenampilan rapi dengan seragam jelas|Cepat tanggap saat membantu penumpang|Jumlah petugas cukup,,,,Penerangan dan sirkulasi udara toilet baik|Toilet memiliki aroma yang wangi,,,,Lokasi toilet mudah terlihat dan terjangkau|Jadwal kebersihan yang konsisten sehingga toilet selalu dalam kondisi bersih,,,,42eccdf8-2f4c-4184-af8d-1acec01fcc56,Completed,New,Anonymous,262214,,cab97c1f-67b4-11f0-a847-0a0cda9789f2,01f4f038-24c4-4c5e-8607-032254333b0e,,,TRUE,FALSE,QrCode,Bahasa,2025-12-27T05:07:57.7054Z,,,,,,,,,,,,,,68b55898ba36f57e40594600
27-12-2025 13:22:23,API dan IAS,CGK T2,1,TOILET T2D - BOARDING ROOM T2D-5 PRIA,API&IAS-TOILET-CGK T2-BL D5 TP,5,Satisfied,5,Mantap,,Positive,,,,,5,5,Petugas ramah dan sopan|Berpenampilan rapi dengan seragam jelas|Cepat tanggap saat membantu penumpang|Jumlah petugas cukup,,,,"Ketersediaan tisu, sabun, air, dan hand dryer|Toilet bowl, urinoir, dan wastafel bersih dan berfungsi dengan baik|Toilet memiliki aroma yang wangi|Penerangan dan sirkulasi udara toilet baik",,,,Lokasi toilet mudah terlihat dan terjangkau|Jumlah toilet mencukupi sehingga tidak ada antrean|Proses penanganan masalah cepat sehingga aktivitas bisa berjalan dengan lancar|Jadwal kebersihan yang konsisten sehingga toilet selalu dalam kondisi bersih,,,,cdf43106-7d8b-47b2-8ea8-b463753208d3,Completed,New,Anonymous,232657,,cab97c1f-67b4-11f0-a847-0a0cda9789f2,01f4f038-24c4-4c5e-8607-032254333b0e,,,TRUE,FALSE,QrCode,Bahasa,2025-12-27T06:18:30.7299Z,,,,,,,,,,,,,,68b55898ba36f57e40594600
27-12-2025 14:23:29,API dan IAS,CGK T2,1,TOILET T2D - CHECKIN WANITA,API&IAS-TOILET-CGK T2-HCI D TW,3,Neutral,3,"Sekelas bandara international, air untuk cebok bab kecil sekali",Cleanliness and Hygiene of Toilets,Negative,,,,,4,4,Petugas ramah dan sopan|Berpenampilan rapi dengan seragam jelas|Jumlah petugas cukup|Cepat tanggap saat membantu penumpang,,,,,,Lainnya,Air shower cebok tidak keluar air,Lokasi toilet mudah terlihat dan terjangkau,,,,aa3de552-2bcd-41a4-9c4f-acd7c5fc2dae,Completed,New,Anonymous,125118,,cab97c1f-67b4-11f0-a847-0a0cda9789f2,01f4f038-24c4-4c5e-8607-032254333b0e,,,TRUE,FALSE,QrCode,Bahasa,2025-12-27T07:21:24.4324Z,,,,,,,,,,,,,,68b55898ba36f57e40594600
27-12-2025 16:13:19,API dan IAS,CGK T3,1,TOILET T3 INT - BOARDING ROOM GATE 7 WANITA,I.F.03.W,5,Satisfied,5,mantap,,Positive,,,,,5,5,Petugas ramah dan sopan|Berpenampilan rapi dengan seragam jelas|Cepat tanggap saat membantu penumpang|Jumlah petugas cukup,,,,"Ketersediaan tisu, sabun, air, dan hand dryer|Toilet bowl, urinoir, dan wastafel bersih dan berfungsi dengan baik|Toilet memiliki aroma yang wangi|Penerangan dan sirkulasi udara toilet baik",,,,Lokasi toilet mudah terlihat dan terjangkau|Jumlah toilet mencukupi sehingga tidak ada antrean|Proses penanganan masalah cepat sehingga aktivitas bisa berjalan dengan lancar|Jadwal kebersihan yang konsisten sehingga toilet selalu dalam kondisi bersih,,,,3c68a277-e7d7-429d-94d1-5baec335c9bf,Completed,New,Anonymous,105926,,cab97c1f-67b4-11f0-a847-0a0cda9789f2,01f4f038-24c4-4c5e-8607-032254333b0e,,,TRUE,FALSE,QrCode,Bahasa,2025-12-27T09:11:32.5682Z,,,,,,,,,,,,,,68b55898ba36f57e40594600
27-12-2025 17:31:03,API dan IAS,CGK T1,1,TOILET T1B - BOARDING ROOM T1B-3 PRIA,B. BL3. P,4,Satisfied,4,,,,,,,,4,4,Petugas ramah dan sopan|Berpenampilan rapi dengan seragam jelas|Cepat tanggap saat membantu penumpang|Jumlah petugas cukup,,,,Penerangan dan sirkulasi udara toilet baik,,,,Lokasi toilet mudah terlihat dan terjangkau,,,,bbde274e-af36-4759-93f7-f0b97d06e641,Completed,New,Anonymous,94042,,cab97c1f-67b4-11f0-a847-0a0cda9789f2,01f4f038-24c4-4c5e-8607-032254333b0e,,,TRUE,FALSE,QrCode,English,2025-12-27T10:29:28.5126Z,,,,,,,,,,,,,,68b55898ba36f57e40594600
27-12-2025 18:30:32,API dan IAS,CGK T2,1,TOILET T2E - ARRIVAL CORRIDOR WANITA,API&IAS-TOILET-CGK T2-CCA E TW,5,Satisfied,5,Sudah baik ramah bersih wangi,"Odor Control, Ventilation, and Overall Comfort|Cleanliness and Hygiene of Toilets",Positive,,,,,5,5,Petugas ramah dan sopan|Berpenampilan rapi dengan seragam jelas|Cepat tanggap saat membantu penumpang|Jumlah petugas cukup,,,,"Ketersediaan tisu, sabun, air, dan hand dryer|Toilet bowl, urinoir, dan wastafel bersih dan berfungsi dengan baik|Toilet memiliki aroma yang wangi|Penerangan dan sirkulasi udara toilet baik",,,,Lokasi toilet mudah terlihat dan terjangkau|Jumlah toilet mencukupi sehingga tidak ada antrean|Proses penanganan masalah cepat sehingga aktivitas bisa berjalan dengan lancar|Jadwal kebersihan yang konsisten sehingga toilet selalu dalam kondisi bersih,,,,5fa275a3-a514-4f06-93db-91e9ce34aa40,Completed,New,Anonymous,34088,,cab97c1f-67b4-11f0-a847-0a0cda9789f2,01f4f038-24c4-4c5e-8607-032254333b0e,,,TRUE,FALSE,QrCode,Bahasa,2025-12-27T11:29:57.3819Z,,,,,,,,,,,,,,68b55898ba36f57e40594600
27-12-2025 19:16:10,API dan IAS,CGK T2,1,TOILET T2E - BOARDING ROOM T2E-4 PRIA,API&IAS-TOILET-CGK T2-BL E4 TP,4,Satisfied,4,"bagus toilet nya, mantap👍",Cleanliness and Hygiene of Toilets,Positive,,,,,5,5,Petugas ramah dan sopan,,,,"Ketersediaan tisu, sabun, air, dan hand dryer|Toilet bowl, urinoir, dan wastafel bersih dan berfungsi dengan baik",,,,Lokasi toilet mudah terlihat dan terjangkau|Jumlah toilet mencukupi sehingga tidak ada antrean,,,,df4b57e7-4ade-450f-a3e5-b07e0053b72b,Completed,New,Anonymous,316379,,cab97c1f-67b4-11f0-a847-0a0cda9789f2,01f4f038-24c4-4c5e-8607-032254333b0e,,,TRUE,FALSE,QrCode,Bahasa,2025-12-27T12:10:53.2601Z,,,,,,,,,,,,,,68b55898ba36f57e40594600
28-12-2025 2:33:41,API dan IAS,CGK T3,1,TOILET T3 DOM - ARRIVAL PRIA,D.G.05.P,5,Satisfied,5,"untuk semua bagus banget dan bersih bangetttt, jumlah toilet dan wastafel memadai banget dan acnya dinginn, tapi mungkin agak dikasih pembeda kayak pintu toilet dikasih motif atau apapun itu yang eye cathcing, jadi ga full monoton putihh, dan karna toilet banyak banget, bisa dipasang mini speaker tanam buat musik kali hehe biar ga sunyi” amatt","Cleanliness and Hygiene of Toilets|Facility Maintenance and Upkeep|Toilet Facilities and Completeness (e.g., soap, water, seats)|Suggestions for Facility Improvements (e.g., additional toilets, decoration, signage)",Positive,,,,,5,5,Petugas ramah dan sopan|Berpenampilan rapi dengan seragam jelas|Cepat tanggap saat membantu penumpang|Jumlah petugas cukup,,,,"Ketersediaan tisu, sabun, air, dan hand dryer|Toilet bowl, urinoir, dan wastafel bersih dan berfungsi dengan baik|Penerangan dan sirkulasi udara toilet baik|Lainnya","toiletnya bisa dibuat wangi, tadi toiletnya gaada bau gaenak sama sekali koo tapi kayak netral banget, ga bau dan ga wangi jadi bisa ditambah pewangi biar ga netral” banget, toiletnya udah bersih banget koo",,,Lokasi toilet mudah terlihat dan terjangkau|Jumlah toilet mencukupi sehingga tidak ada antrean|Proses penanganan masalah cepat sehingga aktivitas bisa berjalan dengan lancar|Jadwal kebersihan yang konsisten sehingga toilet selalu dalam kondisi bersih,,,,c8ec7983-3eb5-4581-859f-9e130104805f,Completed,New,Anonymous,230165,,cab97c1f-67b4-11f0-a847-0a0cda9789f2,01f4f038-24c4-4c5e-8607-032254333b0e,,,TRUE,FALSE,QrCode,Bahasa,2025-12-27T19:29:50.1985Z,,,,,,,,,,,,,,68b55898ba36f57e40594600
28-12-2025 10:39:53,API dan IAS,CGK T2,1,TOILET T2D - BOARDING ROOM T2D-3 PRIA,API&IAS-TOILET-CGK T2-BL D3 TP,4,Satisfied,4,Oke,,Neutral,,,,,4,4,Petugas ramah dan sopan|Cepat tanggap saat membantu penumpang,,,,"Toilet memiliki aroma yang wangi|Ketersediaan tisu, sabun, air, dan hand dryer",,,,Lokasi toilet mudah terlihat dan terjangkau|Proses penanganan masalah cepat sehingga aktivitas bisa berjalan dengan lancar,,,,802a3a89-61aa-411a-afd9-519a019244ee,Completed,New,Anonymous,62347,,cab97c1f-67b4-11f0-a847-0a0cda9789f2,01f4f038-24c4-4c5e-8607-032254333b0e,,,TRUE,FALSE,QrCode,Bahasa,2025-12-28T03:38:50.4854Z,,,,,,,,,,,,,,68b55898ba36f57e40594600
28-12-2025 10:48:05,API dan IAS,CGK T2,1,TOILET T2D - BOARDING ROOM T2D-2 PRIA,API&IAS-TOILET-CGK T2-BL D2 TP,5,Satisfied,5,Fasilitas sudah cukup baik,Facility Maintenance and Upkeep,Positive,,,,,5,5,Petugas ramah dan sopan,,,,"Ketersediaan tisu, sabun, air, dan hand dryer",,,,Lokasi toilet mudah terlihat dan terjangkau,,,,e87d2915-8dd5-4bd3-b321-2ebc914b860b,Completed,New,Anonymous,58642,,cab97c1f-67b4-11f0-a847-0a0cda9789f2,01f4f038-24c4-4c5e-8607-032254333b0e,,,TRUE,FALSE,QrCode,Bahasa,2025-12-28T03:47:06.3313Z,,,,,,,,,,,,,,68b55898ba36f57e40594600
28-12-2025 12:27:10,API dan IAS,CGK T2,1,TOILET T2D - BOARDING ROOM T2D-7 PRIA,API&IAS-TOILET-CGK T2-BL D7 TP,5,Satisfied,5,"Pelayanan dari petugas sangat ramah dan sopan sudah ok banget 

opini Mushola  Pria dan Wanita mestinya di pisah untuk kenyamanan tamu yg akan melakukan shalat","Signage, Directions, and Facility Accessibility",Positive,,,,,5,5,Petugas ramah dan sopan|Berpenampilan rapi dengan seragam jelas|Cepat tanggap saat membantu penumpang|Jumlah petugas cukup,,,,"Ketersediaan tisu, sabun, air, dan hand dryer|Toilet bowl, urinoir, dan wastafel bersih dan berfungsi dengan baik|Toilet memiliki aroma yang wangi|Penerangan dan sirkulasi udara toilet baik",,,,Lokasi toilet mudah terlihat dan terjangkau|Jumlah toilet mencukupi sehingga tidak ada antrean|Proses penanganan masalah cepat sehingga aktivitas bisa berjalan dengan lancar|Jadwal kebersihan yang konsisten sehingga toilet selalu dalam kondisi bersih,,,,10186273-3308-441c-89cd-3b5e840eae07,Completed,New,Anonymous,238055,,cab97c1f-67b4-11f0-a847-0a0cda9789f2,01f4f038-24c4-4c5e-8607-032254333b0e,,,TRUE,FALSE,QrCode,Bahasa,2025-12-28T05:23:13.2099Z,,,,,,,,,,,,,,68b55898ba36f57e40594600
28-12-2025 12:30:56,API dan IAS,YIA,4,TOILET BOARIDNG ROOM BARAT PRIA,YIA-TOI-BR-B-P,3,Neutral,3,"Alangkahbaiknya jika tekanan spray bidet lebih kuat, soalnya ketika disetting ke maksimal masih kurang tekanan airnya

Alangkahbaiknya jika toilet lebih wangi terlebih di kios toilet karena bau pesing sangat kuat

Alangkahbaiknya kalau tisu toilet bisa pakai hand tissue soalnya tisu sekarang sangat rapuh dan mudah lengket","Odor Control, Ventilation, and Overall Comfort|Facility Maintenance and Upkeep|Toilet Facilities and Completeness (e.g., soap, water, seats)",Negative,,,,,4,4,Petugas ramah dan sopan|Berpenampilan rapi dengan seragam jelas|Cepat tanggap saat membantu penumpang,,,,"Toilet bowl, urinoir, dan wastafel bersih dan berfungsi dengan baik",,,,Jumlah toilet mencukupi sehingga tidak ada antrean,,,,fa9c3afe-b4d1-46d3-aea6-f4a45dac6a6a,Completed,New,Anonymous,314791,,cab97c1f-67b4-11f0-a847-0a0cda9789f2,01f4f038-24c4-4c5e-8607-032254333b0e,,,TRUE,FALSE,QrCode,Bahasa,2025-12-28T05:25:40.3845Z,,,,,,,,,,,,,,68b55898ba36f57e40594600
28-12-2025 12:43:39,API dan IAS,CGK T2,1,TOILET T2D - ARRIVAL CORRIDOR WANITA,API&IAS-TOILET-CGK T2-CCA D TW,5,Satisfied,5,"Petugas kamar mandi perempuan di terminal 1 di jam 12.00WIB, di kedatangan, sangat ramah dan sangat sigap dalam membersihkan setiap penumpang yg baru selesai. Kamar mandi jg sangat wangi dan nyaman. Mohon dpt dipertahankan🙏🙌🏻👍","Odor Control, Ventilation, and Overall Comfort|Cleanliness and Hygiene of Toilets",Positive,,,,,5,5,Petugas ramah dan sopan|Cepat tanggap saat membantu penumpang|Berpenampilan rapi dengan seragam jelas,,,,"Ketersediaan tisu, sabun, air, dan hand dryer|Toilet bowl, urinoir, dan wastafel bersih dan berfungsi dengan baik|Toilet memiliki aroma yang wangi|Penerangan dan sirkulasi udara toilet baik",,,,Jadwal kebersihan yang konsisten sehingga toilet selalu dalam kondisi bersih|Lainnya,Petugas lgsg membersihkan setiap penggunaan penumpang. Sangat sigap,,,f2a113a1-5a01-4c34-b2b3-739c49aa4878,Completed,New,Anonymous,267655,,cab97c1f-67b4-11f0-a847-0a0cda9789f2,01f4f038-24c4-4c5e-8607-032254333b0e,,,TRUE,FALSE,QrCode,Bahasa,2025-12-28T05:39:11.4159Z,,,,,,,,,,,,,,68b55898ba36f57e40594600
28-12-2025 14:21:19,API dan IAS,CGK T1,1,TOILET T1B - CORRIDOR BEFORE SCP WANITA,B. SA. W,5,Satisfied,5,staffnya ramah,,Positive,,,,,5,5,Petugas ramah dan sopan|Berpenampilan rapi dengan seragam jelas|Cepat tanggap saat membantu penumpang,,,,"Penerangan dan sirkulasi udara toilet baik|Toilet memiliki aroma yang wangi|Toilet bowl, urinoir, dan wastafel bersih dan berfungsi dengan baik|Ketersediaan tisu, sabun, air, dan hand dryer",,,,Lokasi toilet mudah terlihat dan terjangkau|Proses penanganan masalah cepat sehingga aktivitas bisa berjalan dengan lancar|Jadwal kebersihan yang konsisten sehingga toilet selalu dalam kondisi bersih,,,,bbe90cd9-0ef8-4a7b-a9d7-1cdac431c4ec,Completed,New,Anonymous,70830,,cab97c1f-67b4-11f0-a847-0a0cda9789f2,01f4f038-24c4-4c5e-8607-032254333b0e,,,TRUE,FALSE,QrCode,Bahasa,2025-12-28T07:20:02.1767Z,,,,,,,,,,,,,,68b55898ba36f57e40594600
28-12-2025 15:05:51,API dan IAS,CGK T2,1,TOILET T2E - BOARDING ROOM T2E-3 PRIA,API&IAS-TOILET-CGK T2-BL E3 TP,4,Satisfied,4,Di jaga dengan baik,Facility Maintenance and Upkeep,Positive,,,,,5,5,Petugas ramah dan sopan|Berpenampilan rapi dengan seragam jelas|Cepat tanggap saat membantu penumpang|Jumlah petugas cukup,,,,"Ketersediaan tisu, sabun, air, dan hand dryer|Toilet bowl, urinoir, dan wastafel bersih dan berfungsi dengan baik|Toilet memiliki aroma yang wangi|Penerangan dan sirkulasi udara toilet baik",,,,Lokasi toilet mudah terlihat dan terjangkau|Jumlah toilet mencukupi sehingga tidak ada antrean|Proses penanganan masalah cepat sehingga aktivitas bisa berjalan dengan lancar|Jadwal kebersihan yang konsisten sehingga toilet selalu dalam kondisi bersih,,,,a65e5e4d-9c01-4fc7-9981-56cbee547c97,Completed,New,Anonymous,52369,,cab97c1f-67b4-11f0-a847-0a0cda9789f2,01f4f038-24c4-4c5e-8607-032254333b0e,,,TRUE,FALSE,QrCode,Bahasa,2025-12-28T08:04:57.9780Z,,,,,,,,,,,,,,68b55898ba36f57e40594600
28-12-2025 18:13:33,API dan IAS,CGK T2,1,TOILET T2D - BOARDING ROOM T2D-1 PRIA,API&IAS-TOILET-CGK T2-BL D1 TP,5,Satisfied,5,Penjaganya ramah,,Positive,,,,,5,5,Petugas ramah dan sopan,,,,"Toilet bowl, urinoir, dan wastafel bersih dan berfungsi dengan baik|Ketersediaan tisu, sabun, air, dan hand dryer|Toilet memiliki aroma yang wangi|Penerangan dan sirkulasi udara toilet baik",,,,Lokasi toilet mudah terlihat dan terjangkau|Jumlah toilet mencukupi sehingga tidak ada antrean|Proses penanganan masalah cepat sehingga aktivitas bisa berjalan dengan lancar|Jadwal kebersihan yang konsisten sehingga toilet selalu dalam kondisi bersih,,,,f1b4d867-311b-454e-b20c-d102663dce4a,Completed,New,Anonymous,44634,,cab97c1f-67b4-11f0-a847-0a0cda9789f2,01f4f038-24c4-4c5e-8607-032254333b0e,,,TRUE,FALSE,QrCode,Bahasa,2025-12-28T11:12:48.5626Z,,,,,,,,,,,,,,68b55898ba36f57e40594600
28-12-2025 18:58:39,API dan IAS,DPS,2,TOILET KEBERANGKATAN DOMESTIK GATE 3-4 (WANITA),DPS-TOILET-DD05-W,5,Satisfied,5,All good 👍🏻🙏🏻,,Positive,,,,,5,5,Petugas ramah dan sopan|Cepat tanggap saat membantu penumpang|Berpenampilan rapi dengan seragam jelas,,,,"Ketersediaan tisu, sabun, air, dan hand dryer|Toilet bowl, urinoir, dan wastafel bersih dan berfungsi dengan baik|Toilet memiliki aroma yang wangi|Penerangan dan sirkulasi udara toilet baik",,,,Jadwal kebersihan yang konsisten sehingga toilet selalu dalam kondisi bersih|Jumlah toilet mencukupi sehingga tidak ada antrean,,,,493a0dcc-9472-49e6-a8fe-86c516aadfde,Completed,New,Anonymous,104865,,cab97c1f-67b4-11f0-a847-0a0cda9789f2,01f4f038-24c4-4c5e-8607-032254333b0e,,,TRUE,FALSE,QrCode,English,2025-12-28T11:56:54.6383Z,,,,,,,,,,,,,,68b55898ba36f57e40594600
28-12-2025 20:27:55,API dan IAS,SUB,4,"T2,A10,PRIA","SUB-TOILE-T2-A10,PRIA",3,Neutral,3,Toilet duduk di kedatangan T2 sudah menguning. Apakah tidak ada renovasi?,Facility Maintenance and Upkeep,Negative,,,,,4,4,Petugas ramah dan sopan|Berpenampilan rapi dengan seragam jelas|Cepat tanggap saat membantu penumpang,,,,"Ketersediaan tisu, sabun, air, dan hand dryer|Penerangan dan sirkulasi udara toilet baik",,,,Lokasi toilet mudah terlihat dan terjangkau,,,,cfc168ad-3eb9-48bd-9103-cbb24114ab8a,Completed,New,Anonymous,73063,,cab97c1f-67b4-11f0-a847-0a0cda9789f2,01f4f038-24c4-4c5e-8607-032254333b0e,,,TRUE,FALSE,QrCode,Bahasa,2025-12-28T13:26:41.8833Z,,,,,,,,,,,,,,68b55898ba36f57e40594600
28-12-2025 21:47:41,API dan IAS,CGK T3,1,TOILET T3 DOM - ARRIVAL PRIA,D.G.05.P,5,Satisfied,5,,,,,,,,4,4,Petugas ramah dan sopan,,,,"Toilet bowl, urinoir, dan wastafel bersih dan berfungsi dengan baik",,,,Jadwal kebersihan yang konsisten sehingga toilet selalu dalam kondisi bersih,,,,74780008-f174-442b-9698-e757c77d5fec,Completed,New,Anonymous,28874,,cab97c1f-67b4-11f0-a847-0a0cda9789f2,01f4f038-24c4-4c5e-8607-032254333b0e,,,TRUE,FALSE,QrCode,Bahasa,2025-12-28T14:47:11.9717Z,,,,,,,,,,,,,,68b55898ba36f57e40594600
28-12-2025 22:48:03,API dan IAS,CGK T3,1,TOILET T3 DOM - BOARDING ROOM GATE 14 PRIA,D.F.04.P,5,Satisfied,5,baik bersih rapi tinggatkan lagi,Cleanliness and Hygiene of Toilets,Positive,,,,,4,4,,,Jumlah petugas kurang sehingga antrian panjang,,"Lainnya|Ketersediaan tisu, sabun, air, dan hand dryer|Penerangan dan sirkulasi udara toilet baik|Toilet memiliki aroma yang wangi|Toilet bowl, urinoir, dan wastafel bersih dan berfungsi dengan baik",good,,,Lokasi toilet mudah terlihat dan terjangkau|Jumlah toilet mencukupi sehingga tidak ada antrean|Proses penanganan masalah cepat sehingga aktivitas bisa berjalan dengan lancar|Jadwal kebersihan yang konsisten sehingga toilet selalu dalam kondisi bersih,,,,e00b5f4b-3000-4636-b79d-68c16fc9f47c,Completed,New,Anonymous,118837,,cab97c1f-67b4-11f0-a847-0a0cda9789f2,01f4f038-24c4-4c5e-8607-032254333b0e,,,TRUE,FALSE,QrCode,English,2025-12-28T15:46:04.5417Z,,,,,,,,,,,,,,68b55898ba36f57e40594600
29-12-2025 4:34:45,API dan IAS,CGK T2,1,TOILET T2E - BOARDING ROOM T2E-3 PRIA,API&IAS-TOILET-CGK T2-BL E3 TP,3,Neutral,3,musolah di E3 dan toilet nya banyak kecoak kecil,Cleanliness and Hygiene of Toilets,Negative,,,,,3,3,Petugas ramah dan sopan,,,,,,Lainnya,banyak kecoak kecil,,,Lainnya,banyak kecoak kecil,aaf9e7aa-beae-4109-9028-22b0663e0443,Completed,New,Anonymous,110731,,cab97c1f-67b4-11f0-a847-0a0cda9789f2,01f4f038-24c4-4c5e-8607-032254333b0e,,,TRUE,FALSE,QrCode,Bahasa,2025-12-28T21:32:52.3953Z,,,,,,,,,,,,,,68b55898ba36f57e40594600
29-12-2025 11:29:58,API dan IAS,DPS,2,TOILET KEBERANGKATAN DOMESTIK LOBBY DEKAT POSKO (PRIA),DPS-TOILET-DD03-P,5,Satisfied,5,Bagus skali,,Positive,,,,,5,5,Petugas ramah dan sopan,,,,"Ketersediaan tisu, sabun, air, dan hand dryer",,,,Lokasi toilet mudah terlihat dan terjangkau,,,,e395f5e0-139f-47e3-9cee-e69b46b7444a,Completed,New,Anonymous,73901,,cab97c1f-67b4-11f0-a847-0a0cda9789f2,01f4f038-24c4-4c5e-8607-032254333b0e,,,TRUE,FALSE,QrCode,Bahasa,2025-12-29T04:28:43.3289Z,,,,,,,,,,,,,,68b55898ba36f57e40594600
29-12-2025 15:52:52,API dan IAS,CGK T3,1,TOILET T3 INT - BAGGAGE CLAIM WANITA,I.G.04.W,2,Not Satisfied,2,arrival inter tp toiletnya ga bersih,Cleanliness and Hygiene of Toilets,Negative,,,,,2,2,Petugas ramah dan sopan,,,,,,Toilet memiliki aroma yang bau|Penerangan dan sirkulasi udara toilet tidak baik,,,,Kondisi toilet kotor karena jadwal pembersihan tidak jelas,,8dabdb95-89fa-4c71-9f18-380efd47e06f,Completed,New,Anonymous,78668,,cab97c1f-67b4-11f0-a847-0a0cda9789f2,01f4f038-24c4-4c5e-8607-032254333b0e,,,TRUE,FALSE,QrCode,Bahasa,2025-12-29T08:51:33.0479Z,,,,,,,,,,,,,,68b55898ba36f57e40594600
29-12-2025 15:59:33,API dan IAS,CGK T3,1,TOILET T3 DOM - BOARDING ROOM GATE 13 PRIA,D.F.03.P,5,Satisfied,5,n/a,,Neutral,,,,,5,5,Petugas ramah dan sopan|Berpenampilan rapi dengan seragam jelas|Cepat tanggap saat membantu penumpang,,,,"Ketersediaan tisu, sabun, air, dan hand dryer|Toilet bowl, urinoir, dan wastafel bersih dan berfungsi dengan baik|Toilet memiliki aroma yang wangi|Penerangan dan sirkulasi udara toilet baik",,,,Lokasi toilet mudah terlihat dan terjangkau|Jumlah toilet mencukupi sehingga tidak ada antrean|Jadwal kebersihan yang konsisten sehingga toilet selalu dalam kondisi bersih,,,,9b071345-4a35-4e6e-8c38-48bb86d5b042,Completed,New,Anonymous,69066,,cab97c1f-67b4-11f0-a847-0a0cda9789f2,01f4f038-24c4-4c5e-8607-032254333b0e,,,TRUE,FALSE,QrCode,English,2025-12-29T08:58:23.6313Z,,,,,,,,,,,,,,68b55898ba36f57e40594600
30-12-2025 6:11:27,API dan IAS,CGK T3,1,TOILET T3 DOM - SCP PRIA,D.S.02.P,5,Satisfied,5,Sudah baik,Cleanliness and Hygiene of Toilets,Neutral,,,,,5,5,Petugas ramah dan sopan|Berpenampilan rapi dengan seragam jelas|Cepat tanggap saat membantu penumpang|Jumlah petugas cukup,,,,"Ketersediaan tisu, sabun, air, dan hand dryer|Toilet bowl, urinoir, dan wastafel bersih dan berfungsi dengan baik|Toilet memiliki aroma yang wangi|Penerangan dan sirkulasi udara toilet baik",,,,Lokasi toilet mudah terlihat dan terjangkau|Jumlah toilet mencukupi sehingga tidak ada antrean|Proses penanganan masalah cepat sehingga aktivitas bisa berjalan dengan lancar|Jadwal kebersihan yang konsisten sehingga toilet selalu dalam kondisi bersih,,,,b0096db4-b29d-4d04-b3de-62988a13249c,Completed,New,Anonymous,96774,,cab97c1f-67b4-11f0-a847-0a0cda9789f2,01f4f038-24c4-4c5e-8607-032254333b0e,,,TRUE,FALSE,QrCode,Bahasa,2025-12-29T23:09:50.6424Z,,,,,,,,,,,,,,68b55898ba36f57e40594600
30-12-2025 8:11:33,API dan IAS,CGK T3,1,TOILET T3 INT - PARKING PRIA,PI.03.U.P,5,Satisfied,5,bagus tapi saya mau ambil tisyu malah gadaa🥲,"Cleanliness and Hygiene of Toilets|Toilet Facilities and Completeness (e.g., soap, water, seats)",Negative,,,,,5,5,,,Petugas tidak ramah dan kurang sopan,,Toilet memiliki aroma yang wangi,,,,Jumlah toilet mencukupi sehingga tidak ada antrean,,,,f5efbe44-dcf7-4dcb-b055-d52490d05533,Completed,New,Anonymous,125546,,cab97c1f-67b4-11f0-a847-0a0cda9789f2,01f4f038-24c4-4c5e-8607-032254333b0e,,,TRUE,FALSE,QrCode,Bahasa,2025-12-30T01:09:27.0831Z,,,,,,,,,,,,,,68b55898ba36f57e40594600
30-12-2025 8:26:29,API dan IAS,SUB,4,"T2,B3,PRIA","SUB-TOILE-T2-B3,PRIA",4,Satisfied,4,Baik,Cleanliness and Hygiene of Toilets,Neutral,,,,,4,4,Berpenampilan rapi dengan seragam jelas|Cepat tanggap saat membantu penumpang|Lainnya,Baik,,,"Lainnya|Ketersediaan tisu, sabun, air, dan hand dryer",Baik,,,Jumlah toilet mencukupi sehingga tidak ada antrean,,,,662f31d2-8939-47fd-8005-2574e472206b,Completed,New,Anonymous,309832,,cab97c1f-67b4-11f0-a847-0a0cda9789f2,01f4f038-24c4-4c5e-8607-032254333b0e,,,TRUE,FALSE,QrCode,Bahasa,2025-12-30T01:21:19.2110Z,,,,,,,,,,,,,,68b55898ba36f57e40594600
30-12-2025 8:31:48,API dan IAS,SUB,4,"T2,B3,PRIA","SUB-TOILE-T2-B3,PRIA",4,Satisfied,4,Tingkatkan,Facility Maintenance and Upkeep,Neutral,,,,,3,3,Petugas ramah dan sopan|Berpenampilan rapi dengan seragam jelas|Jumlah petugas cukup,,,,Toilet memiliki aroma yang wangi|Penerangan dan sirkulasi udara toilet baik,,,,,,Lokasi toilet susah dicari dan tidak terjangkau,,406152e3-ed17-478e-b9e7-da302067fa6f,Completed,New,Anonymous,115362,,cab97c1f-67b4-11f0-a847-0a0cda9789f2,01f4f038-24c4-4c5e-8607-032254333b0e,,,TRUE,FALSE,QrCode,Bahasa,2025-12-30T01:29:53.1132Z,,,,,,,,,,,,,,68b55898ba36f57e40594600
30-12-2025 10:17:21,API dan IAS,CGK T2,1,TOILET T2D - BOARDING ROOM T2D-1 PRIA,API&IAS-TOILET-CGK T2-BL D1 TP,4,Satisfied,4,Tetap dipertahankan,,Positive,,,,,4,4,Petugas ramah dan sopan,,,,"Toilet bowl, urinoir, dan wastafel bersih dan berfungsi dengan baik|Toilet memiliki aroma yang wangi|Penerangan dan sirkulasi udara toilet baik|Ketersediaan tisu, sabun, air, dan hand dryer",,,,Lokasi toilet mudah terlihat dan terjangkau|Jumlah toilet mencukupi sehingga tidak ada antrean|Proses penanganan masalah cepat sehingga aktivitas bisa berjalan dengan lancar|Jadwal kebersihan yang konsisten sehingga toilet selalu dalam kondisi bersih,,,,153fc480-24e1-460a-8b6a-1a17ffc44491,Completed,New,Anonymous,68964,,cab97c1f-67b4-11f0-a847-0a0cda9789f2,01f4f038-24c4-4c5e-8607-032254333b0e,,,TRUE,FALSE,QrCode,Bahasa,2025-12-30T02:17:16.5637Z,,,,,,,,,,,,,,68b55898ba36f57e40594600
30-12-2025 10:41:40,API dan IAS,CGK T2,1,TOILET T2D - BAGGAGE CLAIM PRIA,API&IAS-TOILET-CGK T2-HCO D TP,5,Satisfied,5,"Untuk yang disabilitas/membutuhkan pertolongan,kalau bisa dibantu dari naik-turun tangga",Accessibility and Facilities for Disabled/Elderly Users,Positive,,,,,5,5,Berpenampilan rapi dengan seragam jelas|Petugas ramah dan sopan,,,,"Ketersediaan tisu, sabun, air, dan hand dryer|Toilet bowl, urinoir, dan wastafel bersih dan berfungsi dengan baik",,,,Jumlah toilet mencukupi sehingga tidak ada antrean|Proses penanganan masalah cepat sehingga aktivitas bisa berjalan dengan lancar,,,,14010120-90e9-4717-939d-a78d3e93941f,Completed,New,Anonymous,44165,,cab97c1f-67b4-11f0-a847-0a0cda9789f2,01f4f038-24c4-4c5e-8607-032254333b0e,,,TRUE,FALSE,QrCode,Bahasa,2025-12-30T03:40:56.7672Z,,,,,,,,,,,,,,68b55898ba36f57e40594600
30-12-2025 11:29:29,API dan IAS,CGK T2,1,TOILET T2D - BAGGAGE CLAIM PRIA,API&IAS-TOILET-CGK T2-HCO D TP,5,Satisfied,5,yes,,Neutral,,,,,5,5,Petugas ramah dan sopan|Cepat tanggap saat membantu penumpang,,,,"Toilet bowl, urinoir, dan wastafel bersih dan berfungsi dengan baik|Penerangan dan sirkulasi udara toilet baik",,,,Jadwal kebersihan yang konsisten sehingga toilet selalu dalam kondisi bersih,,,,2c9ce7f1-47bb-49e1-bbd7-b40cd707b528,Completed,New,Anonymous,35180,,cab97c1f-67b4-11f0-a847-0a0cda9789f2,01f4f038-24c4-4c5e-8607-032254333b0e,,,TRUE,FALSE,QrCode,English,2025-12-30T04:28:53.4923Z,,,,,,,,,,,,,,68b55898ba36f57e40594600
30-12-2025 12:32:16,API dan IAS,CGK T3,1,TOILET T3 DOM - ARRIVAL CORRIDOR GATE 15 WANITA,D.G.08.W,3,Neutral,3,"tolong orang-orang dihimbau untuk mengantre, jangan sela antrean orang",Operational Aspects such as Queue Management and Area Cleanliness,Negative,,,,,1,1,,,Lambat atau tidak tanggap membantu penumpang,,,,"Toilet bowl, urinoir, dan wastafel kotor dan tidak berfungsi dengan baik",,,,Lainnya,orang tidak mengantre dan menyela antrean,60f4780c-10ac-4113-83da-8d41a211dcda,Completed,New,Anonymous,194583,,cab97c1f-67b4-11f0-a847-0a0cda9789f2,01f4f038-24c4-4c5e-8607-032254333b0e,,,TRUE,FALSE,QrCode,Bahasa,2025-12-30T05:29:01.6936Z,,,,,,,,,,,,,,68b55898ba36f57e40594600
30-12-2025 12:44:30,API dan IAS,CGK T2,1,TOILET T2D - BAGGAGE CLAIM PRIA,API&IAS-TOILET-CGK T2-HCO D TP,3,Neutral,3,Untuk fasilitas mushola agar diperbesar dan dipisah antara ikhwan (laki-laki) dan akhwat (perempuan).,"Signage, Directions, and Facility Accessibility",Neutral,,,,,4,4,Petugas ramah dan sopan|Berpenampilan rapi dengan seragam jelas|Cepat tanggap saat membantu penumpang|Jumlah petugas cukup,,,,,,"Tisu, sabun, air, dan hand dryer tidak tersedia",,Lokasi toilet mudah terlihat dan terjangkau,,,,4e8a622c-e393-4953-b3f3-45f2587acd89,Completed,New,Anonymous,197820,,cab97c1f-67b4-11f0-a847-0a0cda9789f2,01f4f038-24c4-4c5e-8607-032254333b0e,,,TRUE,FALSE,QrCode,Bahasa,2025-12-30T05:41:11.9039Z,,,,,,,,,,,,,,68b55898ba36f57e40594600
30-12-2025 12:56:39,API dan IAS,CGK T2,1,TOILET T2E - BOARDING ROOM T2E-3 PRIA,API&IAS-TOILET-CGK T2-BL E3 TP,5,Satisfied,5,"Sangat bagus, bersih dan pegawainya sangat ramah",Cleanliness and Hygiene of Toilets,Positive,,,,,5,5,Petugas ramah dan sopan|Berpenampilan rapi dengan seragam jelas|Cepat tanggap saat membantu penumpang|Jumlah petugas cukup|Lainnya,Beri upah tambahan kepada pegawainya,,,"Ketersediaan tisu, sabun, air, dan hand dryer|Toilet bowl, urinoir, dan wastafel bersih dan berfungsi dengan baik|Toilet memiliki aroma yang wangi|Penerangan dan sirkulasi udara toilet baik",,,,Lokasi toilet mudah terlihat dan terjangkau|Jumlah toilet mencukupi sehingga tidak ada antrean|Proses penanganan masalah cepat sehingga aktivitas bisa berjalan dengan lancar|Jadwal kebersihan yang konsisten sehingga toilet selalu dalam kondisi bersih,,,,3ab92424-011f-47d9-b96f-9098477fb8bb,Completed,New,Anonymous,210951,,cab97c1f-67b4-11f0-a847-0a0cda9789f2,01f4f038-24c4-4c5e-8607-032254333b0e,,,TRUE,FALSE,QrCode,Bahasa,2025-12-30T05:53:05.1224Z,,,,,,,,,,,,,,68b55898ba36f57e40594600
30-12-2025 13:36:52,API dan IAS,CGK T2,1,TOILET T2D - BAGGAGE CLAIM PRIA,API&IAS-TOILET-CGK T2-HCO D TP,5,Satisfied,5,"1.toilet harum
2.toilet bersih
3.petugas ramah
4.tidak ada sedikitpun percikan air","Odor Control, Ventilation, and Overall Comfort",Positive,,,,,5,5,Petugas ramah dan sopan|Berpenampilan rapi dengan seragam jelas|Cepat tanggap saat membantu penumpang,,,,"Ketersediaan tisu, sabun, air, dan hand dryer|Toilet bowl, urinoir, dan wastafel bersih dan berfungsi dengan baik|Toilet memiliki aroma yang wangi|Penerangan dan sirkulasi udara toilet baik",,,,Lokasi toilet mudah terlihat dan terjangkau|Proses penanganan masalah cepat sehingga aktivitas bisa berjalan dengan lancar|Jadwal kebersihan yang konsisten sehingga toilet selalu dalam kondisi bersih,,,,05f17bf8-02c9-47f2-aae9-957c63d143ef,Completed,New,Anonymous,178496,,cab97c1f-67b4-11f0-a847-0a0cda9789f2,01f4f038-24c4-4c5e-8607-032254333b0e,,,TRUE,FALSE,QrCode,Bahasa,2025-12-30T06:33:53.6563Z,,,,,,,,,,,,,,68b55898ba36f57e40594600
30-12-2025 16:06:42,API dan IAS,CGK T3,1,TOILET T3 DOM - SCP PRIA,D.S.02.P,5,Satisfied,5,Toilet wangi,"Odor Control, Ventilation, and Overall Comfort",Neutral,,,,,5,5,Petugas ramah dan sopan,,,,"Ketersediaan tisu, sabun, air, dan hand dryer",,,,Lokasi toilet mudah terlihat dan terjangkau,,,,c56175d5-e1ba-4ad8-b39a-787ca1ec92de,Completed,New,Anonymous,93831,,cab97c1f-67b4-11f0-a847-0a0cda9789f2,01f4f038-24c4-4c5e-8607-032254333b0e,,,TRUE,FALSE,QrCode,Bahasa,2025-12-30T09:05:05.1352Z,,,,,,,,,,,,,,68b55898ba36f57e40594600
30-12-2025 16:10:36,API dan IAS,CGK T3,1,TOILET T3 DOM - BOARDING ROOM GATE 14 PRIA,D.F.04.P,5,Satisfied,5,Toilet Bersih,Cleanliness and Hygiene of Toilets,Positive,,,,,5,5,Berpenampilan rapi dengan seragam jelas,,,,Toilet memiliki aroma yang wangi,,,,Lokasi toilet mudah terlihat dan terjangkau,,,,29d8761e-f919-48a3-801f-7a43a59ed530,Completed,New,Anonymous,75530,,cab97c1f-67b4-11f0-a847-0a0cda9789f2,01f4f038-24c4-4c5e-8607-032254333b0e,,,TRUE,FALSE,QrCode,Bahasa,2025-12-30T09:09:20.3572Z,,,,,,,,,,,,,,68b55898ba36f57e40594600
30-12-2025 18:28:02,API dan IAS,CGK T1,1,TOILET T1B - BOARDING ROOM T1B-3 PRIA,B. BL3. P,1,Not Satisfied,1,Is it toilet so very good but the mushalla very small😒,"Signage, Directions, and Facility Accessibility",Negative,,,,,4,4,Petugas ramah dan sopan,,,,Penerangan dan sirkulasi udara toilet baik,,,,Jadwal kebersihan yang konsisten sehingga toilet selalu dalam kondisi bersih,,,,ae80d4bd-13ca-4121-a7d2-c9bb9cc35aff,Completed,New,Anonymous,295666,,cab97c1f-67b4-11f0-a847-0a0cda9789f2,01f4f038-24c4-4c5e-8607-032254333b0e,,,TRUE,FALSE,QrCode,English,2025-12-30T11:23:05.2347Z,,,,,,,,,,,,,,68b55898ba36f57e40594600
30-12-2025 23:20:47,API dan IAS,CGK T3,1,TOILET T3 INT - PARKING PRIA,PI.03.U.P,3,Neutral,3,"air sangat kecil, tissue tidak ada, mohon ditingkatkan lagi🙏",Cleanliness and Hygiene of Toilets|Facility Maintenance and Upkeep,Negative,,,,,3,3,Petugas ramah dan sopan,,,,,,"Tisu, sabun, air, dan hand dryer tidak tersedia",,,,Proses penanganan masalah lambat sehingga aktivitas tidak berjalan dengan lancar,,b9bf0cd6-b7d4-4bbf-86ff-3dfcda2c3071,Completed,New,Anonymous,98026,,cab97c1f-67b4-11f0-a847-0a0cda9789f2,01f4f038-24c4-4c5e-8607-032254333b0e,,,TRUE,FALSE,QrCode,Bahasa,2025-12-30T16:19:08.1116Z,,,,,,,,,,,,,,68b55898ba36f57e40594600
31-12-2025 3:06:45,API dan IAS,CGK T1,1,TOILET T1B - BOARDING ROOM T1B-2 PRIA,B. BL2. P,5,Satisfied,5,Kasih ac,"Odor Control, Ventilation, and Overall Comfort",Neutral,,,,,5,5,Petugas ramah dan sopan|Berpenampilan rapi dengan seragam jelas|Cepat tanggap saat membantu penumpang|Jumlah petugas cukup,,,,"Ketersediaan tisu, sabun, air, dan hand dryer|Toilet bowl, urinoir, dan wastafel bersih dan berfungsi dengan baik|Toilet memiliki aroma yang wangi|Penerangan dan sirkulasi udara toilet baik",,,,Lokasi toilet mudah terlihat dan terjangkau|Jumlah toilet mencukupi sehingga tidak ada antrean|Jadwal kebersihan yang konsisten sehingga toilet selalu dalam kondisi bersih|Proses penanganan masalah cepat sehingga aktivitas bisa berjalan dengan lancar,,,,05e8400e-f213-405c-985c-4dec403e90f5,Completed,New,Anonymous,34870,,cab97c1f-67b4-11f0-a847-0a0cda9789f2,01f4f038-24c4-4c5e-8607-032254333b0e,,,TRUE,FALSE,QrCode,Bahasa,2025-12-30T20:06:10.4939Z,,,,,,,,,,,,,,68b55898ba36f57e40594600
31-12-2025 5:59:55,API dan IAS,CGK T2,1,TOILET T2D - BOARDING ROOM T2D-5 PRIA,API&IAS-TOILET-CGK T2-BL D5 TP,5,Satisfied,5,Closetnya diganti jadi tempat duduk biar lebih praktis👍,"Toilet Facilities and Completeness (e.g., soap, water, seats)",Positive,,,,,5,5,Petugas ramah dan sopan|Berpenampilan rapi dengan seragam jelas|Cepat tanggap saat membantu penumpang,,,,"Ketersediaan tisu, sabun, air, dan hand dryer|Toilet bowl, urinoir, dan wastafel bersih dan berfungsi dengan baik|Toilet memiliki aroma yang wangi|Penerangan dan sirkulasi udara toilet baik",,,,Lokasi toilet mudah terlihat dan terjangkau|Jumlah toilet mencukupi sehingga tidak ada antrean|Proses penanganan masalah cepat sehingga aktivitas bisa berjalan dengan lancar|Jadwal kebersihan yang konsisten sehingga toilet selalu dalam kondisi bersih,,,,02adb510-3bac-42bd-b978-4333fdf270d9,Completed,New,Anonymous,163354,,cab97c1f-67b4-11f0-a847-0a0cda9789f2,01f4f038-24c4-4c5e-8607-032254333b0e,,,TRUE,FALSE,QrCode,Bahasa,2025-12-30T22:57:11.4044Z,,,,,,,,,,,,,,68b55898ba36f57e40594600
31-12-2025 6:12:32,API dan IAS,CGK T3,1,TOILET T3 DOM - BOARDING ROOM GATE 16 WANITA,D.F.06.W,5,Satisfied,5,Perfect,,Positive,,,,,5,5,Petugas ramah dan sopan|Berpenampilan rapi dengan seragam jelas|Cepat tanggap saat membantu penumpang|Jumlah petugas cukup,,,,"Ketersediaan tisu, sabun, air, dan hand dryer|Toilet bowl, urinoir, dan wastafel bersih dan berfungsi dengan baik|Toilet memiliki aroma yang wangi|Penerangan dan sirkulasi udara toilet baik",,,,Lokasi toilet mudah terlihat dan terjangkau|Jumlah toilet mencukupi sehingga tidak ada antrean|Proses penanganan masalah cepat sehingga aktivitas bisa berjalan dengan lancar|Jadwal kebersihan yang konsisten sehingga toilet selalu dalam kondisi bersih,,,,58766162-c2d8-4731-92d9-7059dd25387a,Completed,New,Anonymous,64281,,cab97c1f-67b4-11f0-a847-0a0cda9789f2,01f4f038-24c4-4c5e-8607-032254333b0e,,,TRUE,FALSE,QrCode,Bahasa,2025-12-30T23:11:27.8789Z,,,,,,,,,,,,,,68b55898ba36f57e40594600
31-12-2025 10:03:47,API dan IAS,CGK T2,1,TOILET T2E - DEPARTURE CURBSIDE PRIA,API&IAS-TOILET-CGK T2-PCI E TP,5,Satisfied,5,"The toilet attendents are very polite , friendly & helpful. Keep up the excellent service + the toilets are very clean 👍🏻👍🏻",Cleanliness and Hygiene of Toilets,Positive,,,,,5,5,Petugas ramah dan sopan|Berpenampilan rapi dengan seragam jelas|Cepat tanggap saat membantu penumpang,,,,"Ketersediaan tisu, sabun, air, dan hand dryer|Toilet bowl, urinoir, dan wastafel bersih dan berfungsi dengan baik|Penerangan dan sirkulasi udara toilet baik|Toilet memiliki aroma yang wangi",,,,Jadwal kebersihan yang konsisten sehingga toilet selalu dalam kondisi bersih|Proses penanganan masalah cepat sehingga aktivitas bisa berjalan dengan lancar,,,,8f366605-0992-4bfd-aedd-3c4da4cfdd67,Completed,New,Anonymous,174218,,cab97c1f-67b4-11f0-a847-0a0cda9789f2,01f4f038-24c4-4c5e-8607-032254333b0e,,,TRUE,FALSE,QrCode,English,2025-12-31T03:00:51.9420Z,,,,,,,,,,,,,,68b55898ba36f57e40594600
31-12-2025 11:00:52,API dan IAS,CGK T1,1,TOILET T1B - BOARDING ROOM T1B-2 PRIA,B. BL2. P,3,Neutral,3,Pake dildo sebagai hiasan,,Negative,,,,,1,1,,,"Petugas tidak ramah dan kurang sopan|Penampilan berantakan, seragam tidak rapi|Lambat atau tidak tanggap membantu penumpang|Jumlah petugas kurang sehingga antrian panjang",,,,"Tisu, sabun, air, dan hand dryer tidak tersedia|Toilet bowl, urinoir, dan wastafel kotor dan tidak berfungsi dengan baik|Toilet memiliki aroma yang bau|Penerangan dan sirkulasi udara toilet tidak baik",,,,Lokasi toilet susah dicari dan tidak terjangkau|Antrean toilet panjang karena jumlah toilet tidak mencukupi|Proses penanganan masalah lambat sehingga aktivitas tidak berjalan dengan lancar|Kondisi toilet kotor karena jadwal pembersihan tidak jelas,,d7fc0ead-ebac-4d86-a8a8-d31d3a3f36af,Completed,New,Anonymous,69409,,cab97c1f-67b4-11f0-a847-0a0cda9789f2,01f4f038-24c4-4c5e-8607-032254333b0e,,,TRUE,FALSE,QrCode,Bahasa,2025-12-31T03:59:44.9426Z,,,,,,,,,,,,,,68b55898ba36f57e40594600
31-12-2025 11:20:30,API dan IAS,CGK T2,1,TOILET T2D - BAGGAGE CLAIM PRIA,API&IAS-TOILET-CGK T2-HCO D TP,5,Satisfied,5,Sudah sangat layak,Cleanliness and Hygiene of Toilets,Positive,,,,,5,5,Petugas ramah dan sopan|Berpenampilan rapi dengan seragam jelas|Cepat tanggap saat membantu penumpang|Jumlah petugas cukup,,,,"Ketersediaan tisu, sabun, air, dan hand dryer|Toilet bowl, urinoir, dan wastafel bersih dan berfungsi dengan baik|Toilet memiliki aroma yang wangi|Penerangan dan sirkulasi udara toilet baik",,,,Lokasi toilet mudah terlihat dan terjangkau|Jumlah toilet mencukupi sehingga tidak ada antrean|Proses penanganan masalah cepat sehingga aktivitas bisa berjalan dengan lancar|Jadwal kebersihan yang konsisten sehingga toilet selalu dalam kondisi bersih,,,,04fdb0d3-bab4-455e-a3f5-b66d429325d5,Completed,New,Anonymous,70106,,cab97c1f-67b4-11f0-a847-0a0cda9789f2,01f4f038-24c4-4c5e-8607-032254333b0e,,,TRUE,FALSE,QrCode,Bahasa,2025-12-31T04:19:20.7832Z,,,,,,,,,,,,,,68b55898ba36f57e40594600
31-12-2025 12:51:10,API dan IAS,CGK T2,1,TOILET T2E - BOARDING ROOM T2E-4 PRIA,API&IAS-TOILET-CGK T2-BL E4 TP,5,Satisfied,5,Attendant just wonderful. Thank you,"Customer Feedback, Complaint Handling, and Service Quality",Positive,,,,,5,5,Petugas ramah dan sopan|Berpenampilan rapi dengan seragam jelas|Cepat tanggap saat membantu penumpang|Jumlah petugas cukup,,,,"Ketersediaan tisu, sabun, air, dan hand dryer|Toilet bowl, urinoir, dan wastafel bersih dan berfungsi dengan baik",,,,Jumlah toilet mencukupi sehingga tidak ada antrean|Proses penanganan masalah cepat sehingga aktivitas bisa berjalan dengan lancar,,,,7034c0ae-a90f-4323-ac4a-afc0b16cb00b,Completed,New,Anonymous,127769,,cab97c1f-67b4-11f0-a847-0a0cda9789f2,01f4f038-24c4-4c5e-8607-032254333b0e,,,TRUE,FALSE,QrCode,English,2025-12-31T05:48:55.5643Z,,,,,,,,,,,,,,68b55898ba36f57e40594600
31-12-2025 13:21:15,API dan IAS,SUB,4,"T1,GATE 1,WANITA","SUB-TOILE-T1-GATE 1,WANITA",2,Not Satisfied,2,B anyak yg rusak mohon perbaikan,Facility Maintenance and Upkeep,Negative,,,,,3,3,Petugas ramah dan sopan,,,,,,"Toilet bowl, urinoir, dan wastafel kotor dan tidak berfungsi dengan baik",,,,Antrean toilet panjang karena jumlah toilet tidak mencukupi,,0e3a902b-988c-42ef-be14-7f30c00292c6,Completed,New,Anonymous,114557,,cab97c1f-67b4-11f0-a847-0a0cda9789f2,01f4f038-24c4-4c5e-8607-032254333b0e,,,TRUE,FALSE,QrCode,English,2025-12-31T06:19:18.1063Z,,,,,,,,,,,,,,68b55898ba36f57e40594600
31-12-2025 14:18:27,API dan IAS,CGK T2,1,TOILET T2E - BOARDING ROOM T2E-7 PRIA,API&IAS-TOILET-CGK T2-BL E7 TP,1,Not Satisfied,1,Kecoak di mana mana. Tissue kotor tidak dibersihkan. Di jam peak seperti ini,Cleanliness and Hygiene of Toilets,Negative,,,,,3,3,,,Lainnya,Petugas mengobrol di ruangan mereka tapi tidak membersihkan,,,Lainnya,"Kecoak di mana mana, tissue bekas kotor tidak dibersihkan",,,Kondisi toilet kotor karena jadwal pembersihan tidak jelas,,05f1d2fe-f2fe-49c2-85be-cc266f95c302,Completed,New,Anonymous,99342,,cab97c1f-67b4-11f0-a847-0a0cda9789f2,01f4f038-24c4-4c5e-8607-032254333b0e,,,TRUE,FALSE,QrCode,Bahasa,2025-12-31T07:16:47.7482Z,,,,,,,,,,,,,,68b55898ba36f57e40594600
31-12-2025 15:10:36,API dan IAS,CGK T2,1,TOILET T2D - BOARDING ROOM T2D-5 PRIA,API&IAS-TOILET-CGK T2-BL D5 TP,5,Satisfied,5,Cukup bagus dipertahankan,,Positive,,,,,5,5,Petugas ramah dan sopan|Berpenampilan rapi dengan seragam jelas|Cepat tanggap saat membantu penumpang|Jumlah petugas cukup,,,,"Ketersediaan tisu, sabun, air, dan hand dryer|Toilet bowl, urinoir, dan wastafel bersih dan berfungsi dengan baik|Toilet memiliki aroma yang wangi|Penerangan dan sirkulasi udara toilet baik",,,,Lokasi toilet mudah terlihat dan terjangkau|Jumlah toilet mencukupi sehingga tidak ada antrean|Proses penanganan masalah cepat sehingga aktivitas bisa berjalan dengan lancar|Jadwal kebersihan yang konsisten sehingga toilet selalu dalam kondisi bersih,,,,5a13a5c0-9b3d-4423-9bd4-142f2b4ad139,Completed,New,Anonymous,186992,,cab97c1f-67b4-11f0-a847-0a0cda9789f2,01f4f038-24c4-4c5e-8607-032254333b0e,,,TRUE,FALSE,QrCode,English,2025-12-31T08:07:29.2997Z,,,,,,,,,,,,,,68b55898ba36f57e40594600
31-12-2025 16:51:37,API dan IAS,CGK T2,1,TOILET T2E - BOARDING ROOM T2E-4 PRIA,API&IAS-TOILET-CGK T2-BL E4 TP,4,Satisfied,4,Good,,Neutral,,,,,3,3,Petugas ramah dan sopan,,,,"Toilet bowl, urinoir, dan wastafel bersih dan berfungsi dengan baik",,,,,,Lokasi toilet susah dicari dan tidak terjangkau,,6eaaf7f4-d0a0-442d-be8f-d8ac26a7e6e1,Completed,New,Anonymous,166846,,cab97c1f-67b4-11f0-a847-0a0cda9789f2,01f4f038-24c4-4c5e-8607-032254333b0e,,,TRUE,FALSE,QrCode,English,2025-12-31T09:48:47.8754Z,,,,,,,,,,,,,,68b55898ba36f57e40594600
31-12-2025 17:52:37,API dan IAS,DPS,2,TOILET KEDATANGAN DOMESTIK R. KEDATANGAN BELAKANG KONTER TIC (DIFABLE WANITA),DPS-TOILET-AD02-DIFABLE - W,4,Satisfied,4,Bagian urinoir harus lebih sering di cek untuk kebersihannya,Cleanliness and Hygiene of Toilets,Neutral,,,,,3,3,,,Jumlah petugas kurang sehingga antrian panjang,,"Ketersediaan tisu, sabun, air, dan hand dryer",,,,,,Kondisi toilet kotor karena jadwal pembersihan tidak jelas,,cdaabc20-8e01-42b6-88e4-eacd908dd629,Completed,New,Anonymous,138491,,cab97c1f-67b4-11f0-a847-0a0cda9789f2,01f4f038-24c4-4c5e-8607-032254333b0e,,,TRUE,FALSE,QrCode,Bahasa,2025-12-31T10:50:18.5777Z,,,,,,,,,,,,,,68b55898ba36f57e40594600
31-12-2025 18:59:04,API dan IAS,SUB,4,"T1,GATE 13 CONCOURSE 2,DIFABEL","SUB-TOILE-T1-GATE 13 CONCOURSE 2,",5,Satisfied,5,Bersih wangi terbaik,Cleanliness and Hygiene of Toilets,Positive,,,,,5,5,Petugas ramah dan sopan|Berpenampilan rapi dengan seragam jelas|Cepat tanggap saat membantu penumpang,,,,"Ketersediaan tisu, sabun, air, dan hand dryer|Toilet bowl, urinoir, dan wastafel bersih dan berfungsi dengan baik|Toilet memiliki aroma yang wangi|Penerangan dan sirkulasi udara toilet baik",,,,Lokasi toilet mudah terlihat dan terjangkau|Jumlah toilet mencukupi sehingga tidak ada antrean|Proses penanganan masalah cepat sehingga aktivitas bisa berjalan dengan lancar|Jadwal kebersihan yang konsisten sehingga toilet selalu dalam kondisi bersih,,,,29c9f19f-1be5-4d56-94c5-f5b61cca8bee,Completed,New,Anonymous,104513,,cab97c1f-67b4-11f0-a847-0a0cda9789f2,01f4f038-24c4-4c5e-8607-032254333b0e,,,TRUE,FALSE,QrCode,Bahasa,2025-12-31T11:57:19.8071Z,,,,,,,,,,,,,,68b55898ba36f57e40594600
1-1-2026 12:03:54,API dan IAS,CGK T2,1,TOILET T2D - CHECKIN WANITA,API&IAS-TOILET-CGK T2-HCI D TW,5,Satisfied,5,Clean  and take care well,Cleanliness and Hygiene of Toilets,Positive,,,,,5,5,Petugas ramah dan sopan|Berpenampilan rapi dengan seragam jelas|Cepat tanggap saat membantu penumpang|Jumlah petugas cukup,,,,"Ketersediaan tisu, sabun, air, dan hand dryer|Toilet bowl, urinoir, dan wastafel bersih dan berfungsi dengan baik|Toilet memiliki aroma yang wangi|Penerangan dan sirkulasi udara toilet baik",,,,Lokasi toilet mudah terlihat dan terjangkau|Proses penanganan masalah cepat sehingga aktivitas bisa berjalan dengan lancar|Jadwal kebersihan yang konsisten sehingga toilet selalu dalam kondisi bersih,,,,bcd9e98e-c78b-479d-910d-23333aa0a26b,Completed,New,Anonymous,40830,,cab97c1f-67b4-11f0-a847-0a0cda9789f2,01f4f038-24c4-4c5e-8607-032254333b0e,,,TRUE,FALSE,QrCode,English,2026-01-01T05:03:12.8750Z,,,,,,,,,,,,,,68b55898ba36f57e40594600
1-1-2026 13:45:24,API dan IAS,CGK T2,1,TOILET T2E - BOARDING ROOM T2E-6 PRIA,API&IAS-TOILET-CGK T2-BL E6 TP,5,Satisfied,5,,,,,,,,5,5,Petugas ramah dan sopan|Berpenampilan rapi dengan seragam jelas,,,,"Toilet bowl, urinoir, dan wastafel bersih dan berfungsi dengan baik",,,,Lokasi toilet mudah terlihat dan terjangkau,,,,6b67df84-00ed-48f7-b31c-d4834de69613,Completed,New,Anonymous,103165,,cab97c1f-67b4-11f0-a847-0a0cda9789f2,01f4f038-24c4-4c5e-8607-032254333b0e,,,TRUE,FALSE,QrCode,Bahasa,2026-01-01T06:43:40.7045Z,,,,,,,,,,,,,,68b55898ba36f57e40594600
1-1-2026 16:25:34,API dan IAS,CGK T2,1,TOILET T2D - BOARDING ROOM T2D-7 PRIA,API&IAS-TOILET-CGK T2-BL D7 TP,5,Satisfied,5,Toilet kurang banyak,"Suggestions for Facility Improvements (e.g., additional toilets, decoration, signage)",Negative,,,,,4,4,,,Lambat atau tidak tanggap membantu penumpang,,,,Lainnya,Tidak ada,Jumlah toilet mencukupi sehingga tidak ada antrean|Jadwal kebersihan yang konsisten sehingga toilet selalu dalam kondisi bersih,,,,8b2be292-6411-4e0e-a661-75c25a882a9c,Completed,New,Anonymous,190940,,cab97c1f-67b4-11f0-a847-0a0cda9789f2,01f4f038-24c4-4c5e-8607-032254333b0e,,,TRUE,FALSE,QrCode,Bahasa,2026-01-01T09:22:22.7514Z,,,,,,,,,,,,,,68b55898ba36f57e40594600
1-1-2026 18:42:59,API dan IAS,CGK T1,1,TOILET T1B - BOARDING ROOM T1B-2 PRIA,B. BL2. P,1,Not Satisfied,1,Kebersihan kamar mandi kurang dan penataan mushola perlu diperhatikan,Cleanliness and Hygiene of Toilets,Negative,,,,,1,1,Petugas ramah dan sopan,,,,"Ketersediaan tisu, sabun, air, dan hand dryer",,,,,,Lokasi toilet susah dicari dan tidak terjangkau|Antrean toilet panjang karena jumlah toilet tidak mencukupi|Kondisi toilet kotor karena jadwal pembersihan tidak jelas,,b26f2aac-a878-4f39-a12c-1844aca5ddf8,Completed,New,Anonymous,398409,,cab97c1f-67b4-11f0-a847-0a0cda9789f2,01f4f038-24c4-4c5e-8607-032254333b0e,,,TRUE,FALSE,QrCode,Bahasa,2026-01-01T11:36:20.4604Z,,,,,,,,,,,,,,68b55898ba36f57e40594600
1-1-2026 19:31:42,API dan IAS,CGK T1,1,TOILET T1B - BOARDING ROOM T1B-6 PRIA,B. BL6. P,5,Satisfied,5,Boleh disiapkan sabun di dalam toilet untuk buang air besar,"Toilet Facilities and Completeness (e.g., soap, water, seats)",Neutral,,,,,5,5,Berpenampilan rapi dengan seragam jelas|Petugas ramah dan sopan,,,,"Toilet bowl, urinoir, dan wastafel bersih dan berfungsi dengan baik|Toilet memiliki aroma yang wangi|Penerangan dan sirkulasi udara toilet baik",,,,Lokasi toilet mudah terlihat dan terjangkau,,,,d73e82d0-86f1-45ec-a246-c90cf24079b7,Completed,New,Anonymous,133325,,cab97c1f-67b4-11f0-a847-0a0cda9789f2,01f4f038-24c4-4c5e-8607-032254333b0e,,,TRUE,FALSE,QrCode,Bahasa,2026-01-01T12:29:27.2558Z,,,,,,,,,,,,,,68b55898ba36f57e40594600
2-1-2026 7:05:22,API dan IAS,CGK T2,1,TOILET T2D - BOARDING ROOM T2D-4 PRIA,API&IAS-TOILET-CGK T2-BL D4 TP,5,Satisfied,5,,,,,,,,5,5,Petugas ramah dan sopan,,,,"Ketersediaan tisu, sabun, air, dan hand dryer|Toilet bowl, urinoir, dan wastafel bersih dan berfungsi dengan baik|Toilet memiliki aroma yang wangi|Penerangan dan sirkulasi udara toilet baik",,,,Jumlah toilet mencukupi sehingga tidak ada antrean,,,,a9e58c69-dd77-4b82-bbf9-185e822a27d5,Completed,New,Anonymous,30603,,cab97c1f-67b4-11f0-a847-0a0cda9789f2,01f4f038-24c4-4c5e-8607-032254333b0e,,,TRUE,FALSE,QrCode,Bahasa,2026-01-02T00:04:52.0372Z,,,,,,,,,,,,,,68b55898ba36f57e40594600
2-1-2026 10:10:36,API dan IAS,CGK T1,1,TOILET T1B - CHECKIN WANITA,B. HCI. W,4,Satisfied,4,sangat bagus,,Positive,,,,,5,5,Petugas ramah dan sopan|Berpenampilan rapi dengan seragam jelas|Cepat tanggap saat membantu penumpang|Jumlah petugas cukup,,,,"Ketersediaan tisu, sabun, air, dan hand dryer|Toilet bowl, urinoir, dan wastafel bersih dan berfungsi dengan baik|Toilet memiliki aroma yang wangi|Penerangan dan sirkulasi udara toilet baik",,,,Lokasi toilet mudah terlihat dan terjangkau|Jumlah toilet mencukupi sehingga tidak ada antrean|Proses penanganan masalah cepat sehingga aktivitas bisa berjalan dengan lancar|Jadwal kebersihan yang konsisten sehingga toilet selalu dalam kondisi bersih,,,,5a5d7ac8-0226-489a-b55a-792dd13d311e,Completed,New,Anonymous,129899,,cab97c1f-67b4-11f0-a847-0a0cda9789f2,01f4f038-24c4-4c5e-8607-032254333b0e,,,TRUE,FALSE,QrCode,Bahasa,2026-01-02T03:08:27.0523Z,,,,,,,,,,,,,,68b55898ba36f57e40594600
2-1-2026 10:20:49,API dan IAS,CGK T3,1,TOILET T3 DOM - BAGGAGE CLAIM WANITA,D.G.04.W,5,Satisfied,5,Sangat bersih dan wangi,"Odor Control, Ventilation, and Overall Comfort",Positive,,,,,5,5,Petugas ramah dan sopan|Berpenampilan rapi dengan seragam jelas|Cepat tanggap saat membantu penumpang|Jumlah petugas cukup,,,,"Ketersediaan tisu, sabun, air, dan hand dryer|Toilet bowl, urinoir, dan wastafel bersih dan berfungsi dengan baik|Toilet memiliki aroma yang wangi|Penerangan dan sirkulasi udara toilet baik",,,,Lokasi toilet mudah terlihat dan terjangkau|Jumlah toilet mencukupi sehingga tidak ada antrean|Proses penanganan masalah cepat sehingga aktivitas bisa berjalan dengan lancar|Jadwal kebersihan yang konsisten sehingga toilet selalu dalam kondisi bersih,,,,4edf4e42-1059-4d22-9b99-6ab2ebc6054b,Completed,New,Anonymous,66895,,cab97c1f-67b4-11f0-a847-0a0cda9789f2,01f4f038-24c4-4c5e-8607-032254333b0e,,,TRUE,FALSE,QrCode,Bahasa,2026-01-02T03:19:42.0929Z,,,,,,,,,,,,,,68b55898ba36f57e40594600
2-1-2026 10:21:36,API dan IAS,CGK T3,1,TOILET T3 DOM - BAGGAGE CLAIM WANITA,D.G.04.W,5,Satisfied,5,Sangat bagus,,Positive,,,,,5,5,Petugas ramah dan sopan|Berpenampilan rapi dengan seragam jelas|Cepat tanggap saat membantu penumpang|Jumlah petugas cukup,,,,"Ketersediaan tisu, sabun, air, dan hand dryer|Toilet bowl, urinoir, dan wastafel bersih dan berfungsi dengan baik|Toilet memiliki aroma yang wangi|Penerangan dan sirkulasi udara toilet baik",,,,Lokasi toilet mudah terlihat dan terjangkau|Jumlah toilet mencukupi sehingga tidak ada antrean|Proses penanganan masalah cepat sehingga aktivitas bisa berjalan dengan lancar|Jadwal kebersihan yang konsisten sehingga toilet selalu dalam kondisi bersih,,,,d77600a5-da19-474e-b3ac-24cb47540a04,Completed,New,Anonymous,93329,,cab97c1f-67b4-11f0-a847-0a0cda9789f2,01f4f038-24c4-4c5e-8607-032254333b0e,,,TRUE,FALSE,QrCode,Bahasa,2026-01-02T03:20:03.0246Z,,,,,,,,,,,,,,68b55898ba36f57e40594600
2-1-2026 10:29:02,API dan IAS,CGK T3,1,TOILET T3 DOM - ARRIVAL PRIA,D.G.05.P,5,Satisfied,5,"Tolong bikin tisunya lebih gampang diambil, terima kasih.","Signage, Directions, and Facility Accessibility",Positive,,,,,5,5,Petugas ramah dan sopan|Berpenampilan rapi dengan seragam jelas|Cepat tanggap saat membantu penumpang|Jumlah petugas cukup,,,,"Ketersediaan tisu, sabun, air, dan hand dryer|Toilet memiliki aroma yang wangi|Penerangan dan sirkulasi udara toilet baik|Toilet bowl, urinoir, dan wastafel bersih dan berfungsi dengan baik",,,,Jumlah toilet mencukupi sehingga tidak ada antrean|Lokasi toilet mudah terlihat dan terjangkau|Proses penanganan masalah cepat sehingga aktivitas bisa berjalan dengan lancar|Jadwal kebersihan yang konsisten sehingga toilet selalu dalam kondisi bersih,,,,01e44407-5e43-49a7-8ebf-e1c846998c1a,Completed,New,Anonymous,1610750,,cab97c1f-67b4-11f0-a847-0a0cda9789f2,01f4f038-24c4-4c5e-8607-032254333b0e,,,TRUE,FALSE,QrCode,Bahasa,2026-01-02T03:02:11.0133Z,,,,,,,,,,,,,,68b55898ba36f57e40594600
2-1-2026 10:36:01,API dan IAS,CGK T2,1,TOILET T2E - ARRIVAL CORRIDOR WANITA,API&IAS-TOILET-CGK T2-CCA E TW,1,Not Satisfied,1,gaenak baunya jorok,"Odor Control, Ventilation, and Overall Comfort",Negative,,,,,1,1,,,"Petugas tidak ramah dan kurang sopan|Penampilan berantakan, seragam tidak rapi|Lambat atau tidak tanggap membantu penumpang|Jumlah petugas kurang sehingga antrian panjang",,,,"Tisu, sabun, air, dan hand dryer tidak tersedia|Toilet bowl, urinoir, dan wastafel kotor dan tidak berfungsi dengan baik|Toilet memiliki aroma yang bau|Penerangan dan sirkulasi udara toilet tidak baik",,,,Lokasi toilet susah dicari dan tidak terjangkau|Antrean toilet panjang karena jumlah toilet tidak mencukupi|Kondisi toilet kotor karena jadwal pembersihan tidak jelas|Proses penanganan masalah lambat sehingga aktivitas tidak berjalan dengan lancar,,bcc10c05-ebb9-496f-8e29-1e806807e69a,Completed,New,Anonymous,48481,,cab97c1f-67b4-11f0-a847-0a0cda9789f2,01f4f038-24c4-4c5e-8607-032254333b0e,,,TRUE,FALSE,QrCode,Bahasa,2026-01-02T03:35:11.5978Z,,,,,,,,,,,,,,68b55898ba36f57e40594600
2-1-2026 10:37:22,API dan IAS,YIA,4,TOILET MEZZANINE INTERNASIONAL PRIA,YIA-TOI-MZ-INT-P,5,Satisfied,5,Untk barcode scanner tersebut masih tertera hanya Bahasa Indonesia saja. Belum ada bahasa Inggrisnya.,"Signage, Directions, and Facility Accessibility",Neutral,,,,,5,5,Petugas ramah dan sopan|Cepat tanggap saat membantu penumpang|Lainnya,Toilet cukup rapi dan bersih,,,"Toilet bowl, urinoir, dan wastafel bersih dan berfungsi dengan baik",,,,Lokasi toilet mudah terlihat dan terjangkau,,,,6a4bbcb4-5f17-4457-9472-ebb1fa1b7eaf,Completed,New,Anonymous,95155,,cab97c1f-67b4-11f0-a847-0a0cda9789f2,01f4f038-24c4-4c5e-8607-032254333b0e,,,TRUE,FALSE,QrCode,Bahasa,2026-01-02T03:35:43.9879Z,,,,,,,,,,,,,,68b55898ba36f57e40594600
2-1-2026 16:05:42,API dan IAS,CGK T2,1,TOILET T2D - BAGGAGE CLAIM PRIA,API&IAS-TOILET-CGK T2-HCO D TP,4,Satisfied,4,Baik,Cleanliness and Hygiene of Toilets,Neutral,,,,,4,4,Petugas ramah dan sopan,,,,"Ketersediaan tisu, sabun, air, dan hand dryer",,,,Lokasi toilet mudah terlihat dan terjangkau,,,,2ddc081f-8aaa-4aee-8478-fe0b29accdcf,Completed,New,Anonymous,55954,,cab97c1f-67b4-11f0-a847-0a0cda9789f2,01f4f038-24c4-4c5e-8607-032254333b0e,,,TRUE,FALSE,QrCode,Bahasa,2026-01-02T09:04:46.1634Z,,,,,,,,,,,,,,68b55898ba36f57e40594600
2-1-2026 16:11:22,API dan IAS,CGK T3,1,TOILET T3 DOM - ARRIVAL CORRIDOR GATE 16 WANITA,D.G.09.W,5,Satisfied,5,Clean already. Thanks,Cleanliness and Hygiene of Toilets,Positive,,,,,5,5,Petugas ramah dan sopan,,,,"Ketersediaan tisu, sabun, air, dan hand dryer|Toilet bowl, urinoir, dan wastafel bersih dan berfungsi dengan baik|Toilet memiliki aroma yang wangi|Penerangan dan sirkulasi udara toilet baik",,,,Lokasi toilet mudah terlihat dan terjangkau|Jumlah toilet mencukupi sehingga tidak ada antrean|Jadwal kebersihan yang konsisten sehingga toilet selalu dalam kondisi bersih,,,,f40db686-c1e0-4df6-afd3-d01b0a34fbcb,Completed,New,Anonymous,87190,,cab97c1f-67b4-11f0-a847-0a0cda9789f2,01f4f038-24c4-4c5e-8607-032254333b0e,,,TRUE,FALSE,QrCode,English,2026-01-02T09:09:53.8678Z,,,,,,,,,,,,,,68b55898ba36f57e40594600
2-1-2026 16:45:08,API dan IAS,CGK T1,1,TOILET T1B - BOARDING ROOM T1B-5 PRIA,B. BL5. P,5,Satisfied,5,Kursi untuk melepas sepatu,,Neutral,,,,,5,5,Berpenampilan rapi dengan seragam jelas,,,,"Penerangan dan sirkulasi udara toilet baik|Toilet memiliki aroma yang wangi|Toilet bowl, urinoir, dan wastafel bersih dan berfungsi dengan baik|Ketersediaan tisu, sabun, air, dan hand dryer",,,,Lokasi toilet mudah terlihat dan terjangkau|Jumlah toilet mencukupi sehingga tidak ada antrean|Proses penanganan masalah cepat sehingga aktivitas bisa berjalan dengan lancar|Jadwal kebersihan yang konsisten sehingga toilet selalu dalam kondisi bersih,,,,47c76b1e-c700-45d2-b473-7d4cf326bb8d,Completed,New,Anonymous,120664,,cab97c1f-67b4-11f0-a847-0a0cda9789f2,01f4f038-24c4-4c5e-8607-032254333b0e,,,TRUE,FALSE,QrCode,Bahasa,2026-01-02T09:43:05.3403Z,,,,,,,,,,,,,,68b55898ba36f57e40594600
2-1-2026 19:08:32,API dan IAS,SUB,4,"T1,LOBBY 1 ULTIMATE,PRIA","SUB-TOILE-T1-LOBBY 1 ULTIMATE,PRI",5,Satisfied,5,"Maaf jika tidak keberatan, waktu saya beribadah di salah satu gereja di supermall atau pakuwon mall, Surabaya barat, saya tidak menyangka jika di dlm toilet ada handsinitizer dari calmiq, awalnya saya kira sabun, yg berfungsi untuk di oleskan di area tempat duduk closet....demikian sedikit saran dari saya, trimakasih sebelumnya, semangat dan tetap do the best  !!!  👍👍","Toilet Facilities and Completeness (e.g., soap, water, seats)",Positive,,,,,5,5,Petugas ramah dan sopan|Berpenampilan rapi dengan seragam jelas|Cepat tanggap saat membantu penumpang|Jumlah petugas cukup,,,,"Ketersediaan tisu, sabun, air, dan hand dryer|Toilet bowl, urinoir, dan wastafel bersih dan berfungsi dengan baik|Toilet memiliki aroma yang wangi|Penerangan dan sirkulasi udara toilet baik",,,,Lokasi toilet mudah terlihat dan terjangkau|Jumlah toilet mencukupi sehingga tidak ada antrean|Proses penanganan masalah cepat sehingga aktivitas bisa berjalan dengan lancar|Jadwal kebersihan yang konsisten sehingga toilet selalu dalam kondisi bersih,,,,4a7e6708-e913-4caa-bbfd-06da7ec57a61,Completed,New,Anonymous,272799,,cab97c1f-67b4-11f0-a847-0a0cda9789f2,01f4f038-24c4-4c5e-8607-032254333b0e,,,TRUE,FALSE,QrCode,Bahasa,2026-01-02T12:03:59.7848Z,,,,,,,,,,,,,,68b55898ba36f57e40594600
2-1-2026 19:25:59,API dan IAS,CGK T1,1,TOILET T1B - BOARDING ROOM T1B-2 WANITA,B. BL2. W,5,Satisfied,5,Fasilotasnya bagus,Facility Maintenance and Upkeep,Positive,,,,,5,5,Petugas ramah dan sopan|Berpenampilan rapi dengan seragam jelas|Cepat tanggap saat membantu penumpang|Jumlah petugas cukup,,,,"Ketersediaan tisu, sabun, air, dan hand dryer|Toilet bowl, urinoir, dan wastafel bersih dan berfungsi dengan baik|Toilet memiliki aroma yang wangi|Penerangan dan sirkulasi udara toilet baik",,,,Lokasi toilet mudah terlihat dan terjangkau|Jumlah toilet mencukupi sehingga tidak ada antrean|Proses penanganan masalah cepat sehingga aktivitas bisa berjalan dengan lancar|Jadwal kebersihan yang konsisten sehingga toilet selalu dalam kondisi bersih,,,,e70f6625-a07f-49bb-963f-bc94e42a7c33,Completed,New,Anonymous,115165,,cab97c1f-67b4-11f0-a847-0a0cda9789f2,01f4f038-24c4-4c5e-8607-032254333b0e,,,TRUE,FALSE,QrCode,Bahasa,2026-01-02T12:24:03.4257Z,,,,,,,,,,,,,,68b55898ba36f57e40594600
2-1-2026 20:16:44,API dan IAS,CGK T2,1,TOILET T2E - BOARDING ROOM T2E-4 PRIA,API&IAS-TOILET-CGK T2-BL E4 TP,2,Not Satisfied,2,"So damn dirty
Wet floor
What a shame for the 2nd best airport in SEA",Cleanliness and Hygiene of Toilets,Negative,,,,,1,1,,,"Penampilan berantakan, seragam tidak rapi",,,,"Toilet bowl, urinoir, dan wastafel kotor dan tidak berfungsi dengan baik",,,,Kondisi toilet kotor karena jadwal pembersihan tidak jelas,,edd8e080-831c-4479-9af5-9abdac2c92e7,Completed,New,Anonymous,86857,,cab97c1f-67b4-11f0-a847-0a0cda9789f2,01f4f038-24c4-4c5e-8607-032254333b0e,,,TRUE,FALSE,QrCode,English,2026-01-02T13:15:16.4022Z,,,,,,,,,,,,,,68b55898ba36f57e40594600
3-1-2026 1:55:38,API dan IAS,CGK T1,1,TOILET T1B - BAGGAGE CLAIM PRIA,B.HCO.P,5,Satisfied,5,Kalau bisa ada penjernih udara dan mesin aroma thrapy,"Odor Control, Ventilation, and Overall Comfort",Neutral,,,,,5,5,Petugas ramah dan sopan|Berpenampilan rapi dengan seragam jelas|Cepat tanggap saat membantu penumpang|Jumlah petugas cukup|Lainnya,Mantap,,,"Ketersediaan tisu, sabun, air, dan hand dryer|Toilet bowl, urinoir, dan wastafel bersih dan berfungsi dengan baik",,,,Lokasi toilet mudah terlihat dan terjangkau|Jumlah toilet mencukupi sehingga tidak ada antrean,,,,7c048359-899a-42f9-a814-81bc018d7274,Completed,New,Anonymous,415693,,cab97c1f-67b4-11f0-a847-0a0cda9789f2,01f4f038-24c4-4c5e-8607-032254333b0e,,,TRUE,FALSE,QrCode,Bahasa,2026-01-02T18:48:42.4875Z,,,,,,,,,,,,,,68b55898ba36f57e40594600
3-1-2026 4:10:23,API dan IAS,CGK T3,1,TOILET T3 INT - SCP WANITA,I.S.02.W,3,Neutral,3,Pengharum ruangan toilet yang digunakan tidak menyegarkan dan sangat membuat pusing kepala saya baunya sangat menyengat semoga ada perubahan seperti sebelumnya,"Odor Control, Ventilation, and Overall Comfort",Negative,,,,,5,5,Petugas ramah dan sopan|Berpenampilan rapi dengan seragam jelas|Cepat tanggap saat membantu penumpang|Jumlah petugas cukup,,,,"Ketersediaan tisu, sabun, air, dan hand dryer|Toilet bowl, urinoir, dan wastafel bersih dan berfungsi dengan baik|Penerangan dan sirkulasi udara toilet baik",,,,Lokasi toilet mudah terlihat dan terjangkau,,,,153784c0-38d1-4066-88ad-5e0e0785d4bc,Completed,New,Anonymous,306957,,cab97c1f-67b4-11f0-a847-0a0cda9789f2,01f4f038-24c4-4c5e-8607-032254333b0e,,,TRUE,FALSE,QrCode,Bahasa,2026-01-02T21:05:15.8395Z,,,,,,,,,,,,,,68b55898ba36f57e40594600
3-1-2026 9:27:07,API dan IAS,CGK T1,1,TOILET T1B - BOARDING ROOM T1B-5 PRIA,B. BL5. P,5,Satisfied,5,-,,Neutral,,,,,5,5,Petugas ramah dan sopan|Berpenampilan rapi dengan seragam jelas|Cepat tanggap saat membantu penumpang|Jumlah petugas cukup,,,,"Ketersediaan tisu, sabun, air, dan hand dryer|Toilet bowl, urinoir, dan wastafel bersih dan berfungsi dengan baik|Toilet memiliki aroma yang wangi|Penerangan dan sirkulasi udara toilet baik",,,,Lokasi toilet mudah terlihat dan terjangkau|Proses penanganan masalah cepat sehingga aktivitas bisa berjalan dengan lancar|Jadwal kebersihan yang konsisten sehingga toilet selalu dalam kondisi bersih,,,,0df0f88b-c4d0-4d4a-a4f6-2f22b5a2053a,Completed,New,Anonymous,118195,,cab97c1f-67b4-11f0-a847-0a0cda9789f2,01f4f038-24c4-4c5e-8607-032254333b0e,,,TRUE,FALSE,QrCode,Bahasa,2026-01-03T02:25:06.9323Z,,,,,,,,,,,,,,68b55898ba36f57e40594600
3-1-2026 12:21:55,API dan IAS,CGK T2,1,TOILET T2D - ARRIVAL CORRIDOR PRIA,API&IAS-TOILET-CGK T2-CCA D TP,5,Satisfied,5,Sangat bersih di pertankan agar terlihat baik di mata pengujung.,Cleanliness and Hygiene of Toilets,Positive,,,,,3,3,Petugas ramah dan sopan,,,,"Ketersediaan tisu, sabun, air, dan hand dryer",,,,,,Lainnya,Bagus,1826b9c4-0c19-4f42-a497-a1085540ea57,Completed,New,Anonymous,108000,,cab97c1f-67b4-11f0-a847-0a0cda9789f2,01f4f038-24c4-4c5e-8607-032254333b0e,,,TRUE,FALSE,QrCode,Bahasa,2026-01-03T05:20:06.4436Z,,,,,,,,,,,,,,68b55898ba36f57e40594600
3-1-2026 14:20:17,API dan IAS,CGK T3,1,TOILET T3 DOM - BOARDING ROOM GATE 16 PRIA,D.F.06.P,5,Satisfied,5,Lanjutkan,,Neutral,,,,,5,5,Petugas ramah dan sopan|Berpenampilan rapi dengan seragam jelas|Cepat tanggap saat membantu penumpang|Jumlah petugas cukup,,,,"Ketersediaan tisu, sabun, air, dan hand dryer|Toilet bowl, urinoir, dan wastafel bersih dan berfungsi dengan baik|Toilet memiliki aroma yang wangi|Penerangan dan sirkulasi udara toilet baik",,,,Lokasi toilet mudah terlihat dan terjangkau|Jumlah toilet mencukupi sehingga tidak ada antrean|Proses penanganan masalah cepat sehingga aktivitas bisa berjalan dengan lancar|Jadwal kebersihan yang konsisten sehingga toilet selalu dalam kondisi bersih,,,,a4f3a013-92ab-43ef-9da8-861f150045d1,Completed,New,Anonymous,51355,,cab97c1f-67b4-11f0-a847-0a0cda9789f2,01f4f038-24c4-4c5e-8607-032254333b0e,,,TRUE,FALSE,QrCode,Bahasa,2026-01-03T07:19:25.6734Z,,,,,,,,,,,,,,68b55898ba36f57e40594600
3-1-2026 14:54:02,API dan IAS,CGK T2,1,TOILET T2E - BOARDING ROOM T2E-7 PRIA,API&IAS-TOILET-CGK T2-BL E7 TP,5,Satisfied,5,Bagus keren,,Positive,,,,,5,5,Petugas ramah dan sopan|Berpenampilan rapi dengan seragam jelas|Cepat tanggap saat membantu penumpang|Jumlah petugas cukup,,,,"Ketersediaan tisu, sabun, air, dan hand dryer|Toilet bowl, urinoir, dan wastafel bersih dan berfungsi dengan baik|Toilet memiliki aroma yang wangi|Penerangan dan sirkulasi udara toilet baik",,,,Lokasi toilet mudah terlihat dan terjangkau|Proses penanganan masalah cepat sehingga aktivitas bisa berjalan dengan lancar|Jadwal kebersihan yang konsisten sehingga toilet selalu dalam kondisi bersih,,,,217820e7-72ff-4dd8-8358-92f76a87cf7f,Completed,New,Anonymous,74893,,cab97c1f-67b4-11f0-a847-0a0cda9789f2,01f4f038-24c4-4c5e-8607-032254333b0e,,,TRUE,FALSE,QrCode,Bahasa,2026-01-03T07:52:46.8040Z,,,,,,,,,,,,,,68b55898ba36f57e40594600
3-1-2026 14:59:05,API dan IAS,CGK T1,1,TOILET T1B - CHECKIN PRIA,B. HCI. P,1,Not Satisfied,1,lamaaaa,Cleanliness and Hygiene of Toilets,Neutral,,,,,1,1,Berpenampilan rapi dengan seragam jelas|Petugas ramah dan sopan,,,,,,"Toilet bowl, urinoir, dan wastafel kotor dan tidak berfungsi dengan baik",,,,Antrean toilet panjang karena jumlah toilet tidak mencukupi,,f046a533-57b0-4f07-9e77-df97db95eecf,Completed,New,Anonymous,59036,,cab97c1f-67b4-11f0-a847-0a0cda9789f2,01f4f038-24c4-4c5e-8607-032254333b0e,,,TRUE,FALSE,QrCode,English,2026-01-03T07:58:05.7169Z,,,,,,,,,,,,,,68b55898ba36f57e40594600
3-1-2026 21:12:02,API dan IAS,CGK T3,1,TOILET T3 DOM - ARRIVAL PRIA,D.G.05.P,5,Satisfied,5,"Bersih.
 Bisa ditambah pewangi ruangan floral","Odor Control, Ventilation, and Overall Comfort",Positive,,,,,5,5,Petugas ramah dan sopan|Berpenampilan rapi dengan seragam jelas|Cepat tanggap saat membantu penumpang|Jumlah petugas cukup,,,,"Ketersediaan tisu, sabun, air, dan hand dryer|Toilet bowl, urinoir, dan wastafel bersih dan berfungsi dengan baik|Toilet memiliki aroma yang wangi|Penerangan dan sirkulasi udara toilet baik",,,,Lokasi toilet mudah terlihat dan terjangkau|Jumlah toilet mencukupi sehingga tidak ada antrean|Proses penanganan masalah cepat sehingga aktivitas bisa berjalan dengan lancar|Jadwal kebersihan yang konsisten sehingga toilet selalu dalam kondisi bersih,,,,ab01d5e2-c705-4e19-b088-9ee29834fff7,Completed,New,Anonymous,162170,,cab97c1f-67b4-11f0-a847-0a0cda9789f2,01f4f038-24c4-4c5e-8607-032254333b0e,,,TRUE,FALSE,QrCode,Bahasa,2026-01-03T14:09:19.9072Z,,,,,,,,,,,,,,68b55898ba36f57e40594600
3-1-2026 21:13:09,API dan IAS,CGK T2,1,TOILET T2E - DEPARTURE CURBSIDE PRIA,API&IAS-TOILET-CGK T2-PCI E TP,4,Satisfied,4,.,,Neutral,,,,,4,4,,,Lainnya,.,,,"Toilet bowl, urinoir, dan wastafel kotor dan tidak berfungsi dengan baik",,Lainnya,.,,,391c6cac-b37d-4fb6-b97c-8d5f5262ad7c,Completed,New,Anonymous,97870,,cab97c1f-67b4-11f0-a847-0a0cda9789f2,01f4f038-24c4-4c5e-8607-032254333b0e,,,TRUE,FALSE,QrCode,Bahasa,2026-01-03T14:11:30.7251Z,,,,,,,,,,,,,,68b55898ba36f57e40594600
4-1-2026 6:16:11,API dan IAS,CGK T2,1,TOILET T2D - BAGGAGE CLAIM PRIA,API&IAS-TOILET-CGK T2-HCO D TP,4,Satisfied,4,2e gate 4 ada pembersih toilet yg habis,Cleanliness and Hygiene of Toilets,Neutral,,,,,5,5,Petugas ramah dan sopan|Berpenampilan rapi dengan seragam jelas|Jumlah petugas cukup,,,,Toilet memiliki aroma yang wangi,,,,Lokasi toilet mudah terlihat dan terjangkau|Jadwal kebersihan yang konsisten sehingga toilet selalu dalam kondisi bersih,,,,c7c17676-e637-43e4-8fb1-eedf67308de5,Completed,New,Anonymous,113551,,cab97c1f-67b4-11f0-a847-0a0cda9789f2,01f4f038-24c4-4c5e-8607-032254333b0e,,,TRUE,FALSE,QrCode,Bahasa,2026-01-03T23:14:16.8589Z,,,,,,,,,,,,,,68b55898ba36f57e40594600
4-1-2026 9:37:10,API dan IAS,CGK T2,1,TOILET T2D - BAGGAGE CLAIM PRIA,API&IAS-TOILET-CGK T2-HCO D TP,4,Satisfied,4,Bagus,,Positive,,,,,4,4,Petugas ramah dan sopan,,,,"Toilet bowl, urinoir, dan wastafel bersih dan berfungsi dengan baik",,,,Jumlah toilet mencukupi sehingga tidak ada antrean,,,,ffb4f3f2-4a03-40a0-ab9d-aae062f40253,Completed,New,Anonymous,39815,,cab97c1f-67b4-11f0-a847-0a0cda9789f2,01f4f038-24c4-4c5e-8607-032254333b0e,,,TRUE,FALSE,QrCode,English,2026-01-04T02:36:30.2629Z,,,,,,,,,,,,,,68b55898ba36f57e40594600
4-1-2026 13:13:19,API dan IAS,DPS,2,TOILET KEBERANGKATAN DOMESTIK GATE 5-6 (WANITA + DIFABLE),DPS-TOILET-DD04-W,5,Satisfied,5,,,,,,,,5,5,Cepat tanggap saat membantu penumpang,,,,"Toilet bowl, urinoir, dan wastafel bersih dan berfungsi dengan baik",,,,Jadwal kebersihan yang konsisten sehingga toilet selalu dalam kondisi bersih,,,,50324e80-1a12-44dc-a509-925bd173f82b,Completed,New,Anonymous,115789,,cab97c1f-67b4-11f0-a847-0a0cda9789f2,01f4f038-24c4-4c5e-8607-032254333b0e,,,TRUE,FALSE,QrCode,Bahasa,2026-01-04T06:11:22.8668Z,,,,,,,,,,,,,,68b55898ba36f57e40594600
4-1-2026 15:15:35,API dan IAS,CGK T3,1,TOILET T3 INT - SCP WANITA,I.S.02.W,3,Neutral,3,Bau,,Neutral,,,,,5,5,Petugas ramah dan sopan|Berpenampilan rapi dengan seragam jelas|Cepat tanggap saat membantu penumpang|Jumlah petugas cukup|Lainnya,Bau ruang,,,"Ketersediaan tisu, sabun, air, dan hand dryer|Toilet bowl, urinoir, dan wastafel bersih dan berfungsi dengan baik|Lainnya",Bau,,,Lokasi toilet mudah terlihat dan terjangkau|Proses penanganan masalah cepat sehingga aktivitas bisa berjalan dengan lancar|Lainnya,Bau,,,37295462-43ab-4d1c-8455-17007295978b,Completed,New,Anonymous,127448,,cab97c1f-67b4-11f0-a847-0a0cda9789f2,01f4f038-24c4-4c5e-8607-032254333b0e,,,TRUE,FALSE,QrCode,Bahasa,2026-01-04T08:13:27.2335Z,,,,,,,,,,,,,,68b55898ba36f57e40594600
5-1-2026 7:43:02,API dan IAS,CGK T3,1,TOILET T3 INT - BOARDING ROOM GATE 8 PRIA,I.F.02.P,5,Satisfied,5,Mantap,,Positive,,,,,5,5,Petugas ramah dan sopan|Berpenampilan rapi dengan seragam jelas|Cepat tanggap saat membantu penumpang,,,,"Ketersediaan tisu, sabun, air, dan hand dryer",,,,Lokasi toilet mudah terlihat dan terjangkau,,,,b1736321-c150-4176-80ac-bca303b14160,Completed,New,Anonymous,35243,,cab97c1f-67b4-11f0-a847-0a0cda9789f2,01f4f038-24c4-4c5e-8607-032254333b0e,,,TRUE,FALSE,QrCode,Bahasa,2026-01-05T00:42:27.7481Z,,,,,,,,,,,,,,68b55898ba36f57e40594600
5-1-2026 10:03:27,API dan IAS,CGK T3,1,TOILET T3 DOM - BOARDING ROOM GATE 12 PRIA,D.F.02.P,5,Satisfied,5,Bagus,Cleanliness and Hygiene of Toilets,Positive,,,,,5,5,Petugas ramah dan sopan|Berpenampilan rapi dengan seragam jelas|Cepat tanggap saat membantu penumpang|Jumlah petugas cukup,,,,"Ketersediaan tisu, sabun, air, dan hand dryer|Toilet bowl, urinoir, dan wastafel bersih dan berfungsi dengan baik|Toilet memiliki aroma yang wangi|Penerangan dan sirkulasi udara toilet baik",,,,Lokasi toilet mudah terlihat dan terjangkau|Jumlah toilet mencukupi sehingga tidak ada antrean|Proses penanganan masalah cepat sehingga aktivitas bisa berjalan dengan lancar|Jadwal kebersihan yang konsisten sehingga toilet selalu dalam kondisi bersih,,,,338050dd-b72f-4e4e-b267-72aa4ab2edce,Completed,New,Anonymous,111154,,cab97c1f-67b4-11f0-a847-0a0cda9789f2,01f4f038-24c4-4c5e-8607-032254333b0e,,,TRUE,FALSE,QrCode,Bahasa,2026-01-05T03:01:35.9504Z,,,,,,,,,,,,,,68b55898ba36f57e40594600
5-1-2026 16:29:19,API dan IAS,DPS,2,TOILET KEBERANGKATAN DOMESTIK GATE 1 (PRIA),DPS-TOILET-TDD07-P,5,Satisfied,5,"Sangat bersih dan wangi 
Yg bertugas Pak Kompyang
Dan Ibu Wayan Rusantini",Cleanliness and Hygiene of Toilets|Air Quality and Fragrance in Toilets,Positive,,,,,5,5,Petugas ramah dan sopan|Berpenampilan rapi dengan seragam jelas|Cepat tanggap saat membantu penumpang,,,,"Ketersediaan tisu, sabun, air, dan hand dryer|Toilet bowl, urinoir, dan wastafel bersih dan berfungsi dengan baik|Toilet memiliki aroma yang wangi|Penerangan dan sirkulasi udara toilet baik",,,,Jumlah toilet mencukupi sehingga tidak ada antrean|Lokasi toilet mudah terlihat dan terjangkau|Proses penanganan masalah cepat sehingga aktivitas bisa berjalan dengan lancar|Jadwal kebersihan yang konsisten sehingga toilet selalu dalam kondisi bersih,,,,9b010dd3-0ac7-4ada-838e-6efd663763e1,Completed,New,Anonymous,138239,,cab97c1f-67b4-11f0-a847-0a0cda9789f2,01f4f038-24c4-4c5e-8607-032254333b0e,,,TRUE,FALSE,QrCode,Bahasa,2026-01-05T09:26:59.7132Z,,,,,,,,,,,,,,68b55898ba36f57e40594600
5-1-2026 17:02:19,API dan IAS,CGK T1,1,TOILET T1B - BOARDING ROOM T1B-5 PRIA,B. BL5. P,5,Satisfied,5,Selalu jaga pelayanan yg terbaik,"Customer Feedback, Complaint Handling, and Service Quality",Positive,,,,,5,5,Petugas ramah dan sopan|Berpenampilan rapi dengan seragam jelas|Cepat tanggap saat membantu penumpang|Jumlah petugas cukup,,,,"Ketersediaan tisu, sabun, air, dan hand dryer|Toilet bowl, urinoir, dan wastafel bersih dan berfungsi dengan baik|Toilet memiliki aroma yang wangi|Penerangan dan sirkulasi udara toilet baik",,,,Lokasi toilet mudah terlihat dan terjangkau|Jumlah toilet mencukupi sehingga tidak ada antrean|Proses penanganan masalah cepat sehingga aktivitas bisa berjalan dengan lancar|Jadwal kebersihan yang konsisten sehingga toilet selalu dalam kondisi bersih,,,,8b19cb21-dd06-46f4-9c4d-d8260b1a1003,Completed,New,Anonymous,57090,,cab97c1f-67b4-11f0-a847-0a0cda9789f2,01f4f038-24c4-4c5e-8607-032254333b0e,,,TRUE,FALSE,QrCode,Bahasa,2026-01-05T10:01:20.6450Z,,,,,,,,,,,,,,68b55898ba36f57e40594600
5-1-2026 18:31:54,API dan IAS,CGK T2,1,TOILET T2D - BAGGAGE CLAIM PRIA,API&IAS-TOILET-CGK T2-HCO D TP,3,Neutral,3,"Toilet lumawan, mushola terlalu kecil.","Facility Maintenance and Upkeep|Signage, Directions, and Facility Accessibility",Negative,,,,,4,4,Petugas ramah dan sopan,,,,Toilet memiliki aroma yang wangi,,,,Proses penanganan masalah cepat sehingga aktivitas bisa berjalan dengan lancar,,,,43f7d0b4-09ad-4b3f-abfa-d675431b5356,Completed,New,Anonymous,151150,,cab97c1f-67b4-11f0-a847-0a0cda9789f2,01f4f038-24c4-4c5e-8607-032254333b0e,,,TRUE,FALSE,QrCode,Bahasa,2026-01-05T11:29:21.9968Z,,,,,,,,,,,,,,68b55898ba36f57e40594600
5-1-2026 18:53:10,API dan IAS,CGK T3,1,TOILET T3 DOM - ARRIVAL PRIA,D.G.05.P,5,Satisfied,5,,,,,,,,5,5,Petugas ramah dan sopan,,,,"Toilet memiliki aroma yang wangi|Penerangan dan sirkulasi udara toilet baik|Ketersediaan tisu, sabun, air, dan hand dryer|Toilet bowl, urinoir, dan wastafel bersih dan berfungsi dengan baik",,,,Lokasi toilet mudah terlihat dan terjangkau|Proses penanganan masalah cepat sehingga aktivitas bisa berjalan dengan lancar|Jumlah toilet mencukupi sehingga tidak ada antrean|Jadwal kebersihan yang konsisten sehingga toilet selalu dalam kondisi bersih,,,,901011d4-a438-4a82-b811-31f18fa16238,Completed,New,Anonymous,40589,,cab97c1f-67b4-11f0-a847-0a0cda9789f2,01f4f038-24c4-4c5e-8607-032254333b0e,,,TRUE,FALSE,QrCode,Bahasa,2026-01-05T11:52:29.7071Z,,,,,,,,,,,,,,68b55898ba36f57e40594600