"sequence","SUBHOLDING","NAMA LOKASI","REGION","TIPE FASILITAS","ID FASILITAS","Seberapa puas Bapak / Ibu terhadap fasilitas Toilet kami?","Silakan berikan saran dan masukan Anda terkait fasilitas Toilet kami (Opsional)","Staff dan Petugas (Penampilan, keramahan, dll)-Berikan penilaian Anda terhadap kepuasan Anda dengan hal-hal berikut di Toilet kami","Fasilitas Toilet (Toilet bowl, Tisu, dll)-Berikan penilaian Anda terhadap kepuasan Anda dengan hal-hal berikut di Toilet kami","Alur & Pengelolaan Toilet-Berikan penilaian Anda terhadap kepuasan Anda dengan hal-hal berikut di Toilet kami","Respondent Id"
"1","API dan IAS","KNO","3","TOILET,A7 PRIA","KNO-TP-A07","5","Sudah cukup baik","5","5","5","3a884352-9003-4614-8c08-1fdd224f93fe"
"2","API dan IAS","KNO","3","TOILET,D1 WANITA","KNO-TW-D01","5","Tetap konsisten dengan kebersihan dan ramah tamah operator","5","5","5","e545c8ee-fd53-4f22-afdb-8227fc4914cf"
"3","API dan IAS","KNO","3","TOILET,A7 PRIA","KNO-TP-A07","5","Tidak ada","5","5","5","849c8a03-3708-40e9-b031-fd42a131ef94"
"4","API dan IAS","CGK T2","1","TOILET T2D - BOARDING ROOM T2D-4 PRIA","API&IAS-TOILET-CGK T2-BL D4 TP","5","Bersih, dan pelayanan ramah","5","5","5","f487cee0-a324-4fd4-b68e-98b9e17dc25b"
"5","API dan IAS","DPS","2","TOILET KEBERANGKATAN INTERNASIONAL LOBBY SISI TIMUR (PRIA + DIFABLE)","DPS-TOILET-3A-P","4","Fasilitas pendukung dikubikal  agar dapat diperbaiki","5","4","5","06b48229-deb0-4e32-becc-71128a797ba6"
"6","API dan IAS","CGK T2","1","TOILET T2D - BOARDING ROOM T2D-5 PRIA","API&IAS-TOILET-CGK T2-BL D5 TP","5","Sudah bagus","5","5","5","ba003877-a698-4318-b13f-53f41da7c760"
"7","API dan IAS","KNO","3","TOILET,A8 PRIA","KNO-TP-A08","5","Tidak ada","5","5","5","54b62811-1e54-4d06-9063-f0224ec160d2"
"8","API dan IAS","CGK T2","1","TOILET T2D - BOARDING ROOM T2D-1 PRIA","API&IAS-TOILET-CGK T2-BL D1 TP","2","Kotor sekali sampah penuh dan becek","3","3","2","3b8a2289-1806-438d-b96b-64d9a2da89fe"
"9","API dan IAS","UPG","5","TOILET 2A GATE 4 WANITA","UPG-TOILET-2A-W","2","Cleaning service harus stay di depan toilet, spy tempat sampah tdk penuh dengan tissu, jadinya bau pesing dan.lantainya becek","2","4","1","6d910dde-6e86-4e4c-87d9-46a9a80630ae"
"10","API dan IAS","CGK T2","1","TOILET T2D - BAGGAGE CLAIM PRIA","API&IAS-TOILET-CGK T2-HCO D TP","4","Saran dari saya agar di depan toilet mungkin bisa di tulis TULISAN PRIA/WANITA karna beberapa kali saya melihat Pria/Laki² keluar dari toilet Perempuan, mungkin di karenakan orang tersebut awam atau tidak bisa mengerti lambang/Logo 👱‍♂️👱‍♀️di tembok luar sebelum masuk ke toilet.
Terimakasih","4","4","3","00816c4f-760b-42c6-b623-1b233642eeee"
"11","API dan IAS","CGK T2","1","TOILET T2E - ARRIVAL CORRIDOR WANITA","API&IAS-TOILET-CGK T2-CCA E TW","4","Tolong dipertahankan kebersihan toilet-nya dan tolong dipastikan seluruh area kering! Terima kasih!","4","4","4","3d409b85-f47a-42d0-82da-f55a2d2e7d20"
"12","API dan IAS","DPS","2","TOILET KEDATANGAN DOMESTIK DEKAT UMKM (WANITA)","DPS-TOILET-KORIDOR BARAT-W","4","Baik","4","4","4","ed38cead-9c6a-45f4-b99e-778eea8a2e70"
"13","API dan IAS","DPS","2","TOILET KEDATANGAN DOMESTIK PICKUPZONE TIMUR ( PENJEMPUTAN ) (WANITA)","DPS-TOILET-JPO-W","4","Petugasnya ramah.","4","4","4","48ac86f0-a506-45a9-8873-b4bd606faeab"
"14","API dan IAS","DPS","2","TOILET KEBERANGKATAN DOMESTIK GATE 1B (WANITA)","DPS-TOILET-DD08-W","4","Toilet bersih dan terlihat ada pengharum tambah mohon di jaga terus","4","5","4","df4e05ef-ba55-4abf-9e13-7ad44cc31244"
"15","API dan IAS","DPS","2","TOILET KEBERANGKATAN DOMESTIK GATE 1 (WANITA)","DPS-TOILET-DD07-W","4","Mohon keramahtamahan terus  ditingkatkan lagi pokoknya Bali top","5","4","5","9afe0f6e-9a15-4495-a74b-fe3663c8caa5"
"16","API dan IAS","KNO","3","TOILET,P2 PRIA","KNO-TP-P02","5","Bersih dah ramah","5","5","5","b124ce51-9350-4bf8-ba88-2eb99bdf8295"
"17","API dan IAS","CGK T1","1","TOILET T1B - CORRIDOR AFTER SCP PRIA","CCD. B1","5","Sangat bersih, dan terawat","5","5","5","48c30a18-0532-4fab-8d8b-0f214d6de560"
"18","API dan IAS","KNO","3","TOILET,P2 PRIA","KNO-TP-P02","5","Bagus sekali","5","5","5","e6cda4f3-e3d5-4f2e-948b-3e7afe20e2d9"
"19","API dan IAS","KNO","3","TOILET,A7 PRIA","KNO-TP-A07","5","Bersih dan ramah petugasnya","5","5","5","257c6faa-ab14-4705-8fd4-f7a1f2020b3e"
"20","API dan IAS","KNO","3","TOILET,D2 PRIA","KNO-TP-D02","5","Bersih, wangi dan petugas ramah","5","5","5","09d92964-78fb-40a9-8128-e44d61b8f017"
"21","API dan IAS","CGK T2","1","TOILET T2D - BAGGAGE CLAIM PRIA","API&IAS-TOILET-CGK T2-HCO D TP","5","Alhamdulillah","5","5","5","9ff4f29f-41c8-4cd9-8675-8a8b2bd9934e"
"22","API dan IAS","CGK T2","1","TOILET T2E - BOARDING ROOM T2E-4 PRIA","API&IAS-TOILET-CGK T2-BL E4 TP","5","Di toilet ada serangga sejenis kecoan dengan jumlah lebih dari 1 bisa di sediakan juga semprotan untuk serangga. Terima kasih","5","5","5","f1e0f3aa-f895-411d-bfab-23b3466ee299"
"23","API dan IAS","KNO","3","TOILET,A8 PRIA","KNO-TP-A08","5","Petugas ramah dan toilet bersih","5","5","5","4a82fb38-cc7f-4c52-8069-cd0b6db97df4"
"24","API dan IAS","DPS","2","TOILET KEDATANGAN DOMESTIK MLCP DOM LT1 (PRIA)","DPS-TOILET-DOM.MLCP1-P","2","Tolong berikan sabun, hand dryer, dan tissue, dan pewangi ruangan","3","2","4","f710e7c1-1f4e-484a-bc21-01f00f2023b4"
"25","API dan IAS","CGK T2","1","TOILET T2E - BOARDING ROOM T2E-2 PRIA","API&IAS-TOILET-CGK T2-BL E2 TP","5","Luar biasa bersih,dan petugas ramah","5","5","5","4d31a53d-5653-45f2-93a3-da833a4181bb"
"26","API dan IAS","KNO","3","TOILET,D3 WANITA","KNO-TW-D03","4","Maybe you could add an electronic hand dryer to use after washing your hands, to reduce waste.","5","4","5","0a748f45-b8d7-4199-ad80-a502114ed644"
"27","API dan IAS","CGK T2","1","TOILET T2D - BOARDING ROOM T2D-5 PRIA","API&IAS-TOILET-CGK T2-BL D5 TP","5",,"5","5","5","52f90c19-7430-43e0-90b3-31a50bdb98a7"
"28","API dan IAS","SUB","4","T1,GATE 3,PRIA","SUB-TOILE-T1-GATE 3,PRIA","5","Tetap jaga kualitasnya","5","5","5","2cf92282-0841-49ef-a632-7fe5b58def45"
"29","API dan IAS","KNO","3","TOILET,D1 PRIA","KNO-TP-D01","5","Good","5","5","5","b1cd3b8d-ad53-46a9-b800-e291b6f65169"
"30","API dan IAS","CGK T2","1","TOILET T2D - CURBSIDE KEBERANGKATAN WANITA","API&IAS-TOILET-CGK T2-PCI D TW","5","The beestt","5","5","5","313b2d88-07dd-4682-8a78-b453243efa63"
"31","API dan IAS","SUB","4","T2,B7,WANITA","SUB-TOILE-T2-B7,WANITA","1","Ngga cuma toilet, semua fasilitas di bandara juanda T2 sangat buruk","3","1","2","d83aadc3-4b05-48de-82eb-493d19c793fd"
"32","API dan IAS","KNO","3","TOILET,P2 PRIA","KNO-TP-P02","5",,"5","4","5","78c49146-2369-4567-b8ec-30a778c6795e"
"33","API dan IAS","KNO","3","TOILET,A6 PRIA","KNO-TP-A06","5","Nice","5","5","5","17a277da-844c-42ad-82c6-c25c162469ff"
"34","API dan IAS","CGK T2","1","TOILET T2D - BAGGAGE CLAIM PRIA","API&IAS-TOILET-CGK T2-HCO D TP","5","pertahankan toilet bersih dan wangi","5","5","5","a1b8fa8a-9c61-480c-8581-b2bfa15415c7"
"35","API dan IAS","CGK T2","1","TOILET T2D - BAGGAGE CLAIM PRIA","API&IAS-TOILET-CGK T2-HCO D TP","3","sabun cuci tangan jangan sampai habis","5","2","3","b81fa604-65a4-4c36-ab1a-360b84a4910d"
"36","API dan IAS","CGK T2","1","TOILET T2D - BOARDING ROOM T2D-3 PRIA","API&IAS-TOILET-CGK T2-BL D3 TP","5","Toilet nya bersih","5","5","5","c3687b89-1418-4c5b-bd9a-39afaec43bce"
"37","API dan IAS","CGK T2","1","TOILET T2D - BAGGAGE CLAIM PRIA","API&IAS-TOILET-CGK T2-HCO D TP","4","Kurang wangi","4","5","4","2aea2baa-3b58-4c71-bbb6-aa0bdbb4e519"
"38","API dan IAS","CGK T2","1","TOILET T2D - BAGGAGE CLAIM PRIA","API&IAS-TOILET-CGK T2-HCO D TP","5","Udah bagus banget. Petugasnya ramah. Pertahankan ya.","5","5","5","65a65d4c-73b1-4fa0-bcaa-357611384e64"
"39","API dan IAS","CGK T2","1","TOILET T2D - BAGGAGE CLAIM PRIA","API&IAS-TOILET-CGK T2-HCO D TP","3","Toilet terlalu basah, tidak nyaman","5","5","5","20a531ca-f3dc-4513-aa06-a0195220cca5"
"40","API dan IAS","CGK T2","1","TOILET T2D - BOARDING ROOM T2D-2 PRIA","API&IAS-TOILET-CGK T2-BL D2 TP","5","Tolong selalu dipertahankan  kebersihan dan keramahannya , trimaksih 🙏👍","5","4","4","4e031a73-884f-4204-8a9c-eca761b597a6"
"41","API dan IAS","SUB","4","T1,GATE 9 CONCOURSE 6,PRIA","SUB-TOILE-T1-GATE 9 CONCOURSE 6,P","5","tombol flush di toilet pria bilik kedua dari arah masuk di T1 SUB dekat gate 8 perlu diperbaiki. Tks.","5","5","5","4cf0d5d3-1697-4aff-9b82-e1e7066579a6"
"42","API dan IAS","CGK T2","1","TOILET T2D - BOARDING ROOM T2D-1 PRIA","API&IAS-TOILET-CGK T2-BL D1 TP","5","Pertahankan n tetap semangat","5","5","5","6eb1f378-d83e-4267-9ccd-69d69b2b3f1d"
"43","API dan IAS","KNO","3","TOILET,P5 PRIA","KNO-TP-P05","4","Air sower toilet nya pelan..","5","4","4","a1ece4c2-8117-40f6-b118-1291e0d34407"
"44","API dan IAS","UPG","5","TOILET 2A GATE 4 WANITA","UPG-TOILET-2A-W","2","There needs to be soap at ALL the sinks. Only 1 out of 5 sinks had soap. You can do better than this. You have a fancy machine for smell but you do not care about diseases","3","3","3","3235d5d3-f46f-49eb-b238-75b8d26f3884"
"45","API dan IAS","SUB","4","T1, CHECK IN BARAT,PRIA","SUB-TOILE-T1- CHECK IN BARAT,PRIA","3","U.1 U.2 U.3 
Disarankan pakai tumbol","1","1","5","14813a7f-bdb9-4aeb-b0e5-0e594bcef7cb"
"46","API dan IAS","CGK T2","1","TOILET T2D - BOARDING ROOM T2D-3 PRIA","API&IAS-TOILET-CGK T2-BL D3 TP","5","Bersih sekali. fasilitas bagus. pertahankan","5","5","5","05776aea-4f7c-42cb-9e1a-ae6cc4e2f7a8"
"47","API dan IAS","CGK T2","1","TOILET T2D - CHECKIN WANITA","API&IAS-TOILET-CGK T2-HCI D TW","1","Air jet shower untuk membersihkan stlh bab sangat² kecil shg tdk bisa dipakai unt cebok","4","3","3","2a77c7da-380d-4e83-be8f-c1cfe0c5f52e"
"48","API dan IAS","CGK T2","1","TOILET T2D - BAGGAGE CLAIM PRIA","API&IAS-TOILET-CGK T2-HCO D TP","5","Ok","5","5","5","085ec68d-7875-4824-a70b-cf1648191092"
"49","API dan IAS","CGK T2","1","TOILET T2D - BOARDING ROOM T2D-5 PRIA","API&IAS-TOILET-CGK T2-BL D5 TP","5","Berikan sedikit pewangi.. Agar lebih segar aromanya","5","5","5","6cd33ce2-3144-44cb-a820-25f9a3ca8be6"
"50","API dan IAS","KNO","3","TOILET,D2 PRIA","KNO-TP-D02","5","Toiletmya bersih & staffnya ramah'
Agar dipertahankan","5","5","5","6c3c88f4-40ea-4753-91fa-112f4ed75056"
"51","API dan IAS","CGK T1","1","TOILET T1B - BOARDING ROOM T1B-5 PRIA","B. BL5. P","5","Konsisten","5","5","4","d9891c17-0682-4990-b1d7-507a80c1dfe0"
"52","API dan IAS","UPG","5","TOILET 2A GATE 4 PRIA","UPG-TOILET-2A-P","5","Sangat baik","5","5","5","2fb0d5da-bc96-4262-9c46-f0afd9108a12"
"53","API dan IAS","KNO","3","TOILET,A5 PRIA","KNO-TP-A05","5","Lantai sangat bersih dan ramah","5","5","5","6d70e568-460f-4030-bd9a-7aec562b575b"
"54","API dan IAS","CGK T2","1","TOILET T2D - BOARDING ROOM T2D-5 PRIA","API&IAS-TOILET-CGK T2-BL D5 TP","5","Sangat Puas","5","5","5","985cb04e-3658-49d9-be04-0f3e4b6e890e"
"55","API dan IAS","CGK T2","1","TOILET T2D - CHECKIN WANITA","API&IAS-TOILET-CGK T2-HCI D TW","3","pressure bidet toilet terlalu kecil. Mohon perbaiki.","5","2","4","9711f697-c3ef-457a-b73f-9c04253ec02e"
"56","API dan IAS","KNO","3","TOILET,P2 PRIA","KNO-TP-P02","5","Great hostility and friendly staff clean environment","5","5","5","da9064c8-33bd-44b4-bddc-49f71509be82"
"57","API dan IAS","KNO","3","TOILET,P4 PRIA","KNO-TP-P04","5","Tks oke","5","5","5","5c24d8dd-a690-423a-a564-59b351f6dbd2"
"58","API dan IAS","KNO","3","TOILET,A4 WANITA","KNO-TW-A04","5","Terima kasih ya buat petugasnya, toilet nya bersih, nyaman jadinya","5","5","5","915757ac-fcc7-42aa-bd24-257a80f74d57"
"59","API dan IAS","CGK T2","1","TOILET T2D - BOARDING ROOM T2D-2 PRIA","API&IAS-TOILET-CGK T2-BL D2 TP","5","Sudah baik dan bersih","5","5","5","9c6f6383-b4cd-4626-abe8-c9b4a036b768"
"60","API dan IAS","CGK T1","1","TOILET T1B - CHECKIN PRIA","B. HCI. P","5","Sudah baik","5","5","5","376f8e12-6353-4854-8329-2149d9e1c29e"
"61","API dan IAS","CGK T1","1","TOILET T1B - CHECKIN PRIA","B. HCI. P","5",,"5","5","5","edcdb4ed-ea25-41cb-a243-dc0597f4ce04"
"62","API dan IAS","CGK T2","1","TOILET T2E - BOARDING ROOM T2E-2 PRIA","API&IAS-TOILET-CGK T2-BL E2 TP","5","Cleaning servicesnya setiap waktu selalu mengontrol kebersihan dan aman","4","4","4","2a800188-f83a-424c-9dfa-78f38ab29d26"
"63","API dan IAS","KNO","3","TOILET,P1 PRIA","KNO-TP-P01","5","Sangat memuaskan","5","5","5","6e34c75e-dbde-4114-91b5-c6b817473443"
"64","API dan IAS","KNO","3","TOILET,A4 WANITA","KNO-TW-A04","5","Sudah bagus dan wangi","5","5","5","d8a0dd37-b3e6-4d44-afb7-c600e949162e"
"65","API dan IAS","KNO","3","TOILET,P2 PRIA","KNO-TP-P02","5","Merebut itu gampang. Mempertahankan nya sulit","5","5","5","07b466a9-3191-4de6-a5a8-e2d52545d98c"
"66","API dan IAS","DPS","2","TOILET KEBERANGKATAN INTERNASIONAL GATE 5 (WANITA + DIFABLE)","DPS-TOILET-3K-W","5",,"5","5","5","7476f7e7-04c0-4c91-bc57-912a5753cdfa"
"67","API dan IAS","CGK T1","1","TOILET T1B - CORRIDOR BEFORE SCP WANITA","B. SA. W","5","Sangat baik","5","5","5","a98df0c8-b339-444e-ae15-7ed0768e7047"
"68","API dan IAS","UPG","5","TOILET 2A GATE 4 WANITA","UPG-TOILET-2A-W","1","Toiletnya jorok banget./ harap di perhatikan","1","1","1","66870413-07c6-4a50-b629-1348b8bc4c60"
"69","API dan IAS","SUB","4","T1,LOBBY 1 ULTIMATE,PRIA","SUB-TOILE-T1-LOBBY 1 ULTIMATE,PRI","5","dijaga kebersihanya, biar para penumpang pada nyaman dan ngga merasa risih karena toilet kurang bersih","5","4","4","74ab0acc-e84f-4ae1-9c26-3211da8a5c9f"
"70","API dan IAS","CGK T2","1","TOILET T2E - BOARDING ROOM T2E-2 PRIA","API&IAS-TOILET-CGK T2-BL E2 TP","5","Bersih dan wangi","5","5","5","d9f68fc9-3978-495f-b39f-92bb10cf8f77"
"71","API dan IAS","CGK T1","1","TOILET T1B - CORRIDOR BEFORE SCP WANITA","B. SA. W","4",,"5","5","5","5247710a-9f7f-434a-9ac0-7f274a7e8ca1"
"72","API dan IAS","CGK T2","1","TOILET T2D - BOARDING ROOM T2D-5 PRIA","API&IAS-TOILET-CGK T2-BL D5 TP","5","Pertahankan yg sudah bagus","5","5","5","08802ae5-a71a-40f0-983e-28bdaf30129b"
"73","API dan IAS","CGK T1","1","TOILET T1B - BOARDING ROOM T1B-5 PRIA","B. BL5. P","5","Toilet bagus bersih","5","5","5","bb36f69d-fbef-4e34-96fd-aa9c943af715"
"74","API dan IAS","CGK T2","1","TOILET T2D - BOARDING ROOM T2D-7 PRIA","API&IAS-TOILET-CGK T2-BL D7 TP","5","Bagus","5","5","5","4489eb38-0f17-4fa2-9afd-e7e6517c6d2e"
"75","API dan IAS","CGK T2","1","TOILET T2D - BOARDING ROOM T2D-7 PRIA","API&IAS-TOILET-CGK T2-BL D7 TP","5","pegawainya ramah. dan toilet bersih. terimakasih","5","5","5","9ee71eca-9c7c-4bdf-a5ff-3183974a89d8"
"76","API dan IAS","KNO","3","TOILET,P2 PRIA","KNO-TP-P02","5","Semprot bilas wcnya sudh tidak tepat sasaran","5","5","5","b7f069df-a59d-402f-b98d-40ba411bb268"
"77","API dan IAS","KNO","3","TOILET,D1 PRIA","KNO-TP-D01","5","mantaop","5","5","5","c34c2557-6aee-4bd3-bae2-20dc2c792dbb"
"78","API dan IAS","UPG","5","TOILET 2A GATE 4 PRIA","UPG-TOILET-2A-P","5","Pelayanan dan kebersihan toilet sudah baik","5","5","5","4e7202d9-a3d3-4894-b17e-a68dbf740b06"
"79","API dan IAS","CGK T2","1","TOILET T2D - BOARDING ROOM T2D-1 PRIA","API&IAS-TOILET-CGK T2-BL D1 TP","5","Sangat bersih dan Pelayanannya sangat ramah Dan Sopan.  Teri a Kasih","5","5","5","2501d6b5-8993-40e2-ae39-c672fd759722"
"80","API dan IAS","CGK T2","1","TOILET T2E - BOARDING ROOM T2E-2 PRIA","API&IAS-TOILET-CGK T2-BL E2 TP","5","Luar biasa","5","5","5","d6b9b5b3-2525-45b5-b380-bb6fe7c3bde5"
"81","API dan IAS","CGK T2","1","TOILET T2D - BAGGAGE CLAIM PRIA","API&IAS-TOILET-CGK T2-HCO D TP","5","Bersihh😍","5","5","5","2b8b09f1-1cd5-4749-a25c-8fca0af879b5"
"82","API dan IAS","KNO","3","TOILET,P4 WANITA","KNO-TW-P04","5",,"5","5","5","2cacb776-8c79-49f3-9834-f1772ebe391b"
"83","API dan IAS","KNO","3","TOILET,A6 WANITA","KNO-TW-A06","1","Pilih kasihhh barusan tidak ada ucapkan terimakasih padahal sama yang lain diucap terus dicuekin becekkkkk juga","1","1","1","b9cf9146-9384-4329-a051-310ca49da8d7"
"84","API dan IAS","KNO","3","TOILET,A8 PRIA","KNO-TP-A08","5","Tidak ada","5","5","5","0a9e117c-250d-448e-90ae-1ac5ba97769d"
"85","API dan IAS","CGK T2","1","TOILET T2D - BAGGAGE CLAIM PRIA","API&IAS-TOILET-CGK T2-HCO D TP","5","Sudah sangat baik dan tambahkan lebih baik agi","5","5","5","5f755cbb-700b-442b-9c09-ee199e350a37"
"86","API dan IAS","KNO","3","TOILET,P4 WANITA","KNO-TW-P04","5","Toilet nya bersih dan wangi","5","5","5","08169382-d610-441d-9fae-aac57ab2692d"
"87","API dan IAS","CGK T1","1","TOILET T1B - BOARDING ROOM T1B-6 PRIA","B. BL6. P","5","Mantap pelayan baik","5","5","5","6fb65150-a7d9-40e1-82a8-fcdd2b426bf5"
"88","API dan IAS","CGK T1","1","TOILET T1B - CHECKIN WANITA","B. HCI. W","3","Pakai pewangi WC beraroma PINE/PINUS biar lebih segar dan wangi, nutupin bau pesing. Atau pakai karbol wangi","5","4","4","f89ae327-922e-49b4-a666-1151b4e78e87"
"89","API dan IAS","DPS","2","TOILET KEBERANGKATAN INTERNASIONAL GATE 1 (WANITA + DIFABLE)","DPS-TOILET-3I-W","5","good service, good attitude. i like it","5","5","5","085d7ea0-eeb9-47fd-82dc-960a1310d757"
"90","API dan IAS","KNO","3","TOILET,A6 WANITA","KNO-TW-A06","5","Bersih x n ramah petugas kakaknya","5","5","5","417c0c3a-4376-4c72-aa10-da8c04eb4da5"
"91","API dan IAS","UPG","5","TOILET 2A GATE 4 PRIA","UPG-TOILET-2A-P","5",,"5","5","5","12dc9ddb-9ebf-4c3a-a1af-16e886de638e"
"92","API dan IAS","KNO","3","TOILET,P3 PRIA","KNO-TP-P03","5","sudah keren","5","5","5","04ef8846-a92d-491e-8681-66ce1f24bf9c"
"93","API dan IAS","KNO","3","TOILET,A3 WANITA","KNO-TW-A03","5","Staff keep toilet very clean & sparkling. Staff very polite & smiling ♥️","5","5","5","397cb58d-213a-4d60-a8e7-cd238311361d"
"94","API dan IAS","KNO","3","TOILET,P2 WANITA","KNO-TW-P02","5","Petugas toilet nya ramah dan bersih","5","5","5","0599bed5-0e79-4d2c-810d-a839a3121a6b"
"95","API dan IAS","CGK T2","1","TOILET T2D - BAGGAGE CLAIM PRIA","API&IAS-TOILET-CGK T2-HCO D TP","5","Sangat ramah dan menolong","5","5","5","bd0daef7-8a8c-4a91-bf0b-2c628bf10af3"
"96","API dan IAS","KNO","3","TOILET,D3 PRIA","KNO-TP-D03","5","Bagus dan berfungsi","5","5","5","cb214795-6dd3-4772-8b81-f62ed0291fa8"
"97","API dan IAS","KNO","3","TOILET,A8 WANITA","KNO-TW-A08","5","Tidak ada","5","5","5","59f31295-ea35-4a49-a766-d69153904389"
"98","API dan IAS","KNO","3","TOILET,A8 PRIA","KNO-TP-A08","5","Tidak ada","5","5","5","78e6f64e-0b82-47ab-a63d-9af6359391b2"
"99","API dan IAS","KNO","3","TOILET,P5 WANITA","KNO-TW-P05","5","Fasilitas nya cukup dan toilet nya juga bersih, petugas nya ramah","5","5","5","b328f9cb-f529-4cdb-8c7a-5a720d933765"
"100","API dan IAS","KNO","3","TOILET,A7 PRIA","KNO-TP-A07","5","Tidak ada","5","5","5","3da997e3-bf75-49c6-8289-77a123ae62fc"
"101","API dan IAS","KNO","3","TOILET,P6 PRIA","KNO-TP-P06","5","Berfungsi dengan baik dan bersih","5","5","5","4576c4e8-bd01-4f9b-a378-2c44daf08dc0"
"102","API dan IAS","KNO","3","TOILET,P5 PRIA","KNO-TP-P05","5","Berfungsi dengan baik","5","5","5","c45d65b6-559b-4cde-9f06-0960fdf6dafb"
"103","API dan IAS","KNO","3","TOILET,P1 WANITA","KNO-TW-P01","5","Mantap.. Silakan ditingkatkan terus..","5","5","5","2e7a3825-b72d-476d-a06d-7fc5da40e408"
"104","API dan IAS","KNO","3","TOILET,P3 WANITA","KNO-TW-P03","5","Fasilitas cukup memadai dan toilet nya juga bersih","5","5","5","7106abab-cdca-43c2-875e-4517c7a7fd4c"
"105","API dan IAS","KNO","3","TOILET,A7 PRIA","KNO-TP-A07","5","Petugas toiletnya ramah dan toiletnya juga bersih","5","5","5","58b5bff6-ae27-45b6-a7b1-8b7e68f5d9ac"
"106","API dan IAS","YIA","4","TOILET MEZZANINE TIMUR WANITA","YIA-TOI-MZ-T-W","5","very clean! I wanna thank the people who clean here.","5","5","5","24107933-99de-4521-ba6a-eafa51f748d5"
"107","API dan IAS","KNO","3","TOILET,A7 PRIA","KNO-TP-A07","5",,"5","5","5","b33546ca-733d-4ad0-b030-a272d7466d11"
"108","API dan IAS","KNO","3","TOILET,P2 WANITA","KNO-TW-P02","5",,"5","5","5","0f5b76cd-b5e8-4aa8-a188-ca5254634d82"
"109","API dan IAS","CGK T1","1","TOILET T1B - CORRIDOR AFTER SCP PRIA","CCD. B1","5","Pewangi agar lebih ditambah lagi","5","4","4","a7cbf4a6-8320-4d5f-a867-3d70c7292720"
"110","API dan IAS","KNO","3","TOILET,P1 PRIA","KNO-TP-P01","5","I love everytime I enter the room, the staff greet me, and the cleanliness is amazing. Thank you so much for such a superb work.","5","5","5","686da8a3-edd0-4677-a8e8-ad621e3b7ece"
"111","API dan IAS","CGK T2","1","TOILET T2D - BOARDING ROOM T2D-4 PRIA","API&IAS-TOILET-CGK T2-BL D4 TP","5","Pertahankan kebersihan","5","5","5","dd9c2757-9cac-4b50-9aea-9ebbe9faa41e"
"112","API dan IAS","KNO","3","TOILET,A5 WANITA","KNO-TW-A05","5","sangat wangi","5","5","5","6b1d4334-7e5b-40bb-a73b-1a9c3bb4a824"
"113","API dan IAS","KNO","3","TOILET,P1 PRIA","KNO-TP-P01","4","can i know what is the brand and variants perfume for the toilet? because it is so good. you can email to me: azrindc936@gmail.com","5","5","5","92c6eb22-d3ca-4ec7-b627-4b9e414e98b5"
"114","API dan IAS","CGK T2","1","TOILET T2D - BOARDING ROOM T2D-1 PRIA","API&IAS-TOILET-CGK T2-BL D1 TP","4","Bersih dan rapih","4","4","4","063cb6db-6522-4f4d-8633-37ccb7e36f78"
"115","API dan IAS","KNO","3","TOILET,A3 PRIA","KNO-TP-A03","5","Ruangan sagat. Bersih sekali wagi","5","5","5","a40547a9-a716-497f-8408-2da3df78ac7f"
"116","API dan IAS","KNO","3","TOILET,A8 PRIA","KNO-TP-A08","5","Tidak ada","5","5","5","32a1947f-5a3c-4431-878e-a4de1476451f"
"117","API dan IAS","CGK T2","1","TOILET T2E - BOARDING ROOM T2E-1 PRIA","API&IAS-TOILET-CGK T2-BL E1 TP","5",,"5","5","5","d507c24b-25da-4d7f-939e-db7fde2ecac6"
"118","API dan IAS","KNO","3","TOILET,A4 PRIA","KNO-TP-A04","5","Tidak ada","5","5","5","5c094e1b-fefa-4f40-9dc5-eee918ad2d6f"
"119","API dan IAS","KNO","3","TOILET,P3 PRIA","KNO-TP-P03","4","Sudah bagus, tinggal dibuat lebih wangi aja..","5","5","4","5da62f80-74dd-45ce-a5b4-64bf9f0a8665"
"120","API dan IAS","KNO","3","TOILET,A3 PRIA","KNO-TP-A03","5","Tidak ada","5","5","5","ee0bee5d-e50f-4323-920c-55f321e00997"
"121","API dan IAS","KNO","3","TOILET,P3 PRIA","KNO-TP-P03","5","mantap","5","5","5","9b0aaeb9-25d9-46f2-9708-e180002433e3"
"122","API dan IAS","KNO","3","TOILET,P1 PRIA","KNO-TP-P01","5","bagus","5","5","5","89223b18-8bed-400d-bc68-bf6878f22547"
"123","API dan IAS","CGK T2","1","TOILET T2D - CURBSIDE KEBERANGKATAN WANITA","API&IAS-TOILET-CGK T2-PCI D TW","5","Sangat baik dan fasilitasnya lengkap","4","5","4","9530117c-2e2b-4017-8e9a-1ba2cb4529ab"
"124","API dan IAS","CGK T2","1","TOILET T2D - BOARDING ROOM T2D-3 PRIA","API&IAS-TOILET-CGK T2-BL D3 TP","3","very dirty","3","4","3","68c01fd9-4413-4dc1-b43d-4df7891909fa"
"125","API dan IAS","KNO","3","TOILET,A7 PRIA","KNO-TP-A07","5","Toilet Bersih dan Petugas Ramah","5","5","5","1a64f445-1034-4d52-85e4-7effa18f44fc"
"126","API dan IAS","KNO","3","TOILET,P6 WANITA","KNO-TW-P06","5","Tetap jaga kebersihan nya dan greeting nya","5","5","5","23c25c78-dc4c-4b5d-b4a9-e9f3efc5f548"
"127","API dan IAS","CGK T2","1","TOILET T2E - BOARDING ROOM T2E-6 PRIA","API&IAS-TOILET-CGK T2-BL E6 TP","4","Untuk misholah yang ada bisa di perluas","4","4","4","9b113b94-29ab-49ce-a65d-76e4ef0b60c8"
"128","API dan IAS","SUB","4","T1,GATE 10 CONCOURSE 4,FAMILY","SUB-TOILE-T1-GATE 10 CONCOURSE 4,","5","Saya suka karna bersih wangi","5","5","5","3e4a4b25-9a73-4669-b7be-637fd90832b7"
"129","API dan IAS","KNO","3","TOILET,A4 WANITA","KNO-TW-A04","5","Bersih","5","5","5","e280bcad-bbaf-4d37-9600-8989d80eed93"
"130","API dan IAS","KNO","3","TOILET,D2 PRIA","KNO-TP-D02","5","Pertahankan kualitas kebersihan toilet","5","5","5","b0a4bf85-5aef-41a4-9375-8eb2f125577d"
"131","API dan IAS","KNO","3","TOILET,P2 WANITA","KNO-TW-P02","5",,"5","5","5","aba6dc32-2902-4e70-984c-db89ed02d925"
"132","API dan IAS","KNO","3","TOILET,A6 PRIA","KNO-TP-A06","5","Layanan nya bagus","5","5","5","2d13c397-d766-4c8e-882f-7badc979072b"
"133","API dan IAS","KNO","3","TOILET,A3 WANITA","KNO-TW-A03","5","Bersih dan nyaman. Semoga di luar area kedatangan imigrasi sebersih ini juga yaaa","5","5","5","884c1ca8-906c-4944-9606-1bfd6174efff"
"134","API dan IAS","CGK T1","1","TOILET T1B - CHECKIN PRIA","B. HCI. P","3","The toilet is very dirty spesaly in the miror to much water mark meybe is possibble clean properly thanks","3","3","3","b5a5354e-356a-41ad-9fc8-be550d9ed80c"
"135","API dan IAS","KNO","3","TOILET,P3 PRIA","KNO-TP-P03","5","Pelayanan prima","5","5","5","d2f84540-3928-46b6-b403-65cffdfcec66"
"136","API dan IAS","KNO","3","TOILET,D1 PRIA","KNO-TP-D01","5","Sangat baik di tingkatkan","5","5","5","3c2a03e4-ab56-416a-8a46-2075dd2522c8"
"137","API dan IAS","CGK T2","1","TOILET T2E - BOARDING ROOM T2E-4 PRIA","API&IAS-TOILET-CGK T2-BL E4 TP","5","Udah sangan bagus dan bersih","5","5","5","9a77e459-8e16-46b8-a124-53a5b857662f"
"138","API dan IAS","CGK T1","1","TOILET T1B - CHECKIN PRIA","B. HCI. P","4","Baik","4","4","4","68664a21-3f02-4911-a1bc-81201a9942c2"
"139","API dan IAS","CGK T1","1","TOILET T1B - CHECKIN PRIA","B. HCI. P","5","test","5","5","5","eec5debf-67b6-4e1e-90a5-1a3574c31610"
"140","API dan IAS","KNO","3","TOILET,P3 PRIA","KNO-TP-P03","5",,"5","5","5","cc0c1c56-e2b1-4424-beb7-48a1ab8f8ea7"
"141","API dan IAS","CGK T2","1","TOILET T2D - BAGGAGE CLAIM PRIA","API&IAS-TOILET-CGK T2-HCO D TP","5","Good","5","5","5","57c6d0a8-4902-440d-baa8-fdb2faab54b3"
"142","API dan IAS","KNO","3","TOILET,P2 WANITA","KNO-TW-P02","5","Clean","5","5","5","0ca3a57f-807e-45bf-b3de-1079bfb91224"
"143","API dan IAS","CGK T2","1","TOILET T2E - DEPARTURE CURBSIDE PRIA","API&IAS-TOILET-CGK T2-PCI E TP","3","Toilet cukup bersih, namun wc dan perlengkapan nampaknya belum terawat baik, contoh dudukan wc yang tidak pas, sabun tidak ada (alat tanpa sentuh tapi sensor gerak namun ga ada sabunnya).
Di wastafel ada tissue yg menyumbat wastafel.","3","3","3","268093d4-bcc2-4cd3-b5dc-58ba06f9a182"
"144","API dan IAS","CGK T2","1","TOILET T2E - BOARDING ROOM T2E-6 PRIA","API&IAS-TOILET-CGK T2-BL E6 TP","5","Sudah memadai, tingkatkan","4","4","4","08c8abd9-1b2f-4d00-b57b-c68db840e8bc"
"145","API dan IAS","KNO","3","TOILET,D1 WANITA","KNO-TW-D01","4","Clean but a little wet.","4","4","4","0face8c5-e3e0-4c67-80a7-aae2a3b33040"
"146","API dan IAS","CGK T2","1","TOILET T2E - BOARDING ROOM T2E-6 PRIA","API&IAS-TOILET-CGK T2-BL E6 TP","4","Tingkatkan","4","4","4","8d399076-5a25-4004-ad8e-6e0664265a45"
"147","API dan IAS","CGK T1","1","TOILET T1B - CORRIDOR BEFORE SCP WANITA","B. SA. W","5","Kursi duduk untuk pakai spatu habis sholat","5","5","5","7797b411-2693-45c3-9e8b-01d04d5175ec"
"148","API dan IAS","KNO","3","TOILET,P3 PRIA","KNO-TP-P03","5",,"5","5","5","fe7fba86-9840-4e5d-b8fd-e7626e4a86e5"
"149","API dan IAS","KNO","3","TOILET,P2 PRIA","KNO-TP-P02","5","Ok baik dan bersih","5","5","5","1fcfeff6-29e6-434b-a141-fd9254d6a4d7"
"150","API dan IAS","KNO","3","TOILET,D1 PRIA","KNO-TP-D01","5","Toilet ya Bersih dan memuaskan","5","5","5","5f0f4411-544b-4162-b0b3-380bcefd39cd"
"151","API dan IAS","CGK T2","1","TOILET T2D - CHECKIN WANITA","API&IAS-TOILET-CGK T2-HCI D TW","5","Sudah di atas standar","3","5","3","53521868-d8d0-4727-8e47-d749ffca975b"
"152","API dan IAS","KNO","3","TOILET,D6 PRIA","KNO-TP-D06","5","Harapan semakin baik untuk kamar mandi shower room tambah 1 lagi karena intensitas menjelang hari2 besar akan banyak pemudik yang menggunakan fasilitas kamar mandi terima kasih..
Untuk kebersihan very good","5","5","4","f818bb67-a530-44cb-9a97-acc52565c41c"
"153","API dan IAS","CGK T2","1","TOILET T2D - BOARDING ROOM T2D-7 PRIA","API&IAS-TOILET-CGK T2-BL D7 TP","5","It is the most clean toilet all over the world!","5","5","5","785230a7-6cbb-4fbd-8e98-d6d3e99c3e0f"
"154","API dan IAS","CGK T1","1","TOILET T1A - BOARDING ROOM T1A-7 PRIA","A.BL7.P","5","baik","5","5","5","82b4c27c-a29f-4fd7-85bc-7c1121a91e20"
"155","API dan IAS","KNO","3","TOILET,P2 WANITA","KNO-TW-P02","5",,"5","5","5","0569107e-b426-43c3-9be4-57822ee2c880"
"156","API dan IAS","CGK T2","1","TOILET T2D - BAGGAGE CLAIM PRIA","API&IAS-TOILET-CGK T2-HCO D TP","1","becek bau, tisu abis","1","1","1","f3e43e77-c741-445e-a2e4-2f10131bed46"
"157","API dan IAS","CGK T2","1","TOILET T2D - CURBSIDE KEBERANGKATAN WANITA","API&IAS-TOILET-CGK T2-PCI D TW","5","Ramah dan sopan pelayanannya.","5","5","5","586364e4-9669-485f-b6f2-c6ba2552c771"
"158","API dan IAS","CGK T1","1","TOILET T1B - BOARDING ROOM T1B-3 PRIA","B. BL3. P","5","Bersih &Wangi","5","5","5","0bd9e4f9-13b4-40f2-a8d6-a122e3259c8c"
"159","API dan IAS","CGK T2","1","TOILET T2D - BAGGAGE CLAIM PRIA","API&IAS-TOILET-CGK T2-HCO D TP","5","Sangat bersih dan wangi","5","5","5","425fd83e-8939-43e0-8766-972c7515be32"
"160","API dan IAS","KNO","3","TOILET,P6 PRIA","KNO-TP-P06","5","Mantap","5","5","5","9db70d78-a4cb-4f3c-9c6b-b5ba952b4bf2"
"161","API dan IAS","KNO","3","TOILET,P3 PRIA","KNO-TP-P03","5","Bersih wangi dan ramah","5","5","5","cbb4c323-83bd-4de6-a636-04784940d441"
"162","API dan IAS","SUB","4","T1,GATE 1,PRIA","SUB-TOILE-T1-GATE 1,PRIA","5","Toilet bandara terbaik se Indonesia","5","5","5","429a1a59-0f93-4b47-ac09-392d3ab60627"
"163","API dan IAS","CGK T2","1","TOILET T2F - CHECKIN WANITA","API&IAS-TOILET-CGK T2-HCI F TW","5",,"5","5","5","351d07fe-d265-4f88-b7e1-135065c29d7e"
"164","API dan IAS","CGK T1","1","TOILET T1B - BOARDING ROOM T1B-5 WANITA","B. BL5. W","5","bersih dan pelayanan ramah","5","5","5","07eeb9cb-111d-4338-b928-9ef96cc673f2"
"165","API dan IAS","KNO","3","TOILET,D1 PRIA","KNO-TP-D01","5","Sudah bersih","5","5","5","f694eca8-29fb-4f5d-b246-bb6b43db0d3b"
"166","API dan IAS","KNO","3","TOILET,D3 WANITA","KNO-TW-D03","4","fasilitas toilet bagus, bersih","4","4","4","6cf3d63d-2f5d-4d63-834d-0b79d024b52b"
"167","API dan IAS","SUB","4","T2,B1,PRIA","SUB-TOILE-T2-B1,PRIA","5","Tambahkan hiasan bunga akan lebih bagus","5","5","5","59a82569-4de6-4b65-8482-fb3f8afe9693"
"168","API dan IAS","CGK T2","1","TOILET T2D - BAGGAGE CLAIM PRIA","API&IAS-TOILET-CGK T2-HCO D TP","5","Ok","5","5","5","bf04d17d-5416-418e-a540-957cc0310eef"
"169","API dan IAS","CGK T1","1","TOILET T1B - BOARDING ROOM T1B-2 WANITA","B. BL2. W","4","Ada yang tidak safe (kipas) tidak ada penutupnya dan setinggi kepala manusia","4","4","4","e1df0621-c647-4d4a-b2cb-159d21e78ad5"
"170","API dan IAS","SUB","4","T1,LOBBY 3,WANITA","SUB-TOILE-T1-LOBBY 3,WANITA","3","masih ada orang yg pipis di lantai saat menggunakan toilet duduk, mengganggu kenyamanan (kalo semisal kena baju najis & ga bisa shalat)","5","5","1","820c17b6-18cc-47ca-a0e0-925c2c14ed27"
"171","API dan IAS","SUB","4","T1,GATE 6 CONCOURSE 7,PRIA","SUB-TOILE-T1-GATE 6 CONCOURSE 7,P","5","Baik","5","5","5","c00d6b44-21ce-4116-9c1b-533a860fd31d"
"172","API dan IAS","DPS","2","TOILET KEBERANGKATAN DOMESTIK GATE 1 (DIFABLE)","DPS-TOILET-DD07-DIFABLE","3","Musolahnya bau karpetnya, tolong diperhatikan juga jangan cuma toilet","5","5","3","e0cb305c-ed7e-4124-9564-371633cc161e"
"173","API dan IAS","CGK T1","1","TOILET T1B - CHECKIN PRIA","B. HCI. P","2","Air sprayer toilet tidak keluar airnya","4","4","4","2a3bd873-ad31-4583-9633-06187ab2b12e"
"174","API dan IAS","SUB","4","T2,B5,WANITA","SUB-TOILE-T2-B5,WANITA","4",,"5","5","5","bdf25816-9aaa-4647-9b7d-976b1022a834"
"175","API dan IAS","YIA","4","TOILET MEZZANINE TIMUR WANITA","YIA-TOI-MZ-T-W","5","Sangat bersihh","5","5","5","7de523f5-d97d-4155-b264-830de7ade2f0"
"176","API dan IAS","SUB","4","T1,GATE 10 CONCOURSE 4,FAMILY","SUB-TOILE-T1-GATE 10 CONCOURSE 4,","5","Wangi dan bersih","5","5","5","b3672499-1f11-46af-8c35-fad9aced3fef"
"177","API dan IAS","KNO","3","TOILET,P2 WANITA","KNO-TW-P02","5","ibunya ramah bgt + toiletnya selalu bersih ❤️","5","5","5","a8279ebd-e545-43f4-bf0c-868d048f4d5b"
"178","API dan IAS","KNO","3","TOILET,A7 PRIA","KNO-TP-A07","5",,"5","5","5","493f6268-20e4-442b-a50d-a4a49ab4b87b"
"179","API dan IAS","SUB","4","T1,LOBBY 3,WANITA","SUB-TOILE-T1-LOBBY 3,WANITA","2","- toilet masih mau kotoran dan pesing
- kondisi toilet sering basah","5","4","4","57f73cb2-23ab-462c-a290-796e9c23b3be"
"180","API dan IAS","KNO","3","TOILET,P1 PRIA","KNO-TP-P01","5",,"5","5","5","0fe84918-34f3-49f3-ab6a-241e0a731564"
"181","API dan IAS","YIA","4","TOILET MEZZANINE BARAT PRIA","YIA-TOI-MZ-B-P","4","Baiknya dikasih kamper di urinoirnya supaya mengurangi bau pesing","5","5","5","a7f5c55f-84db-4140-b1a3-cf2f683bddc1"
"182","API dan IAS","SUB","4","T1,GATE 1,WANITA","SUB-TOILE-T1-GATE 1,WANITA","5","Sabun tangan kurang lancar
Cahaya di kubikel kurang","4","4","4","94425b69-8028-48df-890d-35804bf6519b"
"183","API dan IAS","KNO","3","TOILET,P2 PRIA","KNO-TP-P02","5","Mantap pelayanannya","5","5","5","c8e212e9-b7ad-4604-b1fc-40a078228558"
"184","API dan IAS","KNO","3","TOILET,P2 PRIA","KNO-TP-P02","5","Tidak ada komentar","5","5","5","7750bb0c-6684-49c3-9512-53f44abcb1df"
"185","API dan IAS","CGK T2","1","TOILET T2D - BAGGAGE CLAIM PRIA","API&IAS-TOILET-CGK T2-HCO D TP","5","Baik temen saya botak sangat senang memaki toiletnya","5","5","5","b69f6e84-3853-4a2b-83d5-ea549744f083"
"186","API dan IAS","KNO","3","TOILET,A7 PRIA","KNO-TP-A07","5","Lebih baik lagi kalau semua toilet di bandara Kualanamu ini sama semua kebersihan nya
Baik itu toilet karyawan maupun toilet umum terimakasih","5","5","5","a09efcec-8382-4370-86a7-1a2c8a6e82e3"
"187","API dan IAS","CGK T1","1","TOILET T1B - PARKIR PRIA","Toilet Parkir B - Pria","3","Baik dan bersih , di sayangkan mushola untuk sholat di toilet depan shelter kalayang 1B di gunakan untuk tidur","4","3","3","fdaca68b-5e7e-4207-a01d-d2929608eb50"
"188","API dan IAS","CGK T2","1","TOILET T2D - BAGGAGE CLAIM PRIA","API&IAS-TOILET-CGK T2-HCO D TP","5","Pertahamkan dan tingkatkan.","5","5","5","e05f0261-68ef-43fc-99d7-b2c9cee40aca"
"189","API dan IAS","CGK T2","1","TOILET T2E - BOARDING ROOM T2E-7 PRIA","API&IAS-TOILET-CGK T2-BL E7 TP","5","Baik","5","5","5","1ada0119-e3a0-4c54-860c-339d0fc3a22f"
"190","API dan IAS","CGK T2","1","TOILET T2D - BAGGAGE CLAIM PRIA","API&IAS-TOILET-CGK T2-HCO D TP","5","Bagus","5","5","5","5bd92501-5c5f-434e-b730-82b8efe89970"
"191","API dan IAS","CGK T1","1","TOILET T1B - CORRIDOR AFTER SCP PRIA","CCD. B1","5","mantaappp","5","5","5","f8143cb1-6e1c-46db-8943-c90944446875"
"192","API dan IAS","KNO","3","TOILET,A3 WANITA","KNO-TW-A03","5","Pertahankan kebersihannya ya","5","5","5","8630bb19-b942-41e4-963d-489789f8b38f"
"193","API dan IAS","CGK T1","1","TOILET T1B - BOARDING ROOM T1B-5 WANITA","B. BL5. W","5",,"4","4","5","c82b3222-92b4-4d76-89e2-68a68dc4b43d"
"194","API dan IAS","CGK T2","1","TOILET T2D - BOARDING ROOM T2D-4 PRIA","API&IAS-TOILET-CGK T2-BL D4 TP","4","Sangat baik","4","4","4","b61db409-2aac-439d-9520-89b930d1b8a3"
"195","API dan IAS","CGK T2","1","TOILET T2E - BOARDING ROOM T2E-1 PRIA","API&IAS-TOILET-CGK T2-BL E1 TP","5","Bagus","5","5","5","73d133d1-d556-405b-95b4-b95d4af41185"
"196","API dan IAS","KNO","3","TOILET,D2 PRIA","KNO-TP-D02","5","Petugasnya ramah","5","5","5","67d3573f-1348-4e66-bc5d-5bea1d83db44"
"197","API dan IAS","KNO","3","TOILET,P3 PRIA","KNO-TP-P03","4","Rabu tgl 19 nov 2025 jam 08.05 toilet pria di dpn gate 5. Ada petugas bandara yg cuci peralatan minum dan sejenis nya di wastafel toilet. Hal tersebut membuat tdk nyaman karena lama dan antri untuk menggunakan nya. Mohon  untuk di evaluasi kebijakan penggunaan toilet. Terimakasih","4","3","4","00a1024e-adff-46a6-be9a-361e591ddc83"
"198","API dan IAS","KNO","3","TOILET,D3 WANITA","KNO-TW-D03","2","Ada 2 staff duduk dan ngobrol tp kubik 1 kotor ketika sblmnya kosong. Hose dan tissue di lantai, bekas pipis dan pijak di tmpt dudukan . Kotor","3","3","3","350a80f0-c8a5-4f3f-abb9-8fe1a3d977d2"
"199","API dan IAS","CGK T2","1","TOILET T2E - BOARDING ROOM T2E-2 PRIA","API&IAS-TOILET-CGK T2-BL E2 TP","5","Bersih dan putih, nyaman","5","5","5","860d300b-8c6d-4405-8841-875a77e4a41d"
"200","API dan IAS","KNO","3","TOILET,D1 PRIA","KNO-TP-D01","4","Tambahkan pewangi yg lebih harum","4","4","5","640c71af-4ce7-48c5-ab28-8c51081395a1"
"201","API dan IAS","CGK T2","1","TOILET T2D - BOARDING ROOM T2D-6 PRIA","API&IAS-TOILET-CGK T2-BL D6 TP","1","Beri teguran keras dan Surat Peringatan kepada  petugas laki-laki di toilet ini,  karena masuk ke toilet perempuan tanpa pemberitahuan dan tidak meminta maaf saat diperingatkan. 
Petugas laki-laki dimaksud bertugas pada tgl 18 November 2025 pukul 18.30 wib
Saya sangat keberatan dengan sikap petugas laki-laki tersebut.","1","3","1","87f184a8-e32e-42ec-af7e-a523bfdeb59b"
"202","API dan IAS","KNO","3","TOILET,D2 WANITA","KNO-TW-D02","5","Penjaga nya sangat ramah","5","5","5","27fd2437-28f0-4825-ad5f-49d744ea04e1"
"203","API dan IAS","DPS","2","TOILET KEBERANGKATAN DOMESTIK GATE 3-4 (WANITA)","DPS-TOILET-DD05-W","1","Hand soap was so diluted there was no soap function left","4","1","5","bd047c3c-e0bb-4aba-916d-3c86a580f3ef"
"204","API dan IAS","SUB","4","T1,GATE 3,PRIA","SUB-TOILE-T1-GATE 3,PRIA","4","Mantaos","4","4","4","d9e75dea-68e7-4777-b0cc-e57168d818b1"
"205","API dan IAS","CGK T1","1","TOILET T1B - CURBSIDE WANITA","B. PCI. W","5","K","5","5","5","fd2baafe-c5d8-46a1-abed-39e5f9bfdc23"
"206","API dan IAS","KNO","3","TOILET,D3 PRIA","KNO-TP-D03","5","Tolong kran paling ujung sebelah kiri di servis","5","5","5","2a4868a0-34ad-49a8-9eca-4d686bed2915"
"207","API dan IAS","KNO","3","TOILET,D2 PRIA","KNO-TP-D02","5","Pelayanan nya ramah dan toiletnya sangat bersih","5","5","5","ca266896-0e6e-434e-a2ff-49717b2a0e6d"
"208","API dan IAS","DPS","2","TOILET KEBERANGKATAN DOMESTIK LOBBY DEKAT POSKO (WANITA)","DPS-TOILET-DD03-W","4","Fasilitas toilet lengkap","5","5","5","45a1f779-46a7-476a-b775-d6858078cd5d"
"209","API dan IAS","DPS","2","TOILET KEBERANGKATAN DOMESTIK LOBBY DEKAT POSKO (PRIA)","DPS-TOILET-DD03-P","5","Fasilitas toilet lengkap","4","5","5","96ada852-052c-4fbe-ae2d-06478fffb896"
"210","API dan IAS","DPS","2","TOILET KEBERANGKATAN DOMESTIK LOBBY DEKAT POSKO (WANITA)","DPS-TOILET-DD03-W","5","Pelayanan baik dan ramah","5","5","5","36876db8-c078-444a-8293-84092e8cfdec"
"211","API dan IAS","DPS","2","TOILET KEBERANGKATAN DOMESTIK LOBBY DEKAT POSKO (DIFABLE)","DPS-TOILET-DD03-DIFABLE","5","Fasilitas lengkap dan tertata","5","5","5","fc18b284-bd98-41c7-af8a-21abee4657e6"
"212","API dan IAS","DPS","2","TOILET KEBERANGKATAN DOMESTIK LOBBY DEKAT POSKO (DIFABLE)","DPS-TOILET-DD03-DIFABLE","5","Pelayanan yang sangat ramah","5","5","5","d7a24a1a-9bb5-49d6-8702-11ca27925b5a"
"213","API dan IAS","DPS","2","TOILET KEBERANGKATAN DOMESTIK CHECK IN BARAT (WANITA)","DPS-TOILET-DD01-W","5","Fasilitas toilet lengkap dan nyaman","5","5","5","fdf726c4-93cc-4462-bf11-f23326ec682a"
"214","API dan IAS","DPS","2","TOILET KEBERANGKATAN DOMESTIK CHECK IN BARAT (PRIA)","DPS-TOILET-DD01-P","5","Fasilitas lengkap dan rapi","5","5","5","3bf81af1-a498-4883-bf66-84f11ce7291e"
"215","API dan IAS","CGK T2","1","TOILET T2D - BAGGAGE CLAIM PRIA","API&IAS-TOILET-CGK T2-HCO D TP","5","Cukup","5","5","5","3a526d05-446d-443c-9135-7830682d5b5a"
"216","API dan IAS","KNO","3","TOILET,A4 PRIA","KNO-TP-A04","5","Sangat memuaskan","5","5","5","268819c5-6ead-41dd-ba4f-936a487e0db5"
"217","API dan IAS","KNO","3","TOILET,P3 PRIA","KNO-TP-P03","5","Toilet nya bersih petugas nya ramah","5","5","5","249c1786-8c42-43d4-bf48-75f8ba49d550"
"218","API dan IAS","CGK T2","1","TOILET T2D - BAGGAGE CLAIM PRIA","API&IAS-TOILET-CGK T2-HCO D TP","4","Closet toilet laki laki sebaiknya diberi pelindung percikan air ke celana ketika buang air kecil posisi berdiri, karena celana dipakai untuk sholat bagi yang muslim. Terima kasih.","5","4","4","7457fe8b-86ba-43b2-97b3-c2540eacddbb"
"219","API dan IAS","KNO","3","TOILET,A8 PRIA","KNO-TP-A08","5","Terbaik","5","5","5","adb78581-24cb-4170-b9a0-6f141269aac7"
"220","API dan IAS","KNO","3","TOILET,D1 PRIA","KNO-TP-D01","4","Petugas ramah","4","4","4","4262658b-61e2-4929-9f48-24bfdde870de"
"221","API dan IAS","KNO","3","TOILET,D4 PRIA","KNO-TP-D04","5",,"5","5","5","f836097a-8e3b-443a-bea9-586de6c366b6"
"222","API dan IAS","CGK T2","1","TOILET T2E - ARRIVAL CORRIDOR WANITA","API&IAS-TOILET-CGK T2-CCA E TW","5","Toiletnya bagus ga ada yang kurang lagi pokok nya the best","5","5","4","0b7596bd-d165-4166-af96-83ebf2a1f2ef"
"223","API dan IAS","DPS","2","TOILET KEBERANGKATAN DOMESTIK GATE 1B (PRIA)","DPS-TOILET-DD08-P","4","Pertahankan wastafel selalu kondisi kering","4","4","4","86c63274-0d20-41c5-b7ad-485a8ffd8cdc"
"224","API dan IAS","DPS","2","TOILET KEBERANGKATAN DOMESTIK GATE 1B (WANITA)","DPS-TOILET-DD08-W","4","Accesoris toilet perlu pembaharuan","4","4","4","9c707c79-dcdf-4992-937c-4b5cffa97fe1"
"225","API dan IAS","KNO","3","TOILET,P2 PRIA","KNO-TP-P02","5","bagus","5","5","5","43ed4bd9-c4ce-4b61-a31d-324eaf39d224"
"226","API dan IAS","DPS","2","TOILET KEBERANGKATAN DOMESTIK CHECK IN BARAT (DIFABLE)","DPS-TOILET-DD01-DIFABLE","5","Fasilitas toilet disabilitas lengkap dan bersih ,harum","5","5","5","968a8c06-5647-48d4-bb1b-9629bef4d31a"
"227","API dan IAS","DPS","2","TOILET KEBERANGKATAN DOMESTIK CHECK IN BARAT (WANITA)","DPS-TOILET-DD01-W","5","Fasilitas toilet berfungsi dengan baik","5","5","5","f5133046-83c3-4810-bdb9-fa1c4508784c"
"228","API dan IAS","DPS","2","TOILET KEBERANGKATAN DOMESTIK CHECK IN BARAT (PRIA)","DPS-TOILET-DD01-P","5","Fasilitas lengkap dan bersih","5","5","5","a81a8499-4ec1-4f41-861b-b2c140753da8"
"229","API dan IAS","DPS","2","TOILET KEDATANGAN DOMESTIK R. KEDATANGAN BELAKANG KONTER TIC (PRIA + DIFABLE)","DPS-TOILET-AD02-P","4","Petugasnya ramah","4","4","4","9ba42084-84f8-4d8c-97f2-1160a5d74acf"
"230","API dan IAS","DPS","2","TOILET KEDATANGAN DOMESTIK LOBBY AKSES KARYAWAN (PRIA + DIFABLE)","DPS-TOILET-AD04-P","4","Toiletnya bersih","4","4","4","cff6a5f3-34e4-4fba-a008-7f215abd8cda"
"231","API dan IAS","DPS","2","TOILET KEBERANGKATAN DOMESTIK GATE 5-6 (WANITA + DIFABLE)","DPS-TOILET-DD04-W","4","Fasilitas sudah bagus , tingkatkan lagi ya","4","4","4","d18e5046-4802-47ce-b6f3-328d64fe3588"
"232","API dan IAS","DPS","2","TOILET KEDATANGAN DOMESTIK R. KEDATANGAN CONVEYOR 5 (PRIA)","DPS-TOILET-AD03-P","4","Bersih kering dan harum","4","4","4","745585cb-ca19-4d21-887f-7249de65be60"
"233","API dan IAS","KNO","3","TOILET,P2 PRIA","KNO-TP-P02","5","Terbaik","5","5","5","66810cb5-9f1b-4f1b-bcbb-7fb5a9df0f63"
"234","API dan IAS","DPS","2","TOILET KEBERANGKATAN DOMESTIK CHECK IN BARAT (DIFABLE)","DPS-TOILET-DD01-DIFABLE","5","Kebersihan toilet disabilitas dan keharuman sangat bagus","5","5","5","88406eff-88b5-4440-b6bf-f23684eb95c1"
"235","API dan IAS","DPS","2","TOILET KEBERANGKATAN DOMESTIK CHECK IN BARAT (PRIA)","DPS-TOILET-DD01-P","5","Toilet bersih petugas ramah","5","5","5","65a20e57-fb1e-4302-a056-99489ea18a93"
"236","API dan IAS","DPS","2","TOILET KEBERANGKATAN DOMESTIK LOBBY DEKAT POSKO (WANITA)","DPS-TOILET-DD03-W","5","toilet bersih tolong di pertahankan","5","5","5","89711a83-e4db-4b3e-a5c1-302fdac81930"
"237","API dan IAS","DPS","2","TOILET KEBERANGKATAN DOMESTIK LOBBY DEKAT POSKO (WANITA)","DPS-TOILET-DD03-W","5","toilet nya bersih harum tolong di pertahankan dan petugasnya juga sangat ramah.","5","5","5","46ca942e-9c74-4869-b86d-5b497a51de7c"
"238","API dan IAS","DPS","2","TOILET KEBERANGKATAN DOMESTIK GATE 1B (WANITA)","DPS-TOILET-DD08-W","5","Pengharum agar d tambah lagi","4","5","4","3de28b84-5f7a-488d-b2d5-652355620ba4"
"239","API dan IAS","DPS","2","TOILET KEBERANGKATAN DOMESTIK GATE 1B (PRIA)","DPS-TOILET-DD08-P","4","Agar kebersihan toilet dan keharuman toilet tetap d pertahankan","4","5","4","cca3b6d7-5747-45d8-a91e-aeb4629fe84b"
"240","API dan IAS","DPS","2","TOILET KEBERANGKATAN DOMESTIK GATE 1 (PRIA)","DPS-TOILET-TDD07-P","4","Keramahtamahan petugas sangat bagus","4","4","4","91de55e0-a391-4ccd-9b0e-76a39e73561d"
"241","API dan IAS","DPS","2","TOILET KEBERANGKATAN DOMESTIK GATE 2 (WANITA + DIFABLE)","DPS-TOILET-DD06-W","5","Toilet sudah bersih dan ditingkatkan lagi","5","5","5","86ba2622-3c7e-469e-aafb-6e44d24f700d"
"242","API dan IAS","DPS","2","TOILET KEBERANGKATAN DOMESTIK GATE 2 (WANITA + DIFABLE)","DPS-TOILET-DD06-W","4","Agar tetap di pertahankan kebersihan dan keharuman toilet","4","5","4","6d6ee562-91c8-4c50-8b65-91af8e58cba9"
"243","API dan IAS","DPS","2","TOILET KEBERANGKATAN DOMESTIK GATE 2 (PRIA + DIFABLE)","DPS-TOILET-DD06-P","4","Tetep di pertahankan kebersihan dan keharuman toilet","4","5","4","4ed7439b-1cb9-479f-967b-555ff8b5aa8a"
"244","API dan IAS","DPS","2","TOILET KEBERANGKATAN INTERNASIONAL LOBBY SISI BARAT (PRIA + DIFABLE)","DPS-TOILET-3B-P","5","bagus","5","5","5","cf6e8134-d7c6-4a33-a5ce-6b44b203e80d"
"245","API dan IAS","KNO","3","TOILET,A6 WANITA","KNO-TW-A06","5","Sudah cukup baik","5","5","5","04dacd93-acdc-4724-8518-2c7c64f99c60"
"246","API dan IAS","DPS","2","TOILET KEBERANGKATAN INTERNASIONAL ISLAND E TIMUR (WANITA)","DPS-TOILET-E.TIMUR-W","5",,"5","5","5","8864969a-4526-476f-a16e-6195bac2983f"
"247","API dan IAS","KNO","3","TOILET,P3 PRIA","KNO-TP-P03","5","Good","5","5","5","e6bf671b-6c35-4ff5-b271-00e6dac65b2c"
"248","API dan IAS","CGK T1","1","TOILET T1B - CORRIDOR AFTER SCP PRIA","CCD. B1","5","tambah fasilitas lagi antrinya panjang","5","5","5","b9902fa8-03f8-468b-bde7-5b61a3e46371"
"249","API dan IAS","CGK T1","1","TOILET T1B - BOARDING ROOM T1B-6 PRIA","B. BL6. P","5","SUDAH BAGUS DAN NYAMAN","5","5","5","2ac439d1-b47e-4fd7-9d3f-3da094759674"
"250","API dan IAS","KNO","3","TOILET,D2 PRIA","KNO-TP-D02","5","Tetap jaga kualitas kebersihan toiletnya ya","4","5","5","103c4b94-7dfe-4058-9ba0-481813500354"
"251","API dan IAS","DPS","2","TOILET KEBERANGKATAN DOMESTIK LOBBY DEKAT POSKO (PRIA)","DPS-TOILET-DD03-P","5",,"4","4","4","87f4ea48-bb15-4e9e-8624-8a778cdb6743"
"252","API dan IAS","CGK T1","1","TOILET T1A - CORRIDOR ARRIVAL PRIA","A.CCA.P","3","Toilet bau, seharusnya ada pewangi atau pengharum ruangan","4","5","4","3d34c2aa-5e4b-4489-ad14-2a3f80a134af"
"253","API dan IAS","CGK T1","1","TOILET T1A - CHECKIN WANITA","A. HCI. W","4",,"5","5","5","d1dfafca-4cab-4c2e-a288-ca166f1d89a7"
"254","API dan IAS","YIA","4","TOILET BAGGAGE CLAIM DOMESTIK WANITA","YIA-TOI-BCA-DOM-W","5","Tetap menjaga kebersihan","5","5","5","b50ef70c-61d5-4a11-a424-32beee3ed6ff"
"255","API dan IAS","CGK T1","1","TOILET T1A - CHECKIN PRIA","A. HCI. P","5","Wc sangat bersih","5","5","5","22b51565-3a5b-4e7d-bbf4-003c1adf0266"
"256","API dan IAS","KNO","3","TOILET,P2 PRIA","KNO-TP-P02","5","Semua bgs","5","5","5","3609a7b2-6bc8-454f-b128-96a86c640f05"
"257","API dan IAS","KNO","3","TOILET,D1 PRIA","KNO-TP-D01","4","Toilet bersih dan wangi","4","4","4","a3fc4421-917e-497e-9317-4d249f8702bc"
"258","API dan IAS","KNO","3","TOILET,A6 PRIA","KNO-TP-A06","5","bagusss","5","5","5","1a74b8d4-3d8a-4916-80a4-a3715954419c"
"259","API dan IAS","KNO","3","TOILET,P2 PRIA","KNO-TP-P02","5",,"5","5","5","42c2a243-35ee-49ae-9e00-e453d9321819"
"260","API dan IAS","KNO","3","TOILET,A7 PRIA","KNO-TP-A07","4",,"4","4","4","34eb18e1-f9cd-4fce-8450-d436354ede96"
"261","API dan IAS","CGK T1","1","TOILET T1A - BOARDING ROOM T1A-2 WANITA","A.BL2.W","5","Saya merasa puas atas pelayanannya, tapi salah satu scuritinya agak kasar","5","5","5","1540aade-2016-4522-b681-baee4cb8ed70"
"262","API dan IAS","CGK T2","1","TOILET T2D - BOARDING ROOM T2D-6 PRIA","API&IAS-TOILET-CGK T2-BL D6 TP","5","Petugas cewek cowok informatif , helpful minggu 16.11.25 jam 13:05 gate d6","5","5","5","4d38c1bc-2c86-4c0d-b105-e8c9c63c659d"
"263","API dan IAS","KNO","3","TOILET,P1 PRIA","KNO-TP-P01","5","Toilet nya bersih petugas nya Ramah","5","5","5","6fa1e46a-0510-4d77-be8e-4405d04ea2b0"
"264","API dan IAS","CGK T1","1","TOILET T1A - CHECKIN WANITA","A. HCI. W","4","Sangat baik pelayananannya saran utk lansia mhn toilet khusus krn tdh sempat antri sdh duluan keluar hajatnya tks","5","5","4","7b7eea50-f291-4bce-bc67-2fe402826824"
"265","API dan IAS","KNO","3","TOILET,P1 PRIA","KNO-TP-P01","5","Very clean","5","5","5","fbc07213-53f1-46d5-9c14-4431522ac21e"
"266","API dan IAS","SUB","4","T1,LOBBY 2 DANTE,PRIA","SUB-TOILE-T1-LOBBY 2 DANTE,PRIA","5","Tolong supaya semua toilet di bandara Juanda dilengkapi dengan speaker agar pengguna toilet dapat mendengar dan mengetahui setiap informasi penerbangan. Untuk speaker saat ini berada diluar toilet, jadi kurang maksimal untuk pengguna toilet.","5","5","5","849a6883-3082-49c8-8781-6b8f7be09925"
"267","API dan IAS","KNO","3","TOILET,P2 WANITA","KNO-TW-P02","5","Toilet nya bersih dan wangi, petugasnya juga ramah mau membatu ketika saya minta tolong","5","5","5","1f53b35c-c9c6-4638-8d37-f9cec9c96bd9"
"268","API dan IAS","CGK T2","1","TOILET T2E - BOARDING ROOM T2E-7 PRIA","API&IAS-TOILET-CGK T2-BL E7 TP","5",,"5","5","5","c8e5e6b6-040d-4244-9ba4-b5279ca21219"
"269","API dan IAS","KNO","3","TOILET,P2 PRIA","KNO-TP-P02","5","baik bersih wangi","5","5","5","03fd8155-c1b4-432e-a312-48d9dcfa162c"
"270","API dan IAS","CGK T1","1","TOILET T1A - CURBSIDE WANITA","A. PCI. W","4","Perlu perbaikan utk semprotan closet duduk , semprotan air nya kecil","4","2","4","f29d4b84-4275-45ee-93d9-399d757b6523"
"271","API dan IAS","KNO","3","TOILET,P2 PRIA","KNO-TP-P02","5","Toilet bersih petugas ramah sekali","5","5","5","a56ef211-db0d-42c3-93dd-a6e6e400e6fc"
"272","API dan IAS","KNO","3","TOILET,P2 PRIA","KNO-TP-P02","5","Bagus dan bersih","5","5","5","64e566d7-603c-4440-8fa2-176da8f7c856"
"273","API dan IAS","CGK T2","1","TOILET T2D - BAGGAGE CLAIM PRIA","API&IAS-TOILET-CGK T2-HCO D TP","5","Petugas kebersihan kurang ramah, biasakan minimal di lihat orang itu senyum","5","5","5","4432a39d-582e-4242-95df-1b238b9d54c3"
"274","API dan IAS","KNO","3","TOILET,A6 PRIA","KNO-TP-A06","5","Mantap sekali","5","5","5","508e644c-bbac-4dcc-8cd2-0dc25e25fe6c"
"275","API dan IAS","KNO","3","TOILET,P2 WANITA","KNO-TW-P02","5",,"5","5","5","c525193a-1204-4a30-a04d-eca3d9d333fc"
"276","API dan IAS","KNO","3","TOILET,P3 WANITA","KNO-TW-P03","5","tiada","5","5","5","4bd2e48e-5269-4247-98eb-92f76371f626"
"277","API dan IAS","CGK T2","1","TOILET T2E - BOARDING ROOM T2E-4 PRIA","API&IAS-TOILET-CGK T2-BL E4 TP","4","Tempat sholatnya lebih dibesarkan🙏","4","4","4","566e5510-4595-446c-8b79-9932428e3dfa"
"278","API dan IAS","KNO","3","TOILET,P1 PRIA","KNO-TP-P01","5","Toilet P1 pria the best, petugas nya ramah' Dan sopan santun","5","5","5","5a52732b-ffc3-48f6-a8a7-214334c884db"
"279","API dan IAS","CGK T2","1","TOILET T2D - BOARDING ROOM T2D-3 PRIA","API&IAS-TOILET-CGK T2-BL D3 TP","5","Oke","5","5","5","478854d5-ca32-4444-840b-a6b2867df416"
"280","API dan IAS","KNO","3","TOILET,P2 PRIA","KNO-TP-P02","5",,"5","5","5","9dedc40f-e77e-41a4-8f71-dd20a0f6f847"
"281","API dan IAS","KNO","3","TOILET,P2 PRIA","KNO-TP-P02","5","Bagus","5","5","5","e6681a6d-6851-4e3e-b225-5ee24df9da88"
"282","API dan IAS","CGK T2","1","TOILET T2E - BOARDING ROOM T2E-7 PRIA","API&IAS-TOILET-CGK T2-BL E7 TP","5","Pastikan kedua dispenser sabun ada isinya. Sisanya memuaskan","5","5","5","d91ed6b5-07fb-4ee9-b190-95a16c19e854"
"283","API dan IAS","CGK T2","1","TOILET T2E - BOARDING ROOM T2E-4 PRIA","API&IAS-TOILET-CGK T2-BL E4 TP","5","Sangat baik","5","5","5","956a3a90-90fe-44dd-bba2-75175d1535aa"
"284","API dan IAS","KNO","3","TOILET,P2 WANITA","KNO-TW-P02","5","The toilet very clean","5","5","5","bf74cc99-5f4e-4b9b-9e4c-9631054c6b4f"
"285","API dan IAS","KNO","3","TOILET,D2 WANITA","KNO-TW-D02","5","Sangat puas pelayan sangat ramah","5","5","5","54729743-ddac-4712-af64-3c29ec42cf2e"
"286","API dan IAS","KNO","3","TOILET,D2 WANITA","KNO-TW-D02","5","Pelayanan sangat bagus","5","5","5","0f08d40e-41e6-474a-bc81-e8b5f27ed6a3"
"287","API dan IAS","KNO","3","TOILET,P4 WANITA","KNO-TW-P04","5","Petugasnya ramah","5","5","5","82d585cf-8ab8-4d55-be88-d471b4bcdb4d"
"288","API dan IAS","CGK T1","1","TOILET T1A - BOARDING ROOM T1A-4 WANITA","A.BL4.W","5","Pertahankan kinerja","5","5","5","b6164e52-e925-450e-ba64-620a3cb2f3e3"
"289","API dan IAS","KNO","3","TOILET,A8 PRIA","KNO-TP-A08","5","Petugasnya ramah toiletnya bersih semoga tetap konsisten","5","5","5","52f75fd4-dcc2-428c-bf25-5e28f7256d14"
"290","API dan IAS","KNO","3","TOILET,P6 WANITA","KNO-TW-P06","5","Toilet nya sangat bersih dan wangi","5","5","5","e6bfb693-1abb-45eb-a59c-bf3f7b55142a"
"291","API dan IAS","KNO","3","TOILET,A8 PRIA","KNO-TP-A08","5","Toiletnya bersih wangi dan petugasnya sangat ramah dan pelayanannya juga bagus","5","5","5","9145dfb4-83da-4bdd-8223-059cfe01959e"
"292","API dan IAS","KNO","3","TOILET,A6 PRIA","KNO-TP-A06","5","Fasilitas lengkap","5","5","5","9ec75f04-7b23-4b79-ad10-08edbcaac220"
"293","API dan IAS","KNO","3","TOILET,A6 PRIA","KNO-TP-A06","5","Baik bersih","5","5","5","bf2d8efc-e6b2-4c0a-8417-6a53073d71b2"
"294","API dan IAS","KNO","3","TOILET,A6 PRIA","KNO-TP-A06","5","petugas nya harum, toilet nya bersih dan harum dan pelayanan nya sangat baik","5","5","5","60413728-f6fb-47f9-a5b7-ae5a45a77f59"
"295","API dan IAS","KNO","3","TOILET,A6 PRIA","KNO-TP-A06","5","Toilet nya bersih, dn berfungsi dgn baik","5","5","5","40636815-5800-4ad6-bd5a-f6917eb0f058"
"296","API dan IAS","KNO","3","TOILET,A5 PRIA","KNO-TP-A05","5","Pelayanan baik","5","5","5","55056eb3-20f0-4959-9612-a24eea599b78"
"297","API dan IAS","KNO","3","TOILET,A5 PRIA","KNO-TP-A05","5","Pelayanan baik","5","5","5","827dbaa2-628b-4fd2-bbd0-68e8cfa41366"
"298","API dan IAS","KNO","3","TOILET,A5 PRIA","KNO-TP-A05","5",,"5","5","5","8b4f7bef-a708-4867-87ac-7ecc4686cdfe"
"299","API dan IAS","KNO","3","TOILET,A5 WANITA","KNO-TW-A05","5","Toiletnya bersih, harum petugasnya ramah dan pelayanannya sangat baik","5","5","5","cfa42333-742e-4642-943b-37566d8f0d84"
"300","API dan IAS","KNO","3","TOILET,A8 PRIA","KNO-TP-A08","5","Fasilitas toilet baik berfungsi bersih dan nyaman","5","5","5","d0b3da9d-45fe-442e-bf36-cbd95f3d41ac"
"301","API dan IAS","KNO","3","TOILET,A3 WANITA","KNO-TW-A03","5","Bersih","5","5","5","b9770734-1d17-42dd-ab7a-1cbe644d8dee"
"302","API dan IAS","KNO","3","TOILET,A7 PRIA","KNO-TP-A07","5","Pelayanan sangat baik","5","5","5","db8a1d5e-3b2d-472e-894b-cf05ea21ed45"
"303","API dan IAS","KNO","3","TOILET,A6 PRIA","KNO-TP-A06","5","Wangi dan bersi petugas Rama tama","5","5","5","60bc669b-b769-4fe4-9039-3c686779b0b8"
"304","API dan IAS","KNO","3","TOILET,D1 PRIA","KNO-TP-D01","5","Pelayanan sangat baik","5","5","5","d75499ee-75e3-41db-aa24-0786de47612b"
"305","API dan IAS","KNO","3","TOILET,A5 PRIA","KNO-TP-A05","5","Pasilitas toilet nya lebih baik lagi","5","5","5","57b36b47-b4ee-4b47-bd3f-83e49b004cb0"
"306","API dan IAS","KNO","3","TOILET,A4 WANITA","KNO-TW-A04","5",,"5","5","5","3d64efe5-7cd5-4480-9a3c-c00b919ca85b"
"307","API dan IAS","KNO","3","TOILET,A6 PRIA","KNO-TP-A06","5","Petugas nya ramah 😀😀","5","5","5","c0611eab-701e-4aa8-a3b8-d4a8edb91186"
"308","API dan IAS","KNO","3","TOILET,A6 WANITA","KNO-TW-A06","5","Pelayanan nya sangat bagus","5","5","5","89b598f8-7117-4fa4-ac14-32c257ef18f2"
"309","API dan IAS","KNO","3","TOILET,A6 PRIA","KNO-TP-A06","5","Toilet bersih dan petugas ramah","5","5","5","0b1cedcf-5bc1-4e65-9702-056960fc11de"
"310","API dan IAS","KNO","3","TOILET,A7 WANITA","KNO-TW-A07","5",,"5","5","5","fe06102a-1e62-413b-8bd7-9ea855aa5c8e"
"311","API dan IAS","KNO","3","TOILET,A4 PRIA","KNO-TP-A04","5","Sangat memuaskan","5","5","5","a9525b66-41e9-4ff6-b96b-2655bbc40a44"
"312","API dan IAS","KNO","3","TOILET,D1 PRIA","KNO-TP-D01","5","Layanan sangat baik","5","5","5","b20e0df3-8c5a-4dde-b88f-73cc9e5f663e"
"313","API dan IAS","KNO","3","TOILET,A8 WANITA","KNO-TW-A08","5",,"5","5","5","b165549f-4481-4593-9cdf-7e548b44190b"
"314","API dan IAS","KNO","3","TOILET,A4 PRIA","KNO-TP-A04","5","Sangat puas dengan pelayanannya","5","5","5","561dbbc6-e0a4-4e60-881f-ff1bf0d1cc30"
"315","API dan IAS","KNO","3","TOILET,A3 WANITA","KNO-TW-A03","5",,"5","5","5","dcd51d8b-88de-45e0-8ef4-170ec32d6203"
"316","API dan IAS","KNO","3","TOILET,A3 PRIA","KNO-TP-A03","5","Pelayanan yang sangat ramah","5","5","5","8f88e0a9-7357-4ffc-ab78-ccf589e6a306"
"317","API dan IAS","KNO","3","TOILET,A7 WANITA","KNO-TW-A07","5","Toilet bersih dan petugas ramah","5","5","5","78add1ca-7357-4877-b20b-6c247be5e42b"
"318","API dan IAS","KNO","3","TOILET,A6 PRIA","KNO-TP-A06","4","Sangat puas dengan fasilitasnya","4","4","4","368bd13b-0495-4d4c-b0a2-08c0b71b53c2"
"319","API dan IAS","KNO","3","TOILET,D2 WANITA","KNO-TW-D02","5","Saya sangat kagum kualitas di bandara Kualanamu","5","5","5","6fd5537c-37fa-4e55-ab31-239d37d2e015"
"320","API dan IAS","KNO","3","TOILET,A6 PRIA","KNO-TP-A06","5",,"5","5","5","48b64756-81c0-49f5-86ec-25ed16ad14f4"
"321","API dan IAS","KNO","3","TOILET,A3 PRIA","KNO-TP-A03","5","Bersih wangi dan petugas ramah","5","5","5","77de7622-ed2b-40e0-8ca4-75dcaffc1bda"
"322","API dan IAS","KNO","3","TOILET,A6 WANITA","KNO-TW-A06","5","pelayanan sangat memuaskan","5","5","5","af2e8a86-a5ca-41ea-b5d4-cf7bd6a35890"
"323","API dan IAS","KNO","3","TOILET,A6 PRIA","KNO-TP-A06","5","Baik dan berfungsi","5","5","5","fe96e66f-c7eb-4a83-b99b-e946276b41b8"
"324","API dan IAS","KNO","3","TOILET,A5 PRIA","KNO-TP-A05","5","Bagus","5","5","5","9a924d36-859b-47ce-b025-fc92ea557083"
"325","API dan IAS","KNO","3","TOILET,A5 WANITA","KNO-TW-A05","5",,"5","5","5","f7552370-46da-4a03-bcb2-1ac998f2083d"
"326","API dan IAS","KNO","3","TOILET,A7 WANITA","KNO-TW-A07","5","Luar biasa","5","5","5","1c972d44-ec1f-4c9e-9133-ed80f9d06c7e"
"327","API dan IAS","KNO","3","TOILET,A3 WANITA","KNO-TW-A03","5","Bagus sekali","5","5","5","047a064c-14c3-46c3-9bc2-8217b35543c0"
"328","API dan IAS","KNO","3","TOILET,A3 PRIA","KNO-TP-A03","5","Bersih fasilitas berfungsi petugas ramah","5","5","5","5ee89cc7-0a72-4552-91e6-e4ab7dde4ad9"
"329","API dan IAS","KNO","3","TOILET,A4 PRIA","KNO-TP-A04","5","Toilet panas","5","5","5","f1037d7c-33cb-4596-9120-f2d567deedb4"
"330","API dan IAS","KNO","3","TOILET,A5 WANITA","KNO-TW-A05","5","Fasilitas lengkap,baik dan berfungsi","5","5","5","ded44edb-6cae-44c8-994d-216ab233edb7"
"331","API dan IAS","KNO","3","TOILET,A8 WANITA","KNO-TW-A08","5","Toilet bersih dan petugas ramah","5","5","5","7c847269-be7c-46b8-8ead-7ace62222185"
"332","API dan IAS","KNO","3","TOILET,A6 PRIA","KNO-TP-A06","5","Sangat memuaskan dan bersih","5","5","5","6064545d-7c57-4ba9-84be-c850cf4eafc3"
"333","API dan IAS","KNO","3","TOILET,A8 PRIA","KNO-TP-A08","5","Toilet nya bersih,harum,semua fasilitas tersedia,dan petugasnya ramah","5","5","5","3f948bac-a4df-4947-9267-5be3078cbdcd"
"334","API dan IAS","KNO","3","TOILET,A4 WANITA","KNO-TW-A04","5","toilet bersih","5","5","5","a075d2e7-2d44-4882-b73d-bae970309811"
"335","API dan IAS","KNO","3","TOILET,A6 PRIA","KNO-TP-A06","5","Baik","5","5","5","aa047318-8892-4fb3-abfd-aff5faf073b7"
"336","API dan IAS","KNO","3","TOILET,A6 PRIA","KNO-TP-A06","5","Sudah baik dan bersih","5","5","5","ffebffc5-c5ae-49b3-a686-e61ef8a647ab"
"337","API dan IAS","CGK T2","1","TOILET T2E - BOARDING ROOM T2E-7 PRIA","API&IAS-TOILET-CGK T2-BL E7 TP","2","Tidak friendly untuk orang yang sudah berumur dikarenakan toiletnya dibawah, jadi harus lewat tangga yang cukup banyak hanya untuk ke toilet saja","5","5","5","7e8657a3-651a-4a9a-b878-c1084f99b9ed"
"338","API dan IAS","KNO","3","TOILET,D1 PRIA","KNO-TP-D01","5","Great","5","5","5","29ff9250-fc19-4741-b2c7-981d17819673"
"339","API dan IAS","KNO","3","TOILET,A7 PRIA","KNO-TP-A07","5","Petugasnya ramah dan toiletnya juga bersih","5","5","5","2ed1ac58-2943-4b90-ab7f-634443ba26c7"
"340","API dan IAS","KNO","3","TOILET,A7 WANITA","KNO-TW-A07","5","petugas sangat tanggap dan ramah,toilet bersih","5","5","5","e6595581-c4d8-4e54-bfb2-68cfd3ce85b1"
"341","API dan IAS","KNO","3","TOILET,A5 WANITA","KNO-TW-A05","3","Bauk","3","4","1","eab7c9ce-8684-4fef-87a2-776db7d0a868"
"342","API dan IAS","KNO","3","TOILET,A6 PRIA","KNO-TP-A06","5","bersihhh","5","5","5","e77be879-75ce-447d-84c1-ed66c3dd3d7c"
"343","API dan IAS","KNO","3","TOILET,D2 WANITA","KNO-TW-D02","5","Saya sangat kagum dengan pelayanan dan Griting karyawan bandara Kualanamu","5","5","5","81035345-4615-4419-8d24-dab50c0e80b7"
"344","API dan IAS","KNO","3","TOILET,A3 WANITA","KNO-TW-A03","5","Sudah baik","5","5","5","bce4ab26-b7aa-4e1d-b5cd-c6dc1da16926"
"345","API dan IAS","KNO","3","TOILET,P4 WANITA","KNO-TW-P04","5","Tidak ada","5","5","5","9378f171-f3b7-42d4-ad5b-ca510acd9c52"
"346","API dan IAS","KNO","3","TOILET,P4 WANITA","KNO-TW-P04","5","Over all oke","5","5","5","4810afda-83c7-4d6c-a034-edcba4451e7d"
"347","API dan IAS","CGK T2","1","TOILET T2E - ARRIVAL CORRIDOR WANITA","API&IAS-TOILET-CGK T2-CCA E TW","5","Sangat baik","5","5","5","180058bb-7745-425f-8607-dd3f7fa59c9b"
"348","API dan IAS","KNO","3","TOILET,D2 WANITA","KNO-TW-D02","5","Sengat baik","4","4","4","59d31f28-5d6f-4e81-a856-eb89864d532d"
"349","API dan IAS","CGK T1","1","TOILET T1A - BOARDING ROOM T1A-5 PRIA","A.BL5.P","4","airnya kecil, tolong diperbaiki","4","4","4","85679cc9-ce24-4de2-bcf5-f08ba7a6a940"
"350","API dan IAS","KNO","3","TOILET,P5 WANITA","KNO-TW-P05","5","Kerenn","5","5","5","ac60935e-a5de-466d-ab15-71d85d90145c"
"351","API dan IAS","KNO","3","TOILET,A6 WANITA","KNO-TW-A06","5",,"5","5","5","19462a53-83b1-4a3f-b556-7f7772fae301"
"352","API dan IAS","KNO","3","TOILET,A8 PRIA","KNO-TP-A08","5",,"5","5","5","68e5aa5f-d796-42c4-8e4f-b3587ad6f0c0"
"353","API dan IAS","KNO","3","TOILET,A7 PRIA","KNO-TP-A07","5","TerimaKasih Banyak. Tetap selalu di jaga ya Toiletnya. Terima Kasih","5","5","5","97c7e28c-d693-404c-b5c1-0814732dc1a2"
"354","API dan IAS","KNO","3","TOILET,D1 PRIA","KNO-TP-D01","5","Pelayanan sangat memuaskan","5","5","5","3dcaac3a-c426-4e03-a6de-6ff68e4df56b"
"355","API dan IAS","CGK T2","1","TOILET T2E - ARRIVAL CORRIDOR WANITA","API&IAS-TOILET-CGK T2-CCA E TW","5","Sudah sempurna, pelu tambah fasilitas lagi supaya tidak menumpuk pengguna","5","5","5","a0a98c6e-6d31-41ae-b7c1-35432d7a9f77"
"356","API dan IAS","KNO","3","TOILET,D1 PRIA","KNO-TP-D01","5","pelayanan sangat memuaskan","5","5","5","459395f2-6c99-46d7-99d1-c7f1ea90b684"
"357","API dan IAS","KNO","3","TOILET,D1 WANITA","KNO-TW-D01","5","Sangat puas dengan pasilitas dan keramahan petugas toiletnya","5","5","5","5207c6d4-5bac-4f38-b297-49e1d9e67515"
"358","API dan IAS","KNO","3","TOILET,D3 WANITA","KNO-TW-D03","5","Toiletnya bersih dan petugasnya ramah","5","5","5","7ef47002-61eb-4a37-92fb-b9c3eca8e0d6"
"359","API dan IAS","KNO","3","TOILET,D2 PRIA","KNO-TP-D02","5","Sangat bersih","5","5","5","c0f36ade-7182-40de-8a94-d6a8bd6ffa6d"
"360","API dan IAS","KNO","3","TOILET,D4 WANITA","KNO-TW-D04","5","Baik dan sopan","5","5","5","57e1c4a0-3cd9-4401-a625-9802e924e11e"
"361","API dan IAS","KNO","3","TOILET,D2 WANITA","KNO-TW-D02","5",,"5","5","5","08ab7cda-3569-43d1-8b3d-8337d1e49598"
"362","API dan IAS","KNO","3","TOILET,D3 WANITA","KNO-TW-D03","5",,"5","5","5","8a68160f-d078-4d03-90ee-bfc9a7d42db6"
"363","API dan IAS","KNO","3","TOILET,D4 WANITA","KNO-TW-D04","5",,"5","5","5","a500cc4b-75c0-4a6f-86ce-a37b9ceb8c2e"
"364","API dan IAS","KNO","3","TOILET,P3 WANITA","KNO-TW-P03","5","Toilet bersih,petugas ramah,","5","5","5","acfd84b4-315c-41c0-a280-b0298dde15a4"
"365","API dan IAS","KNO","3","TOILET,D2 WANITA","KNO-TW-D02","5","Toilet nya bersih wangi dan petugas nya ramah","5","5","5","10d09d76-24bd-4a71-867e-cff3ce44ecbd"
"366","API dan IAS","KNO","3","TOILET,D3 WANITA","KNO-TW-D03","5","toiletnya bersih dan wangi","5","5","5","2cd5c52e-910f-497b-b9de-73a998dd4b22"
"367","API dan IAS","KNO","3","TOILET,D1 WANITA","KNO-TW-D01","5",,"5","5","5","90122631-6690-4073-a10d-06b1fbd854a7"
"368","API dan IAS","KNO","3","TOILET,D4 WANITA","KNO-TW-D04","5","Luar biasa","5","5","5","9d15c3b6-4c20-4132-9927-5c80d8912c27"
"369","API dan IAS","KNO","3","TOILET,D1 PRIA","KNO-TP-D01","5","Sangat puas","5","5","5","976293e2-b04e-4f8c-b1b6-7432236a1a0f"
"370","API dan IAS","KNO","3","TOILET,D3 PRIA","KNO-TP-D03","5","Pelayanannya sangat memuaskan, dan ramah tama","5","5","5","500e2c7f-74ff-4485-b91b-f0489a07bbfa"
"371","API dan IAS","KNO","3","TOILET,D4 PRIA","KNO-TP-D04","5","Pelayanan nya sangat bagus","5","5","5","85ca1b76-cabd-45e0-86f2-4038f652c2ae"
"372","API dan IAS","KNO","3","TOILET,D4 PRIA","KNO-TP-D04","5","Pelayanan sangat memuaskan","5","5","5","53782f50-1459-4178-b10f-407eb214c952"
"373","API dan IAS","KNO","3","TOILET,D3 WANITA","KNO-TW-D03","5","Petugas ramah","5","5","5","c8b4098a-b212-4380-94a6-7e7b94442b66"
"374","API dan IAS","KNO","3","TOILET,D3 PRIA","KNO-TP-D03","5","Untuk pelayanan saya sangat puas. Bagus","5","5","5","f35d76d1-7811-4c4c-8031-df030d25fb62"
"375","API dan IAS","KNO","3","TOILET,D1 WANITA","KNO-TW-D01","5","Luar biasa","5","5","5","f1c2c689-5ea9-42b9-b9ed-af032137360f"
"376","API dan IAS","KNO","3","TOILET,P3 WANITA","KNO-TW-P03","5","fasilitasnya baik dan berfungsi","5","5","5","f12cb1f6-b28a-4c35-8bfa-cb9673f1134b"
"377","API dan IAS","KNO","3","TOILET,D2 WANITA","KNO-TW-D02","5","Baik bersih dan ramah","5","5","5","d572c2c7-2c76-4ea3-a317-4387099383b9"
"378","API dan IAS","KNO","3","TOILET,D2 WANITA","KNO-TW-D02","5","Baik bersih dan ramah","5","5","5","1ea7a2c2-9272-42ac-92bd-c20a3a429ffe"
"379","API dan IAS","KNO","3","TOILET,D3 PRIA","KNO-TP-D03","5","Toilet nya bersih dan wangi","5","5","5","f1c8bda2-81f3-4a9d-862d-24aa28906225"
"380","API dan IAS","KNO","3","TOILET,D1 WANITA","KNO-TW-D01","5","Fasilitas lengkap,berfungsi","5","5","5","457341a0-734a-485c-918b-535f000bb0a2"
"381","API dan IAS","KNO","3","TOILET,D2 PRIA","KNO-TP-D02","5",,"5","5","5","d430b1da-c267-4576-be6a-846e35cbc431"
"382","API dan IAS","KNO","3","TOILET,D3 WANITA","KNO-TW-D03","5","petugas ramah dan sopan","5","5","5","23eaf6df-4558-4e32-9b5f-923160360429"
"383","API dan IAS","KNO","3","TOILET,D3 PRIA","KNO-TP-D03","5","Pelayanan sangat memuaskan","5","5","5","579acfbd-e39d-4db2-b489-a7c84ca6c14f"
"384","API dan IAS","KNO","3","TOILET,A5 PRIA","KNO-TP-A05","5","Toilet nya lebih baik lagi kedepannya","5","5","5","5b2a7331-3a5a-4a7f-959c-f43543d2b32f"
"385","API dan IAS","KNO","3","TOILET,D3 PRIA","KNO-TP-D03","5","Saran saya petugasnya harus lebih baik lagi","4","5","5","7e86357d-5b3c-4412-9539-23c3a24df0af"
"386","API dan IAS","KNO","3","TOILET,D1 PRIA","KNO-TP-D01","5",,"5","5","5","a3a0ea69-e489-4cd7-8a83-ed08a0329a68"
"387","API dan IAS","KNO","3","TOILET,D1 PRIA","KNO-TP-D01","5","Pasilitas toilet harus mkin baik lagi","5","5","5","1904a631-4a91-4ef9-8756-6135b4ae1d8a"
"388","API dan IAS","KNO","3","TOILET,D3 WANITA","KNO-TW-D03","5","toilet bersi wangi. petugas baik","5","5","5","9ca9d6bb-97d3-4096-a7d2-aa6e7cd314e5"
"389","API dan IAS","KNO","3","TOILET,D2 PRIA","KNO-TP-D02","5",,"5","5","5","8c7a4f7c-257e-420f-a67a-ef82ab8dc9f5"
"390","API dan IAS","KNO","3","TOILET,D3 WANITA","KNO-TW-D03","5","Toilet beraih","5","5","5","63c08309-2f90-4a57-bcfa-3aee65608c5c"
"391","API dan IAS","KNO","3","TOILET,D2 WANITA","KNO-TW-D02","5","Toiletnya bersih,harum, fasilitas semua berfungsi","5","5","5","77154359-34e3-474a-920a-203cfd64e949"
"392","API dan IAS","KNO","3","TOILET,D2 WANITA","KNO-TW-D02","5","toilet bersih","5","5","5","e35d9860-c0d7-44a4-aff0-7c157c687920"
"393","API dan IAS","KNO","3","TOILET,D1 PRIA","KNO-TP-D01","5","Toilet bersih, petugasnya juga ramah","5","5","5","1c99c7ef-d12d-4d57-a795-22ba60b70098"
"394","API dan IAS","KNO","3","TOILET,D3 PRIA","KNO-TP-D03","5","toilet bersih dan petugas ramah","5","5","5","42f37bb4-ac1c-4717-94c2-cab3afc93c16"
"395","API dan IAS","KNO","3","TOILET,D1 PRIA","KNO-TP-D01","5","Toilet ny bagus petugasny Rama semoga kedpn ny mkin maju dan sukses","5","5","5","94ec9250-5321-4246-9c45-f5a5e12eee1e"
"396","API dan IAS","KNO","3","TOILET,D1 PRIA","KNO-TP-D01","5","Mantap toilet bersih wangi dan petugas sangat ramah","5","5","5","86cae697-8d33-4bd6-bfab-8bda305a9025"
"397","API dan IAS","KNO","3","TOILET,D1 PRIA","KNO-TP-D01","5","semua baik","5","5","5","3da35255-65b5-4b51-b83f-220dc143728f"
"398","API dan IAS","KNO","3","TOILET,D2 PRIA","KNO-TP-D02","5","Pelayanan sangat baik dan toiletnya harum","5","5","5","488433bc-2cf6-45a3-8f65-9f1716a8beb7"
"399","API dan IAS","KNO","3","TOILET,D2 PRIA","KNO-TP-D02","4","Tetap dipertahankan kinerja karyawan dan diperhatikan juga upahnya.","4","4","4","627005c1-9438-4749-994c-36f167ea59a9"
"400","API dan IAS","KNO","3","TOILET,P5 PRIA","KNO-TP-P05","5",,"5","5","5","7c793744-4e9f-4a19-a26b-30f3541aacae"
"401","API dan IAS","KNO","3","TOILET,P3 PRIA","KNO-TP-P03","5",,"5","5","5","bb434e49-124d-4435-a145-5ef6c928ccba"
"402","API dan IAS","CGK T2","1","TOILET T2E - BOARDING ROOM T2E-7 PRIA","API&IAS-TOILET-CGK T2-BL E7 TP","4","Bagus","4","4","4","c1c3a67d-2960-44ba-ba0b-f240393c8a3e"
"403","API dan IAS","CGK T2","1","TOILET T2D - ARRIVAL CORRIDOR WANITA","API&IAS-TOILET-CGK T2-CCA D TW","5","Bersih","5","5","5","f0406c82-0f37-455a-8335-7abdef2c4320"
"404","API dan IAS","SUB","4","T1,LOBBY 1 ULTIMATE,PRIA","SUB-TOILE-T1-LOBBY 1 ULTIMATE,PRI","4","Petugasnya lbh gercep lgi u mengepel lantai yg basah dekat uranior","4","5","5","cde9ba25-fec5-4de4-866a-e412d6f8899f"
"405","API dan IAS","CGK T2","1","TOILET T2D - BAGGAGE CLAIM PRIA","API&IAS-TOILET-CGK T2-HCO D TP","4",,"4","4","3","fd8189cc-a9f0-4401-94f0-6b5eb5129d1d"
"406","API dan IAS","YIA","4","TOILET MEZZANINE TIMUR WANITA","YIA-TOI-MZ-T-W","5","Toilet luas bersih wangi
Yg jaga juga ramah","5","5","5","872bf235-e430-438f-80e3-23f1799d766b"
"407","API dan IAS","KNO","3","TOILET,D4 WANITA","KNO-TW-D04","5","Sudah sangat bersih tq","5","5","5","421a8059-ad42-4089-9257-222e11b88e6f"
"408","API dan IAS","KNO","3","TOILET,P5 PRIA","KNO-TP-P05","5","Baik dan bersih","5","5","4","d4a45278-f643-415d-b9f7-8a445ac5a79d"
"409","API dan IAS","KNO","3","TOILET,P5 PRIA","KNO-TP-P05","5","Bersih, wangi dan petugas ramah","5","5","5","6733fc64-125e-496c-b172-87bc75f93486"
"410","API dan IAS","KNO","3","TOILET,P4 WANITA","KNO-TW-P04","5","Luar biasa","5","5","5","442ca389-3c9f-4c23-b755-73ab5e4b1072"
"411","API dan IAS","KNO","3","TOILET,P4 PRIA","KNO-TP-P04","5","Fasilitasnya bagus","5","5","5","cb905d97-dce0-4170-ad43-479e336ef9c4"
"412","API dan IAS","KNO","3","TOILET,P3 PRIA","KNO-TP-P03","5","Toilet bagus bersih rapi dan harum","5","5","5","8a9e31a7-78f4-44a7-b235-3508714190e2"
"413","API dan IAS","KNO","3","TOILET,P3 PRIA","KNO-TP-P03","5","Mantap toilet bagus bersih rapi wangi","5","5","5","14e75811-2ea0-48c7-bef0-fcef51fbc9f1"
"414","API dan IAS","KNO","3","TOILET,P4 PRIA","KNO-TP-P04","5","Toilet' nya bagus bersih dan wangi 👍","5","5","5","1053af32-e50e-40de-99cf-154db9b71c58"
"415","API dan IAS","KNO","3","TOILET,P1 PRIA","KNO-TP-P01","5","Toilet bersih dan rapi","5","5","5","515ab7e6-f56c-4f40-b996-15790770eec8"
"416","API dan IAS","KNO","3","TOILET,P4 WANITA","KNO-TW-P04","5","sangat baik","5","5","5","52163e8e-722b-4c56-807b-cb78b81dcdcc"
"417","API dan IAS","KNO","3","TOILET,P6 WANITA","KNO-TW-P06","5","Sangat puas dengan Pasilitas yg lengkap","5","5","5","d69bbcd5-729c-4be0-ba0b-e69c45bde8d9"
"418","API dan IAS","KNO","3","TOILET,P2 WANITA","KNO-TW-P02","5","Pelayanan sangan memuaskan","5","5","5","365f8c98-1cb7-420e-8842-273832a868de"
"419","API dan IAS","KNO","3","TOILET,P3 WANITA","KNO-TW-P03","5","Toiletnya bersih harum sangat memuaskan","5","5","5","160ec540-51dc-4360-9dca-05d3078c19f1"
"420","API dan IAS","KNO","3","TOILET,P6 PRIA","KNO-TP-P06","5","Kebersihan toilet y sangat bgus,dn ramah tamah y baik","5","5","5","0e3f1377-6561-45fb-8203-1143a8963979"
"421","API dan IAS","KNO","3","TOILET,P4 WANITA","KNO-TW-P04","4","Fasilitas sangat berguna dan memudahkan semua pengguna jasa","4","4","4","217d61fe-ee31-4593-8ec5-4d31545585bf"
"422","API dan IAS","KNO","3","TOILET,P3 WANITA","KNO-TW-P03","5","Toiletnya bersih rapi wangi","5","5","5","eeb5ba04-24b7-4f61-b161-ed9d6f4eb62c"
"423","API dan IAS","KNO","3","TOILET,P4 WANITA","KNO-TW-P04","5","Luar biasa","5","5","5","153f6913-6b40-4f16-86f7-adeadf2509d5"
"424","API dan IAS","KNO","3","TOILET,P6 PRIA","KNO-TP-P06","5","Toilet sangat bersih dan wangi","5","5","5","cf3250b9-151b-496e-9bb2-787b4702413a"
"425","API dan IAS","KNO","3","TOILET,P1 WANITA","KNO-TW-P01","5","Fasilitas lengkap","5","5","5","ea8ba2c4-ffb0-41e0-8765-f39190ce753b"
"426","API dan IAS","KNO","3","TOILET,P1 WANITA","KNO-TW-P01","4","baik dan ramah","5","4","4","26106548-f69f-4df9-ab73-c37b80b6cb38"
"427","API dan IAS","KNO","3","TOILET,P3 PRIA","KNO-TP-P03","5","Semoga lebih konsisten pelayanannya","5","5","5","129b8677-d112-41ea-80bc-fe3eaa4968ee"
"428","API dan IAS","KNO","3","TOILET,P3 WANITA","KNO-TW-P03","5",,"5","5","5","051d287d-6141-45cf-9cea-615688d4621f"
"429","API dan IAS","KNO","3","TOILET,P4 PRIA","KNO-TP-P04","5","Fasilitasnya sangat baik dan berfungsi","5","5","5","ff05fbb7-c4eb-4fc7-ac25-32878ea71a9a"
"430","API dan IAS","KNO","3","TOILET,P4 WANITA","KNO-TW-P04","5","toilet bersi petugas ramah","5","5","5","34d4f86f-6857-4c94-88e6-d351f8e76519"
"431","API dan IAS","KNO","3","TOILET,P4 PRIA","KNO-TP-P04","5","Fasilitasnya lengkap dan berfungsi dengan baik","5","5","5","78cc74bc-5644-4a68-a46f-b5c6424e15bf"
"432","API dan IAS","KNO","3","TOILET,P4 PRIA","KNO-TP-P04","5","Toiket bersih dan wangi","5","5","5","4cb29153-3c5b-483a-80ae-c96a8f1ad2e4"
"433","API dan IAS","KNO","3","TOILET,P3 PRIA","KNO-TP-P03","5","Pasilitas nya sudah memadai hanya saja bagai mana agar terus update bila ada inovasi terbaru yang lebih canggih nnti nya akan sangat uar biasa","5","5","5","5c902bf9-e278-4171-977e-762c013beebb"
"434","API dan IAS","KNO","3","TOILET,P4 WANITA","KNO-TW-P04","5","Toilet  bersih. dan pwtugasnya ramah","5","5","5","e5038d75-71d7-438c-847a-dc7c2421e303"
"435","API dan IAS","KNO","3","TOILET,P3 WANITA","KNO-TW-P03","5","Petugas sangat ramah,toilet bersih","5","5","5","27f3de57-a9b5-4d4a-8913-7863a9f20075"
"436","API dan IAS","KNO","3","TOILET,P4 PRIA","KNO-TP-P04","5","Fasilitas cukup. Bah kan sangat baik, untuk kerbersihan nya juga cukup baik","5","5","4","c31a397d-1f27-408c-834a-56443e157fa9"
"437","API dan IAS","KNO","3","TOILET,P3 PRIA","KNO-TP-P03","5","Baik lengkap dan berfungsi","5","5","5","4b1c18a1-49a5-4c09-a07e-ff30459bdc8a"
"438","API dan IAS","KNO","3","TOILET,P4 WANITA","KNO-TW-P04","5","Fasilitasnya lengkap dan berfungsi dengan baik","5","5","5","62f7ddb2-9fdd-4a74-a53d-d203330eda44"
"439","API dan IAS","KNO","3","TOILET,P2 WANITA","KNO-TW-P02","5","Sangat bagus","5","5","5","d5001db0-2310-43e9-9d52-7d935e8d8027"
"440","API dan IAS","KNO","3","TOILET,P2 WANITA","KNO-TW-P02","5","Pelayanan sangat baik toilet bersih, wangi , dan petugas sangat sopan .","5","5","5","276625c5-0ea6-4efb-b199-8fac95303d72"
"441","API dan IAS","KNO","3","TOILET,P4 WANITA","KNO-TW-P04","5","Toiletnya bersih","5","5","5","6e498a03-aac6-4331-8bb4-48ac1cb069f5"
"442","API dan IAS","KNO","3","TOILET,P4 WANITA","KNO-TW-P04","5","fasilitasnya lengkap dan baik","5","5","5","9a5698fc-d8a2-49c0-af5d-91bfc89cf28e"
"443","API dan IAS","KNO","3","TOILET,P4 WANITA","KNO-TW-P04","5","toilet bersih petuganya sangat ramah.. bikin nyaman","5","5","5","266cf9f5-41f4-47f0-b52c-03c51e7b71c1"
"444","API dan IAS","KNO","3","TOILET,P4 WANITA","KNO-TW-P04","5","Petugas toilet ramah","5","5","5","decca216-ac1a-428e-b1b0-e4d84e8c5e44"
"445","API dan IAS","KNO","3","TOILET,P2 PRIA","KNO-TP-P02","5","Petugas nya ramah,,,mudah senyum, toilet nya juga bersih dan harum,,,, harapan nya terus di pertahankan 😀😃😃","5","5","5","2ac817f0-f341-4407-b8cc-aea1eddbb15f"
"446","API dan IAS","KNO","3","TOILET,P3 WANITA","KNO-TW-P03","5","Fasilitas toilet lengkap,berfungsi dengan baik","5","5","5","e9e766d7-aa25-4933-b185-c2fc105f3bdb"
"447","API dan IAS","KNO","3","TOILET,P4 WANITA","KNO-TW-P04","5","Layanan sangat memuaskan","5","5","5","335ba412-6605-4c2d-b98a-901e739af74d"
"448","API dan IAS","KNO","3","TOILET,P3 PRIA","KNO-TP-P03","5",,"5","5","5","adc192b1-84cd-4e49-b1e6-dd4c12da5e19"
"449","API dan IAS","KNO","3","TOILET,P5 WANITA","KNO-TW-P05","5","Sangat bagus","5","5","5","8ccbee8b-db4a-417c-999f-343679344868"
"450","API dan IAS","KNO","3","TOILET,A8 WANITA","KNO-TW-A08","5","Suka sama keramahan mb² nya yg bertugas di toilet kedatangan lt.1 yg berlokasi setelah turun tangga eskalator belok kiri kalo kita baru landing.toilet bersih, petugas ramah.

Utk survey penilaiannya pake cara yg sebelumnya aja donk.
Ribet pake barcode.
Yg lama kan bisa langsung.","5","5","5","5bed3811-c7f0-4562-b17e-cc13f420bd34"
"451","API dan IAS","KNO","3","TOILET,P5 PRIA","KNO-TP-P05","5","Sangat bagus","5","5","5","8d94866a-4a5a-449d-893b-3bbbe53c2cdd"
"452","API dan IAS","KNO","3","TOILET,P3 PRIA","KNO-TP-P03","5","Pelayanan sangat memuaskan","5","5","5","2b71e103-c3f0-4127-92b1-ecba88f81498"
"453","API dan IAS","KNO","3","TOILET,P2 WANITA","KNO-TW-P02","4","Baik","4","4","4","01711a80-b914-4974-acac-abcd6d2fac61"
"454","API dan IAS","KNO","3","TOILET,P3 PRIA","KNO-TP-P03","5","Pelayanan sangat memuas kan","5","5","5","5200e9fc-b0e7-482b-9942-8e9ddefbf4bb"
"455","API dan IAS","KNO","3","TOILET,P4 PRIA","KNO-TP-P04","5","Toiletnya wangi,bersih,petugasnya ramah,","5","5","5","732c90ad-7779-4f54-bd34-1eb50ae46800"
"456","API dan IAS","KNO","3","TOILET,P4 PRIA","KNO-TP-P04","5","Semoga pasilitas nya lebih baik lagi kedepannya","5","5","5","d95dda78-d743-4af1-baf5-468fcede71e0"
"457","API dan IAS","KNO","3","TOILET,P4 WANITA","KNO-TW-P04","5","toilet sangat bersih,petugasnya ramah","5","5","5","eafb1322-d11e-44e6-9e09-4a49ccf0ba3e"
"458","API dan IAS","KNO","3","TOILET,P3 PRIA","KNO-TP-P03","5","Layanan sangat memuaskan","5","5","5","425f8519-4c9b-4805-8422-db088df0450d"
"459","API dan IAS","KNO","3","TOILET,P3 PRIA","KNO-TP-P03","5","Bersih wangi dan pelayanan baik","5","5","5","ec7685fe-0142-447d-9b47-ec0911dc00f3"
"460","API dan IAS","KNO","3","TOILET,P3 PRIA","KNO-TP-P03","5","Pelayanan sangat memuaskan","5","5","5","629c81ee-283c-4d93-b770-dec7aa02dd43"
"461","API dan IAS","KNO","3","TOILET,P1 PRIA","KNO-TP-P01","5",,"5","5","5","a04d89d7-d705-409c-a8fb-b518e3cb499c"
"462","API dan IAS","KNO","3","TOILET,A6 PRIA","KNO-TP-A06","5","Pasilitas toilet nya sangat baik","5","5","5","05fc7d7e-5b59-4d99-9b67-45ac0db483aa"
"463","API dan IAS","KNO","3","TOILET,D2 PRIA","KNO-TP-D02","5","Sangat ramah dalam pelayanan","5","5","5","a8df0e3e-65ab-406c-9ff1-709d61814375"
"464","API dan IAS","KNO","3","TOILET,D4 PRIA","KNO-TP-D04","5","Sangat puas akan pelayanan","5","5","5","0d2515f9-9684-4add-b9cf-32fa9e3b357a"
"465","API dan IAS","KNO","3","TOILET,A6 PRIA","KNO-TP-A06","5","Toilet sangat baik","5","5","5","b1e4076b-bec9-427c-8e0a-2b11a48a5528"
"466","API dan IAS","KNO","3","TOILET,D1 PRIA","KNO-TP-D01","5","Sangat memuaskan","5","5","5","9dfe3213-e352-413c-9b28-2df964fde634"
"467","API dan IAS","KNO","3","TOILET,D1 PRIA","KNO-TP-D01","5","Sengat puas akan pelayanannya","5","5","5","a844ac40-bb3b-420c-97cd-0cc5536d74ac"
"468","API dan IAS","CGK T2","1","TOILET T2D - BAGGAGE CLAIM PRIA","API&IAS-TOILET-CGK T2-HCO D TP","4",,"1","3","2","16339cc1-b9d8-4f0b-917e-40df305ee0e0"
"469","API dan IAS","CGK T1","1","TOILET T1A - BAGGAGE CLAIM WANITA","A.CCAT.W","5","Toilet nya bersih, terus akses dari musholla ke toilet tu deket jd mudah bgt","5","5","5","876eba42-e4cc-4179-a3ff-eebcd03fcc59"
"470","API dan IAS","KNO","3","TOILET,D1 WANITA","KNO-TW-D01","5","Pelayanan petugas toilet ramah sangat memuaskan dan toilet,urinal,whestafel bersih.","5","5","5","99eafe14-835e-4d6b-a052-9f6973a50bf3"
"471","API dan IAS","KNO","3","TOILET,P2 WANITA","KNO-TW-P02","5","Toilet nya bersih petugas ny ramah","5","5","5","ef891d0b-287f-42f2-970a-ba56d95450ab"
"472","API dan IAS","CGK T1","1","TOILET T1A - BOARDING ROOM T1A-6 WANITA","A.BL6.W","5","Musholla & t4 wudhu utk muslim muslimah agar dipisah","4","5","5","e0561e5e-2581-46d0-9d7e-4479d92aa8f0"
"473","API dan IAS","KNO","3","TOILET,D6 WANITA","KNO-TW-D06","5",,"5","5","5","10ce80bb-6db8-4dc6-835d-794feecf455e"
"474","API dan IAS","KNO","3","TOILET,A8 PRIA","KNO-TP-A08","5","Fasilitas baik berfungsi bersih & nyaman","5","5","5","2d076c72-e92e-485e-9ead-ab18b64f0f96"
"475","API dan IAS","KNO","3","TOILET,A7 WANITA","KNO-TW-A07","5","Petugas ramah dan toiletnya bersih","5","5","5","6d6facb6-ea7e-41c6-99b0-900b89c6227c"
"476","API dan IAS","KNO","3","TOILET,A3 WANITA","KNO-TW-A03","5","Toilet a bersih & wangi","5","5","5","99415ca1-25f6-46ef-bef9-89f09c83ae21"
"477","API dan IAS","KNO","3","TOILET,A7 PRIA","KNO-TP-A07","5","Fasilitas toilet bersih dan kering","5","5","5","3f9128da-e447-43dd-b21c-e26986e106f9"
"478","API dan IAS","KNO","3","TOILET,A8 WANITA","KNO-TW-A08","5","fasilitas toilet baik dan berfungsi","5","5","5","14e0ab6e-8df2-4a80-b1bd-ea347d6aa2cf"
"479","API dan IAS","KNO","3","TOILET,A5 WANITA","KNO-TW-A05","5","Toilet bersih, wangi, kering dan petugas ramah","5","5","5","cc4a867d-7aa3-4766-952f-4e3e7f562b34"
"480","API dan IAS","KNO","3","TOILET,A7 PRIA","KNO-TP-A07","5","Fasilitas toilet bersih dan berfungsi dengan baik","5","5","5","1504eab6-2e03-466a-983e-8c5d65068720"
"481","API dan IAS","KNO","3","TOILET,A7 WANITA","KNO-TW-A07","5","Petugas sangat ramah dan toilet bersih","5","5","5","bc1d65f2-ccd0-45cc-9743-f10376c91381"
"482","API dan IAS","KNO","3","TOILET,A7 WANITA","KNO-TW-A07","5","Fasilitas toilet baik bersih dan berfungsi dengan baik","5","5","5","9dc25801-7283-405b-b056-bd014c56c497"
"483","API dan IAS","KNO","3","TOILET,A7 PRIA","KNO-TP-A07","5","toilet bersih dan petugas rahma","5","5","5","29ae7bea-3b5a-4427-96c4-c2f970b79e50"
"484","API dan IAS","KNO","3","TOILET,A4 PRIA","KNO-TP-A04","5","Pertahankan kebersihan toilet","5","5","5","8e5cd1ce-8c99-4d1b-8936-98f41db7e9cb"
"485","API dan IAS","KNO","3","TOILET,A8 WANITA","KNO-TW-A08","5","Fasilitas baik, bersih dn berfungsi dgn baik","5","5","5","597f43f6-fd8f-4095-9e13-794689c273ec"
"486","API dan IAS","KNO","3","TOILET,A3 PRIA","KNO-TP-A03","5","Kualitas toiletnya bagus dan pelayanannya bagus mohon di pertahankan","5","5","5","357fe8cc-6284-485f-8153-33a3c2a281b3"
"487","API dan IAS","KNO","3","TOILET,A4 PRIA","KNO-TP-A04","5","Sangat puas dengan fasilitas yang ada di toilet","5","5","5","a8f97963-91d6-43e2-a93e-fe52868e0a28"
"488","API dan IAS","KNO","3","TOILET,A4 PRIA","KNO-TP-A04","5","Fasilitasnya lengkap dan bagus","5","5","5","8a818b47-8a7b-49ca-973b-6f4daca7bc37"
"489","API dan IAS","KNO","3","TOILET,A3 WANITA","KNO-TW-A03","5","Tetap pertahankan kwalitas kebersihan dan pelayanannya","5","5","5","f6b2f27a-d903-4a0a-a96e-87dc82bfad69"
"490","API dan IAS","KNO","3","TOILET,A5 PRIA","KNO-TP-A05","5","masukan saya yaitu kran wastafel nya sistem manual aja karena membingungkan bagi yg tdak paham, dan terkadang kontak'","5","5","5","7e74ef32-6652-4ac5-bf18-e1b528bac56c"
"491","API dan IAS","KNO","3","TOILET,A5 WANITA","KNO-TW-A05","4","Pelayanan, dan fasilitas nya harus bisa dipertahankan dan ditingkat kan lebih baik kedepannya.","5","5","5","b32af607-fae3-4576-be27-8ac5ae4ad79f"
"492","API dan IAS","KNO","3","TOILET,A5 PRIA","KNO-TP-A05","5","Fasilitas nya sudah bagus dan baik. Hanya saja lebih diperhatikan kualitas dari fasilitas tersebut ☺️ seperti washtafel lebih baik yang manual saja dari pada yang sensor","5","5","5","a88dc609-1054-4c15-a3ae-0891068d5dd8"
"493","API dan IAS","KNO","3","TOILET,A6 PRIA","KNO-TP-A06","5","Fasilitas di dalam toilet nya suda bagus dan baik,Hanya saja lebih di perhatiin kualalitas dari fasilitas tersebut","5","5","5","c69f4f78-2aa9-4b3a-8fcd-9745fb5a1a57"
"494","API dan IAS","KNO","3","TOILET,A3 PRIA","KNO-TP-A03","5","Tetap pertahankan kualitas","5","5","5","b476d958-f883-4647-a20f-a448e57c6bef"
"495","API dan IAS","KNO","3","TOILET,A4 WANITA","KNO-TW-A04","5","Toilet nya harum.
Penjaga nya rama","5","5","5","34801816-f2f0-4477-9d2a-500187235878"
"496","API dan IAS","KNO","3","TOILET,A3 PRIA","KNO-TP-A03","5","Tetap di pertahankan kualitas layanan dan kualitas kebersihan nya","5","5","5","babfeb48-0bb2-43b4-85a9-0ed2d2a5d58d"
"497","API dan IAS","KNO","3","TOILET,D2 WANITA","KNO-TW-D02","5","Puas dengan pelayanan","5","5","5","be24ba4c-4ba8-4c13-81a6-1a2c90619dda"
"498","API dan IAS","KNO","3","TOILET,D6 PRIA","KNO-TP-D06","5","Sangat bagus","5","5","5","784ef112-4402-4e51-9d7b-bc11187cf9a6"
"499","API dan IAS","KNO","3","TOILET,D2 WANITA","KNO-TW-D02","5","Fasilitas nya lengkap, petugasnya ramah dan baik, toilet nya bersih, rapih dan harum","5","5","5","5764733f-779f-43f5-a7bb-9f8036d6c2be"
"500","API dan IAS","KNO","3","TOILET,D2 PRIA","KNO-TP-D02","5","Puas dengan pelayanan dan fasilitas di toilet","5","5","5","03c00942-d3e8-48ea-a61a-a7fc95b3fa55"
"501","API dan IAS","KNO","3","TOILET,D4 PRIA","KNO-TP-D04","5","Toilet nya bersih fasilitas juga lengkap dan terpercaya","5","5","5","0cf059a6-ec19-4205-b95e-d6ec01cf3c19"
"502","API dan IAS","KNO","3","TOILET,D1 WANITA","KNO-TW-D01","4","Puas dengan pelayanan dan kebersihan fasilitas toilet","5","5","5","4e028ad7-9a76-4018-bde3-42cca09d95f1"
"503","API dan IAS","KNO","3","TOILET,P5 PRIA","KNO-TP-P05","5","Fasilitas toilet baik dan berfungsi
Toilet bersih dan kering","5","5","5","a3f2cd93-bb52-4dc4-84e1-8d714f324415"
"504","API dan IAS","KNO","3","TOILET,D1 PRIA","KNO-TP-D01","5","pelayanan nya sangat baik,petugas nya ramah sekali,fasilitas nya lengkap dan toilet nya juga harum💘","5","5","5","2131f33a-19fb-49b0-bb6c-4374708a4e99"
"505","API dan IAS","KNO","3","TOILET,D1 WANITA","KNO-TW-D01","5","Tisu nya lengkap, sabun pencuci tangan lengkap, petugas nya ramah dan sopan","5","5","5","c524857c-b867-4242-b598-443575be9e3a"
"506","API dan IAS","KNO","3","TOILET,D2 PRIA","KNO-TP-D02","5",,"5","5","5","937c8425-2fb0-4abf-854f-c4170107c830"
"507","API dan IAS","KNO","3","TOILET,D2 PRIA","KNO-TP-D02","5","Fasilitas baik, petugasnya ramah toiletnya bersih dan harum","5","5","5","9a0ae976-90dd-4433-8e08-e6a6ff350a48"
"508","API dan IAS","KNO","3","TOILET,P5 WANITA","KNO-TW-P05","5","Petugas ramah dan toilet sangat bersih","5","5","5","a319ee83-5f82-4c89-aa8b-61b9098d79ac"
"509","API dan IAS","KNO","3","TOILET,D3 PRIA","KNO-TP-D03","5","Toilet nya bersih dan harum","5","5","5","312a0029-5e5f-4d93-a8ee-1ba2edc94769"
"510","API dan IAS","KNO","3","TOILET,A5 WANITA","KNO-TW-A05","5","Fasilitas toilet lengkap, bersih dan tidak berbau aromanya harum","5","5","5","332d00fb-74dc-4667-bbea-058ebabe4fb4"
"511","API dan IAS","KNO","3","TOILET,P6 PRIA","KNO-TP-P06","5","Fasilitas toiletnya baik bersih dan berfungsi petugas toiletnya ramah","5","5","5","679d3eb6-afe7-4781-b870-b4dcd167daa0"
"512","API dan IAS","KNO","3","TOILET,P4 WANITA","KNO-TW-P04","5","Fasilitas di toilet nya lengkap. 
Petugas nya ramah ramah, sopan dan sigap","5","5","5","8352729c-2dc7-42ff-8f2c-7f69529d44e0"
"513","API dan IAS","KNO","3","TOILET,A5 PRIA","KNO-TP-A05","5","Sangat baik, bersih, wangi, dan fasilitas lengkap, petugas ny rama😊😘","5","5","5","da939319-2ec8-4821-9585-61cbeaab0522"
"514","API dan IAS","KNO","3","TOILET,P6 WANITA","KNO-TW-P06","5","Pelayanan Toilet nya bagus,Toilet nya bersih dan harum","5","5","5","837300a2-bb69-4495-a37b-09e397cf3c56"
"515","API dan IAS","KNO","3","TOILET,P6 PRIA","KNO-TP-P06","5","Pelayanan sangat baik dan toilet nya bersih dan harum","5","5","5","f499ddee-72cb-4847-abd8-ad9e04086c27"
"516","API dan IAS","KNO","3","TOILET,D3 PRIA","KNO-TP-D03","5","Toilet sangat bersih dan petugasnyaa ramah","5","5","5","9e497b8f-11c1-4af1-ba80-3dd1b7e4ae51"
"517","API dan IAS","KNO","3","TOILET,P5 WANITA","KNO-TW-P05","5","Fasilitas toiletnya berfungsi
Petugasnya ramah dan sopan
Toiletnya bersih","5","5","5","fddc9582-fd0c-4861-b69c-5a0f73743ce9"
"518","API dan IAS","KNO","3","TOILET,P4 WANITA","KNO-TW-P04","5","Pelayanan sangat bagus dan toilet nya bersih dan wangi","5","5","5","4a9d4794-7f0c-4a32-91b5-82a7a3d2adbe"
"519","API dan IAS","KNO","3","TOILET,P5 PRIA","KNO-TP-P05","5","Toilet bersih, fasilitas baik dan berfungsi
Petugas ramah dan sopan","5","5","5","ebfeb52a-66ab-4270-8ff3-2b7323f07825"
"520","API dan IAS","KNO","3","TOILET,P4 PRIA","KNO-TP-P04","5","Pelayanan sangat bagus dan toiletnya bersih serta wangi","5","5","5","e3069cd8-2d37-4893-b4b8-6ae34461d10c"
"521","API dan IAS","KNO","3","TOILET,P4 PRIA","KNO-TP-P04","5","Petugas nya ramah, dan toilet ny bersih","5","5","5","16d1baf9-b329-4137-b88b-0bdcc3bd7346"
"522","API dan IAS","KNO","3","TOILET,A6 PRIA","KNO-TP-A06","5","Fasilitas di toilet sangat lengkap dan memadai sehingga kami para pengunjung sangat mudah dan tercukupi kebutuhan saat ditoilet, dan juga petugas toilet sangat ramah tamah dan mengedukasi para pengunjung yang tidak bisa atau belum tahu tentang cara pemakaiannya.","5","5","5","668ae47c-5d0b-423e-9f0a-4ecb434db015"
"523","API dan IAS","KNO","3","TOILET,P4 WANITA","KNO-TW-P04","5","Pelayanannya sangat bagus dan toiletnya bersih wangi","5","5","5","e800efe4-0208-4452-bdd4-3d6febe93a02"
"524","API dan IAS","KNO","3","TOILET,D4 WANITA","KNO-TW-D04","5","Tetap mempertahan kan kebersihan nya ya","5","5","5","1e4c070f-b3f5-4e6c-bae3-afcbfe7965b2"
"525","API dan IAS","KNO","3","TOILET,P3 PRIA","KNO-TP-P03","5","Baik dan berfungsi fasilitas","5","5","5","c0ab56a2-431e-4a0b-a801-7a12726dda3a"
"526","API dan IAS","KNO","3","TOILET,P1 PRIA","KNO-TP-P01","5","Toilet nya sangat bersih dan petugas nya ramah","5","5","5","c2d7dca1-4ea6-4f13-8d0c-e9b752877d24"
"527","API dan IAS","KNO","3","TOILET,P2 PRIA","KNO-TP-P02","5","Fasilitas lengkap dan bersih","5","5","5","e2be8ba6-856f-4c04-a273-063cdcb88063"
"528","API dan IAS","KNO","3","TOILET,P3 WANITA","KNO-TW-P03","4","Baik dan berfungsi","5","5","5","28dc2e1d-2d37-4e4a-af1a-25a859f7d28d"
"529","API dan IAS","KNO","3","TOILET,P1 WANITA","KNO-TW-P01","5","Toilet nya Bersih dan wangi","4","5","5","c587f570-9a87-4b8a-925b-d3b2b7973981"
"530","API dan IAS","KNO","3","TOILET,P2 WANITA","KNO-TW-P02","5","Petugas ramah dan toilet nya harum","5","5","5","fe97e343-5af0-486d-b79c-041030678212"
"531","API dan IAS","KNO","3","TOILET,P6 WANITA","KNO-TW-P06","5","Fasilitas baik dn berfungsi,,petugasnya ramah","5","5","5","ba19e346-2928-4ffe-8b37-9c68cdecfa05"
"532","API dan IAS","KNO","3","TOILET,P2 PRIA","KNO-TP-P02","5","Petugasnya sangat ramah dan toiletnya juga bersih dah wangi","5","5","5","cb28eb86-2269-4833-921c-290a0b3ed121"
"533","API dan IAS","KNO","3","TOILET,P3 PRIA","KNO-TP-P03","5","Lantai keramik nya terang sebaiknya bisa diganti dengan keramik yang gelap","5","5","5","4300b703-cbeb-44ef-9c53-8f7cf7696178"
"534","API dan IAS","KNO","3","TOILET,A6 WANITA","KNO-TW-A06","5","5S nya sudah berjalan, toilet bersih,, tinggal fasilitas di toilet nya, yaitu digital survey nya kurang efektif karena menggunakan barcode","5","5","5","1289bad5-be46-424f-9a6f-6e2b685d377a"
"535","API dan IAS","KNO","3","TOILET,A6 PRIA","KNO-TP-A06","5","Baik","5","5","5","53975405-7736-4bab-9666-5f352b110f64"
"536","API dan IAS","KNO","3","TOILET,D3 WANITA","KNO-TW-D03","4","Sangat bagus","5","5","5","8882082b-26cf-41df-ae98-ea948f8f3718"
"537","API dan IAS","KNO","3","TOILET,P1 PRIA","KNO-TP-P01","5","Toilet wangi, bersih dan petugas ny sangat ramah","5","5","5","818ef930-9233-4c77-864f-d07e0eeebd04"
"538","API dan IAS","KNO","3","TOILET,A6 WANITA","KNO-TW-A06","5","toilet nya bagus, bersih, fasilitas lengkap, petugas nya ramah","5","5","5","1f52896c-3a7d-481a-ba5a-bf6fa1cf0838"
"539","API dan IAS","KNO","3","TOILET,P2 PRIA","KNO-TP-P02","5","Petugasnya sangat ramah dan toiletnya juga wangi dan bersih","5","5","5","d0a5ea04-ffb3-421e-8863-d23fec2ecc18"
"540","API dan IAS","KNO","3","TOILET,P1 WANITA","KNO-TW-P01","5","Toilet bersih, wangi dan petugasnya ramah","5","5","5","ed606054-7e35-4b0e-ac46-b8b4bd347523"
"541","API dan IAS","KNO","3","TOILET,P3 WANITA","KNO-TW-P03","5","Toiletnya bersih dan petugasnya ramah banget","5","5","5","2daee63f-d6fd-4cbc-87dc-b992a7b51a5d"
"542","API dan IAS","KNO","3","TOILET,P2 WANITA","KNO-TW-P02","5","Toilet bersih, wangi dan petugasnya ramah","5","5","5","0381131c-f1bb-4469-b395-5f1c2b8d92a8"
"543","API dan IAS","KNO","3","TOILET,P1 WANITA","KNO-TW-P01","5","Toilet bersih, wangi, dan petugas nya ramah","5","5","5","d2ff1160-2254-4f31-8abb-542abdce4d30"
"544","API dan IAS","KNO","3","TOILET,D1 PRIA","KNO-TP-D01","5",,"5","5","5","ebcbe5dd-65ca-48bb-8863-1a7050dbb1c2"
"545","API dan IAS","KNO","3","TOILET,A6 PRIA","KNO-TP-A06","5","Toilet bersih dan petugas bersih","5","5","5","6d05916e-2bf6-4f0d-b86a-b60dbd0c8578"
"546","API dan IAS","KNO","3","TOILET,P6 WANITA","KNO-TW-P06","5","Petugas nya ramah dan toilet nya wangi","5","5","5","c4916f52-79e5-4183-8500-e89307bb8b29"
"547","API dan IAS","KNO","3","TOILET,P6 PRIA","KNO-TP-P06","5","Toilet nya bersih","5","5","5","6c374998-b53a-4561-9611-229fab95c052"
"548","API dan IAS","KNO","3","TOILET,A6 WANITA","KNO-TW-A06","5",,"5","5","5","99f058f5-3013-4fbd-8dc9-953109b6ebf2"
"549","API dan IAS","KNO","3","TOILET,P3 PRIA","KNO-TP-P03","5","Mantull","5","5","5","d502a9b0-e43e-426c-8f8c-c644524dfaf1"
"550","API dan IAS","KNO","3","TOILET,P1 WANITA","KNO-TW-P01","5","Toilet nya bersih dan petugasnya ramah","5","5","5","66d1b575-0625-4a46-a423-9a4d6e63b347"
"551","API dan IAS","KNO","3","TOILET,P6 PRIA","KNO-TP-P06","5","Fasilitas toilet baik dan berfungsi semuanya","5","5","5","0aa114c8-4ccd-4398-9013-f19b2547479f"
"552","API dan IAS","KNO","3","TOILET,P6 WANITA","KNO-TW-P06","5","Fasilitas toilet baik dan berfungsi","5","5","5","23153dfc-269c-406f-b683-ed2c9635cc41"
"553","API dan IAS","CGK T2","1","TOILET T2E - BOARDING ROOM T2E-6 PRIA","API&IAS-TOILET-CGK T2-BL E6 TP","3","Mohon sabun dan tisu di isi","5","3","4","730f2192-abfc-418c-a155-c22ea1603d73"
"554","API dan IAS","YIA","4","TOILET BOARIDNG ROOM BARAT PRIA","YIA-TOI-BR-B-P","5","-","5","4","5","da45072f-2b22-4a55-98dd-0d3e5a4de68b"
"555","API dan IAS","KNO","3","TOILET,P4 WANITA","KNO-TW-P04","5","Fasilitas toilet berfungsi dengan baik","5","5","5","154791fc-b1c7-4d7b-a65e-42d7d0c237d5"
"556","API dan IAS","KNO","3","TOILET,P1 PRIA","KNO-TP-P01","5","Pelayanannya baik, dan aroma toilet sangat wangi","5","5","5","f10daf4c-c6c2-4ac5-9d57-cc5ba1b1fa2a"
"557","API dan IAS","KNO","3","TOILET,D2 PRIA","KNO-TP-D02","4","Toilet bersih","4","4","4","92262dca-751a-43f7-85cf-a934cf429551"
"558","API dan IAS","KNO","3","TOILET,P2 PRIA","KNO-TP-P02","5","Petugas nya ramah dan toilet nya bersih","5","5","5","b36f276b-236e-4ece-840b-97c5a88d85cb"
"559","API dan IAS","KNO","3","TOILET,P6 PRIA","KNO-TP-P06","5","Fasilitas toilet berfungsi dengan baik dan toilet bersih dan kering","5","5","5","8a76b7d5-cda9-43cb-b454-e2bef0cb7260"
"560","API dan IAS","KNO","3","TOILET,D1 PRIA","KNO-TP-D01","5","Pertahankan kualitas terbaik","5","5","5","22e9174f-fab3-4a95-b077-72ba2c1fd074"
"561","API dan IAS","KNO","3","TOILET,A6 PRIA","KNO-TP-A06","5","Sudah bagus","5","5","5","02bda443-346b-4939-9ccb-219db13e5e21"
"562","API dan IAS","KNO","3","TOILET,P2 WANITA","KNO-TW-P02","5","Toilet nya wangi dan petugasnya ramah","5","5","5","caedabdf-e318-4bd1-953f-7b1822cfeb56"
"563","API dan IAS","KNO","3","TOILET,A3 PRIA","KNO-TP-A03","5","Sangat puas","5","5","5","754b479f-3b06-49d8-aff7-a38899f1339d"
"564","API dan IAS","KNO","3","TOILET,P4 PRIA","KNO-TP-P04","5","Fasilitas toilet berfungsi dengan baik dan toilet bersih dan kering","5","5","5","2f3ecd32-492b-496b-a028-605412310d8e"
"565","API dan IAS","KNO","3","TOILET,A6 PRIA","KNO-TP-A06","5","Bagus","5","5","5","d65630e7-d308-4699-a83b-59f278e04a68"
"566","API dan IAS","KNO","3","TOILET,A6 PRIA","KNO-TP-A06","5","Sudah bersih, dan terus dijaga agar tetap kering","5","5","5","542aae74-7257-42b4-9443-c88e2cfcfb3e"
"567","API dan IAS","KNO","3","TOILET,A6 PRIA","KNO-TP-A06","5","Favorit Toilet","5","5","5","4b75ce83-d389-481c-aa94-6847298b2d35"
"568","API dan IAS","CGK T1","1","TOILET T1B - BOARDING ROOM T1B-2 PRIA","B. BL2. P","5","Melarang orang yg buang2 air di lantai toilet agar tidak becek","5","5","5","a032340e-8029-474e-86ec-9b07887be77c"
"569","API dan IAS","DPS","2","TOILET KEDATANGAN DOMESTIK PICKUPZONE TIMUR ( PENJEMPUTAN ) (PRIA)","DPS-TOILET-JPO-P","4",,"5","5","5","39528484-078e-4bce-9cfe-bd22a55fd762"
"570","API dan IAS","KNO","3","TOILET,D4 PRIA","KNO-TP-D04","5",,"5","5","5","1bdc96de-85c9-4826-9412-99c543b56572"
"571","API dan IAS","KNO","3","TOILET,A6 WANITA","KNO-TW-A06","5","Toilet nya bersih wangi petugasnya sangat ramah dan sangat mengedukasi","5","5","5","11e96cb9-cb31-4a0b-a790-8f00d18089ad"
"572","API dan IAS","KNO","3","TOILET,A6 WANITA","KNO-TW-A06","5","Toilet bagus dan bersih","5","5","5","713d25c2-0e09-4e16-8915-7d0b22d508d9"
"573","API dan IAS","KNO","3","TOILET,A6 WANITA","KNO-TW-A06","5","Toilet nya bersih,wangi,petugasnya ramah","5","5","5","689c1a92-cba5-4a60-aabf-b4e7e23714bc"
"574","API dan IAS","KNO","3","TOILET,P6 PRIA","KNO-TP-P06","5","Toilet bersih","5","5","5","7e147998-d427-40ce-8e9a-a976879f4c44"
"575","API dan IAS","YIA","4","TOILET DIFABLE ARRIVAL 1","YIA-TOIDIF.-ARR1","4","Bagus bersih","4","4","4","e9a62624-fa15-4652-b3f4-69e756d86069"
"576","API dan IAS","CGK T1","1","TOILET T1B - BOARDING ROOM T1B-6 PRIA","B. BL6. P","5","Baik sekali","5","5","5","4e92988c-bf1e-4bfc-b6a6-21815c6fefe5"
"577","API dan IAS","CGK T1","1","TOILET T1B - BOARDING ROOM T1B-6 PRIA","B. BL6. P","5","Sangat baik, pegawai sangat friendly","5","5","5","b524b7f8-0bc4-4654-ba8f-fb54eb3a02af"
"578","API dan IAS","SUB","4","T2,B3,PRIA","SUB-TOILE-T2-B3,PRIA","5","Untuk fasilitas yg ada di toilet kurang hand dryer, utk menghemat tisu","5","5","5","9d6f0c2d-d778-497a-9aa4-513325ca81cc"
"579","API dan IAS","KNO","3","TOILET,P3 WANITA","KNO-TW-P03","5","Pelayanan sangat baik","5","5","5","f14cab56-1988-4bde-9e88-535ae386b819"
"580","API dan IAS","CGK T1","1","TOILET T1B - CHECKIN WANITA","B. HCI. W","2","tgl 10 oct 9:30 toilet cewe kotor lantainya basah semua. tempat sampah penuh. petugasnya cuman ngaca sama ngobrol","2","3","3","4c3532e5-20e5-41cb-a752-8d7c22a42747"
"581","API dan IAS","YIA","4","TOILET ARRIVAL WANITA","YIA-TOI-ARR-W","5","Berikan keset toilet","5","5","5","f6f26d24-447d-4ff9-886b-ec4e61635d88"
"582","API dan IAS","YIA","4","TOILET ARRIVAL WANITA","YIA-TOI-ARR-W","4","Sudah baik","4","4","4","abdc8d6a-9371-4a77-9629-4c098c1519f9"
"583","API dan IAS","CGK T1","1","TOILET T1B - BOARDING ROOM T1B-6 PRIA","B. BL6. P","5","Sangat memuaskan dan bersih","5","5","5","68d47add-891d-4435-94af-ff367ef672c1"
"584","API dan IAS","DPS","2","TOILET KEDATANGAN INTERNASIONAL MLCP INTER LT1 (WANITA)","DPS-TOILET-INT.MLCP1-W","5","Toilet lantai 1 wanita bersih dan wangi, tetap dijaga kebersihan nya selalu teman-teman!","5","5","5","64de9e33-e061-4d75-b419-6d58f76f6db1"
"585","API dan IAS","SUB","4","T1,KEDATANGAN 1B/1C TANGGA TRANSIT","SUB-TOILE-T1-KEDATANGAN 1B/1C TAN","5","Pertahankan","5","5","5","a74bc4d3-086c-4180-89cd-3cdc11e99a55"
"586","API dan IAS","CGK T2","1","TOILET T2D - CHECKIN PRIA","API&IAS-TOILET-CGK T2-HCI D TP","5","Mantap","5","5","5","5831297a-7dd0-43df-9659-8439595610ac"
"587","API dan IAS","CGK T1","1","TOILET T1B - CORRIDOR BEFORE SCP WANITA","B. SA. W","5","Toiletnya bagus drpd toilet di terminal 3","5","5","5","808b718d-a974-4407-a841-aeb9c94ff1f9"
"588","API dan IAS","KNO","3","TOILET,P6 WANITA","KNO-TW-P06","5","Tetap dipertahankan","5","5","5","3f8b02b8-901d-42a4-abf5-1f670e033dc3"
"589","API dan IAS","CGK T2","1","TOILET T2D - BAGGAGE CLAIM PRIA","API&IAS-TOILET-CGK T2-HCO D TP","5","toiletnyawangi mangga","5","5","5","8f6ad657-1996-494b-a44a-6fefcbf3d999"
"590","API dan IAS","CGK T1","1","TOILET T1B - BAGGAGE CLAIM PRIA","B.HCO.P","5","Keren dan lengkap
Pokoke top tenan toilet umumnya","5","5","5","6582ef2b-6f11-42ac-ad65-83e3e89139d6"
"591","API dan IAS","KNO","3","TOILET,A6 WANITA","KNO-TW-A06","5",,"5","5","5","530a81ad-ce32-487e-93d1-feac7e61fcd0"
"592","API dan IAS","CGK T1","1","TOILET T1B - BAGGAGE CLAIM PRIA","B.HCO.P","5","sangat nyaman","5","5","5","8eab8fe9-c1a0-4997-90e3-3a3666aac41e"
"593","API dan IAS","SUB","4","T1,GATE 6 CONCOURSE 7,PRIA","SUB-TOILE-T1-GATE 6 CONCOURSE 7,P","1","WC cuma 3 pcs sehinggu harus antri lama.","5","5","1","55c76462-c30d-4c35-878b-d317cfc51725"
"594","API dan IAS","KNO","3","TOILET,P2 PRIA","KNO-TP-P02","5","Bersih","5","5","5","3d11d4ab-9caa-4d1b-af65-dd9c96483888"
"595","API dan IAS","KNO","3","TOILET,A6 WANITA","KNO-TW-A06","5","Pekerja sangat ramah dan sangat membantu","5","5","5","c8146ada-e953-4719-9b31-d598b21ec707"
"596","API dan IAS","KNO","3","TOILET,P1 PRIA","KNO-TP-P01","5","Tidak ada","5","5","5","db4559b8-b979-4610-820e-7059c8a90223"
"597","API dan IAS","CGK T1","1","TOILET T1A - BOARDING ROOM T1A-6 WANITA","A.BL6.W","5","Wangi bersih dan petugas ramah","5","5","5","d695d328-ef1e-4856-ab04-ab456d0e5517"
"598","API dan IAS","SUB","4","T1,GATE 10 CONCOURSE 4,FAMILY","SUB-TOILE-T1-GATE 10 CONCOURSE 4,","5","Terima kasih atas pelayanan nya saya liat petugas nya juga sigap membersihkan dan juga ramah..pribadi saya aprisiasi","5","5","5","d15da1b7-5351-43ff-a4db-ca932993dd22"
"599","API dan IAS","CGK T2","1","TOILET T2D - BOARDING ROOM T2D-4 PRIA","API&IAS-TOILET-CGK T2-BL D4 TP","5","Bersih dan harum","5","5","5","b4d298af-da3a-4360-a5be-ef35a7b7d19e"
"600","API dan IAS","KNO","3","TOILET,A5 WANITA","KNO-TW-A05","5",,"5","5","5","6abed44e-9fbd-45c3-979e-3295faf6adb7"
"601","API dan IAS","KNO","3","TOILET,P2 PRIA","KNO-TP-P02","5",,"5","5","5","f889afe0-61f1-471e-8bae-5f8b5a4c679c"
"602","API dan IAS","KNO","3","TOILET,D3 PRIA","KNO-TP-D03","5",,"5","5","5","f1ff7a39-69dc-45f3-9e4c-609062d6df8f"
"603","API dan IAS","SUB","4","T2,A2,PRIA","SUB-TOILE-T2-A2,PRIA","5","Luar biasa toilet' sangat bersih petugas pun sangat ramah TOP benget","5","5","5","61957873-3995-40a0-a21d-4c35ff6b938c"
"604","API dan IAS","KNO","3","TOILET,D3 PRIA","KNO-TP-D03","5","Mantap pertahankan","5","5","5","e2fc3b32-8e21-4323-b7bb-ac597fe1472b"
"605","API dan IAS","CGK T2","1","TOILET T2E - ARRIVAL CORRIDOR WANITA","API&IAS-TOILET-CGK T2-CCA E TW","5","Tempat sampah perlu diremajakan.","5","5","5","1bebb3b2-4d65-4abb-a602-9802e1fd5430"
"606","API dan IAS","CGK T2","1","TOILET T2E - BOARDING ROOM T2E-7 PRIA","API&IAS-TOILET-CGK T2-BL E7 TP","5",,"5","5","5","0e041efa-8ba8-4303-b60b-66bf51930864"
"607","API dan IAS","CGK T2","1","TOILET T2D - CHECKIN PRIA","API&IAS-TOILET-CGK T2-HCI D TP","5","Dipertahankan","5","5","5","0c8afd6e-2fea-4b92-9275-716e77590c4d"
"608","API dan IAS","SUB","4","T1,GATE 3,WANITA","SUB-TOILE-T1-GATE 3,WANITA","5","All good","5","5","5","e951a973-e280-43fe-bc7c-6bdf4cb420ed"
"609","API dan IAS","CGK T1","1","TOILET T1B - CHECKIN PRIA","B. HCI. P","5",,"5","5","5","6db8427f-74ca-43c9-a015-f5c03c14e643"
"610","API dan IAS","KNO","3","TOILET,A3 WANITA","KNO-TW-A03","5","Baik","5","5","5","4285504e-a3ce-4e3c-ba2c-37d5d703f24d"
"611","API dan IAS","KNO","3","TOILET,P1 PRIA","KNO-TP-P01","5",,"5","5","5","9bc8f4f0-dcda-4fdf-b9e6-a5103640f867"
"612","API dan IAS","KNO","3","TOILET,D2 WANITA","KNO-TW-D02","5",,"5","5","5","adca30fa-3324-44fa-b648-67fd0c076470"
"613","API dan IAS","CGK T1","1","TOILET T1A - CORRIDOR AFTER SCP PRIA","CCD. A1. P","4","Pertahankan kebersihannya","4","4","4","3cd980be-4eb9-4770-82a4-0be5a12af416"
"614","API dan IAS","SUB","4","T2,A7,PRIA","SUB-TOILE-T2-A7,PRIA","5","Toiletnya bersih, kering,harum dan petugasnya ramah & sopan","5","5","5","ead85753-4efb-497f-abcb-32c80a4c5124"
"615","API dan IAS","CGK T1","1","TOILET T1B - BOARDING ROOM T1B-5 PRIA","B. BL5. P","5","Bersih wangi toilet ny. Saya sangat puas","5","5","5","515c7408-8f7d-4aa3-b323-b669a723d275"
"616","API dan IAS","SUB","4","T1,GATE 1,PRIA","SUB-TOILE-T1-GATE 1,PRIA","5",,"5","5","5","c1a5a660-d411-4833-b3b8-82b637c1599b"
"617","API dan IAS","CGK T1","1","TOILET T1A - BAGGAGE CLAIM PRIA","A.CCAT.P","5","Staff a.n Abu sangat ramah dan menjaga kebersihan Musholla Bandara dengan Baik 👍","5","5","5","ec1efb9f-3a4f-46e6-88e1-ea402f670c83"
"618","API dan IAS","KNO","3","TOILET,D3 WANITA","KNO-TW-D03","5","Toilet bersih dan wangi","5","5","5","355fb1c9-f945-4f27-adae-b505be0d958e"
"619","API dan IAS","KNO","3","TOILET,P2 WANITA","KNO-TW-P02","4","Bagus","4","4","4","6d0bbe62-8e92-4507-bf6d-f8b04b24f70c"
"620","API dan IAS","KNO","3","TOILET,P2 PRIA","KNO-TP-P02","5","Sangat bersih","5","5","5","ef1ba40b-09da-4879-a7f9-6e8739d9f2c3"
"621","API dan IAS","KNO","3","TOILET,P5 PRIA","KNO-TP-P05","1","Penjaga tidak ramah dan cuek","1","1","1","29e94f08-fb25-4a02-80b1-5b1effdfebb8"
"622","API dan IAS","KNO","3","TOILET,A6 WANITA","KNO-TW-A06","5","Sangat ramah dan baik bersih dan sangat nyaman","5","5","5","76272387-c55c-4d20-9260-4d30b653aea2"
"623","API dan IAS","KNO","3","TOILET,D2 WANITA","KNO-TW-D02","5","very clean","5","5","5","6301cd3c-9af5-4e2e-9f78-80df016a18e8"
"624","API dan IAS","KNO","3","TOILET,A6 WANITA","KNO-TW-A06","5","Toilet nya bersih, harum dan petugas nya ramah terimakasih KNO","5","5","5","7f45126c-0fa6-4423-a2cc-4a8d2eb62044"
"625","API dan IAS","KNO","3","TOILET,P4 PRIA","KNO-TP-P04","5","Perbanyak karyawan seperti ini","5","5","5","aa03ef29-569d-4076-a452-31a7e39cf6ee"
"626","API dan IAS","SUB","4","T2,A3,DIFABEL","SUB-TOILE-T2-A3,DIFABEL","5","Baik","5","5","5","81aad550-538a-4dfb-a2c3-1eb97673dd2f"
"627","API dan IAS","KNO","3","TOILET,P1 PRIA","KNO-TP-P01","5","Great","5","5","5","781ae48c-21ea-4e04-bd1e-a64a5c0f459a"
"628","API dan IAS","KNO","3","TOILET,P6 PRIA","KNO-TP-P06","5",,"5","5","5","26b5317e-9e5b-4411-8526-667ca0d7ded8"
"629","API dan IAS","KNO","3","TOILET,P5 WANITA","KNO-TW-P05","5","Bersih dan petugasnya ramah","5","5","5","82a94002-0a40-45f2-9723-b9abc3f3f309"
"630","API dan IAS","KNO","3","TOILET,P2 PRIA","KNO-TP-P02","5","Good, i like this","4","5","4","78f569e6-a96d-410a-9b0c-14922a201e07"
"631","API dan IAS","KNO","3","TOILET,D4 PRIA","KNO-TP-D04","5","Sangat ramah bertugas nya dan kebersihan sangat puas","5","4","4","4a5fb152-dc07-490f-8c7a-a7c43598c4d2"
"632","API dan IAS","KNO","3","TOILET,A5 PRIA","KNO-TP-A05","5","Mantap","5","5","5","c03b381f-3361-40d4-a6c8-9372d6d5954a"
"633","API dan IAS","KNO","3","TOILET,A8 PRIA","KNO-TP-A08","5","Very clean👍🏻","5","5","5","e35e855b-5a34-4b89-a5de-cf2d32172ecd"
"634","API dan IAS","KNO","3","TOILET,A8 PRIA","KNO-TP-A08","5","Bagus dan bersih","5","5","5","4d019924-0e47-4159-997b-6769b82a016d"
"635","API dan IAS","KNO","3","TOILET,A8 PRIA","KNO-TP-A08","4","Good","5","5","4","6d8a0d10-a921-42c4-93ca-8eedcade991a"
"636","API dan IAS","KNO","3","TOILET,P5 PRIA","KNO-TP-P05","5",,"5","5","5","10ae3205-99ce-454d-abc4-d72f3706e298"
"637","API dan IAS","CGK T2","1","TOILET T2D - BOARDING ROOM T2D-6 PRIA","API&IAS-TOILET-CGK T2-BL D6 TP","5","Staf sangat ramah","5","4","4","b0f2106c-3e1c-41b9-a6fe-554093019d88"
"638","API dan IAS","CGK T1","1","TOILET T1B - CHECKIN PRIA","B. HCI. P","5","zuper DAHSYAT bersama Bang NAJAMUDIN","5","5","5","fc296b71-86ea-4696-916a-49a03bb96c03"
"639","API dan IAS","DPS","2","TOILET KEBERANGKATAN INTERNASIONAL ISLAND E TIMUR (DIFABLE)","DPS-TOILET-E.TIMUR-DIFABLE","5","Sangat puas","5","5","5","a623b247-4347-4f26-a10d-6c64bf1f97ac"
"640","API dan IAS","CGK T1","1","TOILET T1A - BOARDING ROOM T1A-2 WANITA","A.BL2.W","5",,"5","5","5","ebd5cf3e-a470-493a-8236-ee0f6ee0a68e"
"641","API dan IAS","CGK T1","1","TOILET T1A - BAGGAGE CLAIM PRIA","A.CCAT.P","2","Kalau bisa jumlah toilet wanita ditambah dan tempat peny","3","4","2","ad51783f-1c34-4ca4-bc75-66c96b016af1"
"642","API dan IAS","CGK T2","1","TOILET T2E - BOARDING ROOM T2E-2 PRIA","API&IAS-TOILET-CGK T2-BL E2 TP","3","Kurang pelayanan","5","5","5","e718c59c-cce2-4c20-988e-85e30f0ed17a"
"643","API dan IAS","CGK T2","1","TOILET T2D - BOARDING ROOM T2D-6 PRIA","API&IAS-TOILET-CGK T2-BL D6 TP","5","Tetap ramah dan jaga kebersihan","5","5","5","6ebcfd05-d5fb-4ce5-afd4-17b2eec8376d"
"644","API dan IAS","DPS","2","TOILET KEDATANGAN INTERNASIONAL IMIGRASI TIMUR (PRIA + DIFABLE)","DPS-TOILET-1D-P","5","Harus sering dicek tentang kebersihan","5","4","5","f3314d41-8e33-4382-9a76-1a92cb7c322f"
"645","API dan IAS","CGK T1","1","TOILET T1A - CHECKIN WANITA","A. HCI. W","5","Bagus","5","5","5","82ac8c79-6138-418f-adb6-7358025433a0"
"646","API dan IAS","CGK T2","1","TOILET T2D - BOARDING ROOM T2D-2 PRIA","API&IAS-TOILET-CGK T2-BL D2 TP","1","Jorok terus saya nanya ini kenapa air nya gak bisa nyala malah saya yang di marah” in tolong ini petugasnya","1","2","1","102061b9-670c-48e5-ba14-753c23146892"
"647","API dan IAS","CGK T1","1","TOILET T1A - CURBSIDE WANITA","A. PCI. W","1","Petugas toilet wanita 
nyah judes banget kga ada senyum sama sekali, kaga seperti yang lain.","1","5","5","c8174a7f-6e29-48f9-92d8-59f071c16420"
"648","API dan IAS","CGK T1","1","TOILET T1B - BOARDING ROOM T1B-4 PRIA","B. BL4. P","5","Clean, and good smell","5","5","5","1608b9c1-ec68-498c-bbb3-be53dcc56166"
"649","API dan IAS","KNO","3","TOILET,PA3 DIFABEL","KNO-DF-A03","5",,"5","5","5","454c1406-7953-4625-a4dc-94fe2eba83c9"
"650","API dan IAS","CGK T2","1","TOILET T2D - CURBSIDE KEBERANGKATAN WANITA","API&IAS-TOILET-CGK T2-PCI D TW","5",,"5","5","5","5d4994a8-09a2-4eef-8df9-8465ff6c8fdf"
"651","API dan IAS","CGK T2","1","TOILET T2F - CHECKIN WANITA","API&IAS-TOILET-CGK T2-HCI F TW","5",,"5","5","5","f09abceb-2406-4d0c-92e3-2b6727ba6280"
"652","API dan IAS","CGK T1","1","TOILET T1B - BOARDING ROOM T1B-3 PRIA","B. BL3. P","5","Menjaga higenus yg lbh prima","5","5","5","00e5e65a-91c3-419e-9ee0-6bff290977d7"
"653","API dan IAS","CGK T1","1","TOILET T1A - BAGGAGE CLAIM PRIA","A.CCAT.P","3","Sebaiknya diperjelas antara batas suci praying room dg toilet..soalnya banyak pengunjung yg make sepatu di area yg tertulis batas suci...terima kasih","5","5","3","c3144997-bc0e-422b-8364-342437e3798a"
"654","API dan IAS","CGK T1","1","TOILET T1A - BOARDING ROOM T1A-3 PRIA","A.BL3.P","5","Luar biasa","5","5","5","9a6f5189-79e4-406d-a517-7baadf8cf7e2"
"655","API dan IAS","CGK T2","1","TOILET T2D - BOARDING ROOM T2D-1 PRIA","API&IAS-TOILET-CGK T2-BL D1 TP","5","Toilet nya bersih wangi","5","5","5","d95f778e-cec8-4ed2-aafb-b6015e8aba5d"
"656","API dan IAS","CGK T1","1","TOILET T1B - CHECKIN PRIA","B. HCI. P","5","Pertahankan kinerja baiknya","5","5","5","25b52287-1022-44ae-9be9-9ae10f5f09e1"
"657","API dan IAS","CGK T1","1","TOILET T1B - CORRIDOR AFTER SCP PRIA","CCD. B1","5","Excellent","5","5","5","ef8682c6-c3aa-4aee-ab03-c1a7977784cd"
"658","API dan IAS","CGK T1","1","TOILET T1B - BOARDING ROOM T1B-2 PRIA","B. BL2. P","4","Bekas sepatu waktu pagi banyak","4","3","3","c512cf03-c327-4887-b7a7-3f5e0e859c2d"
"659","API dan IAS","DPS","2","TOILET KEBERANGKATAN DOMESTIK GATE 5-6 (PRIA)","DPS-TOILET-DD04-P","1","bau banget","5","3","4","498ad97f-469c-453d-ad80-08f3785a8e11"
"660","API dan IAS","CGK T1","1","TOILET T1A - BOARDING ROOM T1A-2 PRIA","A.BL2.P","5","Fasilitas toiletnya bersih dan nyaman digunakan","5","5","5","e0ee251c-ba6d-47b1-9dce-55e7e879fb43"
"661","API dan IAS","CGK T1","1","TOILET T1B - CORRIDOR BEFORE SCP WANITA","B. SA. W","3","Akan lebih baik toilet nya di perbanyak lagi di terminal 1B","4","4","4","5d4b30d9-bfe6-4097-a328-6b6043657052"
"662","API dan IAS","DPS","2","TOILET KEBERANGKATAN INTERNASIONAL AKSES KARYAWAN (WANITA + DIFABLE)","DPS-TOILET-3D-W","1","Toilet di penuhi kecoa","3","1","1","1bb132d1-b763-4b47-ae15-05b00bc40061"
"663","API dan IAS","DPS","2","TOILET KEBERANGKATAN DOMESTIK CHECK IN BARAT (PRIA)","DPS-TOILET-DD01-P","5","Toilet bersih ,harum dan petugasnya ramah,terima kasih","5","5","5","19208aa0-1854-42b9-b3d5-97d3ee26acc2"
"664","API dan IAS","CGK T2","1","TOILET T2F - CHECKIN WANITA","API&IAS-TOILET-CGK T2-HCI F TW","5","Petugas Ramah","5","5","5","8f79ec58-a2ef-4f18-8cd2-429baba60d87"
"665","API dan IAS","CGK T2","1","TOILET T2D - BOARDING ROOM T2D-1 PRIA","API&IAS-TOILET-CGK T2-BL D1 TP","5","Petugas toilet sangat ramah","5","5","5","c12f029f-affa-4bf0-b941-ea1d9aa7aad7"
"666","API dan IAS","CGK T1","1","TOILET T1A - BOARDING ROOM T1A-5 WANITA","A.BL5.W","1","Kotor, ada ulat kecil berwarna hitam di lantai, tidak ada petugas kebersihan","1","3","1","043d0d74-fa78-4c2a-aacb-2413fde9e0f9"
"667","API dan IAS","CGK T1","1","TOILET T1A - CURBSIDE WANITA","A. PCI. W","5",,"5","5","5","b58a2710-0c4a-4836-943d-c9c460ae0012"
"668","API dan IAS","CGK T1","1","TOILET T1B - CHECKIN PRIA","B. HCI. P","2","Di terminal 1A Pertama ke toilet tgl 6 Oktober 2025, hari ini 30 Oktober 2025 ke toilet lagi, untuk buang air kecil, kejadiannya sama tidak ada air di urinor, kebersihan toilet juga masih kurang, jauh dibandingkan dengan toilet dibandara Kualanamu","3","2","3","45af07bb-18b1-4a3e-a2f4-6e3a5b8ac611"
"669","API dan IAS","CGK T1","1","TOILET T1B - CORRIDOR BEFORE SCP WANITA","B. SA. W","5","Sangat Bersih dan ramah penjaganya..pertahankan","5","5","5","86b728f2-b17a-4a11-b0be-25513a311baa"
"670","API dan IAS","CGK T1","1","TOILET T1B - CHECKIN PRIA","B. HCI. P","5","Bersih","5","5","5","927cdd4a-9b15-48d4-8512-da269afe39c9"
"671","API dan IAS","CGK T1","1","TOILET T1A - BOARDING ROOM T1A-2 PRIA","A.BL2.P","5","Ramah","5","5","5","c3452f4b-ff5b-434e-b23a-0734ca2a5458"
"672","API dan IAS","CGK T1","1","TOILET T1B - CORRIDOR BEFORE SCP WANITA","B. SA. W","5",,"5","5","5","64c29001-d24d-416f-8410-af68f87a49d8"
"673","API dan IAS","CGK T1","1","TOILET T1A - CORRIDOR ARRIVAL PRIA","A.CCA.P","4","Tempat urin otomatis","4","5","3","d485291f-12ce-44ae-a658-bbe208b9d39c"
"674","API dan IAS","CGK T1","1","TOILET T1B - BAGGAGE CLAIM PRIA","B.HCO.P","5","Toilet bersih petugas sopan","5","5","5","3fc383ea-7099-4bf2-b745-473b57d3caab"
"675","API dan IAS","CGK T1","1","TOILET T1A - BOARDING ROOM T1A-3 PRIA","A.BL3.P","4","Tolong pintu mushola diberi pembatas semacam tirai supaya orang yang lagi solat tidak tampak menyatu dengan toilet","5","5","5","e3251bdd-a220-43f4-887f-2c84b5032c81"
"676","API dan IAS","CGK T1","1","TOILET T1A - BOARDING ROOM T1A-3 PRIA","A.BL3.P","3","Tidak ada petugas yang standby membersihkan","3","3","4","9c74b9c0-b3e5-4d9e-886e-c9601324e7ce"
"677","API dan IAS","CGK T1","1","TOILET T1A - BOARDING ROOM T1A-4 PRIA","A.BL4.P","4","Bagus, ramah","5","5","5","70bed40e-f946-4c0b-a162-7d6b0ceeecdf"
"678","API dan IAS","CGK T1","1","TOILET T1B - BOARDING ROOM T1B-3 PRIA","B. BL3. P","5","Sangat baik terjaga kebersihan nya, pertahankan, kalu bisa karpet musholanya di ganti yg baru yg lebih soft","5","5","5","ce9de11d-0c1c-4bf6-b915-fabb5b0ff65f"
"679","API dan IAS","CGK T1","1","TOILET T1B - BOARDING ROOM T1B-4 PRIA","B. BL4. P","4","Tisu habis","3","4","4","aff85014-65a6-418e-b296-c16dbb52f020"
"680","API dan IAS","CGK T1","1","TOILET T1B - CHECKIN PRIA","B. HCI. P","5",,"5","5","5","a0859d9a-def5-459c-8143-3ee748c25fbf"
"681","API dan IAS","CGK T1","1","TOILET T1A - BOARDING ROOM T1A-6 WANITA","A.BL6.W","5","Staf ramah toilet bersih nyaman","5","5","5","a13315d8-726a-467b-8bd3-09b7cfa1dfee"
"682","API dan IAS","CGK T1","1","TOILET T1A - PARKING WANITA","Toilet Parkir A - Wanita","2","Toilet kotor,saya masuk jam 06.38 tp sampah tisu bertebaran
Dan bau sekali toiletnya","3","2","2","f95743b5-2b99-42e5-a04d-9cce1e8cb527"
"683","API dan IAS","CGK T1","1","TOILET T1A - CURBSIDE WANITA","A. PCI. W","4","Tambah petugas dong..","5","5","4","67fc8246-2483-4ada-98e4-8ea04f7b7bce"
"684","API dan IAS","CGK T1","1","TOILET T1B - CORRIDOR AFTER SCP PRIA","CCD. B1","5","Jalan, tempat wudlu dan toilet sempit.
Mungkin tempat toilet laki2 cukup urinoir dibuat 2 jadi jalan dan tempat sandal bisa agak lebar","5","4","4","d6d7f100-45f5-45d0-b96d-dec4c652baf7"
"685","API dan IAS","CGK T1","1","TOILET T1B - CHECKIN PRIA","B. HCI. P","5","Mantap","5","5","5","dbb4c95f-cb84-4d51-be33-fa03df8e70f1"
"686","API dan IAS","CGK T1","1","TOILET T1B - CHECKIN PRIA","B. HCI. P","5","Utk yg buat kencing berdiri baiknya dikasih penahan cipratan semua","5","5","5","ee8d728b-23bd-406d-bf43-cb7548a852cd"
"687","API dan IAS","CGK T1","1","TOILET T1A - CHECKIN PRIA","A. HCI. P","5","Pertahankan","5","5","5","0da448e7-186f-421c-8086-46307201d357"
"688","API dan IAS","CGK T2","1","TOILET T2D - BOARDING ROOM T2D-1 WANITA","API&IAS-TOILET-CGK T2-BL D1 TW","5","Pertahankan yg sudah baik","5","5","5","16f1cc86-383c-483c-b38b-273784d4ab85"
"689","API dan IAS","CGK T1","1","TOILET T1B - CORRIDOR BEFORE SCP WANITA","B. SA. W","5","Ok","5","5","5","b156fd15-5ce0-4e34-9b9c-149230df2f1a"
"690","API dan IAS","CGK T1","1","TOILET T1A - BOARDING ROOM T1A-3 PRIA","A.BL3.P","3","Terlalu dekat dengan toilet, khususnya toilet pria","4","2","2","43fce671-c0c8-4185-8fc0-7d3c4885464d"
"691","API dan IAS","CGK T1","1","TOILET T1A - CHECKIN PRIA","A. HCI. P","1","toilet bocor","4","1","1","fe757d28-b4ce-4af7-b394-7910660dc7d4"
"692","API dan IAS","CGK T1","1","TOILET T1A - CHECKIN PRIA","A. HCI. P","5","Saya merasa puasa karena kebersihannya,tata letak tisduenya rapi,dan tempat sampah juga rapi dan bersih serta wangi","5","5","5","8e0d622a-9107-42a7-8253-d1fdade93c94"
"693","API dan IAS","CGK T1","1","TOILET T1B - BOARDING ROOM T1B-2 WANITA","B. BL2. W","5","Excellent","5","5","5","53124bda-3b65-4d0f-95a1-649a372d4f2f"
"694","API dan IAS","CGK T1","1","TOILET T1B - CHECKIN WANITA","B. HCI. W","5",,"5","5","5","c1be416a-22fb-4ea1-b6f2-17f6399edde6"
"695","API dan IAS","CGK T1","1","TOILET T1A - CORRIDOR AFTER SCP PRIA","CCD. A1. P","5",,"5","5","5","cd149cec-ff22-4e91-92bb-2b9bca5a50dd"
"696","API dan IAS","CGK T1","1","TOILET T1B - BOARDING ROOM T1B-7 WANITA","B. BL7. W","4",,"4","4","4","e69aeb01-6f86-4e1e-89a8-ab1c69fd4f86"
"697","API dan IAS","CGK T1","1","TOILET T1B - BOARDING ROOM T1B-4 PRIA","B. BL4. P","5","Sudah bagus sampai bingung melihat ruang pervaikannya. Pertahankan dan semoga naik GAJI-nya biar lebih semangat untuk petugasnya","5","5","5","82e1d62e-9f9a-405b-884c-4b39de0972de"
"698","API dan IAS","CGK T1","1","TOILET T1B - BOARDING ROOM T1B-7 WANITA","B. BL7. W","5","Need parfume inside","5","5","5","29bd3292-5dd3-444f-a081-c1befa5e4e7c"
"699","API dan IAS","CGK T1","1","TOILET T1A - CORRIDOR AFTER SCP PRIA","CCD. A1. P","5","Bersih wangi","5","5","5","b6b990e8-58e8-49b2-afd3-fbfd263552fe"
"700","API dan IAS","CGK T1","1","TOILET T1B - BOARDING ROOM T1B-3 PRIA","B. BL3. P","5","bersih dan tidak berbau","5","5","5","45a75ffb-edc1-484a-b86e-9182d3dc4201"
"701","API dan IAS","CGK T1","1","TOILET T1B - ARRIVAL CORRIDOR PRIA","B. CCA. P","5","Tidak ada saran atau masukan, cukup pertahankan pelayannya.","5","5","5","fa03ad0a-2a9d-4d7c-a23d-099a1253f10a"
"702","API dan IAS","CGK T1","1","TOILET T1A - CHECKIN PRIA","A. HCI. P","4","Untuk soap dispensernya agak macet, perlu diketuk-ketuk untuk dpt berjalan","5","5","5","9bff6555-bc49-48a8-8272-06c7117d7a95"
"703","API dan IAS","CGK T1","1","TOILET T1A - BOARDING ROOM T1A-3 PRIA","A.BL3.P","4","Musholla nya agar d perluas ya","5","5","4","744d2a19-9951-4990-a9be-5b7b68f9171e"
"704","API dan IAS","CGK T1","1","TOILET T1B - BOARDING ROOM T1B-5 PRIA","B. BL5. P","5","Sangat Bersih, Pertahankan","5","5","5","0bcbe80e-83b0-48de-a730-6e4f0eb8942b"
"705","API dan IAS","CGK T1","1","TOILET T1A - BOARDING ROOM T1A-3 PRIA","A.BL3.P","5",,"5","5","5","7e043a45-61d3-42d9-9ee1-03ac6e29b077"
"706","API dan IAS","CGK T1","1","TOILET T1A - BOARDING ROOM T1A-2 PRIA","A.BL2.P","5","toiletnya bersih","5","5","5","dc4c04d1-d824-41dc-8d40-c16f7af6b595"
"707","API dan IAS","CGK T1","1","TOILET T1A - BOARDING ROOM T1A-1 PRIA","A.BL1.P","5","Good","5","5","5","0a2318b3-b5ad-4ec8-9e5b-68220946327b"
"708","API dan IAS","CGK T1","1","TOILET T1B - BOARDING ROOM T1B-7 WANITA","B. BL7. W","5","keep up the good work (being consistent at all times)","5","5","5","06eacc7f-e9a8-4852-ae25-2f47099acd0b"
"709","API dan IAS","CGK T1","1","TOILET T1B - BOARDING ROOM T1B-1 PRIA","B. BL1. P","5","Bersih dan nyaman","5","5","5","f8643b2f-5bd0-48e6-bbf2-8749369c0d6a"
"710","API dan IAS","CGK T1","1","TOILET T1B - BOARDING ROOM T1B-2 PRIA","B. BL2. P","5","Petugas sangat ramah dan inisiatif.
Tambahkan Hak nya ya","5","5","5","f53e309d-71b4-4824-b15e-29368bc9990d"
"711","API dan IAS","CGK T1","1","TOILET T1A - PARKING WANITA","Toilet Parkir A - Wanita","5","Toilet Bersih","5","5","5","636f3b1d-e972-4efa-add1-b8a57076926e"
"712","API dan IAS","CGK T1","1","TOILET T1B - BOARDING ROOM T1B-5 WANITA","B. BL5. W","5","announcement nya gak kedengeran di toilet","5","5","5","81c0aef2-cf93-4cc9-b2e8-e6061ed48a31"
"713","API dan IAS","CGK T1","1","TOILET T1B - PARKIR PRIA","Toilet Parkir B - Pria","1","Toilet didekat pintu keluar kantin T1 mampet saluran pembuangan airnya & keran wastafel nya rusak","3","1","1","439f3c6d-c2db-459f-9438-2335e5c35ea4"
"714","API dan IAS","CGK T1","1","TOILET T1A - CORRIDOR ARRIVAL WANITA","A.CCA.W","4","Toiletnya bagus","4","5","3","36b3d052-35f4-4aea-838c-46eb0bdd3af3"
"715","API dan IAS","CGK T1","1","TOILET T1B - BOARDING ROOM T1B-3 WANITA","B. BL3. W","5",,"5","5","5","0cae1b03-d704-41a7-97e0-824b6846782e"
"716","API dan IAS","CGK T1","1","TOILET T1A - PARKING WANITA","Toilet Parkir A - Wanita","5","Toilet nya bersih gak becek di padahal posisinya di parkiran terus petugas nya ramah banget.","5","5","5","c4678103-bd7d-4959-b0aa-9841f4abad71"
"717","API dan IAS","CGK T1","1","TOILET T1B - ARRIVAL CORRIDOR WANITA","B. CCA. W","5","Sangat bagus","5","5","5","456f9cb8-417b-4cc1-9fe6-774dfca7084e"
"718","API dan IAS","CGK T1","1","TOILET T1B - BOARDING ROOM T1B-6 PRIA","B. BL6. P","5","Bersih","5","5","5","41c367b5-420d-4612-b948-ba0e570e493d"
"719","API dan IAS","CGK T1","1","TOILET T1B - CORRIDOR AFTER SCP PRIA","CCD. B1","5","Sangat bersih","5","5","5","4d006646-666d-40ba-9b95-3535b015a73f"
"720","API dan IAS","CGK T1","1","TOILET T1A - BOARDING ROOM T1A-5 PRIA","A.BL5.P","5","Good","5","5","5","77546da6-e7dc-41e4-9927-54e7d78dbfe1"
"721","API dan IAS","CGK T1","1","TOILET T1B - BAGGAGE CLAIM PRIA","B.HCO.P","5","Tinggal dipertahankan jgn sampai menurun","5","5","5","02bead0a-0a0e-4369-b5bd-da230896ec63"
"722","API dan IAS","CGK T1","1","TOILET T1A - PARKING PRIA","Toilet Parkir A - Pria","5","Bau pesing","5","3","5","868526aa-e652-45f6-9b07-d32582b2d68e"
"723","API dan IAS","CGK T1","1","TOILET T1A - BOARDING ROOM T1A-3 PRIA","A.BL3.P","1","Toilet nya diperhatikan lagi, mampet semua di toilet gate A3","5","4","1","086761a4-8a64-4b17-b7be-e46038c40050"
"724","API dan IAS","CGK T1","1","TOILET T1B - CURBSIDE WANITA","B. PCI. W","5","-","5","5","5","4f34a3b5-2a8f-4365-8657-25551f718e2c"
"725","API dan IAS","CGK T1","1","TOILET T1A - BOARDING ROOM T1A-2 WANITA","A.BL2.W","5","Bersih","5","5","5","a1c31584-d664-4cfa-95de-6126d7a15f2a"
"726","API dan IAS","CGK T1","1","TOILET T1A - PARKING PRIA","Toilet Parkir A - Pria","5",,"5","5","5","d65337ea-34a9-45a7-9a21-1c37fb3f3b22"
"727","API dan IAS","CGK T1","1","TOILET T1A - BOARDING ROOM T1A-5 PRIA","A.BL5.P","5","Sistem otomatis buat sabun dan keran nya mungkin bisa ditingkatkan, overall bagus kok","5","5","5","f919d990-0411-41c5-90dd-d5d0808cc140"
"728","API dan IAS","CGK T1","1","TOILET T1B - CHECKIN PRIA","B. HCI. P","5","Sudah sangat sempurna","5","5","5","c033f72e-2dd2-4f22-92ac-7fb7a919d885"
"729","API dan IAS","CGK T1","1","TOILET T1B - CORRIDOR AFTER SCP WANITA","CCD. B2","5","Good Oke","5","5","5","6e0d1347-79e4-4069-afe1-a0f4e019f632"
"730","API dan IAS","CGK T1","1","TOILET T1A - BOARDING ROOM T1A-3 PRIA","A.BL3.P","3","Perlu ditingkatkan kebersihannya,terutama airnya yg kuning","5","5","4","396a3e31-39c1-4a1b-aaeb-5f2b96e1853f"
"731","API dan IAS","CGK T1","1","TOILET T1B - CHECKIN PRIA","B. HCI. P","4","Bagus","5","5","5","07ac56ac-3a0f-42ef-a9a2-c2fafb7b80a5"
"732","API dan IAS","CGK T1","1","TOILET T1A - BOARDING ROOM T1A-6 PRIA","A.BL6.P","5","Bersih banget","5","5","5","a96533ae-005d-4e1e-bc74-06b088bc1123"
"733","API dan IAS","CGK T1","1","TOILET T1B - CORRIDOR AFTER SCP PRIA","CCD. B1","5","Terbaik dan mantap","5","5","5","47c44846-7990-4947-91e4-2ac52a6d89f7"
"734","API dan IAS","CGK T1","1","TOILET T1B - CURBSIDE PRIA","B. PCO. P","5","Tpt buang air laki laki sebagusnya semuanya diberi capper urinal. Agar tidak ada percikan ygengenai pakaian khusu utk keperluan sholat","5","4","5","20d02922-e294-46b2-88af-5233cd58d029"
"735","API dan IAS","CGK T1","1","TOILET T1B - BAGGAGE CLAIM PRIA","B.HCO.P","5","Toilet Wangi dan petugas ramah","5","5","5","ac198373-8349-4338-98ea-0ba8f6f848dd"
"736","API dan IAS","CGK T1","1","TOILET T1A - BOARDING ROOM T1A-4 PRIA","A.BL4.P","3","toiletnya bau dan kurang bersih. air di siraman toilet berwarna keruh","4","3","3","e5eda635-1fb9-4b26-8b33-c6a30a147d3c"
"737","API dan IAS","CGK T1","1","TOILET T1B - CORRIDOR AFTER SCP WANITA","CCD. B2","5",,"5","5","5","4ae76ddc-f980-4297-abc5-2c06944e4162"
"738","API dan IAS","CGK T1","1","TOILET T1B - CORRIDOR AFTER SCP WANITA","CCD. B2","5","Toiletnya bersih sekali, mba yg jaga ramah sekali","5","5","5","9bf68846-dff7-4963-a6a9-aaeae46ec3b8"
"739","API dan IAS","CGK T1","1","TOILET T1B - CHECKIN PRIA","B. HCI. P","5","Terima kasih untuk Kebersihan Toilet dan Keramahan Semua Stafnya 😇🙏🏻","5","5","5","1c0126a3-d34c-4d9d-961f-8891589db49a"
"740","API dan IAS","CGK T1","1","TOILET T1B - CORRIDOR AFTER SCP PRIA","CCD. B1","5","Bersih","5","5","5","026d3e49-b2e2-4094-81c2-67e1260db506"
"741","API dan IAS","CGK T1","1","TOILET T1B - BAGGAGE CLAIM WANITA","B.HCO.W","4","toilet bersih, perugas toilet ramah","5","5","5","d751425b-0013-4da4-85d2-ac79e232a18e"
"742","API dan IAS","CGK T1","1","TOILET T1A - CURBSIDE PRIA","A. PCO. P","5","Sangat puas dan nyaman","5","5","5","cd5108ad-3989-46ee-96ae-c3d2fe073e82"
"743","API dan IAS","CGK T1","1","TOILET T1A - BOARDING ROOM T1A-3 PRIA","A.BL3.P","5",,"5","5","5","aa19cdea-0cd4-4ffc-8eff-c4ee3eecc5ef"
"744","API dan IAS","CGK T1","1","TOILET T1B - BAGGAGE CLAIM PRIA","B.HCO.P","5","Ok","5","5","5","4558281a-2148-4fed-b0d0-079b67cd0e1d"
