"sequence","SUBHOLDING","NAMA LOKASI","TIPE FASILITAS","KETERANGAN FASILITAS","ID FASILITAS","Seberapa puas Bapak / Ibu terhadap layanan Information Center kami?","Group_Seberapa puas Bapak / Ibu terhadap layanan Information Center kami?","Numeric_Seberapa puas Bapak / Ibu terhadap layanan Information Center kami?","Silakan berikan saran dan masukan Anda terkait fasilitas Information Center kami (Opsional)","Tags_Silakan berikan saran dan masukan Anda terkait fasilitas Information Center kami (Opsional)","Sentiment_Silakan berikan saran dan masukan Anda terkait fasilitas Information Center kami (Opsional)","Staff dan Petugas (Penampilan, keramahan, dll)-Berikan penilaian Anda terhadap kepuasan Anda dengan hal-hal berikut di Information Center kami","Numeric_Staff dan Petugas (Penampilan, keramahan, dll)-Berikan penilaian Anda terhadap kepuasan Anda dengan hal-hal berikut di Information Center kami","Kelengkapan dan Ketersediaan Fasilitas-Berikan penilaian Anda terhadap kepuasan Anda dengan hal-hal berikut di Information Center kami","Numeric_Kelengkapan dan Ketersediaan Fasilitas-Berikan penilaian Anda terhadap kepuasan Anda dengan hal-hal berikut di Information Center kami","Kebersihan, Kenyamanan, dan Kemudahan Akses Informasi-Berikan penilaian Anda terhadap kepuasan Anda dengan hal-hal berikut di Information Center kami","Numeric_Kebersihan, Kenyamanan, dan Kemudahan Akses Informasi-Berikan penilaian Anda terhadap kepuasan Anda dengan hal-hal berikut di Information Center kami","Hal apa saja dari pelayanan Staff dan Petugas kami yang menurut Bapak / Ibu Memuaskan?","Other Choice-Lainnya","Hal apa saja dari pelayanan Staff dan Petugas kami yang menurut Bapak / Ibu Kurang Memuaskan?","Other Choice-Lainnya_1","Hal apa saja dari Kelengkapan dan Ketersediaan Fasilitas kami yang menurut Bapak / Ibu Memuaskan?","Other Choice-Lainnya_2","Hal apa saja dari Kelengkapan dan Ketersediaan Fasilitas kami yang menurut Bapak / Ibu Kurang Memuaskan?","Other Choice-Lainnya_3","Hal apa saja dari Kebersihan, Kenyamanan, dan Kemudahan Akses Informasi kami yang menurut Bapak / Ibu Memuaskan?","Other Choice-Lainnya_4","Hal apa saja dari Kebersihan, Kenyamanan, dan Kemudahan Akses Informasi kami yang menurut Bapak / Ibu Kurang Memuaskan?","Other Choice-Lainnya_5","Respondent Id","Survey Status","Survey Mode","Sync On-DateTime","Sync By","Response Time","Interviewer Id","Subscription Id","Project Id","Questionnaire Version","Channel Type","Is Anonymous","Test Response","Distribution Channel","Response Language","Camp Sent On Date Time","Inapp Trigger Type","Inapp Trigger Value","Name","Email","Phone Number","ID","Client Name","Company Name","Keyword","Platform Category","Tone","Published Date","Trigger Time","Response Imports","Campaign Id"
"1","IDM","TMII","PUSAT INFORMASI","Pusat Informasi Main Lobby","IDM-TMII-PUSAT INFORMASI-Pusat Informasi Main Lobby-01","5","Satisfied","5","Sudah sangat oke sekali, tetap tingkatkan","Visitor Information and Signage Clarity","Positive","5","5","5","5","5","5","Melakukan layanan secara profesional dan ramah (menjaga kontak mata, tersenyum tulus, dan memberikan solusi dengan empati)|Melayani dengan cepat dan tepat|Memberikan informasi dengan jelas dan akurat|Memiliki penampilan yang bersih dan rapi|Membantu dan memastikan kesiapan fasilitas",,,,"Fasilitas pusat informasi lengkap dan mendukung kebutuhan pengunjung|Fasilitas pusat informasi tersedia dengan baik dan mudah diakses oleh pengunjung",,,,"Pusat informasi bersih dan tertata dengan baik|Pusat informasi nyaman digunakan oleh pengunjung|Informasi mudah diakses dan disampaikan dengan jelas kepada pengunjung",,,,"b2d951cc-c425-413d-bd25-e41a4b58aff1","Completed","New","07-12-2025 16:41:45","Anonymous","58971",,"cab97c1f-67b4-11f0-a847-0a0cda9789f2","1eb4a3f0-5e3d-4ac9-b813-8b1a562e7235",,,"true","False","QrCode","Bahasa","2025-12-07T09:40:45.5960Z",,,,,,,,,,,,,,,"68b5aaf51f3cc3c03afa57ae"
"2","IDM","TMII","PUSAT INFORMASI","Pusat Informasi Main Lobby","IDM-TMII-PUSAT INFORMASI-Pusat Informasi Main Lobby-01","5","Satisfied","5","Bagus",,"Positive","5","5","5","5","5","5","Memberikan informasi dengan jelas dan akurat",,,,"Fasilitas pusat informasi tersedia dengan baik dan mudah diakses oleh pengunjung",,,,"Pusat informasi bersih dan tertata dengan baik",,,,"62e950c2-772b-410d-9c09-0b656622c09d","Completed","New","07-12-2025 14:27:08","Anonymous","53774",,"cab97c1f-67b4-11f0-a847-0a0cda9789f2","1eb4a3f0-5e3d-4ac9-b813-8b1a562e7235",,,"true","False","QrCode","Bahasa","2025-12-07T07:26:14.3345Z",,,,,,,,,,,,,,,"68b5aaf51f3cc3c03afa57ae"
"3","IDM","TMII","PUSAT INFORMASI","Pusat Informasi Main Lobby","IDM-TMII-PUSAT INFORMASI-Pusat Informasi Main Lobby-01","5","Satisfied","5","Program tur sepedanya seru bangettt, pemandu nya kayaknya cocok jdi komedian😅","Tourist Attraction and Cultural Experience Quality","Positive","5","5","5","5","5","5","Melakukan layanan secara profesional dan ramah (menjaga kontak mata, tersenyum tulus, dan memberikan solusi dengan empati)|Memberikan informasi dengan jelas dan akurat|Memiliki penampilan yang bersih dan rapi|Melayani dengan cepat dan tepat|Membantu dan memastikan kesiapan fasilitas",,,,"Lainnya","Baik",,,"Pusat informasi bersih dan tertata dengan baik|Informasi mudah diakses dan disampaikan dengan jelas kepada pengunjung|Pusat informasi nyaman digunakan oleh pengunjung",,,,"f3818a69-cfb7-4607-9101-2ab3dc5f7532","Completed","New","07-12-2025 14:25:33","Anonymous","55129",,"cab97c1f-67b4-11f0-a847-0a0cda9789f2","1eb4a3f0-5e3d-4ac9-b813-8b1a562e7235",,,"true","False","QrCode","Bahasa","2025-12-07T07:24:37.4848Z",,,,,,,,,,,,,,,"68b5aaf51f3cc3c03afa57ae"
"4","IDM","TMII","PUSAT INFORMASI","Antrian Shuttle","IDM-TMII-PUSAT INFORMASI-Antrian Shuttle-01","3","Neutral","3","Tidak byk membantu","Staff Friendliness and Service Quality","Negative","1","1","1","1","1","1",,,"Tidak melakukan layanan secara profesional dan ramah (menjaga kontak mata, tersenyum tulus, dan memberikan solusi dengan empati)",,,,"Fasilitas pusat informasi kurang lengkap dan belum mendukung kebutuhan pengunjung",,,,"Kemudahan akses informasi|Pusat informasi kurang nyaman digunakan oleh pengunjung",,"48815f15-d5c7-4807-bef0-67c5adc1d744","Completed","New","07-12-2025 12:36:50","Anonymous","113608",,"cab97c1f-67b4-11f0-a847-0a0cda9789f2","1eb4a3f0-5e3d-4ac9-b813-8b1a562e7235",,,"true","False","QrCode","Bahasa","2025-12-07T05:34:56.8977Z",,,,,,,,,,,,,,,"68b5aaf51f3cc3c03afa57ae"
"5","IDM","TMII","PUSAT INFORMASI","Pusat Informasi Main Lobby","IDM-TMII-PUSAT INFORMASI-Pusat Informasi Main Lobby-01","5","Satisfied","5","Bagus, kakaknya sangat informatif diarahkan ke tempat rekomendasi yg menyenangkan","Visitor Information and Signage Clarity","Positive","4","4","4","4","4","4","Melakukan layanan secara profesional dan ramah (menjaga kontak mata, tersenyum tulus, dan memberikan solusi dengan empati)|Melayani dengan cepat dan tepat|Memiliki penampilan yang bersih dan rapi|Memberikan informasi dengan jelas dan akurat",,,,"Fasilitas pusat informasi tersedia dengan baik dan mudah diakses oleh pengunjung",,,,"Pusat informasi bersih dan tertata dengan baik|Informasi mudah diakses dan disampaikan dengan jelas kepada pengunjung",,,,"97ee7f5c-826e-46f5-b003-1b46ae10ac3b","Completed","New","07-12-2025 11:43:57","Anonymous","86596",,"cab97c1f-67b4-11f0-a847-0a0cda9789f2","1eb4a3f0-5e3d-4ac9-b813-8b1a562e7235",,,"true","False","QrCode","Bahasa","2025-12-07T04:42:29.8172Z",,,,,,,,,,,,,,,"68b5aaf51f3cc3c03afa57ae"
"6","IDM","TMII","PUSAT INFORMASI","Pusat Informasi Main Lobby","IDM-TMII-PUSAT INFORMASI-Pusat Informasi Main Lobby-01","5","Satisfied","5","Sudah baik, yang ngeguide bagus banget penjelasan nya menarik dan edukatif","Tourist Attraction and Cultural Experience Quality","Positive","5","5","5","5","4","4","Melakukan layanan secara profesional dan ramah (menjaga kontak mata, tersenyum tulus, dan memberikan solusi dengan empati)|Memberikan informasi dengan jelas dan akurat|Melayani dengan cepat dan tepat|Membantu dan memastikan kesiapan fasilitas",,,,"Fasilitas pusat informasi lengkap dan mendukung kebutuhan pengunjung|Fasilitas pusat informasi tersedia dengan baik dan mudah diakses oleh pengunjung",,,,"Pusat informasi bersih dan tertata dengan baik|Pusat informasi nyaman digunakan oleh pengunjung|Informasi mudah diakses dan disampaikan dengan jelas kepada pengunjung",,,,"6002bd5d-eefa-4a57-88b7-9fcd352b42ff","Completed","New","07-12-2025 11:30:20","Anonymous","141645",,"cab97c1f-67b4-11f0-a847-0a0cda9789f2","1eb4a3f0-5e3d-4ac9-b813-8b1a562e7235",,,"true","False","QrCode","Bahasa","2025-12-07T04:27:58.6139Z",,,,,,,,,,,,,,,"68b5aaf51f3cc3c03afa57ae"
"7","IDM","TMII","PUSAT INFORMASI","Pusat Informasi Main Lobby","IDM-TMII-PUSAT INFORMASI-Pusat Informasi Main Lobby-01","5","Satisfied","5","Fbt 1 seru dengan kak naufal",,"Positive","5","5","5","5","5","5","Melakukan layanan secara profesional dan ramah (menjaga kontak mata, tersenyum tulus, dan memberikan solusi dengan empati)|Memberikan informasi dengan jelas dan akurat|Memiliki penampilan yang bersih dan rapi|Melayani dengan cepat dan tepat|Membantu dan memastikan kesiapan fasilitas",,,,"Lainnya","Sudah baik",,,"Pusat informasi bersih dan tertata dengan baik|Pusat informasi nyaman digunakan oleh pengunjung|Informasi mudah diakses dan disampaikan dengan jelas kepada pengunjung",,,,"ddcb1253-0e27-49c0-9923-e3e5f869008d","Completed","New","07-12-2025 11:28:19","Anonymous","25890",,"cab97c1f-67b4-11f0-a847-0a0cda9789f2","1eb4a3f0-5e3d-4ac9-b813-8b1a562e7235",,,"true","False","QrCode","Bahasa","2025-12-07T04:27:53.0744Z",,,,,,,,,,,,,,,"68b5aaf51f3cc3c03afa57ae"
"8","IDM","TMII","PUSAT INFORMASI","Pusat Informasi Main Lobby","IDM-TMII-PUSAT INFORMASI-Pusat Informasi Main Lobby-01","5","Satisfied","5","Sangat informatif","Visitor Information and Signage Clarity","Positive","5","5","5","5","5","5","Melakukan layanan secara profesional dan ramah (menjaga kontak mata, tersenyum tulus, dan memberikan solusi dengan empati)|Memiliki penampilan yang bersih dan rapi|Memberikan informasi dengan jelas dan akurat|Melayani dengan cepat dan tepat|Membantu dan memastikan kesiapan fasilitas",,,,"Fasilitas pusat informasi lengkap dan mendukung kebutuhan pengunjung|Fasilitas pusat informasi tersedia dengan baik dan mudah diakses oleh pengunjung",,,,"Pusat informasi bersih dan tertata dengan baik|Pusat informasi nyaman digunakan oleh pengunjung|Informasi mudah diakses dan disampaikan dengan jelas kepada pengunjung",,,,"baa41c4f-b0c7-4f6a-97d7-8769db7e702a","Completed","New","07-12-2025 11:20:35","Anonymous","36425",,"cab97c1f-67b4-11f0-a847-0a0cda9789f2","1eb4a3f0-5e3d-4ac9-b813-8b1a562e7235",,,"true","False","QrCode","Bahasa","2025-12-07T04:19:58.3845Z",,,,,,,,,,,,,,,"68b5aaf51f3cc3c03afa57ae"
"9","IDM","TMII","PUSAT INFORMASI","Pusat Informasi Main Lobby","IDM-TMII-PUSAT INFORMASI-Pusat Informasi Main Lobby-01","5","Satisfied","5","Waktunya lebih lama lagiii","Operational Hours and Scheduling Transparency","Positive","5","5","5","5","5","5","Melakukan layanan secara profesional dan ramah (menjaga kontak mata, tersenyum tulus, dan memberikan solusi dengan empati)|Memiliki penampilan yang bersih dan rapi|Memberikan informasi dengan jelas dan akurat|Melayani dengan cepat dan tepat|Membantu dan memastikan kesiapan fasilitas",,,,"Fasilitas pusat informasi tersedia dengan baik dan mudah diakses oleh pengunjung|Fasilitas pusat informasi lengkap dan mendukung kebutuhan pengunjung",,,,"Pusat informasi bersih dan tertata dengan baik|Pusat informasi nyaman digunakan oleh pengunjung|Informasi mudah diakses dan disampaikan dengan jelas kepada pengunjung",,,,"66fe6cd5-252d-48f7-b5e9-4448f2e7998e","Completed","New","06-12-2025 16:29:22","Anonymous","68539",,"cab97c1f-67b4-11f0-a847-0a0cda9789f2","1eb4a3f0-5e3d-4ac9-b813-8b1a562e7235",,,"true","False","QrCode","Bahasa","2025-12-06T09:28:13.0142Z",,,,,,,,,,,,,,,"68b5aaf51f3cc3c03afa57ae"
"10","IDM","TMII","PUSAT INFORMASI","Pusat Informasi Main Lobby","IDM-TMII-PUSAT INFORMASI-Pusat Informasi Main Lobby-01","5","Satisfied","5","cukup bagus",,"Positive","5","5","5","5","5","5","Melakukan layanan secara profesional dan ramah (menjaga kontak mata, tersenyum tulus, dan memberikan solusi dengan empati)|Memberikan informasi dengan jelas dan akurat",,,,"Fasilitas pusat informasi tersedia dengan baik dan mudah diakses oleh pengunjung",,,,"Pusat informasi bersih dan tertata dengan baik",,,,"8583b3ca-d3ae-4e62-8802-db6c06172e60","Completed","New","06-12-2025 16:29:08","Anonymous","67777",,"cab97c1f-67b4-11f0-a847-0a0cda9789f2","1eb4a3f0-5e3d-4ac9-b813-8b1a562e7235",,,"true","False","QrCode","Bahasa","2025-12-06T09:28:00.5210Z",,,,,,,,,,,,,,,"68b5aaf51f3cc3c03afa57ae"
"11","IDM","TMII","PUSAT INFORMASI","Pusat Informasi Main Lobby","IDM-TMII-PUSAT INFORMASI-Pusat Informasi Main Lobby-01","5","Satisfied","5","OM NYA SERUUU","Visitor Information and Signage Clarity","Positive","5","5","5","5","5","5","Melakukan layanan secara profesional dan ramah (menjaga kontak mata, tersenyum tulus, dan memberikan solusi dengan empati)|Memiliki penampilan yang bersih dan rapi|Memberikan informasi dengan jelas dan akurat|Melayani dengan cepat dan tepat|Membantu dan memastikan kesiapan fasilitas",,,,"Fasilitas pusat informasi lengkap dan mendukung kebutuhan pengunjung|Fasilitas pusat informasi tersedia dengan baik dan mudah diakses oleh pengunjung",,,,"Pusat informasi bersih dan tertata dengan baik|Pusat informasi nyaman digunakan oleh pengunjung|Informasi mudah diakses dan disampaikan dengan jelas kepada pengunjung",,,,"b0d68662-014a-4a84-9581-46896e453bdc","Completed","New","06-12-2025 16:29:05","Anonymous","44334",,"cab97c1f-67b4-11f0-a847-0a0cda9789f2","1eb4a3f0-5e3d-4ac9-b813-8b1a562e7235",,,"true","False","QrCode","Bahasa","2025-12-06T09:28:20.2253Z",,,,,,,,,,,,,,,"68b5aaf51f3cc3c03afa57ae"
"12","IDM","TMII","PUSAT INFORMASI","Pusat Informasi Main Lobby","IDM-TMII-PUSAT INFORMASI-Pusat Informasi Main Lobby-01","5","Satisfied","5","saya sangat puas atas penjelasan","Visitor Information and Signage Clarity","Positive","5","5","5","5","5","5","Melakukan layanan secara profesional dan ramah (menjaga kontak mata, tersenyum tulus, dan memberikan solusi dengan empati)|Memiliki penampilan yang bersih dan rapi|Memberikan informasi dengan jelas dan akurat|Melayani dengan cepat dan tepat|Membantu dan memastikan kesiapan fasilitas",,,,"Fasilitas pusat informasi lengkap dan mendukung kebutuhan pengunjung|Fasilitas pusat informasi tersedia dengan baik dan mudah diakses oleh pengunjung",,,,"Pusat informasi bersih dan tertata dengan baik|Pusat informasi nyaman digunakan oleh pengunjung|Informasi mudah diakses dan disampaikan dengan jelas kepada pengunjung",,,,"f31625a0-0e2e-40a8-8840-568acb420df1","Completed","New","06-12-2025 16:29:07","Anonymous","88413",,"cab97c1f-67b4-11f0-a847-0a0cda9789f2","1eb4a3f0-5e3d-4ac9-b813-8b1a562e7235",,,"true","False","QrCode","Bahasa","2025-12-06T09:27:38.7820Z",,,,,,,,,,,,,,,"68b5aaf51f3cc3c03afa57ae"
"13","IDM","TMII","PUSAT INFORMASI","Pusat Informasi Main Lobby","IDM-TMII-PUSAT INFORMASI-Pusat Informasi Main Lobby-01","5","Satisfied","5","udah bagus","Visitor Information and Signage Clarity","Positive","5","5","5","5","5","5","Melakukan layanan secara profesional dan ramah (menjaga kontak mata, tersenyum tulus, dan memberikan solusi dengan empati)|Memiliki penampilan yang bersih dan rapi|Memberikan informasi dengan jelas dan akurat|Melayani dengan cepat dan tepat|Membantu dan memastikan kesiapan fasilitas",,,,"Fasilitas pusat informasi lengkap dan mendukung kebutuhan pengunjung|Fasilitas pusat informasi tersedia dengan baik dan mudah diakses oleh pengunjung",,,,"Pusat informasi bersih dan tertata dengan baik|Pusat informasi nyaman digunakan oleh pengunjung|Informasi mudah diakses dan disampaikan dengan jelas kepada pengunjung",,,,"e7cf1cac-d0c0-46be-aa08-1795c02bcfc2","Completed","New","06-12-2025 16:29:03","Anonymous","40240",,"cab97c1f-67b4-11f0-a847-0a0cda9789f2","1eb4a3f0-5e3d-4ac9-b813-8b1a562e7235",,,"true","False","QrCode","Bahasa","2025-12-06T09:28:22.2620Z",,,,,,,,,,,,,,,"68b5aaf51f3cc3c03afa57ae"
"14","IDM","TMII","PUSAT INFORMASI","Pusat Informasi Main Lobby","IDM-TMII-PUSAT INFORMASI-Pusat Informasi Main Lobby-01","5","Satisfied","5","Semua sudah bagus","Visitor Information and Signage Clarity","Positive","5","5","5","5","5","5","Melakukan layanan secara profesional dan ramah (menjaga kontak mata, tersenyum tulus, dan memberikan solusi dengan empati)|Memiliki penampilan yang bersih dan rapi|Memberikan informasi dengan jelas dan akurat|Melayani dengan cepat dan tepat|Membantu dan memastikan kesiapan fasilitas",,,,"Fasilitas pusat informasi lengkap dan mendukung kebutuhan pengunjung|Fasilitas pusat informasi tersedia dengan baik dan mudah diakses oleh pengunjung",,,,"Pusat informasi bersih dan tertata dengan baik|Pusat informasi nyaman digunakan oleh pengunjung|Informasi mudah diakses dan disampaikan dengan jelas kepada pengunjung",,,,"3b360ad4-5e50-4ece-b601-f5c6766edeb6","Completed","New","06-12-2025 16:28:37","Anonymous","53301",,"cab97c1f-67b4-11f0-a847-0a0cda9789f2","1eb4a3f0-5e3d-4ac9-b813-8b1a562e7235",,,"true","False","QrCode","Bahasa","2025-12-06T09:27:42.7210Z",,,,,,,,,,,,,,,"68b5aaf51f3cc3c03afa57ae"
"15","IDM","TMII","PUSAT INFORMASI","Pusat Informasi Main Lobby","IDM-TMII-PUSAT INFORMASI-Pusat Informasi Main Lobby-01","5","Satisfied","5",,,,"5","5","5","5","5","5","Melakukan layanan secara profesional dan ramah (menjaga kontak mata, tersenyum tulus, dan memberikan solusi dengan empati)|Memiliki penampilan yang bersih dan rapi|Memberikan informasi dengan jelas dan akurat|Melayani dengan cepat dan tepat|Membantu dan memastikan kesiapan fasilitas",,,,"Fasilitas pusat informasi lengkap dan mendukung kebutuhan pengunjung|Fasilitas pusat informasi tersedia dengan baik dan mudah diakses oleh pengunjung",,,,"Pusat informasi bersih dan tertata dengan baik|Pusat informasi nyaman digunakan oleh pengunjung|Informasi mudah diakses dan disampaikan dengan jelas kepada pengunjung",,,,"d63f1d0e-6e98-44ff-8731-6ce17d2ab0a2","Completed","New","06-12-2025 16:28:13","Anonymous","27081",,"cab97c1f-67b4-11f0-a847-0a0cda9789f2","1eb4a3f0-5e3d-4ac9-b813-8b1a562e7235",,,"true","False","QrCode","Bahasa","2025-12-06T09:27:45.3850Z",,,,,,,,,,,,,,,"68b5aaf51f3cc3c03afa57ae"
"16","IDM","TMII","PUSAT INFORMASI","Pusat Informasi Main Lobby","IDM-TMII-PUSAT INFORMASI-Pusat Informasi Main Lobby-01","5","Satisfied","5","Tadi naik shuttle LRT dijelaskan oleh Cs nya dan ketika di pintu masuk mobil nya mogok namun CS nya sigap Untuk mengganti mobil nya sampai di pintu utama. Ketika menunggu kembali pulang dengan Shuttle lrt bertemu dengan cs itu lagi dan memberikan rekomendasi untuk jalan-jaln di area jakarta. Walau sebentar namun Puas sekali.","Staff Friendliness and Service Quality|Accessibility and Transportation Improvements|Tourist Attraction and Cultural Experience Quality","Positive","5","5","3","3","5","5","Melakukan layanan secara profesional dan ramah (menjaga kontak mata, tersenyum tulus, dan memberikan solusi dengan empati)|Memiliki penampilan yang bersih dan rapi|Memberikan informasi dengan jelas dan akurat|Melayani dengan cepat dan tepat|Membantu dan memastikan kesiapan fasilitas",,,,,,"Lainnya","Sudah baik","Pusat informasi bersih dan tertata dengan baik|Informasi mudah diakses dan disampaikan dengan jelas kepada pengunjung",,,,"c821f84f-f58c-4e17-84f2-69cf62903d2b","Completed","New","06-12-2025 16:25:46","Anonymous","185492",,"cab97c1f-67b4-11f0-a847-0a0cda9789f2","1eb4a3f0-5e3d-4ac9-b813-8b1a562e7235",,,"true","False","QrCode","Bahasa","2025-12-06T09:22:39.8487Z",,,,,,,,,,,,,,,"68b5aaf51f3cc3c03afa57ae"
"17","IDM","TMII","PUSAT INFORMASI","Pusat Informasi Main Lobby","IDM-TMII-PUSAT INFORMASI-Pusat Informasi Main Lobby-01","5","Satisfied","5","-",,"Neutral","5","5","5","5","5","5","Melakukan layanan secara profesional dan ramah (menjaga kontak mata, tersenyum tulus, dan memberikan solusi dengan empati)",,,,"Fasilitas pusat informasi lengkap dan mendukung kebutuhan pengunjung|Fasilitas pusat informasi tersedia dengan baik dan mudah diakses oleh pengunjung",,,,"Pusat informasi bersih dan tertata dengan baik|Pusat informasi nyaman digunakan oleh pengunjung|Informasi mudah diakses dan disampaikan dengan jelas kepada pengunjung",,,,"e4507d9e-f21b-4fa3-9fd2-f6a01933060f","Completed","New","06-12-2025 11:21:32","Anonymous","32868",,"cab97c1f-67b4-11f0-a847-0a0cda9789f2","1eb4a3f0-5e3d-4ac9-b813-8b1a562e7235",,,"true","False","QrCode","Bahasa","2025-12-06T04:20:59.0223Z",,,,,,,,,,,,,,,"68b5aaf51f3cc3c03afa57ae"
"18","IDM","TMII","PUSAT INFORMASI","Pusat Informasi Main Lobby","IDM-TMII-PUSAT INFORMASI-Pusat Informasi Main Lobby-01","5","Satisfied","5",".",,"Neutral","5","5","5","5","5","5","Melakukan layanan secara profesional dan ramah (menjaga kontak mata, tersenyum tulus, dan memberikan solusi dengan empati)|Memiliki penampilan yang bersih dan rapi|Memberikan informasi dengan jelas dan akurat|Melayani dengan cepat dan tepat|Membantu dan memastikan kesiapan fasilitas",,,,"Fasilitas pusat informasi lengkap dan mendukung kebutuhan pengunjung|Fasilitas pusat informasi tersedia dengan baik dan mudah diakses oleh pengunjung",,,,"Pusat informasi bersih dan tertata dengan baik|Pusat informasi nyaman digunakan oleh pengunjung|Informasi mudah diakses dan disampaikan dengan jelas kepada pengunjung",,,,"e78f291f-3af4-41be-94da-a2429309ef81","Completed","New","06-12-2025 11:21:08","Anonymous","57876",,"cab97c1f-67b4-11f0-a847-0a0cda9789f2","1eb4a3f0-5e3d-4ac9-b813-8b1a562e7235",,,"true","False","QrCode","English","2025-12-06T04:20:11.3974Z",,,,,,,,,,,,,,,"68b5aaf51f3cc3c03afa57ae"
"19","IDM","TMII","PUSAT INFORMASI","Pusat Informasi Main Lobby","IDM-TMII-PUSAT INFORMASI-Pusat Informasi Main Lobby-01","4","Satisfied","4","Sangat melayani pengunjung dan memberikan arahan yang bagus","Staff Friendliness and Service Quality","Positive","5","5","5","5","5","5","Melakukan layanan secara profesional dan ramah (menjaga kontak mata, tersenyum tulus, dan memberikan solusi dengan empati)",,,,"Fasilitas pusat informasi lengkap dan mendukung kebutuhan pengunjung",,,,"Pusat informasi bersih dan tertata dengan baik",,,,"571cc032-8117-4cd4-9e80-63bc696f2a97","Completed","New","06-12-2025 11:21:03","Anonymous","74225",,"cab97c1f-67b4-11f0-a847-0a0cda9789f2","1eb4a3f0-5e3d-4ac9-b813-8b1a562e7235",,,"true","False","QrCode","Bahasa","2025-12-06T04:19:49.2859Z",,,,,,,,,,,,,,,"68b5aaf51f3cc3c03afa57ae"
"20","IDM","TMII","PUSAT INFORMASI","Pusat Informasi Main Lobby","IDM-TMII-PUSAT INFORMASI-Pusat Informasi Main Lobby-01","5","Satisfied","5","nungkin guide nya bisa ditambah jadi 2. u tuk mengatur para peserta yabg ada di depan dan dibelakanh","Staff Friendliness and Service Quality","Neutral","4","4","4","4","4","4","Memberikan informasi dengan jelas dan akurat|Melakukan layanan secara profesional dan ramah (menjaga kontak mata, tersenyum tulus, dan memberikan solusi dengan empati)|Memiliki penampilan yang bersih dan rapi|Melayani dengan cepat dan tepat|Membantu dan memastikan kesiapan fasilitas",,,,"Fasilitas pusat informasi lengkap dan mendukung kebutuhan pengunjung|Fasilitas pusat informasi tersedia dengan baik dan mudah diakses oleh pengunjung",,,,"Pusat informasi nyaman digunakan oleh pengunjung|Informasi mudah diakses dan disampaikan dengan jelas kepada pengunjung|Pusat informasi bersih dan tertata dengan baik",,,,"938cd6fb-f12d-4be0-9b1f-b14e13297adc","Completed","New","06-12-2025 11:20:51","Anonymous","81142",,"cab97c1f-67b4-11f0-a847-0a0cda9789f2","1eb4a3f0-5e3d-4ac9-b813-8b1a562e7235",,,"true","False","QrCode","Bahasa","2025-12-06T04:19:30.5157Z",,,,,,,,,,,,,,,"68b5aaf51f3cc3c03afa57ae"
"21","IDM","TMII","PUSAT INFORMASI","Pusat Informasi Main Lobby","IDM-TMII-PUSAT INFORMASI-Pusat Informasi Main Lobby-01","5","Satisfied","5",".",,"Neutral","5","5","5","5","5","5","Memberikan informasi dengan jelas dan akurat",,,,"Fasilitas pusat informasi lengkap dan mendukung kebutuhan pengunjung",,,,"Informasi mudah diakses dan disampaikan dengan jelas kepada pengunjung",,,,"0c125344-8223-4784-82cc-3a1ee97407b2","Completed","New","06-12-2025 11:20:36","Anonymous","40726",,"cab97c1f-67b4-11f0-a847-0a0cda9789f2","1eb4a3f0-5e3d-4ac9-b813-8b1a562e7235",,,"true","False","QrCode","Bahasa","2025-12-06T04:19:53.5191Z",,,,,,,,,,,,,,,"68b5aaf51f3cc3c03afa57ae"
"22","IDM","TMII","PUSAT INFORMASI","Pusat Informasi Main Lobby","IDM-TMII-PUSAT INFORMASI-Pusat Informasi Main Lobby-01","5","Satisfied","5","bagus",,"Positive","5","5","5","5","5","5","Memberikan informasi dengan jelas dan akurat|Melakukan layanan secara profesional dan ramah (menjaga kontak mata, tersenyum tulus, dan memberikan solusi dengan empati)",,,,"Fasilitas pusat informasi lengkap dan mendukung kebutuhan pengunjung|Fasilitas pusat informasi tersedia dengan baik dan mudah diakses oleh pengunjung",,,,"Informasi mudah diakses dan disampaikan dengan jelas kepada pengunjung|Pusat informasi nyaman digunakan oleh pengunjung",,,,"f3eff0e0-7584-4d74-bb64-2978a8c30761","Completed","New","06-12-2025 11:20:30","Anonymous","51817",,"cab97c1f-67b4-11f0-a847-0a0cda9789f2","1eb4a3f0-5e3d-4ac9-b813-8b1a562e7235",,,"true","False","QrCode","Bahasa","2025-12-06T04:19:38.9432Z",,,,,,,,,,,,,,,"68b5aaf51f3cc3c03afa57ae"
"23","IDM","TMII","PUSAT INFORMASI","Pusat Informasi Main Lobby","IDM-TMII-PUSAT INFORMASI-Pusat Informasi Main Lobby-01","5","Satisfied","5",,,,"5","5","5","5","5","5","Melakukan layanan secara profesional dan ramah (menjaga kontak mata, tersenyum tulus, dan memberikan solusi dengan empati)|Memiliki penampilan yang bersih dan rapi|Memberikan informasi dengan jelas dan akurat|Melayani dengan cepat dan tepat|Membantu dan memastikan kesiapan fasilitas",,,,"Fasilitas pusat informasi lengkap dan mendukung kebutuhan pengunjung|Fasilitas pusat informasi tersedia dengan baik dan mudah diakses oleh pengunjung",,,,"Pusat informasi bersih dan tertata dengan baik|Pusat informasi nyaman digunakan oleh pengunjung|Informasi mudah diakses dan disampaikan dengan jelas kepada pengunjung",,,,"fc18bc24-edc4-4bb9-bff1-45efe7552189","Completed","New","06-12-2025 11:20:05","Anonymous","46248",,"cab97c1f-67b4-11f0-a847-0a0cda9789f2","1eb4a3f0-5e3d-4ac9-b813-8b1a562e7235",,,"true","False","QrCode","Bahasa","2025-12-06T04:19:18.5949Z",,,,,,,,,,,,,,,"68b5aaf51f3cc3c03afa57ae"
"24","IDM","TMII","PUSAT INFORMASI","Pusat Informasi Main Lobby","IDM-TMII-PUSAT INFORMASI-Pusat Informasi Main Lobby-01","5","Satisfied","5","Sangat ramah","Staff Friendliness and Service Quality","Positive","5","5","5","5","5","5","Melakukan layanan secara profesional dan ramah (menjaga kontak mata, tersenyum tulus, dan memberikan solusi dengan empati)|Memiliki penampilan yang bersih dan rapi|Memberikan informasi dengan jelas dan akurat|Melayani dengan cepat dan tepat|Membantu dan memastikan kesiapan fasilitas",,,,"Fasilitas pusat informasi lengkap dan mendukung kebutuhan pengunjung|Fasilitas pusat informasi tersedia dengan baik dan mudah diakses oleh pengunjung",,,,"Pusat informasi bersih dan tertata dengan baik|Pusat informasi nyaman digunakan oleh pengunjung|Informasi mudah diakses dan disampaikan dengan jelas kepada pengunjung",,,,"b60000ca-ef78-453a-81d9-3b61043e03ec","Completed","New","06-12-2025 11:20:01","Anonymous","43401",,"cab97c1f-67b4-11f0-a847-0a0cda9789f2","1eb4a3f0-5e3d-4ac9-b813-8b1a562e7235",,,"true","False","QrCode","Bahasa","2025-12-06T04:19:18.5108Z",,,,,,,,,,,,,,,"68b5aaf51f3cc3c03afa57ae"
"25","IDM","TMII","PUSAT INFORMASI","Pusat Informasi Main Lobby","IDM-TMII-PUSAT INFORMASI-Pusat Informasi Main Lobby-01","5","Satisfied","5",,,,"5","5","5","5","5","5","Melakukan layanan secara profesional dan ramah (menjaga kontak mata, tersenyum tulus, dan memberikan solusi dengan empati)|Memiliki penampilan yang bersih dan rapi|Memberikan informasi dengan jelas dan akurat|Melayani dengan cepat dan tepat|Membantu dan memastikan kesiapan fasilitas",,,,"Fasilitas pusat informasi lengkap dan mendukung kebutuhan pengunjung|Fasilitas pusat informasi tersedia dengan baik dan mudah diakses oleh pengunjung",,,,"Pusat informasi bersih dan tertata dengan baik|Pusat informasi nyaman digunakan oleh pengunjung|Informasi mudah diakses dan disampaikan dengan jelas kepada pengunjung",,,,"4213c8f8-7a18-4c9e-aef6-cbe98858cc4b","Completed","New","06-12-2025 11:20:02","Anonymous","29215",,"cab97c1f-67b4-11f0-a847-0a0cda9789f2","1eb4a3f0-5e3d-4ac9-b813-8b1a562e7235",,,"true","False","QrCode","Bahasa","2025-12-06T04:19:34.4506Z",,,,,,,,,,,,,,,"68b5aaf51f3cc3c03afa57ae"
"26","IDM","TMII","PUSAT INFORMASI","Pusat Informasi Main Lobby","IDM-TMII-PUSAT INFORMASI-Pusat Informasi Main Lobby-01","5","Satisfied","5","Keren banget",,"Positive","5","5","5","5","5","5","Melakukan layanan secara profesional dan ramah (menjaga kontak mata, tersenyum tulus, dan memberikan solusi dengan empati)",,,,"Fasilitas pusat informasi lengkap dan mendukung kebutuhan pengunjung",,,,"Pusat informasi bersih dan tertata dengan baik",,,,"600d0420-bf39-4da7-8955-83b7e9344752","Completed","New","06-12-2025 11:19:39","Anonymous","33597",,"cab97c1f-67b4-11f0-a847-0a0cda9789f2","1eb4a3f0-5e3d-4ac9-b813-8b1a562e7235",,,"true","False","QrCode","Bahasa","2025-12-06T04:19:04.9533Z",,,,,,,,,,,,,,,"68b5aaf51f3cc3c03afa57ae"
"27","IDM","TMII","PUSAT INFORMASI","Pusat Informasi Main Lobby","IDM-TMII-PUSAT INFORMASI-Pusat Informasi Main Lobby-01","5","Satisfied","5","Baru jadi member annual pass olahraga disini, tempat yang pas karna tracknya ga bosenin dan pemandangan sangat instagramable, staffnya juga ramah, sangat worth it😍","Amenities and Food Services Availability|Staff Friendliness and Service Quality|Tourist Attraction and Cultural Experience Quality","Positive","5","5","5","5","5","5","Melakukan layanan secara profesional dan ramah (menjaga kontak mata, tersenyum tulus, dan memberikan solusi dengan empati)",,,,"Fasilitas pusat informasi tersedia dengan baik dan mudah diakses oleh pengunjung",,,,"Pusat informasi nyaman digunakan oleh pengunjung",,,,"dd29cb7b-ca8a-4ddf-839a-aff4e17a3086","Completed","New","06-12-2025 10:04:07","Anonymous","649741",,"cab97c1f-67b4-11f0-a847-0a0cda9789f2","1eb4a3f0-5e3d-4ac9-b813-8b1a562e7235",,,"true","False","QrCode","Bahasa","2025-12-06T02:51:29.9137Z",,,,,,,,,,,,,,,"68b5aaf51f3cc3c03afa57ae"
"28","IDM","TMII","PUSAT INFORMASI","Antrian Shuttle","IDM-TMII-PUSAT INFORMASI-Antrian Shuttle-01","5","Satisfied","5","Hari ini ke TMII utk menanyakan tur sekolah murid sy. Tujuan sy mau ke musium transportasi. Di lobby bertemu dgn mba petugas yg ramah dan mmberi saran kpd sy utk ke marketing jg spya dpt diskon rombongan katanya. Saya ikuti arahan dan sekalian keliling hbs dari musium transport. TMII skrng udh bgs yhaa..","Staff Friendliness and Service Quality|Pricing and Membership Policies (Annual Pass and Ticketing)|Tourist Attraction and Cultural Experience Quality","Positive","5","5","5","5","5","5","Melakukan layanan secara profesional dan ramah (menjaga kontak mata, tersenyum tulus, dan memberikan solusi dengan empati)|Memberikan informasi dengan jelas dan akurat|Melayani dengan cepat dan tepat",,,,"Fasilitas pusat informasi lengkap dan mendukung kebutuhan pengunjung",,,,"Pusat informasi bersih dan tertata dengan baik",,,,"58f4923e-e454-42a8-a5a3-d7e31c514e60","Completed","New","05-12-2025 14:45:01","Anonymous","454581",,"cab97c1f-67b4-11f0-a847-0a0cda9789f2","1eb4a3f0-5e3d-4ac9-b813-8b1a562e7235",,,"true","False","QrCode","Bahasa","2025-12-05T07:37:26.7506Z",,,,,,,,,,,,,,,"68b5aaf51f3cc3c03afa57ae"
"29","IDM","TMII","PUSAT INFORMASI","Pusat Informasi Main Lobby","IDM-TMII-PUSAT INFORMASI-Pusat Informasi Main Lobby-01","5","Satisfied","5","tidak ada",,"Neutral","5","5","5","5","3","3","Melakukan layanan secara profesional dan ramah (menjaga kontak mata, tersenyum tulus, dan memberikan solusi dengan empati)|Memiliki penampilan yang bersih dan rapi|Melayani dengan cepat dan tepat",,,,"Fasilitas pusat informasi lengkap dan mendukung kebutuhan pengunjung|Fasilitas pusat informasi tersedia dengan baik dan mudah diakses oleh pengunjung",,,,,,"Lainnya","Pasar Nusantara oke banget, hanya saja sedikit bau kotoran kucing di teras batu nya","6bf502c7-6858-4de9-9269-66b19ec32dfd","Completed","New","05-12-2025 14:02:12","Anonymous","132058",,"cab97c1f-67b4-11f0-a847-0a0cda9789f2","1eb4a3f0-5e3d-4ac9-b813-8b1a562e7235",,,"true","False","QrCode","Bahasa","2025-12-05T06:59:59.9263Z",,,,,,,,,,,,,,,"68b5aaf51f3cc3c03afa57ae"
"30","IDM","TMII","PUSAT INFORMASI","Pusat Informasi Main Lobby","IDM-TMII-PUSAT INFORMASI-Pusat Informasi Main Lobby-01","5","Satisfied","5","Sangat recommended, sangat asri dan bersih lingkungannya","Facility Maintenance and Cleanliness","Positive","5","5","5","5","5","5","Memiliki penampilan yang bersih dan rapi",,,,"Fasilitas pusat informasi lengkap dan mendukung kebutuhan pengunjung",,,,"Informasi mudah diakses dan disampaikan dengan jelas kepada pengunjung",,,,"c406cea1-923f-4282-8c85-d4888e81c4f6","Completed","New","05-12-2025 12:36:13","Anonymous","158762",,"cab97c1f-67b4-11f0-a847-0a0cda9789f2","1eb4a3f0-5e3d-4ac9-b813-8b1a562e7235",,,"true","False","QrCode","Bahasa","2025-12-05T05:33:33.2980Z",,,,,,,,,,,,,,,"68b5aaf51f3cc3c03afa57ae"
"31","IDM","TMII","PUSAT INFORMASI","Antrian Shuttle","IDM-TMII-PUSAT INFORMASI-Antrian Shuttle-01","3","Neutral","3","petugas penjual tiket lama, hanya di buka satu jalur sedangkat antrian untuk masuk sudah panjang","Staff Friendliness and Service Quality|Accessibility and Transportation Improvements|Facility Maintenance and Cleanliness|Safety and Security Measures (Shuttle Speed, Pathways, and Facilities)","Negative","3","3","3","3","3","3",,,"Tidak melakukan layanan secara profesional dan ramah (menjaga kontak mata, tersenyum tulus, dan memberikan solusi dengan empati)|Tidak berpenampilan bersih dan rapi|Memberikan informasi dengan kurangjelas dan akurat|Tidak melayani dengan cepat dan tepat",,,,"Fasilitas pusat informasi kurang lengkap dan belum mendukung kebutuhan pengunjung|Fasilitas pusat informasi tidak tersedia atau sulit diakses oleh pengunjung",,,,"Pusat informasi kotor atau kurang tertata|Pusat informasi kurang nyaman digunakan oleh pengunjung",,"6065401f-5e10-4706-85a5-3b274457bf29","Completed","New","04-12-2025 16:26:47","Anonymous","72819",,"cab97c1f-67b4-11f0-a847-0a0cda9789f2","1eb4a3f0-5e3d-4ac9-b813-8b1a562e7235",,,"true","False","QrCode","Bahasa","2025-12-04T09:25:34.1321Z",,,,,,,,,,,,,,,"68b5aaf51f3cc3c03afa57ae"
"32","IDM","TMII","PUSAT INFORMASI","Antrian Shuttle","IDM-TMII-PUSAT INFORMASI-Antrian Shuttle-01","5","Satisfied","5","Sangat kerennnnn petugas2 di tmii ini. Sigap dan cekatan bgt. Walau hujan deras seperti ini mereka tetap melayani dengan baik. Sayapun td sempat dipinjamkan payung untuk ke mobil sebentar. Patut di acung jempol 👍🏻","Staff Friendliness and Service Quality","Positive","5","5","5","5","5","5","Melakukan layanan secara profesional dan ramah (menjaga kontak mata, tersenyum tulus, dan memberikan solusi dengan empati)|Memiliki penampilan yang bersih dan rapi|Memberikan informasi dengan jelas dan akurat|Melayani dengan cepat dan tepat|Membantu dan memastikan kesiapan fasilitas",,,,"Fasilitas pusat informasi lengkap dan mendukung kebutuhan pengunjung|Fasilitas pusat informasi tersedia dengan baik dan mudah diakses oleh pengunjung",,,,"Pusat informasi bersih dan tertata dengan baik|Pusat informasi nyaman digunakan oleh pengunjung|Informasi mudah diakses dan disampaikan dengan jelas kepada pengunjung",,,,"fd094cd8-ad5d-4e23-966e-214c2ff75649","Completed","New","02-12-2025 16:50:08","Anonymous","480648",,"cab97c1f-67b4-11f0-a847-0a0cda9789f2","1eb4a3f0-5e3d-4ac9-b813-8b1a562e7235",,,"true","False","QrCode","Bahasa","2025-12-02T09:42:07.2555Z",,,,,,,,,,,,,,,"68b5aaf51f3cc3c03afa57ae"
"33","IDM","TMII","PUSAT INFORMASI","Pusat Informasi Main Lobby","IDM-TMII-PUSAT INFORMASI-Pusat Informasi Main Lobby-01","4","Satisfied","4",,,,"3","3","3","3","3","3",,,"Tidak membantu dan memastikan kesiapan fasilitas|Tidak melayani dengan cepat dan tepat",,,,"Fasilitas pusat informasi tidak tersedia atau sulit diakses oleh pengunjung|Fasilitas pusat informasi kurang lengkap dan belum mendukung kebutuhan pengunjung",,,,"Lainnya","Ragu","27d1fc44-a623-401c-ad8b-fe17e2ed04f6","Completed","New","02-12-2025 15:40:07","Anonymous","68274",,"cab97c1f-67b4-11f0-a847-0a0cda9789f2","1eb4a3f0-5e3d-4ac9-b813-8b1a562e7235",,,"true","False","QrCode","Bahasa","2025-12-02T08:38:58.4079Z",,,,,,,,,,,,,,,"68b5aaf51f3cc3c03afa57ae"
"34","IDM","TMII","PUSAT INFORMASI","Pusat Informasi Main Lobby","IDM-TMII-PUSAT INFORMASI-Pusat Informasi Main Lobby-01","5","Satisfied","5","Sekarang sudah jauh lebih bagus, sayangnya hujan jadi tidak maksimal menjelajahi, tp overall sangatt good","Tourist Attraction and Cultural Experience Quality","Positive","5","5","5","5","5","5","Membantu dan memastikan kesiapan fasilitas",,,,"Fasilitas pusat informasi tersedia dengan baik dan mudah diakses oleh pengunjung",,,,"Pusat informasi nyaman digunakan oleh pengunjung",,,,"74810953-2e80-4915-bb2d-aac79701884b","Completed","New","02-12-2025 13:35:17","Anonymous","97274",,"cab97c1f-67b4-11f0-a847-0a0cda9789f2","1eb4a3f0-5e3d-4ac9-b813-8b1a562e7235",,,"true","False","QrCode","Bahasa","2025-12-02T06:33:39.3658Z",,,,,,,,,,,,,,,"68b5aaf51f3cc3c03afa57ae"
"35","IDM","TMII","PUSAT INFORMASI","Pusat Informasi Main Lobby","IDM-TMII-PUSAT INFORMASI-Pusat Informasi Main Lobby-01","5","Satisfied","5","sudah sangat serwu!","Staff Friendliness and Service Quality","Positive","5","5","5","5","5","5","Melakukan layanan secara profesional dan ramah (menjaga kontak mata, tersenyum tulus, dan memberikan solusi dengan empati)|Memiliki penampilan yang bersih dan rapi|Memberikan informasi dengan jelas dan akurat|Melayani dengan cepat dan tepat|Membantu dan memastikan kesiapan fasilitas",,,,"Fasilitas pusat informasi lengkap dan mendukung kebutuhan pengunjung|Fasilitas pusat informasi tersedia dengan baik dan mudah diakses oleh pengunjung",,,,"Pusat informasi bersih dan tertata dengan baik|Pusat informasi nyaman digunakan oleh pengunjung|Informasi mudah diakses dan disampaikan dengan jelas kepada pengunjung",,,,"147a1441-2fb9-4164-91ef-68f428f2a404","Completed","New","30-11-2025 16:32:25","Anonymous","44324",,"cab97c1f-67b4-11f0-a847-0a0cda9789f2","1eb4a3f0-5e3d-4ac9-b813-8b1a562e7235",,,"true","False","QrCode","Bahasa","2025-11-30T09:31:40.7593Z",,,,,,,,,,,,,,,"68b5aaf51f3cc3c03afa57ae"
"36","IDM","TMII","PUSAT INFORMASI","Pusat Informasi Main Lobby","IDM-TMII-PUSAT INFORMASI-Pusat Informasi Main Lobby-01","5","Satisfied","5","Happy and fund","Staff Friendliness and Service Quality","Positive","5","5","5","5","5","5","Memberikan informasi dengan jelas dan akurat",,,,"Fasilitas pusat informasi lengkap dan mendukung kebutuhan pengunjung",,,,"Pusat informasi bersih dan tertata dengan baik",,,,"e88d634f-e86c-400a-bbd7-11c69d02c692","Completed","New","30-11-2025 16:32:03","Anonymous","33902",,"cab97c1f-67b4-11f0-a847-0a0cda9789f2","1eb4a3f0-5e3d-4ac9-b813-8b1a562e7235",,,"true","False","QrCode","English","2025-11-30T09:31:29.7597Z",,,,,,,,,,,,,,,"68b5aaf51f3cc3c03afa57ae"
"37","IDM","TMII","PUSAT INFORMASI","Pusat Informasi Main Lobby","IDM-TMII-PUSAT INFORMASI-Pusat Informasi Main Lobby-01","5","Satisfied","5","bgus","Staff Friendliness and Service Quality","Neutral","5","5","5","5","5","5","Melakukan layanan secara profesional dan ramah (menjaga kontak mata, tersenyum tulus, dan memberikan solusi dengan empati)|Memiliki penampilan yang bersih dan rapi|Memberikan informasi dengan jelas dan akurat|Melayani dengan cepat dan tepat|Membantu dan memastikan kesiapan fasilitas|Lainnya","keren",,,"Fasilitas pusat informasi lengkap dan mendukung kebutuhan pengunjung|Fasilitas pusat informasi tersedia dengan baik dan mudah diakses oleh pengunjung|Lainnya","yaa",,,"Pusat informasi bersih dan tertata dengan baik|Pusat informasi nyaman digunakan oleh pengunjung|Informasi mudah diakses dan disampaikan dengan jelas kepada pengunjung",,,,"5a4dfdea-73b6-4444-a9ff-5a5f18c7b788","Completed","New","30-11-2025 16:31:37","Anonymous","48875",,"cab97c1f-67b4-11f0-a847-0a0cda9789f2","1eb4a3f0-5e3d-4ac9-b813-8b1a562e7235",,,"true","False","QrCode","Bahasa","2025-11-30T09:30:47.6319Z",,,,,,,,,,,,,,,"68b5aaf51f3cc3c03afa57ae"
"38","IDM","TMII","PUSAT INFORMASI","Pusat Informasi Main Lobby","IDM-TMII-PUSAT INFORMASI-Pusat Informasi Main Lobby-01","5","Satisfied","5",,,,"5","5","5","5","5","5","Melakukan layanan secara profesional dan ramah (menjaga kontak mata, tersenyum tulus, dan memberikan solusi dengan empati)|Memberikan informasi dengan jelas dan akurat|Memiliki penampilan yang bersih dan rapi|Melayani dengan cepat dan tepat|Membantu dan memastikan kesiapan fasilitas",,,,"Fasilitas pusat informasi lengkap dan mendukung kebutuhan pengunjung|Fasilitas pusat informasi tersedia dengan baik dan mudah diakses oleh pengunjung",,,,"Pusat informasi bersih dan tertata dengan baik|Pusat informasi nyaman digunakan oleh pengunjung|Informasi mudah diakses dan disampaikan dengan jelas kepada pengunjung",,,,"a58eb26d-fcf6-4b72-b221-3c2731f699f9","Completed","New","30-11-2025 16:31:12","Anonymous","22104",,"cab97c1f-67b4-11f0-a847-0a0cda9789f2","1eb4a3f0-5e3d-4ac9-b813-8b1a562e7235",,,"true","False","QrCode","Bahasa","2025-11-30T09:30:49.3905Z",,,,,,,,,,,,,,,"68b5aaf51f3cc3c03afa57ae"
"39","IDM","TMII","PUSAT INFORMASI","Pusat Informasi Main Lobby","IDM-TMII-PUSAT INFORMASI-Pusat Informasi Main Lobby-01","5","Satisfied","5","Tidak ada","Visitor Information and Signage Clarity","Neutral","5","5","5","5","5","5","Melakukan layanan secara profesional dan ramah (menjaga kontak mata, tersenyum tulus, dan memberikan solusi dengan empati)",,,,"Fasilitas pusat informasi tersedia dengan baik dan mudah diakses oleh pengunjung",,,,"Pusat informasi bersih dan tertata dengan baik",,,,"5a0ebd50-7f4d-43b0-92c0-7450f5ea45c2","Completed","New","30-11-2025 14:56:19","Anonymous","52800",,"cab97c1f-67b4-11f0-a847-0a0cda9789f2","1eb4a3f0-5e3d-4ac9-b813-8b1a562e7235",,,"true","False","QrCode","Bahasa","2025-11-30T07:55:26.5078Z",,,,,,,,,,,,,,,"68b5aaf51f3cc3c03afa57ae"
"40","IDM","TMII","PUSAT INFORMASI","Pusat Informasi Main Lobby","IDM-TMII-PUSAT INFORMASI-Pusat Informasi Main Lobby-01","5","Satisfied","5",,,,"5","5","5","5","5","5","Melakukan layanan secara profesional dan ramah (menjaga kontak mata, tersenyum tulus, dan memberikan solusi dengan empati)|Memiliki penampilan yang bersih dan rapi|Memberikan informasi dengan jelas dan akurat|Melayani dengan cepat dan tepat|Membantu dan memastikan kesiapan fasilitas",,,,"Fasilitas pusat informasi lengkap dan mendukung kebutuhan pengunjung|Fasilitas pusat informasi tersedia dengan baik dan mudah diakses oleh pengunjung",,,,"Pusat informasi bersih dan tertata dengan baik|Pusat informasi nyaman digunakan oleh pengunjung|Informasi mudah diakses dan disampaikan dengan jelas kepada pengunjung",,,,"3a65d199-9a52-4777-806a-d653c915eb2e","Completed","New","30-11-2025 14:56:06","Anonymous","71395",,"cab97c1f-67b4-11f0-a847-0a0cda9789f2","1eb4a3f0-5e3d-4ac9-b813-8b1a562e7235",,,"true","False","QrCode","Bahasa","2025-11-30T07:54:54.1182Z",,,,,,,,,,,,,,,"68b5aaf51f3cc3c03afa57ae"
"41","IDM","TMII","PUSAT INFORMASI","Pusat Informasi Main Lobby","IDM-TMII-PUSAT INFORMASI-Pusat Informasi Main Lobby-01","5","Satisfied","5","Untuk semuanya menurut saya informatif dan sangat ramah, saya suka!","Visitor Information and Signage Clarity","Positive","5","5","5","5","5","5","Melakukan layanan secara profesional dan ramah (menjaga kontak mata, tersenyum tulus, dan memberikan solusi dengan empati)|Membantu dan memastikan kesiapan fasilitas",,,,"Fasilitas pusat informasi lengkap dan mendukung kebutuhan pengunjung|Fasilitas pusat informasi tersedia dengan baik dan mudah diakses oleh pengunjung",,,,"Pusat informasi bersih dan tertata dengan baik|Pusat informasi nyaman digunakan oleh pengunjung|Informasi mudah diakses dan disampaikan dengan jelas kepada pengunjung",,,,"e90fc6e8-5b6c-4de2-9f56-013faa84dcc7","Completed","New","30-11-2025 14:55:59","Anonymous","72563",,"cab97c1f-67b4-11f0-a847-0a0cda9789f2","1eb4a3f0-5e3d-4ac9-b813-8b1a562e7235",,,"true","False","QrCode","Bahasa","2025-11-30T07:54:46.0119Z",,,,,,,,,,,,,,,"68b5aaf51f3cc3c03afa57ae"
"42","IDM","TMII","PUSAT INFORMASI","Pusat Informasi Main Lobby","IDM-TMII-PUSAT INFORMASI-Pusat Informasi Main Lobby-01","5","Satisfied","5",,,,"5","5","5","5","5","5","Melakukan layanan secara profesional dan ramah (menjaga kontak mata, tersenyum tulus, dan memberikan solusi dengan empati)|Memiliki penampilan yang bersih dan rapi|Memberikan informasi dengan jelas dan akurat|Melayani dengan cepat dan tepat|Membantu dan memastikan kesiapan fasilitas",,,,"Fasilitas pusat informasi lengkap dan mendukung kebutuhan pengunjung|Fasilitas pusat informasi tersedia dengan baik dan mudah diakses oleh pengunjung",,,,"Pusat informasi bersih dan tertata dengan baik|Pusat informasi nyaman digunakan oleh pengunjung|Informasi mudah diakses dan disampaikan dengan jelas kepada pengunjung",,,,"1aa75068-df37-42d3-90ac-bc3494ea02fd","Completed","New","30-11-2025 14:55:52","Anonymous","65852",,"cab97c1f-67b4-11f0-a847-0a0cda9789f2","1eb4a3f0-5e3d-4ac9-b813-8b1a562e7235",,,"true","False","QrCode","Bahasa","2025-11-30T07:54:45.1969Z",,,,,,,,,,,,,,,"68b5aaf51f3cc3c03afa57ae"
"43","IDM","TMII","PUSAT INFORMASI","Pusat Informasi Main Lobby","IDM-TMII-PUSAT INFORMASI-Pusat Informasi Main Lobby-01","5","Satisfied","5","Free bike tour 1  nya seru bangettt dengan mas Vio. Penyampaian jelas dan fun banget. Thank you mas vio","Activities and Educational Programs Enhancement","Positive","5","5","5","5","5","5","Melakukan layanan secara profesional dan ramah (menjaga kontak mata, tersenyum tulus, dan memberikan solusi dengan empati)|Memiliki penampilan yang bersih dan rapi|Memberikan informasi dengan jelas dan akurat|Melayani dengan cepat dan tepat|Membantu dan memastikan kesiapan fasilitas",,,,"Fasilitas pusat informasi lengkap dan mendukung kebutuhan pengunjung|Fasilitas pusat informasi tersedia dengan baik dan mudah diakses oleh pengunjung",,,,"Pusat informasi bersih dan tertata dengan baik|Pusat informasi nyaman digunakan oleh pengunjung|Informasi mudah diakses dan disampaikan dengan jelas kepada pengunjung",,,,"97508b6e-11c4-41cc-92d5-09a921ecbd53","Completed","New","30-11-2025 12:52:37","Anonymous","89519",,"cab97c1f-67b4-11f0-a847-0a0cda9789f2","1eb4a3f0-5e3d-4ac9-b813-8b1a562e7235",,,"true","False","QrCode","Bahasa","2025-11-30T05:51:07.7381Z",,,,,,,,,,,,,,,"68b5aaf51f3cc3c03afa57ae"
"44","IDM","TMII","PUSAT INFORMASI","Pusat Informasi Main Lobby","IDM-TMII-PUSAT INFORMASI-Pusat Informasi Main Lobby-01","5","Satisfied","5","seruu, kerenn","Tourist Attraction and Cultural Experience Quality","Positive","5","5","5","5","5","5","Melakukan layanan secara profesional dan ramah (menjaga kontak mata, tersenyum tulus, dan memberikan solusi dengan empati)|Memiliki penampilan yang bersih dan rapi|Memberikan informasi dengan jelas dan akurat|Melayani dengan cepat dan tepat|Membantu dan memastikan kesiapan fasilitas",,,,"Fasilitas pusat informasi lengkap dan mendukung kebutuhan pengunjung|Fasilitas pusat informasi tersedia dengan baik dan mudah diakses oleh pengunjung",,,,"Pusat informasi bersih dan tertata dengan baik|Pusat informasi nyaman digunakan oleh pengunjung|Informasi mudah diakses dan disampaikan dengan jelas kepada pengunjung",,,,"82140db1-0bfc-4980-bf3d-2ae05729b64b","Completed","New","30-11-2025 11:30:24","Anonymous","52519",,"cab97c1f-67b4-11f0-a847-0a0cda9789f2","1eb4a3f0-5e3d-4ac9-b813-8b1a562e7235",,,"true","False","QrCode","Bahasa","2025-11-30T04:29:31.2270Z",,,,,,,,,,,,,,,"68b5aaf51f3cc3c03afa57ae"
"45","IDM","TMII","PUSAT INFORMASI","Pusat Informasi Main Lobby","IDM-TMII-PUSAT INFORMASI-Pusat Informasi Main Lobby-01","5","Satisfied","5","gda si",,"Neutral","5","5","5","5","5","5","Melakukan layanan secara profesional dan ramah (menjaga kontak mata, tersenyum tulus, dan memberikan solusi dengan empati)",,,,"Fasilitas pusat informasi tersedia dengan baik dan mudah diakses oleh pengunjung",,,,"Informasi mudah diakses dan disampaikan dengan jelas kepada pengunjung",,,,"ab506b64-3752-47fe-aacd-6c8e44b6d90f","Completed","New","30-11-2025 11:30:22","Anonymous","65774",,"cab97c1f-67b4-11f0-a847-0a0cda9789f2","1eb4a3f0-5e3d-4ac9-b813-8b1a562e7235",,,"true","False","QrCode","Bahasa","2025-11-30T04:29:16.5928Z",,,,,,,,,,,,,,,"68b5aaf51f3cc3c03afa57ae"
"46","IDM","TMII","PUSAT INFORMASI","Antrian Shuttle","IDM-TMII-PUSAT INFORMASI-Antrian Shuttle-01","5","Satisfied","5","Bisa langsung ditawarkan kertas peta yang dapat dibawa pengunjung","Visitor Information and Signage Clarity","Neutral","4","4","5","5","5","5","Melakukan layanan secara profesional dan ramah (menjaga kontak mata, tersenyum tulus, dan memberikan solusi dengan empati)|Membantu dan memastikan kesiapan fasilitas",,,,"Fasilitas pusat informasi tersedia dengan baik dan mudah diakses oleh pengunjung",,,,"Pusat informasi nyaman digunakan oleh pengunjung",,,,"479f4ed3-f474-4393-84b8-5d55a4d95a0d","Completed","New","29-11-2025 19:46:42","Anonymous","85937",,"cab97c1f-67b4-11f0-a847-0a0cda9789f2","1eb4a3f0-5e3d-4ac9-b813-8b1a562e7235",,,"true","False","QrCode","Bahasa","2025-11-29T12:45:15.5047Z",,,,,,,,,,,,,,,"68b5aaf51f3cc3c03afa57ae"
"47","IDM","TMII","PUSAT INFORMASI","Pusat Informasi Main Lobby","IDM-TMII-PUSAT INFORMASI-Pusat Informasi Main Lobby-01","5","Satisfied","5","Saya bawa anak dan sangat riweh tp petugasnya sangat sigap, koperatif membantu. makasi yaa","Staff Friendliness and Service Quality","Positive","5","5","5","5","5","5","Melakukan layanan secara profesional dan ramah (menjaga kontak mata, tersenyum tulus, dan memberikan solusi dengan empati)",,,,"Fasilitas pusat informasi tersedia dengan baik dan mudah diakses oleh pengunjung",,,,"Informasi mudah diakses dan disampaikan dengan jelas kepada pengunjung",,,,"e6a48f62-92c4-4a24-bb96-b01a18b282bd","Completed","New","29-11-2025 17:25:00","Anonymous","901122",,"cab97c1f-67b4-11f0-a847-0a0cda9789f2","1eb4a3f0-5e3d-4ac9-b813-8b1a562e7235",,,"true","False","QrCode","Bahasa","2025-11-29T10:09:58.1990Z",,,,,,,,,,,,,,,"68b5aaf51f3cc3c03afa57ae"
"48","IDM","TMII","PUSAT INFORMASI","Pusat Informasi Main Lobby","IDM-TMII-PUSAT INFORMASI-Pusat Informasi Main Lobby-01","5","Satisfied","5","Sangat bagus & informatif","Tourist Attraction and Cultural Experience Quality","Positive","5","5","5","5","5","5","Melakukan layanan secara profesional dan ramah (menjaga kontak mata, tersenyum tulus, dan memberikan solusi dengan empati)|Memiliki penampilan yang bersih dan rapi|Memberikan informasi dengan jelas dan akurat|Melayani dengan cepat dan tepat|Membantu dan memastikan kesiapan fasilitas",,,,"Fasilitas pusat informasi lengkap dan mendukung kebutuhan pengunjung|Fasilitas pusat informasi tersedia dengan baik dan mudah diakses oleh pengunjung",,,,"Pusat informasi bersih dan tertata dengan baik|Pusat informasi nyaman digunakan oleh pengunjung|Informasi mudah diakses dan disampaikan dengan jelas kepada pengunjung",,,,"e2d61c9e-11b8-4464-b012-e223af6978f2","Completed","New","29-11-2025 14:44:36","Anonymous","53113",,"cab97c1f-67b4-11f0-a847-0a0cda9789f2","1eb4a3f0-5e3d-4ac9-b813-8b1a562e7235",,,"true","False","QrCode","Bahasa","2025-11-29T07:43:42.2356Z",,,,,,,,,,,,,,,"68b5aaf51f3cc3c03afa57ae"
"49","IDM","TMII","PUSAT INFORMASI","Pusat Informasi Main Lobby","IDM-TMII-PUSAT INFORMASI-Pusat Informasi Main Lobby-01","5","Satisfied","5","Cukup baik","Tourist Attraction and Cultural Experience Quality","Positive","5","5","5","5","5","5","Melakukan layanan secara profesional dan ramah (menjaga kontak mata, tersenyum tulus, dan memberikan solusi dengan empati)",,,,"Fasilitas pusat informasi lengkap dan mendukung kebutuhan pengunjung",,,,"Pusat informasi bersih dan tertata dengan baik",,,,"2a81504e-e3b7-4796-a131-a99d6509e4e9","Completed","New","29-11-2025 14:44:14","Anonymous","30398",,"cab97c1f-67b4-11f0-a847-0a0cda9789f2","1eb4a3f0-5e3d-4ac9-b813-8b1a562e7235",,,"true","False","QrCode","Bahasa","2025-11-29T07:43:43.7880Z",,,,,,,,,,,,,,,"68b5aaf51f3cc3c03afa57ae"
"50","IDM","TMII","PUSAT INFORMASI","Pusat Informasi Main Lobby","IDM-TMII-PUSAT INFORMASI-Pusat Informasi Main Lobby-01","5","Satisfied","5","Seru bgt selalu adain ya!!","Activities and Educational Programs Enhancement","Positive","5","5","5","5","5","5","Melakukan layanan secara profesional dan ramah (menjaga kontak mata, tersenyum tulus, dan memberikan solusi dengan empati)|Memiliki penampilan yang bersih dan rapi|Memberikan informasi dengan jelas dan akurat|Melayani dengan cepat dan tepat|Membantu dan memastikan kesiapan fasilitas",,,,"Fasilitas pusat informasi lengkap dan mendukung kebutuhan pengunjung|Fasilitas pusat informasi tersedia dengan baik dan mudah diakses oleh pengunjung",,,,"Pusat informasi bersih dan tertata dengan baik|Pusat informasi nyaman digunakan oleh pengunjung|Informasi mudah diakses dan disampaikan dengan jelas kepada pengunjung",,,,"2657ccbe-c7f4-4a37-ac3d-8742b664d3c3","Completed","New","29-11-2025 14:44:12","Anonymous","43726",,"cab97c1f-67b4-11f0-a847-0a0cda9789f2","1eb4a3f0-5e3d-4ac9-b813-8b1a562e7235",,,"true","False","QrCode","Bahasa","2025-11-29T07:43:28.2337Z",,,,,,,,,,,,,,,"68b5aaf51f3cc3c03afa57ae"
"51","IDM","TMII","PUSAT INFORMASI","Pusat Informasi Main Lobby","IDM-TMII-PUSAT INFORMASI-Pusat Informasi Main Lobby-01","5","Satisfied","5","Overall 10/10, sangat informatifff","Tourist Attraction and Cultural Experience Quality","Positive","5","5","5","5","5","5","Membantu dan memastikan kesiapan fasilitas|Melayani dengan cepat dan tepat|Memberikan informasi dengan jelas dan akurat|Memiliki penampilan yang bersih dan rapi|Melakukan layanan secara profesional dan ramah (menjaga kontak mata, tersenyum tulus, dan memberikan solusi dengan empati)",,,,"Fasilitas pusat informasi lengkap dan mendukung kebutuhan pengunjung|Fasilitas pusat informasi tersedia dengan baik dan mudah diakses oleh pengunjung",,,,"Pusat informasi bersih dan tertata dengan baik|Pusat informasi nyaman digunakan oleh pengunjung|Informasi mudah diakses dan disampaikan dengan jelas kepada pengunjung",,,,"5544166d-5386-4bab-9315-2ade40d8a1f1","Completed","New","29-11-2025 14:44:08","Anonymous","73035",,"cab97c1f-67b4-11f0-a847-0a0cda9789f2","1eb4a3f0-5e3d-4ac9-b813-8b1a562e7235",,,"true","False","QrCode","Bahasa","2025-11-29T07:42:53.6952Z",,,,,,,,,,,,,,,"68b5aaf51f3cc3c03afa57ae"
"52","IDM","TMII","PUSAT INFORMASI","Pusat Informasi Main Lobby","IDM-TMII-PUSAT INFORMASI-Pusat Informasi Main Lobby-01","5","Satisfied","5","Perbanyak monumen yang keren","Tourist Attraction and Cultural Experience Quality","Positive","5","5","4","4","4","4","Melakukan layanan secara profesional dan ramah (menjaga kontak mata, tersenyum tulus, dan memberikan solusi dengan empati)",,,,"Fasilitas pusat informasi lengkap dan mendukung kebutuhan pengunjung",,,,"Pusat informasi bersih dan tertata dengan baik",,,,"0e1d65fa-22a1-4437-a2c1-26623c9bb670","Completed","New","29-11-2025 14:44:04","Anonymous","53337",,"cab97c1f-67b4-11f0-a847-0a0cda9789f2","1eb4a3f0-5e3d-4ac9-b813-8b1a562e7235",,,"true","False","QrCode","Bahasa","2025-11-29T07:43:08.7916Z",,,,,,,,,,,,,,,"68b5aaf51f3cc3c03afa57ae"
"53","IDM","TMII","PUSAT INFORMASI","Pusat Informasi Main Lobby","IDM-TMII-PUSAT INFORMASI-Pusat Informasi Main Lobby-01","5","Satisfied","5","Terbaik","Tourist Attraction and Cultural Experience Quality","Positive","5","5","5","5","5","5","Melakukan layanan secara profesional dan ramah (menjaga kontak mata, tersenyum tulus, dan memberikan solusi dengan empati)",,,,"Fasilitas pusat informasi lengkap dan mendukung kebutuhan pengunjung",,,,"Pusat informasi nyaman digunakan oleh pengunjung",,,,"fdbd11de-f06d-405d-b433-572c8591ea49","Completed","New","29-11-2025 14:43:52","Anonymous","34041",,"cab97c1f-67b4-11f0-a847-0a0cda9789f2","1eb4a3f0-5e3d-4ac9-b813-8b1a562e7235",,,"true","False","QrCode","Bahasa","2025-11-29T07:43:09.6909Z",,,,,,,,,,,,,,,"68b5aaf51f3cc3c03afa57ae"
"54","IDM","TMII","PUSAT INFORMASI","Pusat Informasi Main Lobby","IDM-TMII-PUSAT INFORMASI-Pusat Informasi Main Lobby-01","5","Satisfied","5","Sangat komunikatif dan jelas","Staff Friendliness and Service Quality","Positive","5","5","5","5","5","5","Melakukan layanan secara profesional dan ramah (menjaga kontak mata, tersenyum tulus, dan memberikan solusi dengan empati)",,,,"Fasilitas pusat informasi lengkap dan mendukung kebutuhan pengunjung",,,,"Informasi mudah diakses dan disampaikan dengan jelas kepada pengunjung",,,,"b7b27f1c-efa5-4994-af61-3633989e54d1","Completed","New","29-11-2025 14:43:49","Anonymous","58637",,"cab97c1f-67b4-11f0-a847-0a0cda9789f2","1eb4a3f0-5e3d-4ac9-b813-8b1a562e7235",,,"true","False","QrCode","Bahasa","2025-11-29T07:42:49.9834Z",,,,,,,,,,,,,,,"68b5aaf51f3cc3c03afa57ae"
"55","IDM","TMII","PUSAT INFORMASI","Pusat Informasi Main Lobby","IDM-TMII-PUSAT INFORMASI-Pusat Informasi Main Lobby-01","5","Satisfied","5","Tolong dibuatkan khusus jalur anabul untuk kereta gantung 
Kalau senin sd jumat gpp diadakan.
Kalau sabtu minggu dan hari libur gak diadakan juga gpp
Kalau mau naik kerta gantung harus pakai pampers supaya tidak menganggu yang lain","Accessibility and Transportation Improvements","Neutral","5","5","3","3","5","5","Melakukan layanan secara profesional dan ramah (menjaga kontak mata, tersenyum tulus, dan memberikan solusi dengan empati)|Memiliki penampilan yang bersih dan rapi|Memberikan informasi dengan jelas dan akurat|Melayani dengan cepat dan tepat|Membantu dan memastikan kesiapan fasilitas",,,,,,"Fasilitas pusat informasi kurang lengkap dan belum mendukung kebutuhan pengunjung",,"Pusat informasi bersih dan tertata dengan baik|Pusat informasi nyaman digunakan oleh pengunjung|Informasi mudah diakses dan disampaikan dengan jelas kepada pengunjung",,,,"16f521ac-5109-456f-8248-cfe87933f1f9","Completed","New","29-11-2025 11:40:28","Anonymous","385073",,"cab97c1f-67b4-11f0-a847-0a0cda9789f2","1eb4a3f0-5e3d-4ac9-b813-8b1a562e7235",,,"true","False","QrCode","Bahasa","2025-11-29T04:34:02.2785Z",,,,,,,,,,,,,,,"68b5aaf51f3cc3c03afa57ae"
"56","IDM","TMII","PUSAT INFORMASI","Pusat Informasi Main Lobby","IDM-TMII-PUSAT INFORMASI-Pusat Informasi Main Lobby-01","5","Satisfied","5","Lebih banyak yg jaga kak","Staff Friendliness and Service Quality","Negative","5","5","3","3","4","4","Melakukan layanan secara profesional dan ramah (menjaga kontak mata, tersenyum tulus, dan memberikan solusi dengan empati)|Memiliki penampilan yang bersih dan rapi|Memberikan informasi dengan jelas dan akurat|Melayani dengan cepat dan tepat|Membantu dan memastikan kesiapan fasilitas",,,,,,"Lainnya","Sepeda kurang banyak pilihan","Pusat informasi bersih dan tertata dengan baik|Pusat informasi nyaman digunakan oleh pengunjung|Informasi mudah diakses dan disampaikan dengan jelas kepada pengunjung",,,,"1b555952-369b-4654-bf2d-56135895b72f","Completed","New","29-11-2025 11:22:58","Anonymous","159992",,"cab97c1f-67b4-11f0-a847-0a0cda9789f2","1eb4a3f0-5e3d-4ac9-b813-8b1a562e7235",,,"true","False","QrCode","Bahasa","2025-11-29T04:20:17.2728Z",,,,,,,,,,,,,,,"68b5aaf51f3cc3c03afa57ae"
"57","IDM","TMII","PUSAT INFORMASI","Pusat Informasi Main Lobby","IDM-TMII-PUSAT INFORMASI-Pusat Informasi Main Lobby-01","5","Satisfied","5","Perbanyak slot untuk peserta, dan perbanyak berkeranjang","Activities and Educational Programs Enhancement","Positive","5","5","5","5","5","5","Melakukan layanan secara profesional dan ramah (menjaga kontak mata, tersenyum tulus, dan memberikan solusi dengan empati)|Memiliki penampilan yang bersih dan rapi|Memberikan informasi dengan jelas dan akurat|Melayani dengan cepat dan tepat|Membantu dan memastikan kesiapan fasilitas",,,,"Fasilitas pusat informasi lengkap dan mendukung kebutuhan pengunjung|Fasilitas pusat informasi tersedia dengan baik dan mudah diakses oleh pengunjung",,,,"Pusat informasi bersih dan tertata dengan baik|Pusat informasi nyaman digunakan oleh pengunjung|Informasi mudah diakses dan disampaikan dengan jelas kepada pengunjung",,,,"23b038d3-09b9-4c23-813f-0c69739aef88","Completed","New","29-11-2025 11:22:02","Anonymous","89758",,"cab97c1f-67b4-11f0-a847-0a0cda9789f2","1eb4a3f0-5e3d-4ac9-b813-8b1a562e7235",,,"true","False","QrCode","Bahasa","2025-11-29T04:20:32.2259Z",,,,,,,,,,,,,,,"68b5aaf51f3cc3c03afa57ae"
"58","IDM","TMII","PUSAT INFORMASI","Pusat Informasi Main Lobby","IDM-TMII-PUSAT INFORMASI-Pusat Informasi Main Lobby-01","5","Satisfied","5","Perbanyak slot peserta dan sepeda berkeranjangnya","Activities and Educational Programs Enhancement","Neutral","5","5","4","4","5","5","Melakukan layanan secara profesional dan ramah (menjaga kontak mata, tersenyum tulus, dan memberikan solusi dengan empati)|Memiliki penampilan yang bersih dan rapi|Memberikan informasi dengan jelas dan akurat|Melayani dengan cepat dan tepat|Membantu dan memastikan kesiapan fasilitas",,,,"Fasilitas pusat informasi lengkap dan mendukung kebutuhan pengunjung|Fasilitas pusat informasi tersedia dengan baik dan mudah diakses oleh pengunjung",,,,"Pusat informasi bersih dan tertata dengan baik|Pusat informasi nyaman digunakan oleh pengunjung|Informasi mudah diakses dan disampaikan dengan jelas kepada pengunjung",,,,"faa4421d-9c82-4ffc-aefe-daf1f9082ea4","Completed","New","29-11-2025 11:21:58","Anonymous","86113",,"cab97c1f-67b4-11f0-a847-0a0cda9789f2","1eb4a3f0-5e3d-4ac9-b813-8b1a562e7235",,,"true","False","QrCode","Bahasa","2025-11-29T04:20:31.9709Z",,,,,,,,,,,,,,,"68b5aaf51f3cc3c03afa57ae"
"59","IDM","TMII","PUSAT INFORMASI","Pusat Informasi Main Lobby","IDM-TMII-PUSAT INFORMASI-Pusat Informasi Main Lobby-01","5","Satisfied","5","Seruu, penjelasan guide nya jelas dan sangat ramahh","Staff Friendliness and Service Quality","Positive","5","5","5","5","5","5","Melakukan layanan secara profesional dan ramah (menjaga kontak mata, tersenyum tulus, dan memberikan solusi dengan empati)|Memiliki penampilan yang bersih dan rapi|Memberikan informasi dengan jelas dan akurat|Melayani dengan cepat dan tepat|Membantu dan memastikan kesiapan fasilitas",,,,"Fasilitas pusat informasi lengkap dan mendukung kebutuhan pengunjung|Fasilitas pusat informasi tersedia dengan baik dan mudah diakses oleh pengunjung",,,,"Pusat informasi bersih dan tertata dengan baik|Pusat informasi nyaman digunakan oleh pengunjung|Informasi mudah diakses dan disampaikan dengan jelas kepada pengunjung",,,,"8004e5fc-4c9a-4de8-b569-d4728baf3999","Completed","New","29-11-2025 11:21:13","Anonymous","78337",,"cab97c1f-67b4-11f0-a847-0a0cda9789f2","1eb4a3f0-5e3d-4ac9-b813-8b1a562e7235",,,"true","False","QrCode","Bahasa","2025-11-29T04:19:56.6758Z",,,,,,,,,,,,,,,"68b5aaf51f3cc3c03afa57ae"
"60","IDM","TMII","PUSAT INFORMASI","Pusat Informasi Main Lobby","IDM-TMII-PUSAT INFORMASI-Pusat Informasi Main Lobby-01","5","Satisfied","5","lebih banyak spot yg dikunjungi","Tourist Attraction and Cultural Experience Quality","Positive","5","5","5","5","5","5","Melakukan layanan secara profesional dan ramah (menjaga kontak mata, tersenyum tulus, dan memberikan solusi dengan empati)",,,,"Fasilitas pusat informasi lengkap dan mendukung kebutuhan pengunjung",,,,"Pusat informasi nyaman digunakan oleh pengunjung",,,,"58992e1d-05ee-4026-b78e-37c829e17242","Completed","New","29-11-2025 11:21:07","Anonymous","82774",,"cab97c1f-67b4-11f0-a847-0a0cda9789f2","1eb4a3f0-5e3d-4ac9-b813-8b1a562e7235",,,"true","False","QrCode","Bahasa","2025-11-29T04:19:44.5230Z",,,,,,,,,,,,,,,"68b5aaf51f3cc3c03afa57ae"
"61","IDM","TMII","PUSAT INFORMASI","Pusat Informasi Main Lobby","IDM-TMII-PUSAT INFORMASI-Pusat Informasi Main Lobby-01","5","Satisfied","5","kerenn","Tourist Attraction and Cultural Experience Quality","Neutral","5","5","5","5","5","5","Melakukan layanan secara profesional dan ramah (menjaga kontak mata, tersenyum tulus, dan memberikan solusi dengan empati)|Memberikan informasi dengan jelas dan akurat|Membantu dan memastikan kesiapan fasilitas|Melayani dengan cepat dan tepat|Memiliki penampilan yang bersih dan rapi",,,,"Fasilitas pusat informasi lengkap dan mendukung kebutuhan pengunjung|Fasilitas pusat informasi tersedia dengan baik dan mudah diakses oleh pengunjung",,,,"Pusat informasi bersih dan tertata dengan baik|Pusat informasi nyaman digunakan oleh pengunjung|Informasi mudah diakses dan disampaikan dengan jelas kepada pengunjung",,,,"e5030ab2-d2ee-4663-a902-fc0fcb85d9c7","Completed","New","29-11-2025 11:20:48","Anonymous","42271",,"cab97c1f-67b4-11f0-a847-0a0cda9789f2","1eb4a3f0-5e3d-4ac9-b813-8b1a562e7235",,,"true","False","QrCode","Bahasa","2025-11-29T04:20:01.3630Z",,,,,,,,,,,,,,,"68b5aaf51f3cc3c03afa57ae"
"62","IDM","TMII","PUSAT INFORMASI","Pusat Informasi Main Lobby","IDM-TMII-PUSAT INFORMASI-Pusat Informasi Main Lobby-01","5","Satisfied","5","kurang lamaaa, jujur ^___^","Tourist Attraction and Cultural Experience Quality","Positive","5","5","5","5","5","5","Melakukan layanan secara profesional dan ramah (menjaga kontak mata, tersenyum tulus, dan memberikan solusi dengan empati)|Memiliki penampilan yang bersih dan rapi|Memberikan informasi dengan jelas dan akurat|Melayani dengan cepat dan tepat|Membantu dan memastikan kesiapan fasilitas",,,,"Fasilitas pusat informasi lengkap dan mendukung kebutuhan pengunjung|Fasilitas pusat informasi tersedia dengan baik dan mudah diakses oleh pengunjung",,,,"Pusat informasi bersih dan tertata dengan baik|Pusat informasi nyaman digunakan oleh pengunjung|Informasi mudah diakses dan disampaikan dengan jelas kepada pengunjung",,,,"e29080ec-9b8a-4d98-83fe-33d3c543208a","Completed","New","29-11-2025 11:20:38","Anonymous","81147",,"cab97c1f-67b4-11f0-a847-0a0cda9789f2","1eb4a3f0-5e3d-4ac9-b813-8b1a562e7235",,,"true","False","QrCode","Bahasa","2025-11-29T04:19:16.6149Z",,,,,,,,,,,,,,,"68b5aaf51f3cc3c03afa57ae"
"63","IDM","TMII","PUSAT INFORMASI","Pusat Informasi Main Lobby","IDM-TMII-PUSAT INFORMASI-Pusat Informasi Main Lobby-01","5","Satisfied","5","Lebih banyak kunjungannya","Tourist Attraction and Cultural Experience Quality","Positive","5","5","5","5","5","5","Melakukan layanan secara profesional dan ramah (menjaga kontak mata, tersenyum tulus, dan memberikan solusi dengan empati)",,,,"Fasilitas pusat informasi lengkap dan mendukung kebutuhan pengunjung",,,,"Pusat informasi bersih dan tertata dengan baik",,,,"3fb59887-fbcf-466a-8de3-6e60f7d12e61","Completed","New","29-11-2025 11:20:32","Anonymous","50469",,"cab97c1f-67b4-11f0-a847-0a0cda9789f2","1eb4a3f0-5e3d-4ac9-b813-8b1a562e7235",,,"true","False","QrCode","Bahasa","2025-11-29T04:19:40.7775Z",,,,,,,,,,,,,,,"68b5aaf51f3cc3c03afa57ae"
"64","IDM","TMII","PUSAT INFORMASI","Pusat Informasi Main Lobby","IDM-TMII-PUSAT INFORMASI-Pusat Informasi Main Lobby-01","5","Satisfied","5","Seru Banget dan pemandunya informatif sekali, semua yg disampaikan terasa baru dan penyampaiannya sistematis","Activities and Educational Programs Enhancement","Positive","5","5","5","5","5","5","Melakukan layanan secara profesional dan ramah (menjaga kontak mata, tersenyum tulus, dan memberikan solusi dengan empati)|Memiliki penampilan yang bersih dan rapi|Memberikan informasi dengan jelas dan akurat|Melayani dengan cepat dan tepat|Membantu dan memastikan kesiapan fasilitas",,,,"Fasilitas pusat informasi lengkap dan mendukung kebutuhan pengunjung|Fasilitas pusat informasi tersedia dengan baik dan mudah diakses oleh pengunjung",,,,"Pusat informasi bersih dan tertata dengan baik|Pusat informasi nyaman digunakan oleh pengunjung|Informasi mudah diakses dan disampaikan dengan jelas kepada pengunjung",,,,"6dbd54a1-2035-4ef1-853d-a088bf6e99a7","Completed","New","29-11-2025 11:19:35","Anonymous","96066",,"cab97c1f-67b4-11f0-a847-0a0cda9789f2","1eb4a3f0-5e3d-4ac9-b813-8b1a562e7235",,,"true","False","QrCode","Bahasa","2025-11-29T04:17:58.6603Z",,,,,,,,,,,,,,,"68b5aaf51f3cc3c03afa57ae"
"65","IDM","TMII","PUSAT INFORMASI","Antrian Shuttle","IDM-TMII-PUSAT INFORMASI-Antrian Shuttle-01","5","Satisfied","5","Lebih bagus taman mini saat ini. Rapi dan bebas asap kendaraan. Berolahraga jadi nyaman","Environmental Conditions (Pollution, Trash, and Landscaping)","Positive","5","5","5","5","5","5","Memiliki penampilan yang bersih dan rapi",,,,"Fasilitas pusat informasi lengkap dan mendukung kebutuhan pengunjung",,,,"Pusat informasi bersih dan tertata dengan baik",,,,"86ef2939-1f13-4fc5-adb7-a31f70cd5b06","Completed","New","28-11-2025 17:32:25","Anonymous","50858",,"cab97c1f-67b4-11f0-a847-0a0cda9789f2","1eb4a3f0-5e3d-4ac9-b813-8b1a562e7235",,,"true","False","QrCode","Bahasa","2025-11-28T10:31:34.4574Z",,,,,,,,,,,,,,,"68b5aaf51f3cc3c03afa57ae"
"66","IDM","TMII","PUSAT INFORMASI","Antrian Shuttle","IDM-TMII-PUSAT INFORMASI-Antrian Shuttle-01","5","Satisfied","5","Menunggu shuttle pengantaran tdk perlu lama lama. Di antar sampai tempat parkir mobilnya","Accessibility and Transportation Improvements","Positive","5","5","5","5","5","5","Memiliki penampilan yang bersih dan rapi|Memberikan informasi dengan jelas dan akurat|Melakukan layanan secara profesional dan ramah (menjaga kontak mata, tersenyum tulus, dan memberikan solusi dengan empati)",,,,"Fasilitas pusat informasi lengkap dan mendukung kebutuhan pengunjung",,,,"Pusat informasi bersih dan tertata dengan baik|Pusat informasi nyaman digunakan oleh pengunjung|Informasi mudah diakses dan disampaikan dengan jelas kepada pengunjung",,,,"2ce94deb-a30e-430d-b2e9-70679f889b26","Completed","New","28-11-2025 17:31:32","Anonymous","69290",,"cab97c1f-67b4-11f0-a847-0a0cda9789f2","1eb4a3f0-5e3d-4ac9-b813-8b1a562e7235",,,"true","False","QrCode","Bahasa","2025-11-28T10:30:23.5715Z",,,,,,,,,,,,,,,"68b5aaf51f3cc3c03afa57ae"
"67","IDM","TMII","PUSAT INFORMASI","Antrian Shuttle","IDM-TMII-PUSAT INFORMASI-Antrian Shuttle-01","5","Satisfied","5","Keren","Tourist Attraction and Cultural Experience Quality","Positive","5","5","5","5","5","5","Melakukan layanan secara profesional dan ramah (menjaga kontak mata, tersenyum tulus, dan memberikan solusi dengan empati)",,,,"Fasilitas pusat informasi lengkap dan mendukung kebutuhan pengunjung",,,,"Pusat informasi bersih dan tertata dengan baik",,,,"c2515cdf-44ce-4874-9a90-a527922cf36f","Completed","New","28-11-2025 17:30:19","Anonymous","24087",,"cab97c1f-67b4-11f0-a847-0a0cda9789f2","1eb4a3f0-5e3d-4ac9-b813-8b1a562e7235",,,"true","False","QrCode","Bahasa","2025-11-28T10:29:55.8774Z",,,,,,,,,,,,,,,"68b5aaf51f3cc3c03afa57ae"
"68","IDM","TMII","PUSAT INFORMASI","Antrian Shuttle","IDM-TMII-PUSAT INFORMASI-Antrian Shuttle-01","5","Satisfied","5","Ok tmii bagus bgt","Tourist Attraction and Cultural Experience Quality","Positive","5","5","5","5","5","5","Melakukan layanan secara profesional dan ramah (menjaga kontak mata, tersenyum tulus, dan memberikan solusi dengan empati)",,,,"Fasilitas pusat informasi lengkap dan mendukung kebutuhan pengunjung",,,,"Pusat informasi bersih dan tertata dengan baik",,,,"74b85435-086b-4c94-aaee-2c67f1fbfc51","Completed","New","28-11-2025 17:29:54","Anonymous","151552",,"cab97c1f-67b4-11f0-a847-0a0cda9789f2","1eb4a3f0-5e3d-4ac9-b813-8b1a562e7235",,,"true","False","QrCode","Bahasa","2025-11-28T10:27:22.1014Z",,,,,,,,,,,,,,,"68b5aaf51f3cc3c03afa57ae"
"69","IDM","TMII","PUSAT INFORMASI","Antrian Shuttle","IDM-TMII-PUSAT INFORMASI-Antrian Shuttle-01","5","Satisfied","5","Wonderful! Indonesia is such an interesting place to visit. I can’t imagine how amazing it would be to see it in person. Thank you, TMII has become a truly appealing travel destination. It’s nice to learn that Indonesia has such a beautiful and rich culture ❤️❤️","Tourist Attraction and Cultural Experience Quality","Positive","5","5","5","5","5","5","Melakukan layanan secara profesional dan ramah (menjaga kontak mata, tersenyum tulus, dan memberikan solusi dengan empati)",,,,"Fasilitas pusat informasi lengkap dan mendukung kebutuhan pengunjung",,,,"Pusat informasi bersih dan tertata dengan baik",,,,"774a6391-56e5-41d5-a2e0-4012e87a7ab8","Completed","New","28-11-2025 13:18:02","Anonymous","161234",,"cab97c1f-67b4-11f0-a847-0a0cda9789f2","1eb4a3f0-5e3d-4ac9-b813-8b1a562e7235",,,"true","False","QrCode","English","2025-11-28T06:15:21.5893Z",,,,,,,,,,,,,,,"68b5aaf51f3cc3c03afa57ae"
"70","IDM","TMII","PUSAT INFORMASI","Antrian Shuttle","IDM-TMII-PUSAT INFORMASI-Antrian Shuttle-01","5","Satisfied","5","Saya kesini mau ke taman burung satwa. Tp setelah naik shuttle dan lihat banyak rumah adat, sgt menarik buat saya. Next saya mau kesini lagi buat mengunjungi rumah - rumah adatnya. TMII sudah sgt bagus skrang","Tourist Attraction and Cultural Experience Quality","Positive","5","5","5","5","5","5","Melakukan layanan secara profesional dan ramah (menjaga kontak mata, tersenyum tulus, dan memberikan solusi dengan empati)|Memiliki penampilan yang bersih dan rapi",,,,"Fasilitas pusat informasi lengkap dan mendukung kebutuhan pengunjung",,,,"Pusat informasi bersih dan tertata dengan baik|Pusat informasi nyaman digunakan oleh pengunjung",,,,"4dfff992-7e48-4aa4-ac3c-ed694fd32ca4","Completed","New","28-11-2025 13:15:19","Anonymous","102536",,"cab97c1f-67b4-11f0-a847-0a0cda9789f2","1eb4a3f0-5e3d-4ac9-b813-8b1a562e7235",,,"true","False","QrCode","Bahasa","2025-11-28T06:13:37.2908Z",,,,,,,,,,,,,,,"68b5aaf51f3cc3c03afa57ae"
"71","IDM","TMII","PUSAT INFORMASI","Antrian Shuttle","IDM-TMII-PUSAT INFORMASI-Antrian Shuttle-01","5","Satisfied","5","Seruuuu sangat lah tmii!!","Tourist Attraction and Cultural Experience Quality","Positive","5","5","5","5","5","5","Melakukan layanan secara profesional dan ramah (menjaga kontak mata, tersenyum tulus, dan memberikan solusi dengan empati)",,,,"Fasilitas pusat informasi lengkap dan mendukung kebutuhan pengunjung",,,,"Pusat informasi bersih dan tertata dengan baik",,,,"627d7a4e-2ba4-4162-a0ec-1e5e881807e1","Completed","New","28-11-2025 13:13:32","Anonymous","79437",,"cab97c1f-67b4-11f0-a847-0a0cda9789f2","1eb4a3f0-5e3d-4ac9-b813-8b1a562e7235",,,"true","False","QrCode","Bahasa","2025-11-28T06:12:12.5798Z",,,,,,,,,,,,,,,"68b5aaf51f3cc3c03afa57ae"
"72","IDM","TMII","PUSAT INFORMASI","Antrian Shuttle","IDM-TMII-PUSAT INFORMASI-Antrian Shuttle-01","5","Satisfied","5","TMII is very fascinating. The buildings that can only be found in Indonesia are truly impressive. The staff welcomed us warmly and provided information with friendly smiles. The driver was also very kind. I really enjoyed my visit and I feel like I want to come back again","Staff Friendliness and Service Quality","Positive","5","5","5","5","5","5","Melakukan layanan secara profesional dan ramah (menjaga kontak mata, tersenyum tulus, dan memberikan solusi dengan empati)|Memiliki penampilan yang bersih dan rapi|Memberikan informasi dengan jelas dan akurat|Melayani dengan cepat dan tepat|Membantu dan memastikan kesiapan fasilitas",,,,"Fasilitas pusat informasi lengkap dan mendukung kebutuhan pengunjung|Fasilitas pusat informasi tersedia dengan baik dan mudah diakses oleh pengunjung",,,,"Pusat informasi bersih dan tertata dengan baik|Pusat informasi nyaman digunakan oleh pengunjung|Informasi mudah diakses dan disampaikan dengan jelas kepada pengunjung",,,,"1058f19b-d2b3-4d4d-a8ea-6ab3355dc9f9","Completed","New","28-11-2025 13:12:10","Anonymous","486752",,"cab97c1f-67b4-11f0-a847-0a0cda9789f2","1eb4a3f0-5e3d-4ac9-b813-8b1a562e7235",,,"true","False","QrCode","English","2025-11-28T06:04:03.5728Z",,,,,,,,,,,,,,,"68b5aaf51f3cc3c03afa57ae"
"73","IDM","TMII","PUSAT INFORMASI","Antrian Shuttle","IDM-TMII-PUSAT INFORMASI-Antrian Shuttle-01","5","Satisfied","5","Petugas ramah-ramah","Staff Friendliness and Service Quality","Positive","5","5","5","5","5","5","Melakukan layanan secara profesional dan ramah (menjaga kontak mata, tersenyum tulus, dan memberikan solusi dengan empati)|Memiliki penampilan yang bersih dan rapi",,,,"Fasilitas pusat informasi lengkap dan mendukung kebutuhan pengunjung|Fasilitas pusat informasi tersedia dengan baik dan mudah diakses oleh pengunjung",,,,"Pusat informasi bersih dan tertata dengan baik|Pusat informasi nyaman digunakan oleh pengunjung|Informasi mudah diakses dan disampaikan dengan jelas kepada pengunjung",,,,"27543834-bc5a-4ed8-887e-ed53ed7c1df1","Completed","New","28-11-2025 13:04:01","Anonymous","82568",,"cab97c1f-67b4-11f0-a847-0a0cda9789f2","1eb4a3f0-5e3d-4ac9-b813-8b1a562e7235",,,"true","False","QrCode","Bahasa","2025-11-28T06:02:38.4514Z",,,,,,,,,,,,,,,"68b5aaf51f3cc3c03afa57ae"
"74","IDM","TMII","PUSAT INFORMASI","Pusat Informasi Main Lobby","IDM-TMII-PUSAT INFORMASI-Pusat Informasi Main Lobby-01","5","Satisfied","5","Saya suka karena area jogging di TMII terpisah dari kendaraan bermotor dan sangat aman. Mau lari pagi atau sore, suasananya selalu nyaman.","Environmental Conditions (Pollution, Trash, and Landscaping)","Positive","5","5","5","5","5","5","Melayani dengan cepat dan tepat|Membantu dan memastikan kesiapan fasilitas",,,,"Fasilitas pusat informasi lengkap dan mendukung kebutuhan pengunjung|Fasilitas pusat informasi tersedia dengan baik dan mudah diakses oleh pengunjung",,,,"Informasi mudah diakses dan disampaikan dengan jelas kepada pengunjung|Pusat informasi nyaman digunakan oleh pengunjung|Pusat informasi bersih dan tertata dengan baik",,,,"ad4e54c3-00b0-4540-aaa5-db73dd1c4c0e","Completed","New","28-11-2025 10:37:43","Anonymous","116499",,"cab97c1f-67b4-11f0-a847-0a0cda9789f2","1eb4a3f0-5e3d-4ac9-b813-8b1a562e7235",,,"true","False","QrCode","Bahasa","2025-11-28T03:35:46.6853Z",,,,,,,,,,,,,,,"68b5aaf51f3cc3c03afa57ae"
"75","IDM","TMII","PUSAT INFORMASI","Pusat Informasi Main Lobby","IDM-TMII-PUSAT INFORMASI-Pusat Informasi Main Lobby-01","5","Satisfied","5","It was closing time people are so helpful with out hesitating . Really sweet people","Staff Friendliness and Service Quality","Positive","5","5","5","5","5","5","Melakukan layanan secara profesional dan ramah (menjaga kontak mata, tersenyum tulus, dan memberikan solusi dengan empati)|Memiliki penampilan yang bersih dan rapi|Memberikan informasi dengan jelas dan akurat|Melayani dengan cepat dan tepat|Membantu dan memastikan kesiapan fasilitas",,,,"Fasilitas pusat informasi lengkap dan mendukung kebutuhan pengunjung|Fasilitas pusat informasi tersedia dengan baik dan mudah diakses oleh pengunjung",,,,"Pusat informasi bersih dan tertata dengan baik|Pusat informasi nyaman digunakan oleh pengunjung|Informasi mudah diakses dan disampaikan dengan jelas kepada pengunjung",,,,"a6b198e2-bbfe-4d47-8844-61c6ba224626","Completed","New","27-11-2025 19:42:36","Anonymous","111152",,"cab97c1f-67b4-11f0-a847-0a0cda9789f2","1eb4a3f0-5e3d-4ac9-b813-8b1a562e7235",,,"true","False","QrCode","English","2025-11-27T12:40:43.3490Z",,,,,,,,,,,,,,,"68b5aaf51f3cc3c03afa57ae"
"76","IDM","TMII","PUSAT INFORMASI","Pusat Informasi Main Lobby","IDM-TMII-PUSAT INFORMASI-Pusat Informasi Main Lobby-01","5","Satisfied","5","Bagus membantu diarahkan","Visitor Information and Signage Clarity","Positive","5","5","5","5","5","5","Melakukan layanan secara profesional dan ramah (menjaga kontak mata, tersenyum tulus, dan memberikan solusi dengan empati)",,,,"Fasilitas pusat informasi tersedia dengan baik dan mudah diakses oleh pengunjung",,,,"Pusat informasi nyaman digunakan oleh pengunjung",,,,"42239f60-aadf-486a-9b4c-59e72e621b39","Completed","New","27-11-2025 16:15:03","Anonymous","33911",,"cab97c1f-67b4-11f0-a847-0a0cda9789f2","1eb4a3f0-5e3d-4ac9-b813-8b1a562e7235",,,"true","False","QrCode","Bahasa","2025-11-27T09:14:28.9849Z",,,,,,,,,,,,,,,"68b5aaf51f3cc3c03afa57ae"
"77","IDM","TMII","PUSAT INFORMASI","Antrian Shuttle","IDM-TMII-PUSAT INFORMASI-Antrian Shuttle-01","5","Satisfied","5","Baagussssss no koment","Tourist Attraction and Cultural Experience Quality","Neutral","5","5","5","5","5","5","Melakukan layanan secara profesional dan ramah (menjaga kontak mata, tersenyum tulus, dan memberikan solusi dengan empati)",,,,"Fasilitas pusat informasi lengkap dan mendukung kebutuhan pengunjung|Fasilitas pusat informasi tersedia dengan baik dan mudah diakses oleh pengunjung",,,,"Pusat informasi bersih dan tertata dengan baik|Pusat informasi nyaman digunakan oleh pengunjung|Informasi mudah diakses dan disampaikan dengan jelas kepada pengunjung",,,,"06b87a5f-f53d-4526-ba99-56f6bb361d4b","Completed","New","27-11-2025 14:47:51","Anonymous","25298",,"cab97c1f-67b4-11f0-a847-0a0cda9789f2","1eb4a3f0-5e3d-4ac9-b813-8b1a562e7235",,,"true","False","QrCode","Bahasa","2025-11-27T07:47:26.6374Z",,,,,,,,,,,,,,,"68b5aaf51f3cc3c03afa57ae"
"78","IDM","TMII","PUSAT INFORMASI","Antrian Shuttle","IDM-TMII-PUSAT INFORMASI-Antrian Shuttle-01","5","Satisfied","5","Oke. Tempatnya bersih dan ada kucing lucu lucu sambil nunggu angling untuk ke tempat parkir. Jadi aku terhibur hah a","Facility Maintenance and Cleanliness","Positive","5","5","5","5","5","5","Melakukan layanan secara profesional dan ramah (menjaga kontak mata, tersenyum tulus, dan memberikan solusi dengan empati)",,,,"Fasilitas pusat informasi lengkap dan mendukung kebutuhan pengunjung|Fasilitas pusat informasi tersedia dengan baik dan mudah diakses oleh pengunjung",,,,"Pusat informasi bersih dan tertata dengan baik",,,,"66de1795-3a82-434d-af8b-ad726f6f8bb0","Completed","New","27-11-2025 14:47:23","Anonymous","1150729",,"cab97c1f-67b4-11f0-a847-0a0cda9789f2","1eb4a3f0-5e3d-4ac9-b813-8b1a562e7235",,,"true","False","QrCode","Bahasa","2025-11-27T07:28:13.0717Z",,,,,,,,,,,,,,,"68b5aaf51f3cc3c03afa57ae"
"79","IDM","TMII","PUSAT INFORMASI","Antrian Shuttle","IDM-TMII-PUSAT INFORMASI-Antrian Shuttle-01","5","Satisfied","5","Makasi kak udah ramah! Dibantu pinjemim kursi roda untuk kakek aku :)","Staff Friendliness and Service Quality","Positive","5","5","5","5","5","5","Melakukan layanan secara profesional dan ramah (menjaga kontak mata, tersenyum tulus, dan memberikan solusi dengan empati)",,,,"Fasilitas pusat informasi lengkap dan mendukung kebutuhan pengunjung",,,,"Pusat informasi bersih dan tertata dengan baik|Pusat informasi nyaman digunakan oleh pengunjung|Informasi mudah diakses dan disampaikan dengan jelas kepada pengunjung",,,,"98f8bd44-d3e4-46c9-b82f-cf04106c0792","Completed","New","27-11-2025 14:28:11","Anonymous","44515",,"cab97c1f-67b4-11f0-a847-0a0cda9789f2","1eb4a3f0-5e3d-4ac9-b813-8b1a562e7235",,,"true","False","QrCode","Bahasa","2025-11-27T07:27:26.8237Z",,,,,,,,,,,,,,,"68b5aaf51f3cc3c03afa57ae"
"80","IDM","TMII","PUSAT INFORMASI","Antrian Shuttle","IDM-TMII-PUSAT INFORMASI-Antrian Shuttle-01","5","Satisfied","5","Informasi yg didapatkan mudah di mengerti dan ngebantu sekali","Visitor Information and Signage Clarity","Positive","5","5","5","5","5","5","Melakukan layanan secara profesional dan ramah (menjaga kontak mata, tersenyum tulus, dan memberikan solusi dengan empati)",,,,"Fasilitas pusat informasi lengkap dan mendukung kebutuhan pengunjung",,,,"Pusat informasi bersih dan tertata dengan baik|Informasi mudah diakses dan disampaikan dengan jelas kepada pengunjung",,,,"79127c44-ed5a-49ea-a593-f934f808324b","Completed","New","27-11-2025 14:27:24","Anonymous","61215",,"cab97c1f-67b4-11f0-a847-0a0cda9789f2","1eb4a3f0-5e3d-4ac9-b813-8b1a562e7235",,,"true","False","QrCode","Bahasa","2025-11-27T07:26:23.7523Z",,,,,,,,,,,,,,,"68b5aaf51f3cc3c03afa57ae"
"81","IDM","TMII","PUSAT INFORMASI","Antrian Shuttle","IDM-TMII-PUSAT INFORMASI-Antrian Shuttle-01","5","Satisfied","5","Bagus aja","Tourist Attraction and Cultural Experience Quality","Positive","5","5","5","5","5","5","Melakukan layanan secara profesional dan ramah (menjaga kontak mata, tersenyum tulus, dan memberikan solusi dengan empati)",,,,"Fasilitas pusat informasi lengkap dan mendukung kebutuhan pengunjung",,,,"Pusat informasi nyaman digunakan oleh pengunjung|Pusat informasi bersih dan tertata dengan baik",,,,"8527163d-95e8-4943-9f0e-4a2fc6dc32d6","Completed","New","27-11-2025 14:26:21","Anonymous","20772",,"cab97c1f-67b4-11f0-a847-0a0cda9789f2","1eb4a3f0-5e3d-4ac9-b813-8b1a562e7235",,,"true","False","QrCode","Bahasa","2025-11-27T07:26:00.3108Z",,,,,,,,,,,,,,,"68b5aaf51f3cc3c03afa57ae"
"82","IDM","TMII","PUSAT INFORMASI","Pusat Informasi Main Lobby","IDM-TMII-PUSAT INFORMASI-Pusat Informasi Main Lobby-01","3","Neutral","3","Kurang panah penunjuk. Shuttle kurang banyak. Ada shuttle yg kosong tapi tidak bantu angkut penumpang. Cape","Accessibility and Transportation Improvements","Negative",,,"3","3","3","3",,,,,,,"Fasilitas pusat informasi tidak tersedia atau sulit diakses oleh pengunjung|Lainnya","Kurangnya panah penunjuk jalan",,,"Lainnya","Kebersihan toilet museum keprajuritan burukuj","311bed62-cb14-47a6-a389-93c631f912a6","Completed",,"05-09-2025 14:38:00",,"109495",,"cab97c1f-67b4-11f0-a847-0a0cda9789f2","1eb4a3f0-5e3d-4ac9-b813-8b1a562e7235","13",,"true",,,,,,,,,,,,,,,,,,"Untitled-Import-2",
"83","IDM","TMII","PUSAT INFORMASI","Pusat Informasi Main Lobby","IDM-TMII-PUSAT INFORMASI-Pusat Informasi Main Lobby-01","5","Satisfied","5","seru bangett dan info nya sangat begunaa👐🏼","Activities and Educational Programs Enhancement","Positive","5","5","5","5","5","5","Melakukan layanan secara profesional dan ramah (menjaga kontak mata, tersenyum tulus, dan memberikan solusi dengan empati)|Memiliki penampilan yang bersih dan rapi|Memberikan informasi dengan jelas dan akurat|Melayani dengan cepat dan tepat|Membantu dan memastikan kesiapan fasilitas",,,,"Fasilitas pusat informasi lengkap dan mendukung kebutuhan pengunjung|Fasilitas pusat informasi tersedia dengan baik dan mudah diakses oleh pengunjung",,,,"Pusat informasi bersih dan tertata dengan baik|Pusat informasi nyaman digunakan oleh pengunjung|Informasi mudah diakses dan disampaikan dengan jelas kepada pengunjung",,,,"663929f0-b22a-45a5-bd64-477ddda4cc35","Completed",,"05-09-2025 16:32:00",,"42062",,"cab97c1f-67b4-11f0-a847-0a0cda9789f2","1eb4a3f0-5e3d-4ac9-b813-8b1a562e7235","13",,"true",,,,,,,,,,,,,,,,,,"Untitled-Import-2",
"84","IDM","TMII","PUSAT INFORMASI","Antrian Shuttle","IDM-TMII-PUSAT INFORMASI-Antrian Shuttle-01","2","Not Satisfied","2","1. Indentifikasi populasi prioritas sejak pintu masuk 
2. Mengarahkan populasi prioritas dengan transportasi tersendiri atau memberikan opsi lain 
3. Transportasi Angling tidak ramah lansia karena jaraknya cukup tinggi utk naik > transportasi terpisah
4. Menjadikan TMII tempat wisata ramah lansia dan disabilitas","Accessibility and Transportation Improvements|Accessibility for Seniors and Disabled Visitors","Negative",,,"2","2",,,,,,,,,"Lainnya","Ketika menanyakan Angling prioritas di Customer Service Pintu Utama karena membawa orangtua dengan kursi roda kami tidak diarahkan ke Angling Prioritas atau pilihan transportasi elektrik lain. Kami diarahkan ke booth Jagat Satwa. Dalam perjalanan kami terkendala tidak mendapatkan Angling karena tidak bisa bersaing dengan pengunjung lain yg tidak ada hendaya.",,,,,"e7edd35c-2c14-40d3-a99f-79245db820ee","Completed",,"05-09-2025 17:28:00",,"703322",,"cab97c1f-67b4-11f0-a847-0a0cda9789f2","1eb4a3f0-5e3d-4ac9-b813-8b1a562e7235","13",,"true",,,,,,,,,,,,,,,,,,"Untitled-Import-2",
"85","IDM","TMII","PUSAT INFORMASI","Pusat Informasi Main Lobby","IDM-TMII-PUSAT INFORMASI-Pusat Informasi Main Lobby-01","5","Satisfied","5",,,,"5","5","5","5","5","5","Melakukan layanan secara profesional dan ramah (menjaga kontak mata, tersenyum tulus, dan memberikan solusi dengan empati)|Memiliki penampilan yang bersih dan rapi|Memberikan informasi dengan jelas dan akurat|Melayani dengan cepat dan tepat|Membantu dan memastikan kesiapan fasilitas",,,,"Fasilitas pusat informasi lengkap dan mendukung kebutuhan pengunjung|Fasilitas pusat informasi tersedia dengan baik dan mudah diakses oleh pengunjung",,,,"Informasi mudah diakses dan disampaikan dengan jelas kepada pengunjung|Pusat informasi nyaman digunakan oleh pengunjung|Pusat informasi bersih dan tertata dengan baik",,,,"dd92c0fb-353c-49ee-8294-1c2674285010","Completed",,"06-09-2025 14:35:00",,"27424",,"cab97c1f-67b4-11f0-a847-0a0cda9789f2","1eb4a3f0-5e3d-4ac9-b813-8b1a562e7235","13",,"true",,,,,,,,,,,,,,,,,,"Untitled-Import-2",
"86","IDM","TMII","PUSAT INFORMASI","Pusat Informasi Main Lobby","IDM-TMII-PUSAT INFORMASI-Pusat Informasi Main Lobby-01","5","Satisfied","5",,,,"5","5",,,,,"Memberikan informasi dengan jelas dan akurat",,,,,,,,,,,,"459961f6-be85-4648-820c-ae56e4b6a946","Completed",,"06-09-2025 14:35:00",,"29878",,"cab97c1f-67b4-11f0-a847-0a0cda9789f2","1eb4a3f0-5e3d-4ac9-b813-8b1a562e7235","13",,"true",,,,,,,,,,,,,,,,,,"Untitled-Import-2",
"87","IDM","TMII","PUSAT INFORMASI","Pusat Informasi Main Lobby","IDM-TMII-PUSAT INFORMASI-Pusat Informasi Main Lobby-01","5","Satisfied","5",,,,"5","5",,,,,"Melakukan layanan secara profesional dan ramah (menjaga kontak mata, tersenyum tulus, dan memberikan solusi dengan empati)",,,,,,,,,,,,"434fcd15-662f-4250-9955-443c9dee8d95","Completed",,"06-09-2025 14:35:00",,"34878",,"cab97c1f-67b4-11f0-a847-0a0cda9789f2","1eb4a3f0-5e3d-4ac9-b813-8b1a562e7235","13",,"true",,,,,,,,,,,,,,,,,,"Untitled-Import-2",
"88","IDM","TMII","PUSAT INFORMASI","Pusat Informasi Main Lobby","IDM-TMII-PUSAT INFORMASI-Pusat Informasi Main Lobby-01","5","Satisfied","5","sudah baguss👏🏻👏🏻","Tourist Attraction and Cultural Experience Quality","Positive","5","5","5","5","5","5","Melakukan layanan secara profesional dan ramah (menjaga kontak mata, tersenyum tulus, dan memberikan solusi dengan empati)|Memiliki penampilan yang bersih dan rapi|Memberikan informasi dengan jelas dan akurat|Melayani dengan cepat dan tepat|Membantu dan memastikan kesiapan fasilitas",,,,"Fasilitas pusat informasi lengkap dan mendukung kebutuhan pengunjung|Fasilitas pusat informasi tersedia dengan baik dan mudah diakses oleh pengunjung",,,,"Pusat informasi nyaman digunakan oleh pengunjung|Informasi mudah diakses dan disampaikan dengan jelas kepada pengunjung|Pusat informasi bersih dan tertata dengan baik",,,,"3ab3d9c3-f0f7-4f65-be84-c733e1fcf8e1","Completed",,"06-09-2025 14:35:00",,"48499",,"cab97c1f-67b4-11f0-a847-0a0cda9789f2","1eb4a3f0-5e3d-4ac9-b813-8b1a562e7235","13",,"true",,,,,,,,,,,,,,,,,,"Untitled-Import-2",
"89","IDM","TMII","PUSAT INFORMASI","Pusat Informasi Main Lobby","IDM-TMII-PUSAT INFORMASI-Pusat Informasi Main Lobby-01","5","Satisfied","5","Terus terja untuk pelayanan,, di buat program yg lebih baik lg","Staff Friendliness and Service Quality","Neutral",,,,,"5","5",,,,,,,,,"Informasi mudah diakses dan disampaikan dengan jelas kepada pengunjung",,,,"1f935144-c77e-45e4-83ce-4e48b64038e5","Completed",,"06-09-2025 14:36:00",,"75174",,"cab97c1f-67b4-11f0-a847-0a0cda9789f2","1eb4a3f0-5e3d-4ac9-b813-8b1a562e7235","13",,"true",,,,,,,,,,,,,,,,,,"Untitled-Import-2",
"90","IDM","TMII","PUSAT INFORMASI","Pusat Informasi Main Lobby","IDM-TMII-PUSAT INFORMASI-Pusat Informasi Main Lobby-01","5","Satisfied","5","Sudah bagus dan rutenya mungkin ditambah museum","Tourist Attraction and Cultural Experience Quality","Positive","5","5","5","5","5","5","Melakukan layanan secara profesional dan ramah (menjaga kontak mata, tersenyum tulus, dan memberikan solusi dengan empati)|Memiliki penampilan yang bersih dan rapi|Memberikan informasi dengan jelas dan akurat|Melayani dengan cepat dan tepat|Membantu dan memastikan kesiapan fasilitas",,,,"Fasilitas pusat informasi lengkap dan mendukung kebutuhan pengunjung|Fasilitas pusat informasi tersedia dengan baik dan mudah diakses oleh pengunjung",,,,"Pusat informasi bersih dan tertata dengan baik|Pusat informasi nyaman digunakan oleh pengunjung|Informasi mudah diakses dan disampaikan dengan jelas kepada pengunjung",,,,"0222f210-00cc-440c-b0ab-208aea7ce34e","Completed",,"06-09-2025 14:36:00",,"71056",,"cab97c1f-67b4-11f0-a847-0a0cda9789f2","1eb4a3f0-5e3d-4ac9-b813-8b1a562e7235","13",,"true",,,,,,,,,,,,,,,,,,"Untitled-Import-2",
"91","IDM","TMII","PUSAT INFORMASI","Pusat Informasi Main Lobby","IDM-TMII-PUSAT INFORMASI-Pusat Informasi Main Lobby-01","4","Satisfied","4",,,,"4","4",,,"4","4","Melakukan layanan secara profesional dan ramah (menjaga kontak mata, tersenyum tulus, dan memberikan solusi dengan empati)|Memberikan informasi dengan jelas dan akurat|Melayani dengan cepat dan tepat",,,,,,,,"Informasi mudah diakses dan disampaikan dengan jelas kepada pengunjung",,,,"2444b517-76f1-405f-a09e-477724f2e952","Completed",,"06-09-2025 14:37:00",,"48344",,"cab97c1f-67b4-11f0-a847-0a0cda9789f2","1eb4a3f0-5e3d-4ac9-b813-8b1a562e7235","13",,"true",,,,,,,,,,,,,,,,,,"Untitled-Import-2",
"92","IDM","TMII","PUSAT INFORMASI","Pusat Informasi Main Lobby","IDM-TMII-PUSAT INFORMASI-Pusat Informasi Main Lobby-01","5","Satisfied","5",,,,"5","5","5","5","5","5","Melakukan layanan secara profesional dan ramah (menjaga kontak mata, tersenyum tulus, dan memberikan solusi dengan empati)|Memberikan informasi dengan jelas dan akurat|Membantu dan memastikan kesiapan fasilitas",,,,"Fasilitas pusat informasi tersedia dengan baik dan mudah diakses oleh pengunjung",,,,"Informasi mudah diakses dan disampaikan dengan jelas kepada pengunjung",,,,"5cdfe989-966f-4631-a697-48813d8463c5","Completed",,"06-09-2025 14:37:00",,"85201",,"cab97c1f-67b4-11f0-a847-0a0cda9789f2","1eb4a3f0-5e3d-4ac9-b813-8b1a562e7235","13",,"true",,,,,,,,,,,,,,,,,,"Untitled-Import-2",
"93","IDM","TMII","PUSAT INFORMASI","Pusat Informasi Main Lobby","IDM-TMII-PUSAT INFORMASI-Pusat Informasi Main Lobby-01","4","Satisfied","4","Tambahkan area information center di area lain , selain pintu masuk","Visitor Information and Signage Clarity","Neutral",,,,,"4","4",,,,,,,,,"Informasi mudah diakses dan disampaikan dengan jelas kepada pengunjung",,,,"c9de1b35-68dd-467d-9b32-b0a22f847ea2","Completed",,"06-09-2025 14:38:00",,"93859",,"cab97c1f-67b4-11f0-a847-0a0cda9789f2","1eb4a3f0-5e3d-4ac9-b813-8b1a562e7235","13",,"true",,,,,,,,,,,,,,,,,,"Untitled-Import-2",
"94","IDM","TMII","PUSAT INFORMASI","Pusat Informasi Main Lobby","IDM-TMII-PUSAT INFORMASI-Pusat Informasi Main Lobby-01","3","Neutral","3","Annual Pass Rp. 450 Ribu per pax mahal. Harus dikembalikan Rp. 250 Ribu per pax. Apalagi buat yang perpanjangan","Pricing and Membership Policies (Annual Pass and Ticketing)","Negative","3","3","3","3","3","3",,,"Lainnya","Ada cueknya sih",,,"Lainnya","Shower belum tersedia",,,"Lainnya","Jogging Track masih banyak daun","0a04252f-2c7a-43ad-a29e-694d6db89d84","Completed",,"07-09-2025 11:24:00",,"358433",,"cab97c1f-67b4-11f0-a847-0a0cda9789f2","1eb4a3f0-5e3d-4ac9-b813-8b1a562e7235","13",,"true",,,,,,,,,,,,,,,,,,"Untitled-Import-2",
"95","IDM","TMII","PUSAT INFORMASI","Antrian Shuttle","IDM-TMII-PUSAT INFORMASI-Antrian Shuttle-01","4","Satisfied","4","Jajanan lu mahal banget","Amenities and Food Services Availability","Negative",,,"4","4","4","4",,,,,,,,,"Informasi mudah diakses dan disampaikan dengan jelas kepada pengunjung",,,,"1cbf3e25-07d4-4297-96cf-f29551d63858","Completed",,"07-09-2025 14:20:00",,"148740",,"cab97c1f-67b4-11f0-a847-0a0cda9789f2","1eb4a3f0-5e3d-4ac9-b813-8b1a562e7235","13",,"true",,,,,,,,,,,,,,,,,,"Untitled-Import-2",
"96","IDM","TMII","PUSAT INFORMASI","Pusat Informasi Main Lobby","IDM-TMII-PUSAT INFORMASI-Pusat Informasi Main Lobby-01","1","Not Satisfied","1",,,,,,"1","1",,,,,,,,,"Fasilitas pusat informasi kurang lengkap dan belum mendukung kebutuhan pengunjung",,,,,,"b23bbc9e-4339-49a5-b402-83ddc8c9e3c7","Completed",,"07-09-2025 14:20:00",,"35231",,"cab97c1f-67b4-11f0-a847-0a0cda9789f2","1eb4a3f0-5e3d-4ac9-b813-8b1a562e7235","13",,"true",,,,,,,,,,,,,,,,,,"Untitled-Import-2",
"97","IDM","TMII","PUSAT INFORMASI","Antrian Shuttle","IDM-TMII-PUSAT INFORMASI-Antrian Shuttle-01","4","Satisfied","4","Annual Pass untuk TRC yang perpanjang yakni Rp.100.000 per tahun","Pricing and Membership Policies (Annual Pass and Ticketing)","Neutral",,,"4","4",,,,,,,"Fasilitas pusat informasi lengkap dan mendukung kebutuhan pengunjung",,,,,,,,"90496951-35ed-4be9-a360-9abae52dccde","Completed",,"07-09-2025 14:29:00",,"66547",,"cab97c1f-67b4-11f0-a847-0a0cda9789f2","1eb4a3f0-5e3d-4ac9-b813-8b1a562e7235","13",,"true",,,,,,,,,,,,,,,,,,"Untitled-Import-2",
"98","IDM","TMII","PUSAT INFORMASI","Antrian Shuttle","IDM-TMII-PUSAT INFORMASI-Antrian Shuttle-01","3","Neutral","3","Untuk Perpanjangan Annual Pass kami bingung gak jelas informasinya, dari pintu gerbang, disuruh ke pintu utama, dari pintu utama dijelaskan ke marketing, kemudian di tanyakan berapa, utk individu 600rb/thn. Utk group 450rb/thn. Pdhal tahun lalu individu 250rb/thn..kami keberatan segitu. Dan ternyata diarahkan ke marketing, tp belum datang di jam09.00.","Pricing and Membership Policies (Annual Pass and Ticketing)","Negative","3","3",,,,,,,"Tidak melakukan layanan secara profesional dan ramah (menjaga kontak mata, tersenyum tulus, dan memberikan solusi dengan empati)",,,,,,,,,,"0c1290f2-4e22-42d5-8d20-137f0d9451b9","Completed",,"07-09-2025 14:34:00",,"213728",,"cab97c1f-67b4-11f0-a847-0a0cda9789f2","1eb4a3f0-5e3d-4ac9-b813-8b1a562e7235","13",,"true",,,,,,,,,,,,,,,,,,"Untitled-Import-2",
"99","IDM","TMII","PUSAT INFORMASI","Pusat Informasi Main Lobby","IDM-TMII-PUSAT INFORMASI-Pusat Informasi Main Lobby-01","3","Neutral","3","jangan ngumpet dan harusnya ada di depan gerbang","Visitor Information and Signage Clarity","Neutral",,,,,"3","3",,,,,,,,,,,"Pusat informasi kurang nyaman digunakan oleh pengunjung",,"9da8e5e9-3d90-4ce9-902f-a31d94f73cd9","Completed",,"08-09-2025 07:59:00",,"79375",,"cab97c1f-67b4-11f0-a847-0a0cda9789f2","1eb4a3f0-5e3d-4ac9-b813-8b1a562e7235","13",,"true",,,,,,,,,,,,,,,,,,"Untitled-Import-2",
"100","IDM","TMII","PUSAT INFORMASI","Antrian Shuttle","IDM-TMII-PUSAT INFORMASI-Antrian Shuttle-01","3","Neutral","3",,,,,,"3","3",,,,,,,,,"Fasilitas pusat informasi kurang lengkap dan belum mendukung kebutuhan pengunjung",,,,,,"fdd71c6b-f943-4b29-96ce-49505dd6c591","Completed",,"08-09-2025 12:13:00",,"35192",,"cab97c1f-67b4-11f0-a847-0a0cda9789f2","1eb4a3f0-5e3d-4ac9-b813-8b1a562e7235","13",,"true",,,,,,,,,,,,,,,,,,"Untitled-Import-2",
"101","IDM","TMII","PUSAT INFORMASI","Antrian Shuttle","IDM-TMII-PUSAT INFORMASI-Antrian Shuttle-01","3","Neutral","3","Berikan layanan disc terbaik utk anggota TRC ygbsdh mempromokan tmii dimana mana","Staff Friendliness and Service Quality","Positive",,,"3","3",,,,,,,,,"Fasilitas pusat informasi tidak tersedia atau sulit diakses oleh pengunjung",,,,,,"82db7263-2938-4f34-8d91-ac813310b61f","Completed",,"08-09-2025 12:13:00",,"89051",,"cab97c1f-67b4-11f0-a847-0a0cda9789f2","1eb4a3f0-5e3d-4ac9-b813-8b1a562e7235","13",,"true",,,,,,,,,,,,,,,,,,"Untitled-Import-2",
"102","IDM","TMII","PUSAT INFORMASI","Antrian Shuttle","IDM-TMII-PUSAT INFORMASI-Antrian Shuttle-01","3","Neutral","3","Ketersediaan AP yang tidak melulu naik tiap tahun di nominal besar.","Pricing and Membership Policies (Annual Pass and Ticketing)","Neutral",,,"3","3",,,,,,,,,"Fasilitas pusat informasi tidak tersedia atau sulit diakses oleh pengunjung",,,,,,"2ff81a1f-c6d2-4c7a-9d55-bb576b6624e6","Completed",,"08-09-2025 12:23:00",,"558925",,"cab97c1f-67b4-11f0-a847-0a0cda9789f2","1eb4a3f0-5e3d-4ac9-b813-8b1a562e7235","13",,"true",,,,,,,,,,,,,,,,,,"Untitled-Import-2",
"103","IDM","TMII","PUSAT INFORMASI","Antrian Shuttle","IDM-TMII-PUSAT INFORMASI-Antrian Shuttle-01","1","Not Satisfied","1","tlg harga annual pas spt tahun lalu, kmaren hari pelanggan nasional 450 jauh dr thn lalu 149, 😔","Pricing and Membership Policies (Annual Pass and Ticketing)","Negative",,,,,"1","1",,,,,,,,,,,"Lainnya","annual pas mahal, beda dg tahun lalu,apalagi tahun lalu pas hari pelanggan nasional hanya 149rb,","f85996cc-437f-4bf4-bb83-19dc41da1672","Completed",,"08-09-2025 12:25:00",,"116197",,"cab97c1f-67b4-11f0-a847-0a0cda9789f2","1eb4a3f0-5e3d-4ac9-b813-8b1a562e7235","13",,"true",,,,,,,,,,,,,,,,,,"Untitled-Import-2",
"104","IDM","TMII","PUSAT INFORMASI","Antrian Shuttle","IDM-TMII-PUSAT INFORMASI-Antrian Shuttle-01","1","Not Satisfied","1","Sebagai pelanggan TMII sekaligus pelaku olahraga aktif yang rutin beraktivitas minimal tiga kali seminggu di kawasan ini, saya ingin menyampaikan kekecewaan yang sangat mendalam atas kebijakan annual pass terbaru.

Saya bukan hanya pengunjung biasa. Selama ini, saya ikut mempromosikan TMII melalui jejaring sosial, business networking, hingga komunitas sport enthusiasm. Saya percaya, kehadiran pelanggan seperti saya—yang konsisten hadir, berinteraksi, dan mengajak lebih banyak orang datang—telah memberikan dampak positif, baik dari sisi promosi maupun penguatan citra TMII sebagai ruang olahraga, rekreasi, dan budaya.

Namun, annual pass yang baru justru membuat kami merasa tidak dihargai sama sekali. Harganya melonjak sangat tinggi dibanding sebelumnya, sementara manfaatnya jauh dari harapan. Fasilitas tambahan yang dijanjikan tidak sebanding dengan beban biaya yang harus kami keluarkan. Alih-alih memberikan apresiasi kepada loyal customer yang sudah bertahun-tahun mendukung, kebijakan ini justru terasa seperti “memeras” kami habis-habisan.

TMII bukan sekadar tempat wisata, tetapi juga ruang hidup komunitas—bagi atlet, pencinta olahraga, pegiat seni, hingga masyarakat yang peduli pada kebudayaan Indonesia. Dengan kebijakan ini, TMII seperti menutup pintu bagi kelompok-kelompok yang selama ini justru menjadi pilar loyalitas.

Sungguh ironis, di saat kami berusaha menjadikan TMII sebagai pusat sport tourism dan cultural pride yang bisa dibanggakan di mata nasional maupun internasional, manajemennya justru mengeluarkan kebijakan yang tidak ramah pelanggan setia, tidak pro-komunitas, dan hanya berorientasi pada harga semata.

Saya harap manajemen bisa membuka mata: loyalitas tidak bisa dibeli dengan tiket mahal, tapi harus dirawat dengan penghargaan dan kebijakan yang adil. Kalau tidak, jangan salahkan bila kepercayaan yang sudah dibangun selama bertahun-tahun akan hilang begitu saja.","Pricing and Membership Policies (Annual Pass and Ticketing)","Negative",,,"1","1",,,,,,,,,"Fasilitas pusat informasi kurang lengkap dan belum mendukung kebutuhan pengunjung",,,,,,"c6ce6a6d-23c6-4604-b50a-d204c4dcaba4","Completed",,"08-09-2025 12:35:00",,"411289",,"cab97c1f-67b4-11f0-a847-0a0cda9789f2","1eb4a3f0-5e3d-4ac9-b813-8b1a562e7235","13",,"true",,,,,,,,,,,,,,,,,,"Untitled-Import-2",
"105","IDM","TMII","PUSAT INFORMASI","Antrian Shuttle","IDM-TMII-PUSAT INFORMASI-Antrian Shuttle-01","3","Neutral","3","Sebagai pegiat olahraga rutin setiap pagi/sore Senin - Minggu, dengan harga annual pass 450K saya kecewa mohon diturunkan kembali menjadi 250k untuk perpanjangan dan mohon di tindak lanjuti terkait pembakaran sampah samping musium PLN atau musium gardu listrik dan beberapa anjungan di setiap pagi/sore, sangat mengganggu dan tidak nyaman. thanks! 

warm regards 
TRC.","Pricing and Membership Policies (Annual Pass and Ticketing)","Negative",,,"3","3",,,,,,,,,"Lainnya","Sebagai pengunjung setia TMII, pegiat lari yg di naungi dibawah bendera TRC, saya sangat terganggu dengan adanya pembakaran di samping musium PLN setiap sore dan beberapa anjungan, mohon untuk ditindak lanjuti dan saya sangat kecewa dengan harga annual pass terbaru saat ini dengan harga 450K untuk perpanjangan mohon kiranya diturunkan menjadi 250K, saya berlari di TMII setiap hari senin - Minggu full, besar harapan saya agar diperhatikan oleh team management, thanks! salam TRC",,,,,"b01a74ad-49ef-49ab-a2e0-0f89dd0e0087","Completed",,"08-09-2025 12:47:00",,"585763",,"cab97c1f-67b4-11f0-a847-0a0cda9789f2","1eb4a3f0-5e3d-4ac9-b813-8b1a562e7235","13",,"true",,,,,,,,,,,,,,,,,,"Untitled-Import-2",
"106","IDM","TMII","PUSAT INFORMASI","Antrian Shuttle","IDM-TMII-PUSAT INFORMASI-Antrian Shuttle-01","3","Neutral","3","Satpam.ditambah ,tukang sapu ditambah ,banyak titk2 yg tidak dijamah customer tetapi dijamah pelari banyak bgt daun2

Tiket masuk para pelari TRC yg sdh ikut mempromokan tmii diberikan harga disc seperti tahun lalu
Krn kami memang aktif promo","Staff Friendliness and Service Quality","Negative",,,,,"3","3",,,,,,,,,,,"Lainnya","Sebagai pelanggan TMII dan pelaku olahraga aktif seminggu tiga kali di TMII serta memberikan banyak pengaruh pada social media, business networking dan sport antusiasm, saya sangat kecewa! Annual pass yang baru harganya jauh lebih mahal daripada sebelumnya, tapi manfaatnya jauh dari harapan. Bukannya kita dihargai sebagai loyal u olahraga dan pencinta budaya.","3441b4e2-bf9d-4893-a4ad-33b3f87230b4","Completed",,"08-09-2025 12:57:00",,"235291",,"cab97c1f-67b4-11f0-a847-0a0cda9789f2","1eb4a3f0-5e3d-4ac9-b813-8b1a562e7235","13",,"true",,,,,,,,,,,,,,,,,,"Untitled-Import-2",
"107","IDM","TMII","PUSAT INFORMASI","Antrian Shuttle","IDM-TMII-PUSAT INFORMASI-Antrian Shuttle-01","1","Not Satisfied","1","harga makanan dan minuman mahal banget, kalo olahraga di tmii jadi ragu","Amenities and Food Services Availability","Negative",,,"1","1",,,,,,,,,"Lainnya","toko makanan dan minuman",,,,,"15dc80c2-b926-4235-a867-634b01c0d84b","Completed",,"08-09-2025 13:08:00",,"94083",,"cab97c1f-67b4-11f0-a847-0a0cda9789f2","1eb4a3f0-5e3d-4ac9-b813-8b1a562e7235","13",,"true",,,,,,,,,,,,,,,,,,"Untitled-Import-2",
"108","IDM","TMII","PUSAT INFORMASI","Antrian Shuttle","IDM-TMII-PUSAT INFORMASI-Antrian Shuttle-01","3","Neutral","3","Sebagai pelanggan loyal dan pelaku olahraga yang rutin beraktivitas di TMII, saya cukup kecewa dengan kebijakan annual pass terbaru. Harganya melonjak jauh lebih tinggi, sementara manfaatnya terasa tidak sebanding.

Padahal, kami para pengguna setia, bukan hanya konsumen, tapi juga duta yang secara aktif mempromosikan TMII lewat media sosial, jejaring bisnis, dan komunitas olahraga. Seharusnya loyal customer mendapat penghargaan, bukan justru merasa diperas.

Kami berharap manajemen dapat meninjau kembali kebijakan ini dan menghadirkan opsi annual pass yang lebih ramah, misalnya Rp250.000,/pax khusus perpanjangan, sehingga TMII tetap menjadi tempat yang inklusif, ramah, dan membanggakan bagi pengunjung setianya. 🙏","Pricing and Membership Policies (Annual Pass and Ticketing)","Negative",,,,,"3","3",,,,,,,,,,,"Lainnya","enak untuk berlari","787e3e1f-1ced-454e-add6-1c82dbb828d2","Completed",,"08-09-2025 13:11:00",,"103589",,"cab97c1f-67b4-11f0-a847-0a0cda9789f2","1eb4a3f0-5e3d-4ac9-b813-8b1a562e7235","13",,"true",,,,,,,,,,,,,,,,,,"Untitled-Import-2",
"109","IDM","TMII","PUSAT INFORMASI","Antrian Shuttle","IDM-TMII-PUSAT INFORMASI-Antrian Shuttle-01","3","Neutral","3","Agar minimal jam 08.00 sdh siap di ktr dan layanan ditingkatkan","Operational Hours and Scheduling Transparency","Neutral","3","3",,,,,,,"Lainnya","Jam 08.00 masih kosong",,,,,,,,,"9296f9e3-470d-4523-a904-19017e7e0d16","Completed",,"08-09-2025 13:17:00",,"154685",,"cab97c1f-67b4-11f0-a847-0a0cda9789f2","1eb4a3f0-5e3d-4ac9-b813-8b1a562e7235","13",,"true",,,,,,,,,,,,,,,,,,"Untitled-Import-2",
"110","IDM","TMII","PUSAT INFORMASI","Antrian Shuttle","IDM-TMII-PUSAT INFORMASI-Antrian Shuttle-01","2","Not Satisfied","2","Sebagai pelanggan setia TMII yg sudah setahun ini memanfaatkan Annual Pass untuk melakukan aktifitas joging pagi di TMII bersama komunitas TRC kecewa dengan kebijakan harga annual pass baru yg harganya jauh lebih mahal, belum lagi selama ini sy sering mempromosikan dan mengajak sanak saudara dan kerabat utk bergabung dg membeli annual pass dan beraktifitas di TMII Krn harga Annual Pass TMII sebelumnya yg terjangkau dan worth it dengan apa yg kita dapatkan saat beraktivitas di TMII. Belakangan sy jg kecewa dg pelayanan fasilitas di TMII karena saat joging pagi hari jalanan masih sering dipenuhi daun-daun dan terkadang ditambah bau sampah yang menyengat. Belum lagi kenyamanan kita terganggu dengan masih banyaknya kendaraan bermotor baik bus, mobil maupun motor yang masih seliweran yang membahayakan orang yang beraktifitas dan tentunya membuat polusi dan bau asap kendaraannya. Ditambah jg dg kendaraan shuttle yg sering berjalan tidak sesuai jalurnya shg membahayakan orang yg sedang beraktifitas.","Pricing and Membership Policies (Annual Pass and Ticketing)","Negative",,,"2","2","2","2",,,,,,,"Fasilitas pusat informasi tidak tersedia atau sulit diakses oleh pengunjung",,,,"Lainnya","Saat rutin joging di TMII kondisi jalan masih dipenuhi oleh daun dan banyak kendaraan yg melintas di dalam area sehingga mengganggu kenyamanan bagi yg berolahraga","3607a975-462f-4c07-a1db-ccfa05afb97d","Completed",,"08-09-2025 13:40:00",,"1515179",,"cab97c1f-67b4-11f0-a847-0a0cda9789f2","1eb4a3f0-5e3d-4ac9-b813-8b1a562e7235","13",,"true",,,,,,,,,,,,,,,,,,"Untitled-Import-2",
"111","IDM","TMII","PUSAT INFORMASI","Antrian Shuttle","IDM-TMII-PUSAT INFORMASI-Antrian Shuttle-01","4","Satisfied","4","Transparansi informasi terkait aksesibilitas ke TMII","Accessibility and Transportation Improvements","Neutral",,,,,"4","4",,,,,,,,,"Lainnya","Sebagai pelanggan TMII dan individu yang menggunakan TMII sebagai Ruang Terbuka Hijau (RTH) sebagai tempat olahraga, saya mengharapkan pelanggan eksisting yang telah menggunakan annual pass dari tahun lalu bisa mendapatkan keringanan harga menjadi Rp250.000,-! Annual pass yang baru harganya jauh lebih mahal daripada sebelumnya, tapi manfaatnya jauh dari harapan. Kebijakan ini sama sekali tidak ramah bagi pelanggan setia, pelaku olahraga dan pencinta budaya.",,,"91a63af5-ba5a-413e-8dc5-867b4b5bbbd1","Completed",,"08-09-2025 13:52:00",,"231614",,"cab97c1f-67b4-11f0-a847-0a0cda9789f2","1eb4a3f0-5e3d-4ac9-b813-8b1a562e7235","13",,"true",,,,,,,,,,,,,,,,,,"Untitled-Import-2",
"112","IDM","TMII","PUSAT INFORMASI","Antrian Shuttle","IDM-TMII-PUSAT INFORMASI-Antrian Shuttle-01","4","Satisfied","4","Pertahankan","Visitor Information and Signage Clarity","Neutral","4","4",,,,,"Melakukan layanan secara profesional dan ramah (menjaga kontak mata, tersenyum tulus, dan memberikan solusi dengan empati)",,,,,,,,,,,,"cf4e0328-f191-4b2b-a40b-601feac8012f","Completed",,"08-09-2025 13:53:00",,"27577",,"cab97c1f-67b4-11f0-a847-0a0cda9789f2","1eb4a3f0-5e3d-4ac9-b813-8b1a562e7235","13",,"true",,,,,,,,,,,,,,,,,,"Untitled-Import-2",
"113","IDM","TMII","PUSAT INFORMASI","Antrian Shuttle","IDM-TMII-PUSAT INFORMASI-Antrian Shuttle-01","4","Satisfied","4",,,,,,,,"4","4",,,,,,,,,"Pusat informasi nyaman digunakan oleh pengunjung",,,,"6dfb1e0c-b16d-4a0f-a2b2-4cd7656767a9","Completed",,"08-09-2025 14:04:00",,"22005",,"cab97c1f-67b4-11f0-a847-0a0cda9789f2","1eb4a3f0-5e3d-4ac9-b813-8b1a562e7235","13",,"true",,,,,,,,,,,,,,,,,,"Untitled-Import-2",
"114","IDM","TMII","PUSAT INFORMASI","Antrian Shuttle","IDM-TMII-PUSAT INFORMASI-Antrian Shuttle-01","2","Not Satisfied","2",,,,,,"2","2","2","2",,,,,,,"Lainnya","Blum ada shower, tempat sholat (mesjid)  utk weekdays sdh di kunci (utk magrib) dan peralatan mukena yg kurang bersih",,,"Kemudahan akses informasi",,"bcb1da9f-ad22-41ca-97b0-b1f011beca98","Completed",,"08-09-2025 14:34:00",,"217770",,"cab97c1f-67b4-11f0-a847-0a0cda9789f2","1eb4a3f0-5e3d-4ac9-b813-8b1a562e7235","13",,"true",,,,,,,,,,,,,,,,,,"Untitled-Import-2",
"115","IDM","TMII","PUSAT INFORMASI","Antrian Shuttle","IDM-TMII-PUSAT INFORMASI-Antrian Shuttle-01","3","Neutral","3","Sebagai pelanggan TMII dan pelaku olahraga aktif seminggu tiga kali di TMII serta memberikan banyak pengaruh pada social media, business networking dan sport antusiasm, saya sangat kecewa! Annual pass yang baru harganya jauh lebih mahal daripada sebelumnya, tapi manfaatnya jauh dari harapan. Bukannya kita dihargai sebagai loyal customer, justru terasa diperas habis-habisan. Kebijakan ini sama sekali tidak ramah bagi pelanggan setia, pelaku olahraga dan pencinta budaya.","Pricing and Membership Policies (Annual Pass and Ticketing)","Negative",,,"3","3","3","3",,,,,,,"Fasilitas pusat informasi tidak tersedia atau sulit diakses oleh pengunjung|Fasilitas pusat informasi kurang lengkap dan belum mendukung kebutuhan pengunjung|Lainnya","Tempat mandi bkum tersedia. Kamar mandi kurang bersih, mesjid jam magrib sdh terkunci (weekdays),",,,"Lainnya","Done isi survey. Intinya kecewa dengan: 1. Harga Annual Pass yg jauh lebih mahal dari harga sebelumnya  2. Saat joging pagi jalanan masih penuh dg daun dan terkadang diiringi bau menyengat yg mengganggu 3. Masih berseliweran kendaraan bermotor baik bus, mobil maupun sepeda motor yg sangat menggangu aktifitas pengunjung, belum lagi polusi dari asap kendaraan 4. Kendaraan shuttle yg sering melintas dg kecepatan agak tinggi yg membahayakan pengunjung","04306c35-edca-446b-bd94-7fafce32e622","Completed",,"08-09-2025 14:36:00",,"100925",,"cab97c1f-67b4-11f0-a847-0a0cda9789f2","1eb4a3f0-5e3d-4ac9-b813-8b1a562e7235","13",,"true",,,,,,,,,,,,,,,,,,"Untitled-Import-2",
"116","IDM","TMII","PUSAT INFORMASI","Antrian Shuttle","IDM-TMII-PUSAT INFORMASI-Antrian Shuttle-01","4","Satisfied","4","Sebagai pelanggan TMII dan pelaku olahraga aktif seminggu tiga kali di TMII serta memberikan banyak pengaruh pada social media, business networking dan sport antusiasm, saya sangat kecewa! Annual pass yang baru harganya jauh lebih mahal daripada sebelumnya, tapi manfaatnya jauh dari harapan. Bukannya kita dihargai sebagai loyal customer, justru terasa diperas habis-habisan. Kebijakan ini sama sekali tidak ramah bagi pelanggan setia, pelaku olahraga dan pencinta budaya.","Pricing and Membership Policies (Annual Pass and Ticketing)","Negative",,,,,"4","4",,,,,,,,,"Informasi mudah diakses dan disampaikan dengan jelas kepada pengunjung",,,,"cb25a9dc-b1c7-4931-a948-d094ce25be71","Completed",,"08-09-2025 14:51:00",,"64137",,"cab97c1f-67b4-11f0-a847-0a0cda9789f2","1eb4a3f0-5e3d-4ac9-b813-8b1a562e7235","13",,"true",,,,,,,,,,,,,,,,,,"Untitled-Import-2",
"117","IDM","TMII","PUSAT INFORMASI","Antrian Shuttle","IDM-TMII-PUSAT INFORMASI-Antrian Shuttle-01","3","Neutral","3","Mohon agar dapat merespon pertanyaan Via Whatsapp lebih cepat","Staff Friendliness and Service Quality","Neutral","3","3",,,,,,,"Lainnya","Staff Petugas lama dalam memberikan informasi jika dihubungi melalui Whatsapp",,,,,,,,,"251e6b5f-c4ef-4c87-9c5f-c0c3dd21ae27","Completed",,"08-09-2025 15:13:00",,"80782",,"cab97c1f-67b4-11f0-a847-0a0cda9789f2","1eb4a3f0-5e3d-4ac9-b813-8b1a562e7235","13",,"true",,,,,,,,,,,,,,,,,,"Untitled-Import-2",
"118","IDM","TMII","PUSAT INFORMASI","Antrian Shuttle","IDM-TMII-PUSAT INFORMASI-Antrian Shuttle-01","2","Not Satisfied","2","Annual pass yang baru harganya jauh lebih mahal daripada sebelumnya, tapi manfaatnya jauh dari harapan. Bukannya kita dihargai sebagai loyal customer, justru terasa diperas habis-habisan. Kebijakan ini sama sekali tidak ramah bagi pelanggan setia, pelaku olahraga dan pencinta budaya.","Pricing and Membership Policies (Annual Pass and Ticketing)","Negative",,,"2","2","2","2",,,,,,,"Lainnya","Annual pass yang baru harganya jauh lebih mahal daripada sebelumnya, tapi manfaatnya jauh dari harapan. Bukannya kita dihargai sebagai loyal customer, justru terasa diperas habis-habisan. Kebijakan ini sama sekali tidak ramah bagi pelanggan setia, pelaku olahraga dan pencinta budaya.",,,"Lainnya","Annual pass yang baru harganya jauh lebih mahal daripada sebelumnya, tapi manfaatnya jauh dari harapan. Bukannya kita dihargai sebagai loyal customer, justru terasa diperas habis-habisan. Kebijakan ini sama sekali tidak ramah bagi pelanggan setia, pelaku olahraga dan pencinta budaya.","1dfed34d-e427-422a-993d-a6a4b570b9c7","Completed",,"08-09-2025 15:15:00",,"85726",,"cab97c1f-67b4-11f0-a847-0a0cda9789f2","1eb4a3f0-5e3d-4ac9-b813-8b1a562e7235","13",,"true",,,,,,,,,,,,,,,,,,"Untitled-Import-2",
"119","IDM","TMII","PUSAT INFORMASI","Antrian Shuttle","IDM-TMII-PUSAT INFORMASI-Antrian Shuttle-01","3","Neutral","3","1. Sebagai pelanggan loyal dan pelaku olahraga yang rutin beraktivitas di TMII, saya cukup kecewa dengan kebijakan annual pass terbaru. Harganya melonjak jauh lebih tinggi, sementara manfaatnya terasa tidak sebanding. Dahulu bilangnya mau meng_GBK-kan TMII supaya dapat dipergunakan oleh antusiast olahraga, nyatanya: air di toilet kecil, tidak ada lagi showerroom sehingga kalau mau olahraga sblm ke kantor jadi sulit - ga mungkin dtg ke kantor ga mandi, lalu banyak area yang gelap dan kurang penerangan - padahal sbagai karyawan kantoran, olahraganya paling sering saat pulang kantor hingga jam 20:00 jam tutupnya TMII. Kami adalah pengguna setia, bukan sekadar konsumen, tapi juga duta yang secara aktif mempromosikan TMII lewat media sosial, jejaring bisnis, dan komunitas olahraga. Seharusnya loyal customer mendapat penghargaan, bukan justru merasa diperas.

2. Saat joging/bersepeda terkadang jalanan masih penuh dg sampah daun dan sering sekali musti nahan napas karena bau bakaran sampah. Asapnya juga bikin perih mata, sekelas TMII, lho, masih bakar sampah.... Masa kalah sama RPETRA?

3. Kendaraan bermotor baik bus, mobil maupun sepeda motor masih berseliweran dan sangat mengganggu aktifitas pengunjung, belum lagi polusi dari asap kendaraan. Awalnya saya senang, bisa nyaman tanpa lalu lalang kendaraan apalagi asap kendaraan bermotor, sekarang malah makin banyak yang bisa masuk melewati lahan parkir. Peraturan sudah berubah?

4. Kendaraan shuttle yg sering melintas dg kecepatan agak tinggi yg membahayakan pengunjung. Tidak ada standard kecepatan per kendaraan shuttle kah??","Tourist Attraction and Cultural Experience Quality","Negative",,,"3","3",,,,,,,,,"Lainnya","bau asap bakaran sampah sangat mengganggu. setahu saya, di Jakarta oarng sudah tidak diperbolehkan bakar sampah. Sekelas TMII masih bakar sampah? POLUSI UDARA!",,,,,"fbb06931-b7e6-4ffc-88c7-de650f5d6793","Completed",,"08-09-2025 15:18:00",,"3775511",,"cab97c1f-67b4-11f0-a847-0a0cda9789f2","1eb4a3f0-5e3d-4ac9-b813-8b1a562e7235","13",,"true",,,,,,,,,,,,,,,,,,"Untitled-Import-2",
"120","IDM","TMII","PUSAT INFORMASI","Antrian Shuttle","IDM-TMII-PUSAT INFORMASI-Antrian Shuttle-01","1","Not Satisfied","1","Nomor : 003/IX/2025
Lampiran : -
Perihal : Keberatan atas Kenaikan Harga dan Kondisi Layanan di TMII

Jakarta, 08 September 2025

Kepada Yth.
Plt. Direktur Utama TMII
u.p. Ibu Ratri Paramita
di Tempat

Dengan hormat,

Sebagai pelanggan setia dan pengguna rutin fasilitas olahraga di TMII, dengan ini saya menyampaikan keberatan terkait hal-hal berikut:

1. Harga Annual Pass yang naik drastis dibanding sebelumnya, tanpa manfaat tambahan yang jelas.


2. Kondisi area jogging kurang terawat, masih sering penuh dengan daun kering dan bau menyengat.


3. Kendaraan bermotor (bus, mobil, dan motor) masih bebas melintas sehingga mengganggu aktivitas pengunjung sekaligus menambah polusi.


4. Shuttle internal kerap melintas dengan kecepatan tinggi sehingga berpotensi membahayakan pengunjung.



Kami berharap manajemen TMII segera memperhatikan dan melakukan perbaikan nyata, khususnya bagi pelanggan setia yang menjadikan TMII sebagai pusat olahraga dan rekreasi.

Atas perhatian dan tindak lanjutnya, kami ucapkan terima kasih.

Hormat saya,","Pricing and Membership Policies (Annual Pass and Ticketing)","Negative",,,,,"1","1",,,,,,,,,,,"Lainnya","Nomor : 003/IX/2025 Lampiran : - Perihal : Keberatan atas Kenaikan Harga dan Kondisi Layanan di TMII  Jakarta, 08 September 2025  Kepada Yth. Plt. Direktur Utama TMII u.p. Ibu Ratri Paramita di Tempat  Dengan hormat,  Sebagai pelanggan setia dan pengguna rutin fasilitas olahraga di TMII, dengan ini saya menyampaikan keberatan terkait hal-hal berikut:  1. Harga Annual Pass yang naik drastis dibanding sebelumnya, tanpa manfaat tambahan yang jelas.   2. Kondisi area jogging kurang terawat, masih sering penuh dengan daun kering dan bau menyengat.   3. Kendaraan bermotor (bus, mobil, dan motor) masih bebas melintas sehingga mengganggu aktivitas pengunjung sekaligus menambah polusi.   4. Shuttle internal kerap melintas dengan kecepatan tinggi sehingga berpotensi membahayakan pengunjung.    Kami berharap manajemen TMII segera memperhatikan dan melakukan perbaikan nyata, khususnya bagi pelanggan setia yang menjadikan TMII sebagai pusat olahraga dan rekreasi.  Atas perhatian dan tindak lanjutnya, kami ucapkan terima kasih.  Hormat saya,","4ca565d1-5d10-4c3a-91d0-83103e20e9bc","Completed",,"08-09-2025 15:19:00",,"29823",,"cab97c1f-67b4-11f0-a847-0a0cda9789f2","1eb4a3f0-5e3d-4ac9-b813-8b1a562e7235","13",,"true",,,,,,,,,,,,,,,,,,"Untitled-Import-2",
"121","IDM","TMII","PUSAT INFORMASI","Pusat Informasi Main Lobby","IDM-TMII-PUSAT INFORMASI-Pusat Informasi Main Lobby-01","4","Satisfied","4",,,,,,"4","4",,,,,,,"Lainnya","Gk tau",,,,,,,"62e07638-8a01-4e1c-a09f-a32b6ff4b269","Completed",,"11-09-2025 07:53:00",,"194409",,"cab97c1f-67b4-11f0-a847-0a0cda9789f2","1eb4a3f0-5e3d-4ac9-b813-8b1a562e7235","13",,"true",,,,,,,,,,,,,,,,,,"Untitled-Import-2",
"122","IDM","TMII","PUSAT INFORMASI","Pusat Informasi Main Lobby","IDM-TMII-PUSAT INFORMASI-Pusat Informasi Main Lobby-01","5","Satisfied","5","wara wiri sangat membantu jadi tidak perlu jalan jauh lagi","Accessibility and Transportation Improvements","Positive","5","5",,,"5","5","Membantu dan memastikan kesiapan fasilitas",,,,,,,,"Pusat informasi nyaman digunakan oleh pengunjung|Pusat informasi bersih dan tertata dengan baik",,,,"2514848c-e1c9-4491-84af-c080254cd5c7","Completed",,"11-09-2025 17:31:00",,"113020",,"cab97c1f-67b4-11f0-a847-0a0cda9789f2","1eb4a3f0-5e3d-4ac9-b813-8b1a562e7235","13",,"true",,,,,,,,,,,,,,,,,,"Untitled-Import-2",
"123","IDM","TMII","PUSAT INFORMASI","Pusat Informasi Main Lobby","IDM-TMII-PUSAT INFORMASI-Pusat Informasi Main Lobby-01","5","Satisfied","5","ada tempat duduk di dalam pusat informasi jadi lansia tidak perlu berdiri menunggu kendaraan ke stasiun LRT","Visitor Information and Signage Clarity","Neutral",,,"5","5","5","5",,,,,"Fasilitas pusat informasi lengkap dan mendukung kebutuhan pengunjung|Fasilitas pusat informasi tersedia dengan baik dan mudah diakses oleh pengunjung",,,,"Pusat informasi nyaman digunakan oleh pengunjung|Pusat informasi bersih dan tertata dengan baik",,,,"9a5f08ac-cdff-4d2e-98a4-7e82a4d431f4","Completed",,"11-09-2025 17:32:00",,"90951",,"cab97c1f-67b4-11f0-a847-0a0cda9789f2","1eb4a3f0-5e3d-4ac9-b813-8b1a562e7235","13",,"true",,,,,,,,,,,,,,,,,,"Untitled-Import-2",
"124","IDM","TMII","PUSAT INFORMASI","Pusat Informasi Main Lobby","IDM-TMII-PUSAT INFORMASI-Pusat Informasi Main Lobby-01","5","Satisfied","5","TMII sekarang makin bagus, nyaman bgt jalan jalan ajak hewan peliharaan","Tourist Attraction and Cultural Experience Quality","Positive","5","5","5","5","5","5","Membantu dan memastikan kesiapan fasilitas",,,,"Fasilitas pusat informasi tersedia dengan baik dan mudah diakses oleh pengunjung",,,,"Pusat informasi bersih dan tertata dengan baik|Informasi mudah diakses dan disampaikan dengan jelas kepada pengunjung|Pusat informasi nyaman digunakan oleh pengunjung",,,,"cb27407f-2d08-4d63-9582-62c5daba2fd2","Completed",,"12-09-2025 12:53:00",,"113814",,"cab97c1f-67b4-11f0-a847-0a0cda9789f2","1eb4a3f0-5e3d-4ac9-b813-8b1a562e7235","13",,"true",,,,,,,,,,,,,,,,,,"Untitled-Import-2",
"125","IDM","TMII","PUSAT INFORMASI","Pusat Informasi Main Lobby","IDM-TMII-PUSAT INFORMASI-Pusat Informasi Main Lobby-01","3","Neutral","3","fasilitas seperti masjid diperhatikan juga saat ada rombongan yang banyak","Facility Maintenance and Cleanliness","Neutral",,,"3","3",,,,,,,,,"Fasilitas pusat informasi tidak tersedia atau sulit diakses oleh pengunjung",,,,,,"4f4b540f-ba86-40cd-88b9-beff366d463c","Completed",,"12-09-2025 12:55:00",,"105774",,"cab97c1f-67b4-11f0-a847-0a0cda9789f2","1eb4a3f0-5e3d-4ac9-b813-8b1a562e7235","13",,"true",,,,,,,,,,,,,,,,,,"Untitled-Import-2",
"126","IDM","TMII","PUSAT INFORMASI","Antrian Shuttle","IDM-TMII-PUSAT INFORMASI-Antrian Shuttle-01","5","Satisfied","5",,,,,,"5","5",,,,,,,"Lainnya|Fasilitas pusat informasi tersedia dengan baik dan mudah diakses oleh pengunjung","Yes",,,,,,,"e4a89bbc-c032-473d-850d-7928eaff85a6","Completed",,"12-09-2025 19:05:00",,"21394",,"cab97c1f-67b4-11f0-a847-0a0cda9789f2","1eb4a3f0-5e3d-4ac9-b813-8b1a562e7235","13",,"true",,,,,,,,,,,,,,,,,,"Untitled-Import-2",
"127","IDM","TMII","PUSAT INFORMASI","Antrian Shuttle","IDM-TMII-PUSAT INFORMASI-Antrian Shuttle-01","3","Neutral","3","info ttg shuttle ke lrt nya perlu lebih jelas. sidah nunggu 10 menit","Visitor Information and Signage Clarity","Negative","3","3","3","3","3","3",,,"Tidak melakukan layanan secara profesional dan ramah (menjaga kontak mata, tersenyum tulus, dan memberikan solusi dengan empati)",,,,,,,,"Pusat informasi kotor atau kurang tertata|Pusat informasi kurang nyaman digunakan oleh pengunjung",,"c0152229-78cc-4681-be12-128fc22fef53","Completed",,"14-09-2025 08:39:00",,"98685",,"cab97c1f-67b4-11f0-a847-0a0cda9789f2","1eb4a3f0-5e3d-4ac9-b813-8b1a562e7235","13",,"true",,,,,,,,,,,,,,,,,,"Untitled-Import-2",
"128","IDM","TMII","PUSAT INFORMASI","Antrian Shuttle","IDM-TMII-PUSAT INFORMASI-Antrian Shuttle-01","4","Satisfied","4","terkait armada shuttle bus menuju lrt jika memungkinkan dihari weekend bisa dipertambah agar akses wisatawan dapat lebih cepat dan efisien","Accessibility and Transportation Improvements","Neutral",,,,,"4","4",,,,,,,,,"Pusat informasi bersih dan tertata dengan baik",,,,"9e189801-17d4-4c8f-9686-cb5fb1effa10","Completed",,"14-09-2025 16:28:00",,"101621",,"cab97c1f-67b4-11f0-a847-0a0cda9789f2","1eb4a3f0-5e3d-4ac9-b813-8b1a562e7235","13",,"true",,,,,,,,,,,,,,,,,,"Untitled-Import-2",
"129","IDM","TMII","PUSAT INFORMASI","Pusat Informasi Main Lobby","IDM-TMII-PUSAT INFORMASI-Pusat Informasi Main Lobby-01","5","Satisfied","5","sudah informatif sekali, untuk pertama kali saya kesini dijelaskan dengan dibantu peta juga keren banget TMII sekarang","Visitor Information and Signage Clarity","Positive","5","5",,,"5","5","Melakukan layanan secara profesional dan ramah (menjaga kontak mata, tersenyum tulus, dan memberikan solusi dengan empati)",,,,,,,,"Pusat informasi bersih dan tertata dengan baik|Informasi mudah diakses dan disampaikan dengan jelas kepada pengunjung",,,,"576df899-8bbf-4fcc-ba4f-87428884c22d","Completed",,"14-09-2025 16:46:00",,"110715",,"cab97c1f-67b4-11f0-a847-0a0cda9789f2","1eb4a3f0-5e3d-4ac9-b813-8b1a562e7235","13",,"true",,,,,,,,,,,,,,,,,,"Untitled-Import-2",
"130","IDM","TMII","PUSAT INFORMASI","Pusat Informasi Main Lobby","IDM-TMII-PUSAT INFORMASI-Pusat Informasi Main Lobby-01","5","Satisfied","5","anak dan keluarga saya senang berkeliling TMII, perkenalkan rumah adat berbagai daerah dan serunya piknik di dekat pertunjukan air mancur. kesini lagi next time","Tourist Attraction and Cultural Experience Quality","Positive","5","5","5","5",,,"Memberikan informasi dengan jelas dan akurat",,,,"Fasilitas pusat informasi tersedia dengan baik dan mudah diakses oleh pengunjung",,,,,,,,"8684c27b-da08-4ee0-ac93-394da4ceddd8","Completed",,"14-09-2025 16:50:00",,"227985",,"cab97c1f-67b4-11f0-a847-0a0cda9789f2","1eb4a3f0-5e3d-4ac9-b813-8b1a562e7235","13",,"true",,,,,,,,,,,,,,,,,,"Untitled-Import-2",
"131","IDM","TMII","PUSAT INFORMASI","Pusat Informasi Main Lobby","IDM-TMII-PUSAT INFORMASI-Pusat Informasi Main Lobby-01","4","Satisfied","4",,,,,,,,"4","4",,,,,,,,,"Pusat informasi bersih dan tertata dengan baik",,,,"ce074891-b744-458d-a3c3-8d5d37b3f0bd","Completed",,"15-09-2025 06:19:00",,"25281",,"cab97c1f-67b4-11f0-a847-0a0cda9789f2","1eb4a3f0-5e3d-4ac9-b813-8b1a562e7235","13",,"true",,,,,,,,,,,,,,,,,,"Untitled-Import-2",
"132","IDM","TMII","PUSAT INFORMASI","Pusat Informasi Main Lobby","IDM-TMII-PUSAT INFORMASI-Pusat Informasi Main Lobby-01","4","Satisfied","4","sangat bagus ada tulisan antri jdi teratur","Facility Maintenance and Cleanliness","Positive","4","4",,,,,"Melakukan layanan secara profesional dan ramah (menjaga kontak mata, tersenyum tulus, dan memberikan solusi dengan empati)",,,,,,,,,,,,"11b21e9b-96e1-4ea5-a20b-8eea42d7c39f","Completed",,"15-09-2025 17:06:00",,"156372",,"cab97c1f-67b4-11f0-a847-0a0cda9789f2","1eb4a3f0-5e3d-4ac9-b813-8b1a562e7235","13",,"true",,,,,,,,,,,,,,,,,,"Untitled-Import-2",
"133","IDM","TMII","PUSAT INFORMASI","Antrian Angling","IDM-TMII-PUSAT INFORMASI-Antrian Angling-01","1","Not Satisfied","1",,,,"1","1",,,,,,,"Tidak melakukan layanan secara profesional dan ramah (menjaga kontak mata, tersenyum tulus, dan memberikan solusi dengan empati)",,,,,,,,,,"e0a3a4ee-0fd1-4ee7-bb8b-4826f2680b91","Completed",,"16-09-2025 19:30:00",,"160898",,"cab97c1f-67b4-11f0-a847-0a0cda9789f2","1eb4a3f0-5e3d-4ac9-b813-8b1a562e7235","13",,"true",,,,,,,,,,,,,,,,,,"Untitled-Import-2",
"134","IDM","TMII","PUSAT INFORMASI","Antrian Angling","IDM-TMII-PUSAT INFORMASI-Antrian Angling-01","1","Not Satisfied","1",,,,"1","1",,,,,,,"Tidak melakukan layanan secara profesional dan ramah (menjaga kontak mata, tersenyum tulus, dan memberikan solusi dengan empati)",,,,,,,,,,"756871b5-3edb-4005-96ed-3f880b7005e1","Completed",,"16-09-2025 20:24:00",,"7696",,"cab97c1f-67b4-11f0-a847-0a0cda9789f2","1eb4a3f0-5e3d-4ac9-b813-8b1a562e7235","13",,"true",,,,,,,,,,,,,,,,,,"Untitled-Import-2",
"135","IDM","TMII","PUSAT INFORMASI","Pusat Informasi Main Lobby","IDM-TMII-PUSAT INFORMASI-Pusat Informasi Main Lobby-01","5","Satisfied","5","mungkin hanya kurang refill air mineral karena di beberapa tempat sudah mendukung untuk pengurangan sampah plastik","Environmental Conditions (Pollution, Trash, and Landscaping)","Neutral",,,"5","5","5","5",,,,,"Fasilitas pusat informasi lengkap dan mendukung kebutuhan pengunjung",,,,"Pusat informasi bersih dan tertata dengan baik",,,,"4e698962-d9f3-490a-9110-5627431ce773","Completed",,"17-09-2025 13:57:00",,"153539",,"cab97c1f-67b4-11f0-a847-0a0cda9789f2","1eb4a3f0-5e3d-4ac9-b813-8b1a562e7235","13",,"true",,,,,,,,,,,,,,,,,,"Untitled-Import-2",
"136","IDM","TMII","PUSAT INFORMASI","Pusat Informasi Main Lobby","IDM-TMII-PUSAT INFORMASI-Pusat Informasi Main Lobby-01","4","Satisfied","4",,,,"4","4","4","4","4","4","Melakukan layanan secara profesional dan ramah (menjaga kontak mata, tersenyum tulus, dan memberikan solusi dengan empati)|Memiliki penampilan yang bersih dan rapi|Memberikan informasi dengan jelas dan akurat|Melayani dengan cepat dan tepat|Membantu dan memastikan kesiapan fasilitas",,,,"Fasilitas pusat informasi tersedia dengan baik dan mudah diakses oleh pengunjung",,,,"Pusat informasi bersih dan tertata dengan baik|Pusat informasi nyaman digunakan oleh pengunjung|Informasi mudah diakses dan disampaikan dengan jelas kepada pengunjung",,,,"73c7f576-e804-44b9-98b5-b5e8574e2093","Completed",,"17-09-2025 14:14:00",,"428658",,"cab97c1f-67b4-11f0-a847-0a0cda9789f2","1eb4a3f0-5e3d-4ac9-b813-8b1a562e7235","13",,"true",,,,,,,,,,,,,,,,,,"Untitled-Import-2",
"137","IDM","TMII","PUSAT INFORMASI","Antrian Shuttle","IDM-TMII-PUSAT INFORMASI-Antrian Shuttle-01","4","Satisfied","4","angkutan keliling yang lama","Accessibility and Transportation Improvements","Negative","4","4",,,,,"Melakukan layanan secara profesional dan ramah (menjaga kontak mata, tersenyum tulus, dan memberikan solusi dengan empati)|Memiliki penampilan yang bersih dan rapi|Memberikan informasi dengan jelas dan akurat",,,,,,,,,,,,"82eed94e-cfec-4f65-9cb7-f8ed5eda9cc7","Completed",,"17-09-2025 15:16:00",,"37303",,"cab97c1f-67b4-11f0-a847-0a0cda9789f2","1eb4a3f0-5e3d-4ac9-b813-8b1a562e7235","13",,"true",,,,,,,,,,,,,,,,,,"Untitled-Import-2",
"138","IDM","TMII","PUSAT INFORMASI","Pusat Informasi Main Lobby","IDM-TMII-PUSAT INFORMASI-Pusat Informasi Main Lobby-01","4","Satisfied","4","Bagus dan petugasnya sudah sangat membantu","Staff Friendliness and Service Quality","Positive","4","4","4","4","4","4","Melakukan layanan secara profesional dan ramah (menjaga kontak mata, tersenyum tulus, dan memberikan solusi dengan empati)|Memiliki penampilan yang bersih dan rapi|Memberikan informasi dengan jelas dan akurat|Melayani dengan cepat dan tepat|Membantu dan memastikan kesiapan fasilitas",,,,"Fasilitas pusat informasi lengkap dan mendukung kebutuhan pengunjung|Fasilitas pusat informasi tersedia dengan baik dan mudah diakses oleh pengunjung",,,,"Pusat informasi bersih dan tertata dengan baik|Pusat informasi nyaman digunakan oleh pengunjung|Informasi mudah diakses dan disampaikan dengan jelas kepada pengunjung",,,,"fd41fd86-8f01-4b78-9f5a-df0e062272e1","Completed",,"17-09-2025 15:26:00",,"84536",,"cab97c1f-67b4-11f0-a847-0a0cda9789f2","1eb4a3f0-5e3d-4ac9-b813-8b1a562e7235","13",,"true",,,,,,,,,,,,,,,,,,"Untitled-Import-2",
"139","IDM","TMII","PUSAT INFORMASI","Pusat Informasi Main Lobby","IDM-TMII-PUSAT INFORMASI-Pusat Informasi Main Lobby-01","4","Satisfied","4",,,,,,,,"4","4",,,,,,,,,"Informasi mudah diakses dan disampaikan dengan jelas kepada pengunjung",,,,"738f619c-9555-43d4-90ec-74cf45e24281","Completed",,"19-09-2025 14:01:00",,"57178",,"cab97c1f-67b4-11f0-a847-0a0cda9789f2","1eb4a3f0-5e3d-4ac9-b813-8b1a562e7235","13",,"true",,,,,,,,,,,,,,,,,,"Untitled-Import-2",
"140","IDM","TMII","PUSAT INFORMASI","Pusat Informasi Main Lobby","IDM-TMII-PUSAT INFORMASI-Pusat Informasi Main Lobby-01","5","Satisfied","5","Pelayanan sangat memuaskan","Staff Friendliness and Service Quality","Positive","5","5","5","5","5","5","Melakukan layanan secara profesional dan ramah (menjaga kontak mata, tersenyum tulus, dan memberikan solusi dengan empati)|Memiliki penampilan yang bersih dan rapi|Memberikan informasi dengan jelas dan akurat|Melayani dengan cepat dan tepat|Membantu dan memastikan kesiapan fasilitas",,,,"Fasilitas pusat informasi lengkap dan mendukung kebutuhan pengunjung|Fasilitas pusat informasi tersedia dengan baik dan mudah diakses oleh pengunjung",,,,"Pusat informasi bersih dan tertata dengan baik|Pusat informasi nyaman digunakan oleh pengunjung|Informasi mudah diakses dan disampaikan dengan jelas kepada pengunjung",,,,"5f192bd7-e32a-446a-97de-bb42b8b0574e","Completed",,"19-09-2025 14:02:00",,"48252",,"cab97c1f-67b4-11f0-a847-0a0cda9789f2","1eb4a3f0-5e3d-4ac9-b813-8b1a562e7235","13",,"true",,,,,,,,,,,,,,,,,,"Untitled-Import-2",
"141","IDM","TMII","PUSAT INFORMASI","Pusat Informasi Main Lobby","IDM-TMII-PUSAT INFORMASI-Pusat Informasi Main Lobby-01","4","Satisfied","4","menunggu shuttle keliling nya sangat lama, sudah menunggu lama di komodo terus menunggu lagi di istana anak. sangat di sayangkan","Accessibility and Transportation Improvements","Negative","4","4","4","4",,,"Memiliki penampilan yang bersih dan rapi|Memberikan informasi dengan jelas dan akurat|Melakukan layanan secara profesional dan ramah (menjaga kontak mata, tersenyum tulus, dan memberikan solusi dengan empati)",,,,"Fasilitas pusat informasi lengkap dan mendukung kebutuhan pengunjung",,,,,,,,"7f21d1ea-4597-4443-8136-a74f9aeefc46","Completed",,"19-09-2025 14:21:00",,"116458",,"cab97c1f-67b4-11f0-a847-0a0cda9789f2","1eb4a3f0-5e3d-4ac9-b813-8b1a562e7235","13",,"true",,,,,,,,,,,,,,,,,,"Untitled-Import-2",
"142","IDM","TMII","PUSAT INFORMASI","Pusat Informasi Main Lobby","IDM-TMII-PUSAT INFORMASI-Pusat Informasi Main Lobby-01","1","Not Satisfied","1","Harus bertanya2 dulu sebelum menemukan lokasi","Visitor Information and Signage Clarity","Neutral","1","1","1","1","1","1",,,"Memberikan informasi dengan kurangjelas dan akurat|Tidak membantu dan memastikan kesiapan fasilitas|Lainnya","Tidak dapat memberikan bukti perubahan peraturan du TMII",,,"Fasilitas pusat informasi kurang lengkap dan belum mendukung kebutuhan pengunjung|Fasilitas pusat informasi tidak tersedia atau sulit diakses oleh pengunjung",,,,"Kemudahan akses informasi|Pusat informasi kurang nyaman digunakan oleh pengunjung",,"f6fd0e13-81f8-47e0-8cf2-a89b5e1a7191","Completed",,"20-09-2025 14:42:00",,"162742",,"cab97c1f-67b4-11f0-a847-0a0cda9789f2","1eb4a3f0-5e3d-4ac9-b813-8b1a562e7235","13",,"true",,,,,,,,,,,,,,,,,,"Untitled-Import-2",
"143","IDM","TMII","PUSAT INFORMASI","Pusat Informasi Main Lobby","IDM-TMII-PUSAT INFORMASI-Pusat Informasi Main Lobby-01","2","Not Satisfied","2","Informasi perubahan kebijakan SEHARUSNYA ada sosialisasi terlebih dahulu, tidak langsung merubah dan TIDAK ADA SOSIALISASINYA, sangat tidak professional. Perubahan ini tidak tercantum di website, sosial media atau channel lainnya sehingga pengunjung yg membawa mobil listrik tidak bisa masuk ke area anjungan pada hari kamis - minggu.","Operational Hours and Scheduling Transparency","Negative",,,,,"2","2",,,,,,,,,,,"Kemudahan akses informasi|Lainnya","Kebijakan tidak bolehnya mobil listrik masuk ke area anjungan karena adanya perubahan kebijakan tidak disertai dengan sosialisasi terlebih dahulu. Kebijakan ini sungguh sangat merugikan pengunjung.","08bd3830-6bf0-4400-8c85-100dfea525d0","Completed",,"20-09-2025 14:45:00",,"492384",,"cab97c1f-67b4-11f0-a847-0a0cda9789f2","1eb4a3f0-5e3d-4ac9-b813-8b1a562e7235","13",,"true",,,,,,,,,,,,,,,,,,"Untitled-Import-2",
"144","IDM","TMII","PUSAT INFORMASI","Pusat Informasi Main Lobby","IDM-TMII-PUSAT INFORMASI-Pusat Informasi Main Lobby-01","1","Not Satisfied","1","Seluruh peraturan harus dipublikasi dan disosialisasi. Jangan merugikan pengunjung.","Operational Hours and Scheduling Transparency","Positive","1","1","1","1",,,,,"Lainnya","Aturan mobil listrik tidak bisa masuk di greenzone tmii tidak dipublikasikan",,,"Lainnya","Tidak memberikan pengumuman maupun sosialisasi aturan baru. Yaitu kendaraan listrik tidak bisa masuk ke greenzone tmii. Sangat mengganggu kenyamanan berkeliling tmii jika membawa orang tua dan disabilitas",,,,,"7da72868-608a-4113-b69e-fa8ec6a3fc38","Completed",,"20-09-2025 14:47:00",,"276952",,"cab97c1f-67b4-11f0-a847-0a0cda9789f2","1eb4a3f0-5e3d-4ac9-b813-8b1a562e7235","13",,"true",,,,,,,,,,,,,,,,,,"Untitled-Import-2",
"145","IDM","TMII","PUSAT INFORMASI","Pusat Informasi Main Lobby","IDM-TMII-PUSAT INFORMASI-Pusat Informasi Main Lobby-01","5","Satisfied","5","sudah keren","Tourist Attraction and Cultural Experience Quality","Positive",,,"5","5",,,,,,,"Fasilitas pusat informasi tersedia dengan baik dan mudah diakses oleh pengunjung",,,,,,,,"bd1fa4cc-df8f-418d-a635-ccc467eb168c","Completed",,"21-09-2025 16:26:00",,"33940",,"cab97c1f-67b4-11f0-a847-0a0cda9789f2","1eb4a3f0-5e3d-4ac9-b813-8b1a562e7235","13",,"true",,,,,,,,,,,,,,,,,,"Untitled-Import-2",
"146","IDM","TMII","PUSAT INFORMASI","Pusat Informasi Main Lobby","IDM-TMII-PUSAT INFORMASI-Pusat Informasi Main Lobby-01","5","Satisfied","5",,,,"5","5","5","5","5","5","Melakukan layanan secara profesional dan ramah (menjaga kontak mata, tersenyum tulus, dan memberikan solusi dengan empati)|Memiliki penampilan yang bersih dan rapi|Memberikan informasi dengan jelas dan akurat|Melayani dengan cepat dan tepat|Membantu dan memastikan kesiapan fasilitas",,,,"Fasilitas pusat informasi lengkap dan mendukung kebutuhan pengunjung|Fasilitas pusat informasi tersedia dengan baik dan mudah diakses oleh pengunjung",,,,"Pusat informasi bersih dan tertata dengan baik|Informasi mudah diakses dan disampaikan dengan jelas kepada pengunjung|Pusat informasi nyaman digunakan oleh pengunjung",,,,"e90f1802-307b-4299-84e3-361f3f1f85a1","Completed",,"21-09-2025 16:31:00",,"33851",,"cab97c1f-67b4-11f0-a847-0a0cda9789f2","1eb4a3f0-5e3d-4ac9-b813-8b1a562e7235","13",,"true",,,,,,,,,,,,,,,,,,"Untitled-Import-2",
"147","IDM","TMII","PUSAT INFORMASI","Pusat Informasi Main Lobby","IDM-TMII-PUSAT INFORMASI-Pusat Informasi Main Lobby-01","5","Satisfied","5","nice job team","Staff Friendliness and Service Quality","Positive","5","5","5","5","5","5","Melakukan layanan secara profesional dan ramah (menjaga kontak mata, tersenyum tulus, dan memberikan solusi dengan empati)",,,,"Fasilitas pusat informasi tersedia dengan baik dan mudah diakses oleh pengunjung",,,,"Pusat informasi nyaman digunakan oleh pengunjung",,,,"2b884a48-b7bc-4ddc-9d6f-aafcc61d1595","Completed",,"21-09-2025 16:26:00",,"37472",,"cab97c1f-67b4-11f0-a847-0a0cda9789f2","1eb4a3f0-5e3d-4ac9-b813-8b1a562e7235","13",,"true",,,,,,,,,,,,,,,,,,"Untitled-Import-2",
"148","IDM","TMII","PUSAT INFORMASI","Pusat Informasi Main Lobby","IDM-TMII-PUSAT INFORMASI-Pusat Informasi Main Lobby-01","5","Satisfied","5","kelas","Tourist Attraction and Cultural Experience Quality","Neutral",,,"5","5",,,,,,,"Fasilitas pusat informasi tersedia dengan baik dan mudah diakses oleh pengunjung",,,,,,,,"b46f2080-a354-4c56-890e-c4c580f6cf3a","Completed",,"21-09-2025 16:26:00",,"29724",,"cab97c1f-67b4-11f0-a847-0a0cda9789f2","1eb4a3f0-5e3d-4ac9-b813-8b1a562e7235","13",,"true",,,,,,,,,,,,,,,,,,"Untitled-Import-2",
"149","IDM","TMII","PUSAT INFORMASI","Pusat Informasi Main Lobby","IDM-TMII-PUSAT INFORMASI-Pusat Informasi Main Lobby-01","5","Satisfied","5",,,,"5","5","5","5","5","5","Melakukan layanan secara profesional dan ramah (menjaga kontak mata, tersenyum tulus, dan memberikan solusi dengan empati)|Memiliki penampilan yang bersih dan rapi|Memberikan informasi dengan jelas dan akurat|Melayani dengan cepat dan tepat|Membantu dan memastikan kesiapan fasilitas",,,,"Fasilitas pusat informasi lengkap dan mendukung kebutuhan pengunjung|Fasilitas pusat informasi tersedia dengan baik dan mudah diakses oleh pengunjung",,,,"Pusat informasi bersih dan tertata dengan baik|Informasi mudah diakses dan disampaikan dengan jelas kepada pengunjung|Pusat informasi nyaman digunakan oleh pengunjung",,,,"75e39f6d-3200-43b0-8f89-32f6a37e1d12","Completed",,"21-09-2025 16:27:00",,"33033",,"cab97c1f-67b4-11f0-a847-0a0cda9789f2","1eb4a3f0-5e3d-4ac9-b813-8b1a562e7235","13",,"true",,,,,,,,,,,,,,,,,,"Untitled-Import-2",
"150","IDM","TMII","PUSAT INFORMASI","Pusat Informasi Main Lobby","IDM-TMII-PUSAT INFORMASI-Pusat Informasi Main Lobby-01","5","Satisfied","5","mantapp, terima kasih informasinya","Staff Friendliness and Service Quality","Positive","5","5",,,,,"Melakukan layanan secara profesional dan ramah (menjaga kontak mata, tersenyum tulus, dan memberikan solusi dengan empati)|Memiliki penampilan yang bersih dan rapi|Memberikan informasi dengan jelas dan akurat|Melayani dengan cepat dan tepat|Membantu dan memastikan kesiapan fasilitas",,,,,,,,,,,,"5ec121db-d8f0-4d0c-9b3f-4488b1360ffc","Completed",,"21-09-2025 16:27:00",,"49302",,"cab97c1f-67b4-11f0-a847-0a0cda9789f2","1eb4a3f0-5e3d-4ac9-b813-8b1a562e7235","13",,"true",,,,,,,,,,,,,,,,,,"Untitled-Import-2",
"151","IDM","TMII","PUSAT INFORMASI","Pusat Informasi Main Lobby","IDM-TMII-PUSAT INFORMASI-Pusat Informasi Main Lobby-01","4","Satisfied","4","Tadi sempat menunggu lama Angling di jalur arah sulawesi tenggara","Accessibility and Transportation Improvements","Negative",,,,,"4","4",,,,,,,,,"Pusat informasi bersih dan tertata dengan baik",,,,"ca292dd2-07cb-4fa7-98d1-ea2d878bfde7","Completed",,"21-09-2025 16:27:00",,"65313",,"cab97c1f-67b4-11f0-a847-0a0cda9789f2","1eb4a3f0-5e3d-4ac9-b813-8b1a562e7235","13",,"true",,,,,,,,,,,,,,,,,,"Untitled-Import-2",
"152","IDM","TMII","PUSAT INFORMASI","Pusat Informasi Main Lobby","IDM-TMII-PUSAT INFORMASI-Pusat Informasi Main Lobby-01","5","Satisfied","5","Tidak ada","Visitor Information and Signage Clarity","Neutral","5","5",,,"5","5","Memberikan informasi dengan jelas dan akurat|Memiliki penampilan yang bersih dan rapi|Melakukan layanan secara profesional dan ramah (menjaga kontak mata, tersenyum tulus, dan memberikan solusi dengan empati)",,,,,,,,"Pusat informasi bersih dan tertata dengan baik|Pusat informasi nyaman digunakan oleh pengunjung|Informasi mudah diakses dan disampaikan dengan jelas kepada pengunjung",,,,"84fdeb1e-577d-45db-b456-d998682b7125","Completed",,"21-09-2025 16:27:00",,"41787",,"cab97c1f-67b4-11f0-a847-0a0cda9789f2","1eb4a3f0-5e3d-4ac9-b813-8b1a562e7235","13",,"true",,,,,,,,,,,,,,,,,,"Untitled-Import-2",
"153","IDM","TMII","PUSAT INFORMASI","Pusat Informasi Main Lobby","IDM-TMII-PUSAT INFORMASI-Pusat Informasi Main Lobby-01","5","Satisfied","5","Sangat baik pokoknya","Tourist Attraction and Cultural Experience Quality","Positive","5","5",,,,,"Melakukan layanan secara profesional dan ramah (menjaga kontak mata, tersenyum tulus, dan memberikan solusi dengan empati)|Memiliki penampilan yang bersih dan rapi|Memberikan informasi dengan jelas dan akurat|Melayani dengan cepat dan tepat|Membantu dan memastikan kesiapan fasilitas",,,,,,,,,,,,"47fd2098-aeed-43f0-8b2c-b692032fd4cd","Completed",,"21-09-2025 16:27:00",,"84603",,"cab97c1f-67b4-11f0-a847-0a0cda9789f2","1eb4a3f0-5e3d-4ac9-b813-8b1a562e7235","13",,"true",,,,,,,,,,,,,,,,,,"Untitled-Import-2",
"154","IDM","TMII","PUSAT INFORMASI","Pusat Informasi Main Lobby","IDM-TMII-PUSAT INFORMASI-Pusat Informasi Main Lobby-01","5","Satisfied","5","makin mudah liburan keluarga ke TMII, dari Tanggerang ga perlu macet lagi langsung naik KRL dan pindah LRT sampai ada jemputan shuttle khusus ke TMII. sudah keren banget sekarang untuk piknik keluarga seruu","Accessibility and Transportation Improvements","Positive","5","5","5","5","5","5","Memberikan informasi dengan jelas dan akurat|Melayani dengan cepat dan tepat",,,,"Fasilitas pusat informasi lengkap dan mendukung kebutuhan pengunjung",,,,"Pusat informasi bersih dan tertata dengan baik|Pusat informasi nyaman digunakan oleh pengunjung",,,,"94b663e7-84b4-4047-a4ba-d864f71ec686","Completed",,"23-09-2025 16:59:00",,"271185",,"cab97c1f-67b4-11f0-a847-0a0cda9789f2","1eb4a3f0-5e3d-4ac9-b813-8b1a562e7235","13",,"true",,,,,,,,,,,,,,,,,,"Untitled-Import-2",
"155","IDM","TMII","PUSAT INFORMASI","Pusat Informasi Main Lobby","IDM-TMII-PUSAT INFORMASI-Pusat Informasi Main Lobby-01","5","Satisfied","5","Tempat terbaik untuk lari pagi, treknya luas dan ga bosenin","Tourist Attraction and Cultural Experience Quality","Positive","5","5","5","5","5","5","Melakukan layanan secara profesional dan ramah (menjaga kontak mata, tersenyum tulus, dan memberikan solusi dengan empati)|Memiliki penampilan yang bersih dan rapi",,,,"Fasilitas pusat informasi lengkap dan mendukung kebutuhan pengunjung|Fasilitas pusat informasi tersedia dengan baik dan mudah diakses oleh pengunjung",,,,"Pusat informasi bersih dan tertata dengan baik|Informasi mudah diakses dan disampaikan dengan jelas kepada pengunjung",,,,"a055dc99-1e0a-4a50-b724-2ce4c14bca66","Completed",,"25-09-2025 07:28:00",,"6227382",,"cab97c1f-67b4-11f0-a847-0a0cda9789f2","1eb4a3f0-5e3d-4ac9-b813-8b1a562e7235","13",,"true",,,,,,,,,,,,,,,,,,"Untitled-Import-2",
"156","IDM","TMII","PUSAT INFORMASI","Pusat Informasi Main Lobby","IDM-TMII-PUSAT INFORMASI-Pusat Informasi Main Lobby-01","5","Satisfied","5","Seluruh staff ramah memberi informasi untuk kami yang pertamakali lari pagi disini. Pertahankan","Staff Friendliness and Service Quality","Positive","5","5",,,,,"Melakukan layanan secara profesional dan ramah (menjaga kontak mata, tersenyum tulus, dan memberikan solusi dengan empati)",,,,,,,,,,,,"c6cd85f2-2ac1-42c6-800b-c02e94e7002a","Completed",,"25-09-2025 07:29:00",,"70579",,"cab97c1f-67b4-11f0-a847-0a0cda9789f2","1eb4a3f0-5e3d-4ac9-b813-8b1a562e7235","13",,"true",,,,,,,,,,,,,,,,,,"Untitled-Import-2",
"157","IDM","TMII","PUSAT INFORMASI","Pusat Informasi Main Lobby","IDM-TMII-PUSAT INFORMASI-Pusat Informasi Main Lobby-01","5","Satisfied","5",,,,"5","5","5","5","5","5","Melakukan layanan secara profesional dan ramah (menjaga kontak mata, tersenyum tulus, dan memberikan solusi dengan empati)|Memiliki penampilan yang bersih dan rapi|Memberikan informasi dengan jelas dan akurat|Melayani dengan cepat dan tepat|Membantu dan memastikan kesiapan fasilitas",,,,"Fasilitas pusat informasi lengkap dan mendukung kebutuhan pengunjung|Fasilitas pusat informasi tersedia dengan baik dan mudah diakses oleh pengunjung",,,,"Pusat informasi bersih dan tertata dengan baik|Informasi mudah diakses dan disampaikan dengan jelas kepada pengunjung|Pusat informasi nyaman digunakan oleh pengunjung",,,,"402d06a8-483c-45cf-936b-362a609f2281","Completed",,"27-09-2025 12:10:00",,"32112",,"cab97c1f-67b4-11f0-a847-0a0cda9789f2","1eb4a3f0-5e3d-4ac9-b813-8b1a562e7235","13",,"true",,,,,,,,,,,,,,,,,,"Untitled-Import-2",
"158","IDM","TMII","PUSAT INFORMASI","Pusat Informasi Main Lobby","IDM-TMII-PUSAT INFORMASI-Pusat Informasi Main Lobby-01","5","Satisfied","5",,,,"5","5","5","5","5","5","Melakukan layanan secara profesional dan ramah (menjaga kontak mata, tersenyum tulus, dan memberikan solusi dengan empati)|Memiliki penampilan yang bersih dan rapi|Melayani dengan cepat dan tepat|Membantu dan memastikan kesiapan fasilitas",,,,"Fasilitas pusat informasi lengkap dan mendukung kebutuhan pengunjung|Fasilitas pusat informasi tersedia dengan baik dan mudah diakses oleh pengunjung",,,,"Pusat informasi nyaman digunakan oleh pengunjung",,,,"5ebf4211-a7e1-4755-80de-8fdbee074d9d","Completed",,"27-09-2025 12:11:00",,"47401",,"cab97c1f-67b4-11f0-a847-0a0cda9789f2","1eb4a3f0-5e3d-4ac9-b813-8b1a562e7235","13",,"true",,,,,,,,,,,,,,,,,,"Untitled-Import-2",
"159","IDM","TMII","PUSAT INFORMASI","Pusat Informasi Main Lobby","IDM-TMII-PUSAT INFORMASI-Pusat Informasi Main Lobby-01","5","Satisfied","5","senang sekali keluarga saya berlibur di TMII, bisa interaktif dengan hewan dan edukasi ke anak saya tentang rumah adat di Indonesia. banyak pepohonan juga jadi masih sejuk untuk bersantai piknik keluarga. terbaik nanti kesini lagi","Tourist Attraction and Cultural Experience Quality","Positive","5","5","5","5","5","5","Memberikan informasi dengan jelas dan akurat",,,,"Fasilitas pusat informasi lengkap dan mendukung kebutuhan pengunjung",,,,"Pusat informasi nyaman digunakan oleh pengunjung",,,,"f24ce331-85ac-4a02-8d7c-a1baed41fd6d","Completed",,"27-09-2025 17:00:00",,"307842",,"cab97c1f-67b4-11f0-a847-0a0cda9789f2","1eb4a3f0-5e3d-4ac9-b813-8b1a562e7235","13",,"true",,,,,,,,,,,,,,,,,,"Untitled-Import-2",
"160","IDM","TMII","PUSAT INFORMASI","Pusat Informasi Main Lobby","IDM-TMII-PUSAT INFORMASI-Pusat Informasi Main Lobby-01","5","Satisfied","5","mudah banget sekarang datang pulang dari TMII. kebantu dengan shuttle LRT nyaman ramah juga petugasnya jadi yang rumahnya jauh ga capek di jalan nyetir mana macet jakarta","Accessibility and Transportation Improvements","Positive","5","5","5","5","5","5","Melakukan layanan secara profesional dan ramah (menjaga kontak mata, tersenyum tulus, dan memberikan solusi dengan empati)",,,,"Fasilitas pusat informasi lengkap dan mendukung kebutuhan pengunjung",,,,"Pusat informasi nyaman digunakan oleh pengunjung",,,,"3824a0a0-dfff-43da-a326-74cd3554a24b","Completed",,"27-09-2025 17:39:00",,"243151",,"cab97c1f-67b4-11f0-a847-0a0cda9789f2","1eb4a3f0-5e3d-4ac9-b813-8b1a562e7235","13",,"true",,,,,,,,,,,,,,,,,,"Untitled-Import-2",
"161","IDM","TMII","PUSAT INFORMASI","Pusat Informasi Main Lobby","IDM-TMII-PUSAT INFORMASI-Pusat Informasi Main Lobby-01","5","Satisfied","5","Petugas ramah dan sangat informatif👍","Staff Friendliness and Service Quality","Positive","5","5",,,"5","5","Melakukan layanan secara profesional dan ramah (menjaga kontak mata, tersenyum tulus, dan memberikan solusi dengan empati)",,,,,,,,"Pusat informasi bersih dan tertata dengan baik|Informasi mudah diakses dan disampaikan dengan jelas kepada pengunjung",,,,"af4d97ba-ac52-42fa-ae4c-eccae006cce0","Completed",,"28-09-2025 08:39:00",,"43267",,"cab97c1f-67b4-11f0-a847-0a0cda9789f2","1eb4a3f0-5e3d-4ac9-b813-8b1a562e7235","13",,"true",,,,,,,,,,,,,,,,,,"Untitled-Import-2",
"162","IDM","TMII","PUSAT INFORMASI","Pusat Informasi Main Lobby","IDM-TMII-PUSAT INFORMASI-Pusat Informasi Main Lobby-01","5","Satisfied","5","Cukup ramai dan petugas mengarahkan dengan baik","Staff Friendliness and Service Quality","Positive","5","5","5","5",,,"Melakukan layanan secara profesional dan ramah (menjaga kontak mata, tersenyum tulus, dan memberikan solusi dengan empati)|Memiliki penampilan yang bersih dan rapi|Memberikan informasi dengan jelas dan akurat",,,,"Fasilitas pusat informasi lengkap dan mendukung kebutuhan pengunjung|Fasilitas pusat informasi tersedia dengan baik dan mudah diakses oleh pengunjung",,,,,,,,"63c450f5-47ed-4260-bf27-b2756cce5e21","Completed",,"28-09-2025 09:54:00",,"47199",,"cab97c1f-67b4-11f0-a847-0a0cda9789f2","1eb4a3f0-5e3d-4ac9-b813-8b1a562e7235","13",,"true",,,,,,,,,,,,,,,,,,"Untitled-Import-2",
"163","IDM","TMII","PUSAT INFORMASI","Pusat Informasi Main Lobby","IDM-TMII-PUSAT INFORMASI-Pusat Informasi Main Lobby-01","5","Satisfied","5",,,,"5","5",,,,,"Membantu dan memastikan kesiapan fasilitas",,,,,,,,,,,,"98008f9f-5f8b-4b2d-97e5-7196c5a17698","Completed",,"28-09-2025 14:02:00",,"16589",,"cab97c1f-67b4-11f0-a847-0a0cda9789f2","1eb4a3f0-5e3d-4ac9-b813-8b1a562e7235","13",,"true",,,,,,,,,,,,,,,,,,"Untitled-Import-2",
"164","IDM","TMII","PUSAT INFORMASI","Pusat Informasi Main Lobby","IDM-TMII-PUSAT INFORMASI-Pusat Informasi Main Lobby-01","5","Satisfied","5","Informasi yang diberikan petugas sangat membantu saya dan keluarga yang kebingungan rute tmii, dijelaskan secara detail dan mudah dipahami. Thx","Visitor Information and Signage Clarity","Positive",,,,,"5","5",,,,,,,,,"Informasi mudah diakses dan disampaikan dengan jelas kepada pengunjung",,,,"1e05f993-4d4d-4f8f-b018-bf87a24f2df4","Completed",,"28-09-2025 14:10:00",,"15331232",,"cab97c1f-67b4-11f0-a847-0a0cda9789f2","1eb4a3f0-5e3d-4ac9-b813-8b1a562e7235","13",,"true",,,,,,,,,,,,,,,,,,"Untitled-Import-2",
"165","IDM","TMII","PUSAT INFORMASI","Pusat Informasi Main Lobby","IDM-TMII-PUSAT INFORMASI-Pusat Informasi Main Lobby-01","5","Satisfied","5","Happy bgt kesini banyak acara yang seru, bener' buat healing bareng keluarga, petugas juga ramah dan 👍😘","Activities and Educational Programs Enhancement","Positive","5","5",,,,,"Melakukan layanan secara profesional dan ramah (menjaga kontak mata, tersenyum tulus, dan memberikan solusi dengan empati)|Memiliki penampilan yang bersih dan rapi",,,,,,,,,,,,"82da2ae3-e1ca-40ea-bd65-e4c780ef88c7","Completed",,"28-09-2025 16:11:00",,"114812",,"cab97c1f-67b4-11f0-a847-0a0cda9789f2","1eb4a3f0-5e3d-4ac9-b813-8b1a562e7235","13",,"true",,,,,,,,,,,,,,,,,,"Untitled-Import-2",
"166","IDM","TMII","PUSAT INFORMASI","Pusat Informasi Main Lobby","IDM-TMII-PUSAT INFORMASI-Pusat Informasi Main Lobby-01","5","Satisfied","5","Bangunan Museum Indonesia itu sendiri sudah jadi spot foto yang keren banget! Arsitekturnya megah dengan nuansa tradisional Bali yang kuat. Tiang-tiang ukir dan tangga-tangga cantiknya bikin hasil foto langsung naik kelas. Cocok banget buat yang suka vibe aesthetic dan berbudaya.","Tourist Attraction and Cultural Experience Quality","Positive",,,"5","5","5","5",,,,,"Fasilitas pusat informasi tersedia dengan baik dan mudah diakses oleh pengunjung",,,,"Informasi mudah diakses dan disampaikan dengan jelas kepada pengunjung",,,,"01065265-8b53-48d2-9379-7d99a0e179f1","Completed",,"28-09-2025 16:21:00",,"607118",,"cab97c1f-67b4-11f0-a847-0a0cda9789f2","1eb4a3f0-5e3d-4ac9-b813-8b1a562e7235","13",,"true",,,,,,,,,,,,,,,,,,"Untitled-Import-2",
"167","IDM","TMII","PUSAT INFORMASI","Pusat Informasi Main Lobby","IDM-TMII-PUSAT INFORMASI-Pusat Informasi Main Lobby-01","5","Satisfied","5","TMII berhasil bikin pertunjukan tari jadi fun dan nggak ngebosenin. Ini cara yang bagus buat anak muda kenalan lagi sama tarian daerah. Dijamin nggak akan nyesel nontonnya, karena benar-benar menghibur dan berkelas","Tourist Attraction and Cultural Experience Quality","Positive",,,"5","5","5","5",,,,,"Fasilitas pusat informasi lengkap dan mendukung kebutuhan pengunjung|Fasilitas pusat informasi tersedia dengan baik dan mudah diakses oleh pengunjung",,,,"Pusat informasi nyaman digunakan oleh pengunjung|Informasi mudah diakses dan disampaikan dengan jelas kepada pengunjung|Pusat informasi bersih dan tertata dengan baik",,,,"8d200cf8-a999-4691-a616-c86c849f0d61","Completed",,"28-09-2025 16:43:00",,"22276",,"cab97c1f-67b4-11f0-a847-0a0cda9789f2","1eb4a3f0-5e3d-4ac9-b813-8b1a562e7235","13",,"true",,,,,,,,,,,,,,,,,,"Untitled-Import-2",
"168","IDM","TMII","PUSAT INFORMASI","Pusat Informasi Main Lobby","IDM-TMII-PUSAT INFORMASI-Pusat Informasi Main Lobby-01","5","Satisfied","5","Petugas sangat ramah membantu melayani dan mengutamakan lansia, keren taman mini!!","Staff Friendliness and Service Quality","Positive","5","5",,,"5","5","Melakukan layanan secara profesional dan ramah (menjaga kontak mata, tersenyum tulus, dan memberikan solusi dengan empati)|Memiliki penampilan yang bersih dan rapi|Memberikan informasi dengan jelas dan akurat",,,,,,,,"Pusat informasi bersih dan tertata dengan baik|Pusat informasi nyaman digunakan oleh pengunjung",,,,"2d4d2716-e5b5-4470-aef8-58744fa9a52b","Completed",,"29-09-2025 10:21:00",,"101965",,"cab97c1f-67b4-11f0-a847-0a0cda9789f2","1eb4a3f0-5e3d-4ac9-b813-8b1a562e7235","13",,"true",,,,,,,,,,,,,,,,,,"Untitled-Import-2",
"169","IDM","TMII","PUSAT INFORMASI","Pusat Informasi Main Lobby","IDM-TMII-PUSAT INFORMASI-Pusat Informasi Main Lobby-01","5","Satisfied","5","Sangat terkesan karna petugas responsif dan memberikan arahan jelas","Staff Friendliness and Service Quality","Positive",,,"5","5","5","5",,,,,"Fasilitas pusat informasi lengkap dan mendukung kebutuhan pengunjung",,,,"Pusat informasi nyaman digunakan oleh pengunjung|Informasi mudah diakses dan disampaikan dengan jelas kepada pengunjung",,,,"f71bbffa-a248-4166-8f1a-a02c63ee48a9","Completed",,"29-09-2025 10:22:00",,"74633",,"cab97c1f-67b4-11f0-a847-0a0cda9789f2","1eb4a3f0-5e3d-4ac9-b813-8b1a562e7235","13",,"true",,,,,,,,,,,,,,,,,,"Untitled-Import-2",
"170","IDM","TMII","PUSAT INFORMASI","Antrian Shuttle","IDM-TMII-PUSAT INFORMASI-Antrian Shuttle-01","5","Satisfied","5","Ada perbedaan informasi dari petugas soal jam operasional museum, petugas di anjungan bali tidak stand by saat ada program treasure hunt (sehingga tdk dpt cap bali)","Visitor Information and Signage Clarity","Negative","5","5","5","5",,,"Melakukan layanan secara profesional dan ramah (menjaga kontak mata, tersenyum tulus, dan memberikan solusi dengan empati)|Memiliki penampilan yang bersih dan rapi|Melayani dengan cepat dan tepat|Membantu dan memastikan kesiapan fasilitas",,,,"Fasilitas pusat informasi tersedia dengan baik dan mudah diakses oleh pengunjung",,,,,,,,"6fd2038b-2c82-4e4d-9c81-62a0d6b80181","Completed",,"29-09-2025 16:45:00",,"145540",,"cab97c1f-67b4-11f0-a847-0a0cda9789f2","1eb4a3f0-5e3d-4ac9-b813-8b1a562e7235","13",,"true",,,,,,,,,,,,,,,,,,"Untitled-Import-2",
"171","IDM","TMII","PUSAT INFORMASI","Pusat Informasi Main Lobby","IDM-TMII-PUSAT INFORMASI-Pusat Informasi Main Lobby-01","5","Satisfied","5","Sangat menikmati kekayaan budaya Indonesia di TMII saat weekday memberi pengalaman yang damai, jauh dari hiruk pikuk keramaian akhir pekan","Tourist Attraction and Cultural Experience Quality","Positive","5","5","5","5",,,"Melakukan layanan secara profesional dan ramah (menjaga kontak mata, tersenyum tulus, dan memberikan solusi dengan empati)|Memberikan informasi dengan jelas dan akurat|Melayani dengan cepat dan tepat|Membantu dan memastikan kesiapan fasilitas",,,,"Fasilitas pusat informasi lengkap dan mendukung kebutuhan pengunjung|Fasilitas pusat informasi tersedia dengan baik dan mudah diakses oleh pengunjung",,,,,,,,"f33e1769-3da0-41e5-ba92-78fa0f6e62c4","Completed",,"01-10-2025 17:29:00",,"76209",,"cab97c1f-67b4-11f0-a847-0a0cda9789f2","1eb4a3f0-5e3d-4ac9-b813-8b1a562e7235","13",,"true",,,,,,,,,,,,,,,,,,"Untitled-Import-2",
"172","IDM","TMII","PUSAT INFORMASI","Pusat Informasi Main Lobby","IDM-TMII-PUSAT INFORMASI-Pusat Informasi Main Lobby-01","5","Satisfied","5","Bererwisata edukatif di TMII bareng anak saat weekday sangat efektif","Activities and Educational Programs Enhancement","Positive",,,"5","5","5","5",,,,,"Fasilitas pusat informasi tersedia dengan baik dan mudah diakses oleh pengunjung",,,,"Informasi mudah diakses dan disampaikan dengan jelas kepada pengunjung",,,,"bdd6a9c3-1964-40bd-be8b-99e880c5d3a7","Completed",,"01-10-2025 17:32:00",,"150545",,"cab97c1f-67b4-11f0-a847-0a0cda9789f2","1eb4a3f0-5e3d-4ac9-b813-8b1a562e7235","13",,"true",,,,,,,,,,,,,,,,,,"Untitled-Import-2",
"173","IDM","TMII","PUSAT INFORMASI","Pusat Informasi Main Lobby","IDM-TMII-PUSAT INFORMASI-Pusat Informasi Main Lobby-01","5","Satisfied","5","Staff sangat ramah dan selalu siap membantu dengan informasi yang jelas dengan senyuman🥰","Staff Friendliness and Service Quality","Positive","5","5",,,,,"Melakukan layanan secara profesional dan ramah (menjaga kontak mata, tersenyum tulus, dan memberikan solusi dengan empati)|Memiliki penampilan yang bersih dan rapi|Memberikan informasi dengan jelas dan akurat|Melayani dengan cepat dan tepat",,,,,,,,,,,,"70d20818-b579-44d7-89c8-fb75c744af9c","Completed",,"01-10-2025 17:56:00",,"72076",,"cab97c1f-67b4-11f0-a847-0a0cda9789f2","1eb4a3f0-5e3d-4ac9-b813-8b1a562e7235","13",,"true",,,,,,,,,,,,,,,,,,"Untitled-Import-2",
"174","IDM","TMII","PUSAT INFORMASI","Pusat Informasi Main Lobby","IDM-TMII-PUSAT INFORMASI-Pusat Informasi Main Lobby-01","5","Satisfied","5","Sudah beberapa kali olahraga disini saat weekday, sangat tenang dan lebih fokus sambil liat anjungan' dan danau yang enak dipandang","Activities and Educational Programs Enhancement","Positive","5","5","5","5","5","5","Melakukan layanan secara profesional dan ramah (menjaga kontak mata, tersenyum tulus, dan memberikan solusi dengan empati)|Memiliki penampilan yang bersih dan rapi",,,,"Fasilitas pusat informasi lengkap dan mendukung kebutuhan pengunjung|Fasilitas pusat informasi tersedia dengan baik dan mudah diakses oleh pengunjung",,,,"Pusat informasi nyaman digunakan oleh pengunjung|Pusat informasi bersih dan tertata dengan baik|Informasi mudah diakses dan disampaikan dengan jelas kepada pengunjung",,,,"c3475490-aeed-4662-b16a-edf52ee5196e","Completed",,"02-10-2025 10:18:00",,"309707",,"cab97c1f-67b4-11f0-a847-0a0cda9789f2","1eb4a3f0-5e3d-4ac9-b813-8b1a562e7235","13",,"true",,,,,,,,,,,,,,,,,,"Untitled-Import-2",
"175","IDM","TMII","PUSAT INFORMASI","Pusat Informasi Main Lobby","IDM-TMII-PUSAT INFORMASI-Pusat Informasi Main Lobby-01","4","Satisfied","4","arahan yg kami terima untuk berkeliling cukup tersampaikan dengan baik, jadi pas didalem kita ga bingung lagi harus mulai2 nya darimana","Visitor Information and Signage Clarity","Positive","4","4","4","4","4","4","Melakukan layanan secara profesional dan ramah (menjaga kontak mata, tersenyum tulus, dan memberikan solusi dengan empati)|Memiliki penampilan yang bersih dan rapi|Memberikan informasi dengan jelas dan akurat|Melayani dengan cepat dan tepat",,,,"Fasilitas pusat informasi tersedia dengan baik dan mudah diakses oleh pengunjung",,,,"Informasi mudah diakses dan disampaikan dengan jelas kepada pengunjung|Pusat informasi nyaman digunakan oleh pengunjung",,,,"d7f1b334-383d-4197-a1ad-5c290dc32f5b","Completed",,"02-10-2025 10:40:00",,"129279",,"cab97c1f-67b4-11f0-a847-0a0cda9789f2","1eb4a3f0-5e3d-4ac9-b813-8b1a562e7235","13",,"true",,,,,,,,,,,,,,,,,,"Untitled-Import-2",
"176","IDM","TMII","PUSAT INFORMASI","Pusat Informasi Main Lobby","IDM-TMII-PUSAT INFORMASI-Pusat Informasi Main Lobby-01","5","Satisfied","5","Sangat terbantu dengan petugas yang responsif dan sigap dalam memberi informasi 😍","Staff Friendliness and Service Quality","Positive","5","5",,,,,"Melakukan layanan secara profesional dan ramah (menjaga kontak mata, tersenyum tulus, dan memberikan solusi dengan empati)|Memiliki penampilan yang bersih dan rapi|Memberikan informasi dengan jelas dan akurat",,,,,,,,,,,,"acb418d2-6578-44c8-95c2-c8f04281df0e","Completed",,"02-10-2025 11:10:00",,"3075597",,"cab97c1f-67b4-11f0-a847-0a0cda9789f2","1eb4a3f0-5e3d-4ac9-b813-8b1a562e7235","13",,"true",,,,,,,,,,,,,,,,,,"Untitled-Import-2",
"177","IDM","TMII","PUSAT INFORMASI","Antrian Shuttle","IDM-TMII-PUSAT INFORMASI-Antrian Shuttle-01","3","Neutral","3","angkutan keliling yg di depan lama sekali, saya menunggu lebih dari 15 menit, setelah datang driver tidak ramah, temen saya belum naik tapi shuttle sudah jalan bintang 1 bgt, di perbaiki pelayanan nya thanks","Accessibility and Transportation Improvements","Negative","3","3","3","3","3","3",,,"Tidak melayani dengan cepat dan tepat",,,,,,,,"Kemudahan akses informasi",,"62a06660-d704-4cad-a7f1-bade54699267","Completed",,"02-10-2025 13:10:00",,"171012",,"cab97c1f-67b4-11f0-a847-0a0cda9789f2","1eb4a3f0-5e3d-4ac9-b813-8b1a562e7235","13",,"true",,,,,,,,,,,,,,,,,,"Untitled-Import-2",
"178","IDM","TMII","PUSAT INFORMASI","Antrian Shuttle","IDM-TMII-PUSAT INFORMASI-Antrian Shuttle-01","5","Satisfied","5","Baru beberapa hari jadi langganan olahraga disini, selalu terawat dengan baik dan petugas selalu ramah membantu, sangat direkomendasikan","Staff Friendliness and Service Quality","Positive",,,"5","5","5","5",,,,,"Fasilitas pusat informasi lengkap dan mendukung kebutuhan pengunjung|Fasilitas pusat informasi tersedia dengan baik dan mudah diakses oleh pengunjung",,,,"Informasi mudah diakses dan disampaikan dengan jelas kepada pengunjung",,,,"57c85009-0d37-40b0-b270-60732fea6390","Completed",,"03-10-2025 08:37:00",,"168830",,"cab97c1f-67b4-11f0-a847-0a0cda9789f2","1eb4a3f0-5e3d-4ac9-b813-8b1a562e7235","13",,"true",,,,,,,,,,,,,,,,,,"Untitled-Import-2",
"179","IDM","TMII","PUSAT INFORMASI","Pusat Informasi Main Lobby","IDM-TMII-PUSAT INFORMASI-Pusat Informasi Main Lobby-01","5","Satisfied","5","Informasi yang diberikan oleh petugas sangat jelas dan mudah dipahami, sangat memberikan kesan yang baik.","Visitor Information and Signage Clarity","Positive",,,"5","5","5","5",,,,,"Fasilitas pusat informasi tersedia dengan baik dan mudah diakses oleh pengunjung",,,,"Pusat informasi bersih dan tertata dengan baik",,,,"b8afeef6-cc50-4f4a-8c05-a93ed3fb98bb","Completed",,"03-10-2025 12:57:00",,"316737",,"cab97c1f-67b4-11f0-a847-0a0cda9789f2","1eb4a3f0-5e3d-4ac9-b813-8b1a562e7235","13",,"true",,,,,,,,,,,,,,,,,,"Untitled-Import-2",
"180","IDM","TMII","PUSAT INFORMASI","Pusat Informasi Main Lobby","IDM-TMII-PUSAT INFORMASI-Pusat Informasi Main Lobby-01","5","Satisfied","5","Terima kasih petugas yang telah membantu saya memberikan informasi dengan jelas mengenai denah taman mini","Visitor Information and Signage Clarity","Positive","5","5","5","5","5","5","Memiliki penampilan yang bersih dan rapi|Memberikan informasi dengan jelas dan akurat|Melayani dengan cepat dan tepat",,,,"Fasilitas pusat informasi lengkap dan mendukung kebutuhan pengunjung",,,,"Pusat informasi nyaman digunakan oleh pengunjung|Informasi mudah diakses dan disampaikan dengan jelas kepada pengunjung",,,,"fbc5f101-ae6c-4c46-a6a8-f589404311f5","Completed",,"03-10-2025 13:09:00",,"691956",,"cab97c1f-67b4-11f0-a847-0a0cda9789f2","1eb4a3f0-5e3d-4ac9-b813-8b1a562e7235","13",,"true",,,,,,,,,,,,,,,,,,"Untitled-Import-2",
"181","IDM","TMII","PUSAT INFORMASI","Pusat Informasi Main Lobby","IDM-TMII-PUSAT INFORMASI-Pusat Informasi Main Lobby-01","4","Satisfied","4","Tetap menjaga pelayanan yang ada dan keramahannya sangat baik, langsung di tawari prioritas","Staff Friendliness and Service Quality","Positive","4","4","4","4","4","4","Melakukan layanan secara profesional dan ramah (menjaga kontak mata, tersenyum tulus, dan memberikan solusi dengan empati)|Memberikan informasi dengan jelas dan akurat",,,,,,,,"Pusat informasi bersih dan tertata dengan baik|Informasi mudah diakses dan disampaikan dengan jelas kepada pengunjung|Pusat informasi nyaman digunakan oleh pengunjung",,,,"d6e9acf9-28cd-4b9b-99eb-261b0cd87c9f","Completed",,"03-10-2025 14:18:00",,"96136",,"cab97c1f-67b4-11f0-a847-0a0cda9789f2","1eb4a3f0-5e3d-4ac9-b813-8b1a562e7235","13",,"true",,,,,,,,,,,,,,,,,,"Untitled-Import-2",
"182","IDM","TMII","PUSAT INFORMASI","Pusat Informasi Main Lobby","IDM-TMII-PUSAT INFORMASI-Pusat Informasi Main Lobby-01","5","Satisfied","5","Pelayanan yang baik, kami dan keluarga disuruh menunggu di ruang tunggu dan saat ingin mengganti popok di antarkan dan di arahkan ke tempat nursery room. Saat ingin ke pintu keluar kami disuruh menunggu saja dan nanti jika shuttle nya datang akan di panggil kan karena kami bawa anak' Dan bayi. Staff nya mengerti sekali kalo kami repot

Terus dijaga pelayanan seperti ini karena tidak semua orang bisa paham. 

Thanks ya mba dan mas nya saya lupa tanya nama saking riweh nya sama anak'","Facility Maintenance and Cleanliness","Positive","5","5","5","5","5","5","Melakukan layanan secara profesional dan ramah (menjaga kontak mata, tersenyum tulus, dan memberikan solusi dengan empati)|Memiliki penampilan yang bersih dan rapi|Memberikan informasi dengan jelas dan akurat|Melayani dengan cepat dan tepat|Membantu dan memastikan kesiapan fasilitas",,,,"Fasilitas pusat informasi lengkap dan mendukung kebutuhan pengunjung|Fasilitas pusat informasi tersedia dengan baik dan mudah diakses oleh pengunjung",,,,"Pusat informasi bersih dan tertata dengan baik|Pusat informasi nyaman digunakan oleh pengunjung|Informasi mudah diakses dan disampaikan dengan jelas kepada pengunjung",,,,"f6dc9789-673d-457a-ba34-4fe116856313","Completed",,"03-10-2025 14:22:00",,"204513",,"cab97c1f-67b4-11f0-a847-0a0cda9789f2","1eb4a3f0-5e3d-4ac9-b813-8b1a562e7235","13",,"true",,,,,,,,,,,,,,,,,,"Untitled-Import-2",
"183","IDM","TMII","PUSAT INFORMASI","Pusat Informasi Main Lobby","IDM-TMII-PUSAT INFORMASI-Pusat Informasi Main Lobby-01","4","Satisfied","4","They provided excellent service, teaching me how to download maps and providing information and recommendations on Pavilion and tourist attractions frequently visited by visitors. On my first day in Jakarta, I was greeted warmly and friendly. They spoke English and helped me when the taxi driver didn't understand.

They also recommend other places to visit in Jakarta and share their favorite foods that foreign tourists often try. Hopefully, this kind of service will continue to improve. Thank you for helping me out here so I don't get confused.","Staff Friendliness and Service Quality","Positive","4","4","4","4","4","4","Melakukan layanan secara profesional dan ramah (menjaga kontak mata, tersenyum tulus, dan memberikan solusi dengan empati)|Memiliki penampilan yang bersih dan rapi|Memberikan informasi dengan jelas dan akurat|Melayani dengan cepat dan tepat|Membantu dan memastikan kesiapan fasilitas",,,,"Fasilitas pusat informasi lengkap dan mendukung kebutuhan pengunjung|Fasilitas pusat informasi tersedia dengan baik dan mudah diakses oleh pengunjung",,,,"Pusat informasi bersih dan tertata dengan baik|Pusat informasi nyaman digunakan oleh pengunjung|Informasi mudah diakses dan disampaikan dengan jelas kepada pengunjung",,,,"f82f1bda-f386-4b00-9c9f-41c9a1fd6808","Completed",,"03-10-2025 14:29:00",,"346133",,"cab97c1f-67b4-11f0-a847-0a0cda9789f2","1eb4a3f0-5e3d-4ac9-b813-8b1a562e7235","13",,"true",,,,,,,,,,,,,,,,,,"Untitled-Import-2",
"184","IDM","TMII","PUSAT INFORMASI","Pusat Informasi Main Lobby","IDM-TMII-PUSAT INFORMASI-Pusat Informasi Main Lobby-01","5","Satisfied","5","When my leg cramped, the female staff quickly called the medical team, and they arrived shortly after to assist me. The woman then asked if I needed anything. The service was excellent and very helpful. They seemed well-trained. I've been to other places, but the service here is friendly and very caring.","Staff Friendliness and Service Quality","Positive","5","5","5","5","5","5","Melakukan layanan secara profesional dan ramah (menjaga kontak mata, tersenyum tulus, dan memberikan solusi dengan empati)|Memiliki penampilan yang bersih dan rapi|Memberikan informasi dengan jelas dan akurat|Melayani dengan cepat dan tepat|Membantu dan memastikan kesiapan fasilitas",,,,"Fasilitas pusat informasi lengkap dan mendukung kebutuhan pengunjung|Fasilitas pusat informasi tersedia dengan baik dan mudah diakses oleh pengunjung",,,,"Pusat informasi bersih dan tertata dengan baik|Pusat informasi nyaman digunakan oleh pengunjung|Informasi mudah diakses dan disampaikan dengan jelas kepada pengunjung",,,,"88785fcb-1c8a-45a6-8afa-d8d462c54b9c","Completed",,"03-10-2025 14:34:00",,"182499",,"cab97c1f-67b4-11f0-a847-0a0cda9789f2","1eb4a3f0-5e3d-4ac9-b813-8b1a562e7235","13",,"true",,,,,,,,,,,,,,,,,,"Untitled-Import-2",
"185","IDM","TMII","PUSAT INFORMASI","Pusat Informasi Main Lobby","IDM-TMII-PUSAT INFORMASI-Pusat Informasi Main Lobby-01","4","Satisfied","4","Sangat membantu dengan ada nya pelayanan informasi, dan menjelaskan rute utara dan selatan serta di arahkan untuk pembelian tiket JSN jadi kita gak bingung mau kemana 
Thanks","Visitor Information and Signage Clarity","Positive","4","4","4","4","4","4","Melakukan layanan secara profesional dan ramah (menjaga kontak mata, tersenyum tulus, dan memberikan solusi dengan empati)|Memiliki penampilan yang bersih dan rapi|Memberikan informasi dengan jelas dan akurat|Melayani dengan cepat dan tepat|Membantu dan memastikan kesiapan fasilitas",,,,"Fasilitas pusat informasi lengkap dan mendukung kebutuhan pengunjung|Fasilitas pusat informasi tersedia dengan baik dan mudah diakses oleh pengunjung",,,,"Pusat informasi bersih dan tertata dengan baik|Pusat informasi nyaman digunakan oleh pengunjung|Informasi mudah diakses dan disampaikan dengan jelas kepada pengunjung",,,,"d037eba8-bca9-4f33-b7d9-dcbebfa2dbfb","Completed",,"03-10-2025 15:09:00",,"55358",,"cab97c1f-67b4-11f0-a847-0a0cda9789f2","1eb4a3f0-5e3d-4ac9-b813-8b1a562e7235","13",,"true",,,,,,,,,,,,,,,,,,"Untitled-Import-2",
"186","IDM","TMII","PUSAT INFORMASI","Pusat Informasi Main Lobby","IDM-TMII-PUSAT INFORMASI-Pusat Informasi Main Lobby-01","1","Not Satisfied","1","Masa mobil listrik gabisa keliling, sedangkan mau sewa buggy malah gaada 
Tolong fasilitas nya di perhatikan lagi","Accessibility and Transportation Improvements","Negative",,,"1","1",,,,,,,,,"Fasilitas pusat informasi tidak tersedia atau sulit diakses oleh pengunjung|Fasilitas pusat informasi kurang lengkap dan belum mendukung kebutuhan pengunjung",,,,,,"6ca47fee-61ee-4d7d-85fc-50df6d8a58af","Completed",,"04-10-2025 10:53:00",,"353135",,"cab97c1f-67b4-11f0-a847-0a0cda9789f2","1eb4a3f0-5e3d-4ac9-b813-8b1a562e7235","13",,"true",,,,,,,,,,,,,,,,,,"Untitled-Import-2",
"187","IDM","TMII","PUSAT INFORMASI","Antrian Shuttle","IDM-TMII-PUSAT INFORMASI-Antrian Shuttle-01","5","Satisfied","5","This service is excellent, and the environment is very beautiful. Next time, i'll bring my family here","Tourist Attraction and Cultural Experience Quality","Positive","5","5",,,,,"Melakukan layanan secara profesional dan ramah (menjaga kontak mata, tersenyum tulus, dan memberikan solusi dengan empati)|Memiliki penampilan yang bersih dan rapi",,,,,,,,,,,,"0c44ae76-21d9-4611-8443-76f268fb1274","Completed",,"04-10-2025 12:22:00",,"127087",,"cab97c1f-67b4-11f0-a847-0a0cda9789f2","1eb4a3f0-5e3d-4ac9-b813-8b1a562e7235","13",,"true",,,,,,,,,,,,,,,,,,"Untitled-Import-2",
"188","IDM","TMII","PUSAT INFORMASI","Pusat Informasi Main Lobby","IDM-TMII-PUSAT INFORMASI-Pusat Informasi Main Lobby-01","5","Satisfied","5","Anak happy berkeliling taman mini, sangat berbeda dengan yang dulu, sekarang sudah tidak ada polusi dan sangat tertata rapi walaupun ramai tapi masih bisa menikmati keindahan didalamnya😍","Tourist Attraction and Cultural Experience Quality","Positive","5","5","5","5",,,"Melakukan layanan secara profesional dan ramah (menjaga kontak mata, tersenyum tulus, dan memberikan solusi dengan empati)|Memberikan informasi dengan jelas dan akurat|Melayani dengan cepat dan tepat",,,,"Fasilitas pusat informasi lengkap dan mendukung kebutuhan pengunjung|Fasilitas pusat informasi tersedia dengan baik dan mudah diakses oleh pengunjung",,,,,,,,"21bb3b38-cda3-4302-b762-08a1d0b24d56","Completed",,"04-10-2025 13:12:00",,"92030",,"cab97c1f-67b4-11f0-a847-0a0cda9789f2","1eb4a3f0-5e3d-4ac9-b813-8b1a562e7235","13",,"true",,,,,,,,,,,,,,,,,,"Untitled-Import-2",
"189","IDM","TMII","PUSAT INFORMASI","Pusat Informasi Main Lobby","IDM-TMII-PUSAT INFORMASI-Pusat Informasi Main Lobby-01","5","Satisfied","5",,,,"5","5","5","5","5","5","Melakukan layanan secara profesional dan ramah (menjaga kontak mata, tersenyum tulus, dan memberikan solusi dengan empati)|Memiliki penampilan yang bersih dan rapi|Memberikan informasi dengan jelas dan akurat|Melayani dengan cepat dan tepat|Membantu dan memastikan kesiapan fasilitas",,,,"Fasilitas pusat informasi lengkap dan mendukung kebutuhan pengunjung|Fasilitas pusat informasi tersedia dengan baik dan mudah diakses oleh pengunjung",,,,"Pusat informasi bersih dan tertata dengan baik|Pusat informasi nyaman digunakan oleh pengunjung|Informasi mudah diakses dan disampaikan dengan jelas kepada pengunjung",,,,"f9e1df25-24df-4562-b52f-63f49871a83b","Completed",,"04-10-2025 14:34:00",,"26315",,"cab97c1f-67b4-11f0-a847-0a0cda9789f2","1eb4a3f0-5e3d-4ac9-b813-8b1a562e7235","13",,"true",,,,,,,,,,,,,,,,,,"Untitled-Import-2",
"190","IDM","TMII","PUSAT INFORMASI","Pusat Informasi Main Lobby","IDM-TMII-PUSAT INFORMASI-Pusat Informasi Main Lobby-01","5","Satisfied","5","Sudah baik pelayanannya, terima kasih atas pelayanan hari ini","Staff Friendliness and Service Quality","Positive","5","5","5","5","5","5","Melakukan layanan secara profesional dan ramah (menjaga kontak mata, tersenyum tulus, dan memberikan solusi dengan empati)|Memiliki penampilan yang bersih dan rapi|Memberikan informasi dengan jelas dan akurat|Membantu dan memastikan kesiapan fasilitas",,,,"Fasilitas pusat informasi lengkap dan mendukung kebutuhan pengunjung|Fasilitas pusat informasi tersedia dengan baik dan mudah diakses oleh pengunjung",,,,"Pusat informasi bersih dan tertata dengan baik|Pusat informasi nyaman digunakan oleh pengunjung|Informasi mudah diakses dan disampaikan dengan jelas kepada pengunjung",,,,"971a74c0-73da-4271-ae62-1da39c485585","Completed",,"04-10-2025 14:34:00",,"41721",,"cab97c1f-67b4-11f0-a847-0a0cda9789f2","1eb4a3f0-5e3d-4ac9-b813-8b1a562e7235","13",,"true",,,,,,,,,,,,,,,,,,"Untitled-Import-2",
"191","IDM","TMII","PUSAT INFORMASI","Pusat Informasi Main Lobby","IDM-TMII-PUSAT INFORMASI-Pusat Informasi Main Lobby-01","5","Satisfied","5",,,,"5","5",,,,,"Memiliki penampilan yang bersih dan rapi",,,,,,,,,,,,"740c75cb-e708-424b-8ce1-a5080ce63818","Completed",,"04-10-2025 14:34:00",,"30160",,"cab97c1f-67b4-11f0-a847-0a0cda9789f2","1eb4a3f0-5e3d-4ac9-b813-8b1a562e7235","13",,"true",,,,,,,,,,,,,,,,,,"Untitled-Import-2",
"192","IDM","TMII","PUSAT INFORMASI","Pusat Informasi Main Lobby","IDM-TMII-PUSAT INFORMASI-Pusat Informasi Main Lobby-01","5","Satisfied","5",,,,"5","5","5","5","5","5","Melakukan layanan secara profesional dan ramah (menjaga kontak mata, tersenyum tulus, dan memberikan solusi dengan empati)|Memiliki penampilan yang bersih dan rapi|Memberikan informasi dengan jelas dan akurat|Melayani dengan cepat dan tepat|Membantu dan memastikan kesiapan fasilitas",,,,"Fasilitas pusat informasi lengkap dan mendukung kebutuhan pengunjung|Fasilitas pusat informasi tersedia dengan baik dan mudah diakses oleh pengunjung",,,,"Pusat informasi bersih dan tertata dengan baik|Pusat informasi nyaman digunakan oleh pengunjung|Informasi mudah diakses dan disampaikan dengan jelas kepada pengunjung",,,,"8fc7c325-05fe-4ab7-87dc-5414517f09f6","Completed",,"04-10-2025 14:34:00",,"21351",,"cab97c1f-67b4-11f0-a847-0a0cda9789f2","1eb4a3f0-5e3d-4ac9-b813-8b1a562e7235","13",,"true",,,,,,,,,,,,,,,,,,"Untitled-Import-2",
"193","IDM","TMII","PUSAT INFORMASI","Pusat Informasi Main Lobby","IDM-TMII-PUSAT INFORMASI-Pusat Informasi Main Lobby-01","5","Satisfied","5",,,,"5","5",,,,,"Melakukan layanan secara profesional dan ramah (menjaga kontak mata, tersenyum tulus, dan memberikan solusi dengan empati)",,,,,,,,,,,,"194eff18-96a1-4bfb-8e13-15c256747275","Completed",,"04-10-2025 14:34:00",,"16825",,"cab97c1f-67b4-11f0-a847-0a0cda9789f2","1eb4a3f0-5e3d-4ac9-b813-8b1a562e7235","13",,"true",,,,,,,,,,,,,,,,,,"Untitled-Import-2",
"194","IDM","TMII","PUSAT INFORMASI","Pusat Informasi Main Lobby","IDM-TMII-PUSAT INFORMASI-Pusat Informasi Main Lobby-01","5","Satisfied","5",,,,"5","5","5","5","5","5","Melakukan layanan secara profesional dan ramah (menjaga kontak mata, tersenyum tulus, dan memberikan solusi dengan empati)|Memiliki penampilan yang bersih dan rapi|Memberikan informasi dengan jelas dan akurat|Membantu dan memastikan kesiapan fasilitas",,,,"Fasilitas pusat informasi lengkap dan mendukung kebutuhan pengunjung|Fasilitas pusat informasi tersedia dengan baik dan mudah diakses oleh pengunjung",,,,"Pusat informasi nyaman digunakan oleh pengunjung|Informasi mudah diakses dan disampaikan dengan jelas kepada pengunjung|Pusat informasi bersih dan tertata dengan baik",,,,"819cea84-31ef-464f-b129-2cec146e11e6","Completed",,"04-10-2025 14:34:00",,"42419",,"cab97c1f-67b4-11f0-a847-0a0cda9789f2","1eb4a3f0-5e3d-4ac9-b813-8b1a562e7235","13",,"true",,,,,,,,,,,,,,,,,,"Untitled-Import-2",
"195","IDM","TMII","PUSAT INFORMASI","Pusat Informasi Main Lobby","IDM-TMII-PUSAT INFORMASI-Pusat Informasi Main Lobby-01","5","Satisfied","5","The best dan sukses terus","Tourist Attraction and Cultural Experience Quality","Positive","5","5","5","5","5","5","Melakukan layanan secara profesional dan ramah (menjaga kontak mata, tersenyum tulus, dan memberikan solusi dengan empati)|Memberikan informasi dengan jelas dan akurat|Membantu dan memastikan kesiapan fasilitas",,,,"Fasilitas pusat informasi lengkap dan mendukung kebutuhan pengunjung|Fasilitas pusat informasi tersedia dengan baik dan mudah diakses oleh pengunjung",,,,"Pusat informasi bersih dan tertata dengan baik|Pusat informasi nyaman digunakan oleh pengunjung|Informasi mudah diakses dan disampaikan dengan jelas kepada pengunjung",,,,"684bf687-da2c-4cbb-b6fa-5823be4474d4","Completed",,"04-10-2025 14:35:00",,"60775",,"cab97c1f-67b4-11f0-a847-0a0cda9789f2","1eb4a3f0-5e3d-4ac9-b813-8b1a562e7235","13",,"true",,,,,,,,,,,,,,,,,,"Untitled-Import-2",
"196","IDM","TMII","PUSAT INFORMASI","Pusat Informasi Main Lobby","IDM-TMII-PUSAT INFORMASI-Pusat Informasi Main Lobby-01","5","Satisfied","5","Gacorr bagus2 rekk","Tourist Attraction and Cultural Experience Quality","Positive","5","5","5","5","5","5","Melakukan layanan secara profesional dan ramah (menjaga kontak mata, tersenyum tulus, dan memberikan solusi dengan empati)|Memiliki penampilan yang bersih dan rapi|Memberikan informasi dengan jelas dan akurat|Melayani dengan cepat dan tepat|Membantu dan memastikan kesiapan fasilitas",,,,"Fasilitas pusat informasi lengkap dan mendukung kebutuhan pengunjung|Fasilitas pusat informasi tersedia dengan baik dan mudah diakses oleh pengunjung",,,,"Informasi mudah diakses dan disampaikan dengan jelas kepada pengunjung|Pusat informasi bersih dan tertata dengan baik|Pusat informasi nyaman digunakan oleh pengunjung",,,,"da462002-30b5-46d0-bfb4-485f8a24e3b4","Completed",,"04-10-2025 14:36:00",,"45212",,"cab97c1f-67b4-11f0-a847-0a0cda9789f2","1eb4a3f0-5e3d-4ac9-b813-8b1a562e7235","13",,"true",,,,,,,,,,,,,,,,,,"Untitled-Import-2",
"197","IDM","TMII","PUSAT INFORMASI","Pusat Informasi Main Lobby","IDM-TMII-PUSAT INFORMASI-Pusat Informasi Main Lobby-01","5","Satisfied","5",,,,"5","5","5","5","5","5","Melakukan layanan secara profesional dan ramah (menjaga kontak mata, tersenyum tulus, dan memberikan solusi dengan empati)|Memiliki penampilan yang bersih dan rapi",,,,"Fasilitas pusat informasi lengkap dan mendukung kebutuhan pengunjung",,,,"Pusat informasi bersih dan tertata dengan baik",,,,"cd7e5694-9f9e-4604-a0bd-af17032ababf","Completed",,"04-10-2025 14:36:00",,"18011",,"cab97c1f-67b4-11f0-a847-0a0cda9789f2","1eb4a3f0-5e3d-4ac9-b813-8b1a562e7235","13",,"true",,,,,,,,,,,,,,,,,,"Untitled-Import-2",
"198","IDM","TMII","PUSAT INFORMASI","Pusat Informasi Main Lobby","IDM-TMII-PUSAT INFORMASI-Pusat Informasi Main Lobby-01","5","Satisfied","5",,,,"5","5","5","5","5","5","Melakukan layanan secara profesional dan ramah (menjaga kontak mata, tersenyum tulus, dan memberikan solusi dengan empati)|Memiliki penampilan yang bersih dan rapi|Memberikan informasi dengan jelas dan akurat|Melayani dengan cepat dan tepat|Membantu dan memastikan kesiapan fasilitas",,,,"Fasilitas pusat informasi lengkap dan mendukung kebutuhan pengunjung|Fasilitas pusat informasi tersedia dengan baik dan mudah diakses oleh pengunjung",,,,"Pusat informasi bersih dan tertata dengan baik|Informasi mudah diakses dan disampaikan dengan jelas kepada pengunjung|Pusat informasi nyaman digunakan oleh pengunjung",,,,"800a576b-c41d-43e4-a298-4173e2307325","Completed",,"04-10-2025 16:13:00",,"34551",,"cab97c1f-67b4-11f0-a847-0a0cda9789f2","1eb4a3f0-5e3d-4ac9-b813-8b1a562e7235","13",,"true",,,,,,,,,,,,,,,,,,"Untitled-Import-2",
"199","IDM","TMII","PUSAT INFORMASI","Antrian Shuttle","IDM-TMII-PUSAT INFORMASI-Antrian Shuttle-01","5","Satisfied","5","Sangat terbantu petugas didepan sangat sigap memberi arahan untuk kami sekeluarga berkeliling taman mini, tolong dipertahankan","Staff Friendliness and Service Quality","Positive","5","5",,,"5","5","Melakukan layanan secara profesional dan ramah (menjaga kontak mata, tersenyum tulus, dan memberikan solusi dengan empati)|Memiliki penampilan yang bersih dan rapi|Memberikan informasi dengan jelas dan akurat",,,,,,,,"Informasi mudah diakses dan disampaikan dengan jelas kepada pengunjung",,,,"df7d99b4-38ae-4f4f-a3a1-c06f00c39907","Completed",,"05-10-2025 11:28:00",,"182722",,"cab97c1f-67b4-11f0-a847-0a0cda9789f2","1eb4a3f0-5e3d-4ac9-b813-8b1a562e7235","13",,"true",,,,,,,,,,,,,,,,,,"Untitled-Import-2",
"200","IDM","TMII","PUSAT INFORMASI","Antrian Shuttle","IDM-TMII-PUSAT INFORMASI-Antrian Shuttle-01","5","Satisfied","5","ada tempat duduk yang nyaman untuk menunggu di dalam jadi tidak panas menunggu berdiri di luar","Facility Maintenance and Cleanliness","Positive",,,,,"5","5",,,,,,,,,"Informasi mudah diakses dan disampaikan dengan jelas kepada pengunjung",,,,"326bc87b-ae39-47a2-8ab4-61c6345260c1","Completed",,"05-10-2025 14:05:00",,"153674",,"cab97c1f-67b4-11f0-a847-0a0cda9789f2","1eb4a3f0-5e3d-4ac9-b813-8b1a562e7235","13",,"true",,,,,,,,,,,,,,,,,,"Untitled-Import-2",
"201","IDM","TMII","PUSAT INFORMASI","Antrian Shuttle","IDM-TMII-PUSAT INFORMASI-Antrian Shuttle-01","5","Satisfied","5","Perlu ada pohon2 rindang di pinggir jalan sehingga tidak terlalu panas, untuk pengunjung yg memilih berwisata sambil berjalan kaki dari pada naik angling","Environmental Conditions (Pollution, Trash, and Landscaping)","Positive","5","5",,,,,"Melakukan layanan secara profesional dan ramah (menjaga kontak mata, tersenyum tulus, dan memberikan solusi dengan empati)",,,,,,,,,,,,"6c7feeda-a2de-41d6-8230-c9a512c6f54d","Completed",,"05-10-2025 14:19:00",,"312985",,"cab97c1f-67b4-11f0-a847-0a0cda9789f2","1eb4a3f0-5e3d-4ac9-b813-8b1a562e7235","13",,"true",,,,,,,,,,,,,,,,,,"Untitled-Import-2",
"202","IDM","TMII","PUSAT INFORMASI","Antrian Shuttle","IDM-TMII-PUSAT INFORMASI-Antrian Shuttle-01","5","Satisfied","5","Hayy","Visitor Information and Signage Clarity","Neutral","5","5",,,,,"Melakukan layanan secara profesional dan ramah (menjaga kontak mata, tersenyum tulus, dan memberikan solusi dengan empati)|Memiliki penampilan yang bersih dan rapi",,,,,,,,,,,,"c0522d39-b44a-409d-ade1-b280aee6b48b","Completed",,"05-10-2025 15:28:00",,"27411",,"cab97c1f-67b4-11f0-a847-0a0cda9789f2","1eb4a3f0-5e3d-4ac9-b813-8b1a562e7235","13",,"true",,,,,,,,,,,,,,,,,,"Untitled-Import-2",
"203","IDM","TMII","PUSAT INFORMASI","Pusat Informasi Main Lobby","IDM-TMII-PUSAT INFORMASI-Pusat Informasi Main Lobby-01","5","Satisfied","5","Recommend TMII to add English to all descriptions around the Taman.
Find some way to reduce the mosquitos.","Visitor Information and Signage Clarity","Neutral","5","5",,,,,"Melakukan layanan secara profesional dan ramah (menjaga kontak mata, tersenyum tulus, dan memberikan solusi dengan empati)",,,,,,,,,,,,"38cac187-8e12-40b4-ab3a-48f61484c889","Completed",,"06-10-2025 08:07:00",,"119928",,"cab97c1f-67b4-11f0-a847-0a0cda9789f2","1eb4a3f0-5e3d-4ac9-b813-8b1a562e7235","13",,"true",,,,,,,,,,,,,,,,,,"Untitled-Import-2",
"204","IDM","TMII","PUSAT INFORMASI","Antrian Shuttle","IDM-TMII-PUSAT INFORMASI-Antrian Shuttle-01","5","Satisfied","5",,,,"5","5",,,"5","5","Melakukan layanan secara profesional dan ramah (menjaga kontak mata, tersenyum tulus, dan memberikan solusi dengan empati)|Memiliki penampilan yang bersih dan rapi|Memberikan informasi dengan jelas dan akurat|Melayani dengan cepat dan tepat",,,,,,,,"Informasi mudah diakses dan disampaikan dengan jelas kepada pengunjung",,,,"bd13577e-57c5-41e5-b03c-c55890786d75","Completed",,"06-10-2025 18:31:00",,"202448",,"cab97c1f-67b4-11f0-a847-0a0cda9789f2","1eb4a3f0-5e3d-4ac9-b813-8b1a562e7235","13",,"true",,,,,,,,,,,,,,,,,,"Untitled-Import-2",
"205","IDM","TMII","PUSAT INFORMASI","Antrian Shuttle","IDM-TMII-PUSAT INFORMASI-Antrian Shuttle-01","5","Satisfied","5","Pelayanan staf yang ramah dan informatif di seluruh kawasan TMII membuat kunjungan terasa sangat menyenangkan dan terbantu","Staff Friendliness and Service Quality","Positive","5","5",,,,,"Melakukan layanan secara profesional dan ramah (menjaga kontak mata, tersenyum tulus, dan memberikan solusi dengan empati)|Memberikan informasi dengan jelas dan akurat|Melayani dengan cepat dan tepat",,,,,,,,,,,,"679da111-4dd9-446f-8c7e-3ad54539278c","Completed",,"07-10-2025 10:07:00",,"1704748",,"cab97c1f-67b4-11f0-a847-0a0cda9789f2","1eb4a3f0-5e3d-4ac9-b813-8b1a562e7235","13",,"true",,,,,,,,,,,,,,,,,,"Untitled-Import-2",
"206","IDM","TMII","PUSAT INFORMASI","Antrian Shuttle","IDM-TMII-PUSAT INFORMASI-Antrian Shuttle-01","5","Satisfied","5","Kami kebingungan menunggu shuttle untuk ke LRT karna sedang hujan tp petugas memberi arahan dengan ramah dan tenang sehingga membuat kami merasa senang kesini, terima kasih 👍👍","Staff Friendliness and Service Quality","Positive",,,"5","5","5","5",,,,,"Fasilitas pusat informasi lengkap dan mendukung kebutuhan pengunjung|Fasilitas pusat informasi tersedia dengan baik dan mudah diakses oleh pengunjung",,,,"Pusat informasi bersih dan tertata dengan baik|Informasi mudah diakses dan disampaikan dengan jelas kepada pengunjung",,,,"c205f669-8e45-4eab-8948-91f0284a7285","Completed",,"07-10-2025 12:02:00",,"221776",,"cab97c1f-67b4-11f0-a847-0a0cda9789f2","1eb4a3f0-5e3d-4ac9-b813-8b1a562e7235","13",,"true",,,,,,,,,,,,,,,,,,"Untitled-Import-2",
"207","IDM","TMII","PUSAT INFORMASI","Pusat Informasi Main Lobby","IDM-TMII-PUSAT INFORMASI-Pusat Informasi Main Lobby-01","4","Satisfied","4","Enak sekali olahraga di tmii, saat memasuki pintu utama bersih dan selalu di sapa, dan banyak kucing kucing lucu","Facility Maintenance and Cleanliness","Positive","4","4","4","4",,,"Melakukan layanan secara profesional dan ramah (menjaga kontak mata, tersenyum tulus, dan memberikan solusi dengan empati)|Memiliki penampilan yang bersih dan rapi|Memberikan informasi dengan jelas dan akurat",,,,"Fasilitas pusat informasi lengkap dan mendukung kebutuhan pengunjung|Fasilitas pusat informasi tersedia dengan baik dan mudah diakses oleh pengunjung",,,,,,,,"5f8a0b15-f364-45f1-861e-a5591a511535","Completed",,"08-10-2025 10:17:00",,"145178",,"cab97c1f-67b4-11f0-a847-0a0cda9789f2","1eb4a3f0-5e3d-4ac9-b813-8b1a562e7235","13",,"true",,,,,,,,,,,,,,,,,,"Untitled-Import-2",
"208","IDM","TMII","PUSAT INFORMASI","Pusat Informasi Main Lobby","IDM-TMII-PUSAT INFORMASI-Pusat Informasi Main Lobby-01","5","Satisfied","5","Tiba dipintu utama langsung disapa sama kakak2nya, baru pengen nanya tapi kakak2nya langsung nawarin diri untuk ngebantu menjelaskan enaknya dan baiknya buat kita mulai keliling tmii, penjelasannya baik dan sangat gampang dimengerti. Dilayar tv depan juga sudah ada rangkaian acaranya untuk hari ini, jadi memudahkan kita dapet informasi","Staff Friendliness and Service Quality","Positive","5","5","5","5","5","5","Melakukan layanan secara profesional dan ramah (menjaga kontak mata, tersenyum tulus, dan memberikan solusi dengan empati)|Memiliki penampilan yang bersih dan rapi|Memberikan informasi dengan jelas dan akurat|Melayani dengan cepat dan tepat",,,,"Fasilitas pusat informasi lengkap dan mendukung kebutuhan pengunjung|Fasilitas pusat informasi tersedia dengan baik dan mudah diakses oleh pengunjung",,,,"Pusat informasi bersih dan tertata dengan baik|Pusat informasi nyaman digunakan oleh pengunjung|Informasi mudah diakses dan disampaikan dengan jelas kepada pengunjung",,,,"273149b5-8f22-4996-9183-3c4dd71f97fd","Completed",,"08-10-2025 13:29:00",,"335674",,"cab97c1f-67b4-11f0-a847-0a0cda9789f2","1eb4a3f0-5e3d-4ac9-b813-8b1a562e7235","13",,"true",,,,,,,,,,,,,,,,,,"Untitled-Import-2",
"209","IDM","TMII","PUSAT INFORMASI","Pusat Informasi Main Lobby","IDM-TMII-PUSAT INFORMASI-Pusat Informasi Main Lobby-01","5","Satisfied","5","Petugas memberikan informasi yg baik. Petugas juga ramah senyum. Saya disambut dengan baik","Staff Friendliness and Service Quality","Positive","5","5",,,,,"Melakukan layanan secara profesional dan ramah (menjaga kontak mata, tersenyum tulus, dan memberikan solusi dengan empati)",,,,,,,,,,,,"93062831-f058-4744-95f5-ebcf0aca7043","Completed",,"08-10-2025 14:32:00",,"87086",,"cab97c1f-67b4-11f0-a847-0a0cda9789f2","1eb4a3f0-5e3d-4ac9-b813-8b1a562e7235","13",,"true",,,,,,,,,,,,,,,,,,"Untitled-Import-2",
"210","IDM","TMII","PUSAT INFORMASI","Pusat Informasi Main Lobby","IDM-TMII-PUSAT INFORMASI-Pusat Informasi Main Lobby-01","5","Satisfied","5","This is my first time visiting TMII, and I was warmly welcomed by the staff. The staff immediately approached us, greeted us kindly, and handed us a TMII map. She provided us with helpful information, such as the free shuttle, free museums, the fountain show, dining areas, and bike rentals. She (the one wearing glasses) was very helpful in giving us information for exploring the area.","Staff Friendliness and Service Quality","Positive","5","5",,,,,"Melakukan layanan secara profesional dan ramah (menjaga kontak mata, tersenyum tulus, dan memberikan solusi dengan empati)",,,,,,,,,,,,"e33eb8f9-b11c-4ca1-81be-9712e70db24c","Completed",,"08-10-2025 14:47:00",,"881993",,"cab97c1f-67b4-11f0-a847-0a0cda9789f2","1eb4a3f0-5e3d-4ac9-b813-8b1a562e7235","13",,"true",,,,,,,,,,,,,,,,,,"Untitled-Import-2",
"211","IDM","TMII","PUSAT INFORMASI","Pusat Informasi Main Lobby","IDM-TMII-PUSAT INFORMASI-Pusat Informasi Main Lobby-01","1","Not Satisfied","1","Y","Tourist Attraction and Cultural Experience Quality","Neutral",,,"1","1",,,,,,,,,"Fasilitas pusat informasi kurang lengkap dan belum mendukung kebutuhan pengunjung",,,,,,"57a32e5e-ac39-4702-9bff-0f1723727874","Completed",,"08-10-2025 16:48:00",,"39451",,"cab97c1f-67b4-11f0-a847-0a0cda9789f2","1eb4a3f0-5e3d-4ac9-b813-8b1a562e7235","13",,"true",,,,,,,,,,,,,,,,,,"Untitled-Import-2",
"212","IDM","TMII","PUSAT INFORMASI","Pusat Informasi Main Lobby","IDM-TMII-PUSAT INFORMASI-Pusat Informasi Main Lobby-01","5","Satisfied","5","Pertahankan ya kaka untuk pelayanan dan fasilitasnya karna udah teratur dan rapih sekaliii 

Timnya juga ramah dari awal survey, komunikasi sebelum hari H di wa dan saat teknis dilapangannya 

Pokoknya keren deh","Staff Friendliness and Service Quality","Positive","5","5","5","5","5","5","Melakukan layanan secara profesional dan ramah (menjaga kontak mata, tersenyum tulus, dan memberikan solusi dengan empati)|Memiliki penampilan yang bersih dan rapi|Memberikan informasi dengan jelas dan akurat|Melayani dengan cepat dan tepat|Membantu dan memastikan kesiapan fasilitas",,,,"Fasilitas pusat informasi lengkap dan mendukung kebutuhan pengunjung|Fasilitas pusat informasi tersedia dengan baik dan mudah diakses oleh pengunjung",,,,"Pusat informasi bersih dan tertata dengan baik|Pusat informasi nyaman digunakan oleh pengunjung|Informasi mudah diakses dan disampaikan dengan jelas kepada pengunjung",,,,"b03760db-a127-456f-a4d7-744ca4bbbf26","Completed",,"08-10-2025 18:20:00",,"123384",,"cab97c1f-67b4-11f0-a847-0a0cda9789f2","1eb4a3f0-5e3d-4ac9-b813-8b1a562e7235","13",,"true",,,,,,,,,,,,,,,,,,"Untitled-Import-2",
"213","IDM","TMII","PUSAT INFORMASI","Pusat Informasi Main Lobby","IDM-TMII-PUSAT INFORMASI-Pusat Informasi Main Lobby-01","5","Satisfied","5","Pelayanan sangat ramah membantu mengarahkan kami yang menunggu wara wiri didepan","Staff Friendliness and Service Quality","Positive","5","5",,,,,"Melakukan layanan secara profesional dan ramah (menjaga kontak mata, tersenyum tulus, dan memberikan solusi dengan empati)|Memberikan informasi dengan jelas dan akurat",,,,,,,,,,,,"c38bcca0-5957-4cba-b9c1-d75dbbf4f4bc","Completed",,"09-10-2025 11:03:00",,"4039954",,"cab97c1f-67b4-11f0-a847-0a0cda9789f2","1eb4a3f0-5e3d-4ac9-b813-8b1a562e7235","13",,"true",,,,,,,,,,,,,,,,,,"Untitled-Import-2",
"214","IDM","TMII","PUSAT INFORMASI","Pusat Informasi Main Lobby","IDM-TMII-PUSAT INFORMASI-Pusat Informasi Main Lobby-01","4","Satisfied","4","Hari ini banyak kunjungan anak sekolah , seru yaaa sekarang TMII banyak rombongan anak' Sekolah dan mereka excited. Saya setelah berkeliling sekarang semua pelayanannya ok banget mulai dari pintu utama, di halte sampai berkeliling dan diberikan peta juga di kasih recomended tempat yang akan di kunjungi 
Pertahankan pelayanan seperti ini sudah ok","Tourist Attraction and Cultural Experience Quality","Positive","4","4","4","4","4","4","Melakukan layanan secara profesional dan ramah (menjaga kontak mata, tersenyum tulus, dan memberikan solusi dengan empati)|Memiliki penampilan yang bersih dan rapi|Memberikan informasi dengan jelas dan akurat|Melayani dengan cepat dan tepat|Membantu dan memastikan kesiapan fasilitas",,,,"Fasilitas pusat informasi lengkap dan mendukung kebutuhan pengunjung|Fasilitas pusat informasi tersedia dengan baik dan mudah diakses oleh pengunjung",,,,"Pusat informasi bersih dan tertata dengan baik|Pusat informasi nyaman digunakan oleh pengunjung|Informasi mudah diakses dan disampaikan dengan jelas kepada pengunjung",,,,"1e3350e7-5f54-4406-b001-e85db5e96bdc","Completed",,"09-10-2025 13:09:00",,"4601704",,"cab97c1f-67b4-11f0-a847-0a0cda9789f2","1eb4a3f0-5e3d-4ac9-b813-8b1a562e7235","13",,"true",,,,,,,,,,,,,,,,,,"Untitled-Import-2",
"215","IDM","TMII","PUSAT INFORMASI","Pusat Informasi Main Lobby","IDM-TMII-PUSAT INFORMASI-Pusat Informasi Main Lobby-01","4","Satisfied","4","I really enjoyed walking around here. The staff was friendly and helpful. When I visited, I was greeted with smiles and asked if I wanted a map, because honestly, I didn't think they spoke English. The service was satisfactory and didn't leave me confused.","Staff Friendliness and Service Quality","Positive","4","4","4","4","4","4","Melakukan layanan secara profesional dan ramah (menjaga kontak mata, tersenyum tulus, dan memberikan solusi dengan empati)|Memiliki penampilan yang bersih dan rapi|Memberikan informasi dengan jelas dan akurat|Melayani dengan cepat dan tepat|Membantu dan memastikan kesiapan fasilitas",,,,"Fasilitas pusat informasi lengkap dan mendukung kebutuhan pengunjung|Fasilitas pusat informasi tersedia dengan baik dan mudah diakses oleh pengunjung",,,,"Pusat informasi bersih dan tertata dengan baik|Pusat informasi nyaman digunakan oleh pengunjung|Informasi mudah diakses dan disampaikan dengan jelas kepada pengunjung",,,,"5fdd0e95-6772-4c4c-b491-551fda7a4356","Completed",,"09-10-2025 14:50:00",,"219309",,"cab97c1f-67b4-11f0-a847-0a0cda9789f2","1eb4a3f0-5e3d-4ac9-b813-8b1a562e7235","13",,"true",,,,,,,,,,,,,,,,,,"Untitled-Import-2",
"216","IDM","TMII","PUSAT INFORMASI","Pusat Informasi Main Lobby","IDM-TMII-PUSAT INFORMASI-Pusat Informasi Main Lobby-01","4","Satisfied","4","I'm from Germany and own a cafe in Jakarta. My friend recommended me to visit here. They suggested checking out the coffee luak. I thought there would be a paid shuttle, but the staff at the main gate explained it and recommended a restaurant. I tried the Indonesian food there. After I was about to leave, they called me a taxi. It was excellent service. When I wanted to give them a tip, they refused. Very honest and kind. Thank you for serving me.","Staff Friendliness and Service Quality","Positive","4","4","4","4","4","4","Melakukan layanan secara profesional dan ramah (menjaga kontak mata, tersenyum tulus, dan memberikan solusi dengan empati)|Memiliki penampilan yang bersih dan rapi|Memberikan informasi dengan jelas dan akurat|Melayani dengan cepat dan tepat|Membantu dan memastikan kesiapan fasilitas",,,,"Fasilitas pusat informasi lengkap dan mendukung kebutuhan pengunjung|Fasilitas pusat informasi tersedia dengan baik dan mudah diakses oleh pengunjung",,,,"Pusat informasi bersih dan tertata dengan baik|Pusat informasi nyaman digunakan oleh pengunjung|Informasi mudah diakses dan disampaikan dengan jelas kepada pengunjung",,,,"bd74451b-a7a4-448f-8dd8-5bbb16412254","Completed",,"09-10-2025 14:56:00",,"328394",,"cab97c1f-67b4-11f0-a847-0a0cda9789f2","1eb4a3f0-5e3d-4ac9-b813-8b1a562e7235","13",,"true",,,,,,,,,,,,,,,,,,"Untitled-Import-2",
"217","IDM","TMII","PUSAT INFORMASI","Pusat Informasi Main Lobby","IDM-TMII-PUSAT INFORMASI-Pusat Informasi Main Lobby-01","5","Satisfied","5",,,,"5","5",,,"5","5","Melakukan layanan secara profesional dan ramah (menjaga kontak mata, tersenyum tulus, dan memberikan solusi dengan empati)|Memiliki penampilan yang bersih dan rapi|Memberikan informasi dengan jelas dan akurat",,,,,,,,"Pusat informasi bersih dan tertata dengan baik|Informasi mudah diakses dan disampaikan dengan jelas kepada pengunjung|Pusat informasi nyaman digunakan oleh pengunjung",,,,"c3829c5e-02ca-4f5c-a962-78f1c39f323c","Completed",,"10-10-2025 12:38:00",,"308741",,"cab97c1f-67b4-11f0-a847-0a0cda9789f2","1eb4a3f0-5e3d-4ac9-b813-8b1a562e7235","13",,"true",,,,,,,,,,,,,,,,,,"Untitled-Import-2",
"218","IDM","TMII","PUSAT INFORMASI","Pusat Informasi Main Lobby","IDM-TMII-PUSAT INFORMASI-Pusat Informasi Main Lobby-01","5","Satisfied","5","Baru sampai di pintu utama sudah disapa sama petugas dan diberi arahan padahal belum bertanya. Tapi petugasnya sudah sigap membantu kita untuk berkeliling dengan mobil gratisnya. Oke sekali pelayanannyaa","Visitor Information and Signage Clarity","Positive","5","5","5","5","5","5","Melakukan layanan secara profesional dan ramah (menjaga kontak mata, tersenyum tulus, dan memberikan solusi dengan empati)|Memiliki penampilan yang bersih dan rapi|Memberikan informasi dengan jelas dan akurat|Melayani dengan cepat dan tepat|Membantu dan memastikan kesiapan fasilitas",,,,"Fasilitas pusat informasi tersedia dengan baik dan mudah diakses oleh pengunjung|Fasilitas pusat informasi lengkap dan mendukung kebutuhan pengunjung",,,,"Pusat informasi bersih dan tertata dengan baik|Pusat informasi nyaman digunakan oleh pengunjung|Informasi mudah diakses dan disampaikan dengan jelas kepada pengunjung",,,,"9e176731-72dd-4769-9141-87a0aea746e8","Completed",,"10-10-2025 14:20:00",,"243889",,"cab97c1f-67b4-11f0-a847-0a0cda9789f2","1eb4a3f0-5e3d-4ac9-b813-8b1a562e7235","13",,"true",,,,,,,,,,,,,,,,,,"Untitled-Import-2",
"219","IDM","TMII","PUSAT INFORMASI","Pusat Informasi Main Lobby","IDM-TMII-PUSAT INFORMASI-Pusat Informasi Main Lobby-01","4","Satisfied","4",,,,"4","4",,,,,"Melakukan layanan secara profesional dan ramah (menjaga kontak mata, tersenyum tulus, dan memberikan solusi dengan empati)",,,,,,,,,,,,"abb7c714-f598-48bd-b442-465cd402fc60","Completed",,"10-10-2025 15:14:00",,"84190",,"cab97c1f-67b4-11f0-a847-0a0cda9789f2","1eb4a3f0-5e3d-4ac9-b813-8b1a562e7235","13",,"true",,,,,,,,,,,,,,,,,,"Untitled-Import-2",
"220","IDM","TMII","PUSAT INFORMASI","Antrian Shuttle","IDM-TMII-PUSAT INFORMASI-Antrian Shuttle-01","5","Satisfied","5","sekarang datang pulang ke TMII makin mudah pakai transportasi umum LRT. langsung dijemput shuttle khusus gratis yang nyaman dingin jadi ga kepanasan kehujanan di jalan, keren TMII sekarang","Accessibility and Transportation Improvements","Positive",,,,,"5","5",,,,,,,,,"Pusat informasi nyaman digunakan oleh pengunjung",,,,"43eb7333-ab3c-4e6a-925e-1cf3457f5dfe","Completed",,"10-10-2025 17:31:00",,"358039",,"cab97c1f-67b4-11f0-a847-0a0cda9789f2","1eb4a3f0-5e3d-4ac9-b813-8b1a562e7235","13",,"true",,,,,,,,,,,,,,,,,,"Untitled-Import-2",
"221","IDM","TMII","PUSAT INFORMASI","Pusat Informasi Main Lobby","IDM-TMII-PUSAT INFORMASI-Pusat Informasi Main Lobby-01","5","Satisfied","5","Sudah sangat baik hanya saja lebih baik lagi kalau fasilitas kereta dihidupkan kembali","Facility Maintenance and Cleanliness","Positive","5","5","5","5","5","5","Melakukan layanan secara profesional dan ramah (menjaga kontak mata, tersenyum tulus, dan memberikan solusi dengan empati)|Memiliki penampilan yang bersih dan rapi|Memberikan informasi dengan jelas dan akurat|Melayani dengan cepat dan tepat|Membantu dan memastikan kesiapan fasilitas",,,,"Fasilitas pusat informasi lengkap dan mendukung kebutuhan pengunjung|Fasilitas pusat informasi tersedia dengan baik dan mudah diakses oleh pengunjung",,,,"Pusat informasi bersih dan tertata dengan baik|Pusat informasi nyaman digunakan oleh pengunjung|Informasi mudah diakses dan disampaikan dengan jelas kepada pengunjung",,,,"da64f383-0699-4dc4-86bd-39968218f56d","Completed",,"11-10-2025 11:21:00",,"124161",,"cab97c1f-67b4-11f0-a847-0a0cda9789f2","1eb4a3f0-5e3d-4ac9-b813-8b1a562e7235","13",,"true",,,,,,,,,,,,,,,,,,"Untitled-Import-2",
"222","IDM","TMII","PUSAT INFORMASI","Pusat Informasi Main Lobby","IDM-TMII-PUSAT INFORMASI-Pusat Informasi Main Lobby-01","5","Satisfied","5","Terima kasih banyak atas pelayanan seluruh team TMII, sangat baik dan helpful sekali, boneka anak saya yang jatuh dijalan saat di angling pun bisa ketemu lagi
Terimakasih kaka kaka semuaa","Staff Friendliness and Service Quality","Positive","5","5","5","5","5","5","Melakukan layanan secara profesional dan ramah (menjaga kontak mata, tersenyum tulus, dan memberikan solusi dengan empati)|Memiliki penampilan yang bersih dan rapi|Memberikan informasi dengan jelas dan akurat|Melayani dengan cepat dan tepat|Membantu dan memastikan kesiapan fasilitas",,,,"Fasilitas pusat informasi lengkap dan mendukung kebutuhan pengunjung|Fasilitas pusat informasi tersedia dengan baik dan mudah diakses oleh pengunjung",,,,"Pusat informasi bersih dan tertata dengan baik|Pusat informasi nyaman digunakan oleh pengunjung|Informasi mudah diakses dan disampaikan dengan jelas kepada pengunjung",,,,"3ebecb14-c34e-4294-8fb8-2717c3b47305","Completed",,"11-10-2025 11:22:00",,"180602",,"cab97c1f-67b4-11f0-a847-0a0cda9789f2","1eb4a3f0-5e3d-4ac9-b813-8b1a562e7235","13",,"true",,,,,,,,,,,,,,,,,,"Untitled-Import-2",
"223","IDM","TMII","PUSAT INFORMASI","Pusat Informasi Main Lobby","IDM-TMII-PUSAT INFORMASI-Pusat Informasi Main Lobby-01","4","Satisfied","4","Pada hari Sabtu, 11 Oktober 2025, kami sekeluarga sedang jalan2 ke Dunia Air Tawar. Saat baru memasuki pintu masuk, posisi nya ada di ruangan setelah layar lebar yg menampilkan video. Tepatnya di samping aquarium kura2 alligator, terdapat perbedaan ketinggian lantai (kaca dan lantai). Hal tersebut membuat Ibu mertua saya terjatuh dan membuat kakinya keseleo. Karena ruangan tersebut gelap dan tidak ada tanda terhadap perbedaan lantai tersebut. Saran untuk kedepannya, lebih baik dikasih tanda karena perbedaan level lantai tersebut. Atau diberi penerangan agar ruangan sedikit lebih terang.","Safety and Security Measures (Shuttle Speed, Pathways, and Facilities)","Negative","4","4","4","4","4","4","Melakukan layanan secara profesional dan ramah (menjaga kontak mata, tersenyum tulus, dan memberikan solusi dengan empati)|Memiliki penampilan yang bersih dan rapi|Memberikan informasi dengan jelas dan akurat|Melayani dengan cepat dan tepat|Membantu dan memastikan kesiapan fasilitas",,,,"Fasilitas pusat informasi lengkap dan mendukung kebutuhan pengunjung|Fasilitas pusat informasi tersedia dengan baik dan mudah diakses oleh pengunjung",,,,"Pusat informasi bersih dan tertata dengan baik|Pusat informasi nyaman digunakan oleh pengunjung|Informasi mudah diakses dan disampaikan dengan jelas kepada pengunjung",,,,"55e422fb-042b-487c-8c67-13b8565b8014","Completed",,"12-10-2025 05:54:00",,"47592318",,"cab97c1f-67b4-11f0-a847-0a0cda9789f2","1eb4a3f0-5e3d-4ac9-b813-8b1a562e7235","13",,"true",,,,,,,,,,,,,,,,,,"Untitled-Import-2",
"224","IDM","TMII","PUSAT INFORMASI","Pusat Informasi Main Lobby","IDM-TMII-PUSAT INFORMASI-Pusat Informasi Main Lobby-01","5","Satisfied","5","Sangat sigap dan tanggap saat ada laporan anak yang terpisah","Safety and Security Measures (Shuttle Speed, Pathways, and Facilities)","Positive",,,,,"5","5",,,,,,,,,"Pusat informasi nyaman digunakan oleh pengunjung",,,,"39d45f78-8872-4473-9e19-eaaffe878df7","Completed",,"12-10-2025 14:04:00",,"60971",,"cab97c1f-67b4-11f0-a847-0a0cda9789f2","1eb4a3f0-5e3d-4ac9-b813-8b1a562e7235","13",,"true",,,,,,,,,,,,,,,,,,"Untitled-Import-2",
"225","IDM","TMII","PUSAT INFORMASI","Antrian Shuttle","IDM-TMII-PUSAT INFORMASI-Antrian Shuttle-01","3","Neutral","3","Tolong ditingkatkan lagu pelayanan alur transportasi umum dri lrt menuju taman mini. Sangat sedikit dan kurang terorganisi, antrian tidak jelas dan membingungkan.","Operational Hours and Scheduling Transparency","Negative",,,"3","3",,,,,,,,,"Fasilitas pusat informasi kurang lengkap dan belum mendukung kebutuhan pengunjung",,,,,,"384fb512-4246-455c-95ad-11ceeae356c5","Completed",,"12-10-2025 17:26:00",,"166419",,"cab97c1f-67b4-11f0-a847-0a0cda9789f2","1eb4a3f0-5e3d-4ac9-b813-8b1a562e7235","13",,"true",,,,,,,,,,,,,,,,,,"Untitled-Import-2",
"226","IDM","TMII","PUSAT INFORMASI","Pusat Informasi Main Lobby","IDM-TMII-PUSAT INFORMASI-Pusat Informasi Main Lobby-01","5","Satisfied","5",,,,"5","5","5","5","5","5","Memiliki penampilan yang bersih dan rapi|Melakukan layanan secara profesional dan ramah (menjaga kontak mata, tersenyum tulus, dan memberikan solusi dengan empati)|Memberikan informasi dengan jelas dan akurat|Melayani dengan cepat dan tepat|Membantu dan memastikan kesiapan fasilitas",,,,"Fasilitas pusat informasi lengkap dan mendukung kebutuhan pengunjung|Fasilitas pusat informasi tersedia dengan baik dan mudah diakses oleh pengunjung",,,,"Pusat informasi bersih dan tertata dengan baik|Pusat informasi nyaman digunakan oleh pengunjung|Informasi mudah diakses dan disampaikan dengan jelas kepada pengunjung",,,,"634f4fb8-80a0-4365-a7ba-67142a624247","Completed",,"12-10-2025 18:57:00",,"30656",,"cab97c1f-67b4-11f0-a847-0a0cda9789f2","1eb4a3f0-5e3d-4ac9-b813-8b1a562e7235","13",,"true",,,,,,,,,,,,,,,,,,"Untitled-Import-2",
"227","IDM","TMII","PUSAT INFORMASI","Antrian Shuttle","IDM-TMII-PUSAT INFORMASI-Antrian Shuttle-01","5","Satisfied","5","Petugas memberikan informasi dengan baik dan ramah. Saya langsung ditawarkan prioritas karena saya bawa bayi. Tapi saya mau jalan dulu lihat lihat. Oke banget sih","Staff Friendliness and Service Quality","Positive","5","5",,,,,"Melakukan layanan secara profesional dan ramah (menjaga kontak mata, tersenyum tulus, dan memberikan solusi dengan empati)",,,,,,,,,,,,"2218317b-c9ea-434d-a80a-6c3cda3ef055","Completed",,"14-10-2025 11:51:00",,"296636",,"cab97c1f-67b4-11f0-a847-0a0cda9789f2","1eb4a3f0-5e3d-4ac9-b813-8b1a562e7235","13",,"true",,,,,,,,,,,,,,,,,,"Untitled-Import-2",
"228","IDM","TMII","PUSAT INFORMASI","Antrian Shuttle","IDM-TMII-PUSAT INFORMASI-Antrian Shuttle-01","5","Satisfied","5","Pelayanannya oke banget. Saya membawa makanan untuk bekal anak-anak yang lagi studytour lumayan bawa 2 dus. Petugas membantu memanggil shuttle dan drivernya pun baik membantu membawa dus makanan buat anak-anak, ini ngebantu banget sih karna berat bgt kalau dibawa tanpa bantuan shuttle. Terima kasih buat semua","Amenities and Food Services Availability","Positive","5","5","5","5","5","5","Membantu dan memastikan kesiapan fasilitas",,,,,,,,,,,,"775039c6-ae6e-4ea6-8204-7fc9464fdee8","Completed",,"14-10-2025 13:32:00",,"6058530",,"cab97c1f-67b4-11f0-a847-0a0cda9789f2","1eb4a3f0-5e3d-4ac9-b813-8b1a562e7235","13",,"true",,,,,,,,,,,,,,,,,,"Untitled-Import-2",
"229","IDM","TMII","PUSAT INFORMASI","Pusat Informasi Main Lobby","IDM-TMII-PUSAT INFORMASI-Pusat Informasi Main Lobby-01","4","Satisfied","4","Very beautiful place, i love the culture and soul, the staff is very kind and helpfull","Tourist Attraction and Cultural Experience Quality","Positive","4","4","4","4",,,"Melakukan layanan secara profesional dan ramah (menjaga kontak mata, tersenyum tulus, dan memberikan solusi dengan empati)|Memiliki penampilan yang bersih dan rapi|Memberikan informasi dengan jelas dan akurat|Melayani dengan cepat dan tepat|Membantu dan memastikan kesiapan fasilitas",,,,"Fasilitas pusat informasi lengkap dan mendukung kebutuhan pengunjung|Fasilitas pusat informasi tersedia dengan baik dan mudah diakses oleh pengunjung",,,,,,,,"5e63ae34-9966-4d8b-ad7d-5bdad8f49b53","Completed",,"14-10-2025 13:36:00",,"120442",,"cab97c1f-67b4-11f0-a847-0a0cda9789f2","1eb4a3f0-5e3d-4ac9-b813-8b1a562e7235","13",,"true",,,,,,,,,,,,,,,,,,"Untitled-Import-2",
"230","IDM","TMII","PUSAT INFORMASI","Pusat Informasi Main Lobby","IDM-TMII-PUSAT INFORMASI-Pusat Informasi Main Lobby-01","5","Satisfied","5","Saya seorang introvert, jalan jalan ke tmii saat weekday sangat menyenangkan, museum dan anjungan tidak ramai sehingga saya sangat menikmati semua dengan baik. Semoga tmii semakin sukses, nanti saya akan bawa teman jepang saya untuk memperkenalkan budaya indonesia","Tourist Attraction and Cultural Experience Quality","Positive","5","5",,,"5","5","Melakukan layanan secara profesional dan ramah (menjaga kontak mata, tersenyum tulus, dan memberikan solusi dengan empati)|Memiliki penampilan yang bersih dan rapi",,,,,,,,"Pusat informasi bersih dan tertata dengan baik|Pusat informasi nyaman digunakan oleh pengunjung",,,,"48295998-e28a-4343-aec2-b64edd82ade7","Completed",,"14-10-2025 13:38:00",,"148587",,"cab97c1f-67b4-11f0-a847-0a0cda9789f2","1eb4a3f0-5e3d-4ac9-b813-8b1a562e7235","13",,"true",,,,,,,,,,,,,,,,,,"Untitled-Import-2",
"231","IDM","TMII","PUSAT INFORMASI","Pusat Informasi Main Lobby","IDM-TMII-PUSAT INFORMASI-Pusat Informasi Main Lobby-01","4","Satisfied","4","Hari ini cuaca sangat panas  tapi di tmii sejuk karena banyak pohon. Nyaman sekali bersantai di teli danau sambil menikmati show air mancur nya","Environmental Conditions (Pollution, Trash, and Landscaping)","Positive","4","4",,,"4","4","Memiliki penampilan yang bersih dan rapi|Memberikan informasi dengan jelas dan akurat|Melayani dengan cepat dan tepat",,,,,,,,"Informasi mudah diakses dan disampaikan dengan jelas kepada pengunjung|Pusat informasi nyaman digunakan oleh pengunjung",,,,"ec532e77-2487-40cc-9b40-08d534d6644a","Completed",,"14-10-2025 13:40:00",,"65610",,"cab97c1f-67b4-11f0-a847-0a0cda9789f2","1eb4a3f0-5e3d-4ac9-b813-8b1a562e7235","13",,"true",,,,,,,,,,,,,,,,,,"Untitled-Import-2",
"232","IDM","TMII","PUSAT INFORMASI","Pusat Informasi Main Lobby","IDM-TMII-PUSAT INFORMASI-Pusat Informasi Main Lobby-01","5","Satisfied","5","Terimakasih sudah dilayani dengan baik dan ramah, gk terlalu ramai di tmii jadi gk lama nunggu mobil kelilingnya","Staff Friendliness and Service Quality","Positive","5","5","5","5","5","5","Melakukan layanan secara profesional dan ramah (menjaga kontak mata, tersenyum tulus, dan memberikan solusi dengan empati)|Memiliki penampilan yang bersih dan rapi|Memberikan informasi dengan jelas dan akurat|Melayani dengan cepat dan tepat|Membantu dan memastikan kesiapan fasilitas",,,,"Fasilitas pusat informasi lengkap dan mendukung kebutuhan pengunjung|Fasilitas pusat informasi tersedia dengan baik dan mudah diakses oleh pengunjung",,,,"Pusat informasi bersih dan tertata dengan baik|Pusat informasi nyaman digunakan oleh pengunjung|Informasi mudah diakses dan disampaikan dengan jelas kepada pengunjung",,,,"66c78fbc-3111-499e-aa89-f287b1c93d66","Completed",,"15-10-2025 12:18:00",,"3813066",,"cab97c1f-67b4-11f0-a847-0a0cda9789f2","1eb4a3f0-5e3d-4ac9-b813-8b1a562e7235","13",,"true",,,,,,,,,,,,,,,,,,"Untitled-Import-2",
"233","IDM","TMII","PUSAT INFORMASI","Pusat Informasi Main Lobby","IDM-TMII-PUSAT INFORMASI-Pusat Informasi Main Lobby-01","5","Satisfied","5","Terkesan dengan kesigapan dan keramahan petugas yang sangat informatif. Kami sangat terbantu karena memberi arahan yang jelas","Staff Friendliness and Service Quality","Positive",,,,,"5","5",,,,,,,,,"Pusat informasi bersih dan tertata dengan baik|Pusat informasi nyaman digunakan oleh pengunjung",,,,"1429fc36-99eb-4408-9566-04dda1caee18","Completed",,"15-10-2025 12:53:00",,"268728",,"cab97c1f-67b4-11f0-a847-0a0cda9789f2","1eb4a3f0-5e3d-4ac9-b813-8b1a562e7235","13",,"true",,,,,,,,,,,,,,,,,,"Untitled-Import-2",
"234","IDM","TMII","PUSAT INFORMASI","Pusat Informasi Main Lobby","IDM-TMII-PUSAT INFORMASI-Pusat Informasi Main Lobby-01","5","Satisfied","5","Terima kasih atas pelayanan yang sangat luar biasa mulai saya masuk area taman mini sampe udah mau balik, semua petugasnya ramah, abang wara wirinya gokil abis. Sangat berkesan menjadi pengalaman jelajah yg gabakal kami lupain","Tourist Attraction and Cultural Experience Quality","Positive","5","5",,,,,"Melakukan layanan secara profesional dan ramah (menjaga kontak mata, tersenyum tulus, dan memberikan solusi dengan empati)|Memberikan informasi dengan jelas dan akurat",,,,,,,,,,,,"8ee18201-70c8-4bf9-9e78-6a7e9681342d","Completed",,"15-10-2025 16:06:00",,"2361203",,"cab97c1f-67b4-11f0-a847-0a0cda9789f2","1eb4a3f0-5e3d-4ac9-b813-8b1a562e7235","13",,"true",,,,,,,,,,,,,,,,,,"Untitled-Import-2",
"235","IDM","TMII","PUSAT INFORMASI","Pusat Informasi Main Lobby","IDM-TMII-PUSAT INFORMASI-Pusat Informasi Main Lobby-01","4","Satisfied","4",,,,"4","4",,,,,"Melakukan layanan secara profesional dan ramah (menjaga kontak mata, tersenyum tulus, dan memberikan solusi dengan empati)",,,,,,,,,,,,"c2a155bb-d527-426b-a6e1-2de70d55268d","Completed",,"15-10-2025 18:30:00",,"74871",,"cab97c1f-67b4-11f0-a847-0a0cda9789f2","1eb4a3f0-5e3d-4ac9-b813-8b1a562e7235","13",,"true",,,,,,,,,,,,,,,,,,"Untitled-Import-2",
"236","IDM","TMII","PUSAT INFORMASI","Antrian Shuttle","IDM-TMII-PUSAT INFORMASI-Antrian Shuttle-01","5","Satisfied","5","Seru bagt untuk tmii skrng dan juga staf ramah sekali terhadap warga lokal maupun luar.tolong pertahankan itu ya krna kiya sebagai pengunju jdi merasa senang jika staf ramah","Staff Friendliness and Service Quality","Positive","5","5",,,"5","5","Melakukan layanan secara profesional dan ramah (menjaga kontak mata, tersenyum tulus, dan memberikan solusi dengan empati)|Melayani dengan cepat dan tepat|Membantu dan memastikan kesiapan fasilitas",,,,,,,,"Pusat informasi nyaman digunakan oleh pengunjung|Informasi mudah diakses dan disampaikan dengan jelas kepada pengunjung",,,,"c6bd9c20-baac-497b-84a8-0acd1cc602f4","Completed",,"15-10-2025 19:10:00",,"141299",,"cab97c1f-67b4-11f0-a847-0a0cda9789f2","1eb4a3f0-5e3d-4ac9-b813-8b1a562e7235","13",,"true",,,,,,,,,,,,,,,,,,"Untitled-Import-2",
"237","IDM","TMII","PUSAT INFORMASI","Pusat Informasi Main Lobby","IDM-TMII-PUSAT INFORMASI-Pusat Informasi Main Lobby-01","5","Satisfied","5","Kunjungan Sekolah Jadi Seru dan Penuh Ilmu. 'Murid-murid kami sangat puas dengan kunjungan ke TMII. Tempatnya bersih dan fasilitas edukasinya lengkap. Mereka bisa belajar budaya, sejarah, dan sains dengan cara yang menyenangkan dan interaktif, tidak hanya di kelas saja","Activities and Educational Programs Enhancement","Positive","5","5","5","5","5","5","Membantu dan memastikan kesiapan fasilitas|Melayani dengan cepat dan tepat|Memiliki penampilan yang bersih dan rapi|Memberikan informasi dengan jelas dan akurat|Melakukan layanan secara profesional dan ramah (menjaga kontak mata, tersenyum tulus, dan memberikan solusi dengan empati)",,,,"Fasilitas pusat informasi lengkap dan mendukung kebutuhan pengunjung|Fasilitas pusat informasi tersedia dengan baik dan mudah diakses oleh pengunjung",,,,"Pusat informasi bersih dan tertata dengan baik|Pusat informasi nyaman digunakan oleh pengunjung|Informasi mudah diakses dan disampaikan dengan jelas kepada pengunjung",,,,"c427d30a-e7b9-4a30-a1a0-e63ebe05a56d","Completed",,"16-10-2025 12:27:00",,"65329",,"cab97c1f-67b4-11f0-a847-0a0cda9789f2","1eb4a3f0-5e3d-4ac9-b813-8b1a562e7235","13",,"true",,,,,,,,,,,,,,,,,,"Untitled-Import-2",
"238","IDM","TMII","PUSAT INFORMASI","Pusat Informasi Main Lobby","IDM-TMII-PUSAT INFORMASI-Pusat Informasi Main Lobby-01","5","Satisfied","5","Wisata Edukasi Paling Komplit. TMII itu tempat belajar dan liburan Seruu buat anak bisa lihat rumah adat dan koleksi budaya secara langsung, bukan cuma dari buku. Edukasi dan hiburannya seimbang, bikin semua anggota keluarga senang","Activities and Educational Programs Enhancement","Positive","5","5","5","5","5","5","Melakukan layanan secara profesional dan ramah (menjaga kontak mata, tersenyum tulus, dan memberikan solusi dengan empati)|Memiliki penampilan yang bersih dan rapi|Memberikan informasi dengan jelas dan akurat|Melayani dengan cepat dan tepat|Membantu dan memastikan kesiapan fasilitas",,,,"Fasilitas pusat informasi lengkap dan mendukung kebutuhan pengunjung|Fasilitas pusat informasi tersedia dengan baik dan mudah diakses oleh pengunjung",,,,"Informasi mudah diakses dan disampaikan dengan jelas kepada pengunjung|Pusat informasi nyaman digunakan oleh pengunjung|Pusat informasi bersih dan tertata dengan baik",,,,"2cdb8345-6733-4239-9e22-fa5dd09bf183","Completed",,"16-10-2025 12:33:00",,"143855",,"cab97c1f-67b4-11f0-a847-0a0cda9789f2","1eb4a3f0-5e3d-4ac9-b813-8b1a562e7235","13",,"true",,,,,,,,,,,,,,,,,,"Untitled-Import-2",
"239","IDM","TMII","PUSAT INFORMASI","Antrian Shuttle","IDM-TMII-PUSAT INFORMASI-Antrian Shuttle-01","3","Neutral","3","Seharusnya tertulis jam operasional tentang shuttle LRT, dan waktu menunggunya. Untuk menunggu shuttle LRT SANGAT LAMA.","Operational Hours and Scheduling Transparency","Negative","3","3","3","3","3","3",,,"Lainnya","Kurangnya armada shuttle LRT, membuat customer menunggu sangat lama.",,,,,,,"Pusat informasi kurang nyaman digunakan oleh pengunjung",,"579cd090-2011-44fb-8ba5-d63769d3dc67","Completed",,"16-10-2025 15:01:00",,"252781",,"cab97c1f-67b4-11f0-a847-0a0cda9789f2","1eb4a3f0-5e3d-4ac9-b813-8b1a562e7235","13",,"true",,,,,,,,,,,,,,,,,,"Untitled-Import-2",
"240","IDM","TMII","PUSAT INFORMASI","Pusat Informasi Main Lobby","IDM-TMII-PUSAT INFORMASI-Pusat Informasi Main Lobby-01","5","Satisfied","5","Pelayanan nya sangat baik, petugas² nya sangat ramah, sabar memberikan informasi dalam setiap hal, sangat memuaskan sekali","Staff Friendliness and Service Quality","Positive","5","5",,,,,"Melakukan layanan secara profesional dan ramah (menjaga kontak mata, tersenyum tulus, dan memberikan solusi dengan empati)",,,,,,,,,,,,"99dbcbaa-b485-44b6-97c7-feebc0b09f07","Completed",,"18-10-2025 13:32:00",,"172557",,"cab97c1f-67b4-11f0-a847-0a0cda9789f2","1eb4a3f0-5e3d-4ac9-b813-8b1a562e7235","13",,"true",,,,,,,,,,,,,,,,,,"Untitled-Import-2",
"241","IDM","TMII","PUSAT INFORMASI","Antrian Shuttle","IDM-TMII-PUSAT INFORMASI-Antrian Shuttle-01","5","Satisfied","5","Jalan ke taman mini sekarang makin seru, suasana nya adem ditambah abis ujan jadi makin betah, sayangnya gabisa lama-lama disini🥺","Tourist Attraction and Cultural Experience Quality","Positive",,,"5","5",,,,,,,"Fasilitas pusat informasi lengkap dan mendukung kebutuhan pengunjung|Fasilitas pusat informasi tersedia dengan baik dan mudah diakses oleh pengunjung",,,,,,,,"390712a6-671b-41ea-8188-add7e89e9b0a","Completed",,"18-10-2025 15:45:00",,"401513",,"cab97c1f-67b4-11f0-a847-0a0cda9789f2","1eb4a3f0-5e3d-4ac9-b813-8b1a562e7235","13",,"true",,,,,,,,,,,,,,,,,,"Untitled-Import-2",
"242","IDM","TMII","PUSAT INFORMASI","Antrian Shuttle","IDM-TMII-PUSAT INFORMASI-Antrian Shuttle-01","5","Satisfied","5","Cool","Tourist Attraction and Cultural Experience Quality","Neutral","5","5","5","5","5","5","Melakukan layanan secara profesional dan ramah (menjaga kontak mata, tersenyum tulus, dan memberikan solusi dengan empati)|Memberikan informasi dengan jelas dan akurat|Melayani dengan cepat dan tepat|Memiliki penampilan yang bersih dan rapi|Membantu dan memastikan kesiapan fasilitas|Lainnya","Mantap",,,"Fasilitas pusat informasi lengkap dan mendukung kebutuhan pengunjung|Fasilitas pusat informasi tersedia dengan baik dan mudah diakses oleh pengunjung",,,,"Pusat informasi bersih dan tertata dengan baik|Pusat informasi nyaman digunakan oleh pengunjung|Informasi mudah diakses dan disampaikan dengan jelas kepada pengunjung",,,,"039782ad-2001-4163-80d9-58f59f7b0a6f","Completed",,"18-10-2025 17:13:00",,"49123",,"cab97c1f-67b4-11f0-a847-0a0cda9789f2","1eb4a3f0-5e3d-4ac9-b813-8b1a562e7235","13",,"true",,,,,,,,,,,,,,,,,,"Untitled-Import-2",
"243","IDM","TMII","PUSAT INFORMASI","Pusat Informasi Main Lobby","IDM-TMII-PUSAT INFORMASI-Pusat Informasi Main Lobby-01","4","Satisfied","4","informasi tentang annual pass, kapan kartu terbit bisa diinfokan via email","Pricing and Membership Policies (Annual Pass and Ticketing)","Neutral","4","4",,,,,"Memiliki penampilan yang bersih dan rapi",,,,,,,,,,,,"c88f9341-8f66-450f-bc61-7594bbed7a70","Completed",,"18-10-2025 19:48:00",,"69847",,"cab97c1f-67b4-11f0-a847-0a0cda9789f2","1eb4a3f0-5e3d-4ac9-b813-8b1a562e7235","13",,"true",,,,,,,,,,,,,,,,,,"Untitled-Import-2",
"244","IDM","TMII","PUSAT INFORMASI","Pusat Informasi Main Lobby","IDM-TMII-PUSAT INFORMASI-Pusat Informasi Main Lobby-01","5","Satisfied","5","Proses anual pass terlalu lama dan kurang responsif (tidak ada email bukti pembayaran terlampir)","Pricing and Membership Policies (Annual Pass and Ticketing)","Negative","5","5",,,,,"Melayani dengan cepat dan tepat|Melakukan layanan secara profesional dan ramah (menjaga kontak mata, tersenyum tulus, dan memberikan solusi dengan empati)",,,,,,,,,,,,"cb2f9e2b-e6cc-48ad-88c5-e8a4ac21994f","Completed",,"18-10-2025 19:50:00",,"162128",,"cab97c1f-67b4-11f0-a847-0a0cda9789f2","1eb4a3f0-5e3d-4ac9-b813-8b1a562e7235","13",,"true",,,,,,,,,,,,,,,,,,"Untitled-Import-2",
"245","IDM","TMII","PUSAT INFORMASI","Pusat Informasi Main Lobby","IDM-TMII-PUSAT INFORMASI-Pusat Informasi Main Lobby-01","5","Satisfied","5",,,,"5","5","5","5",,,"Melakukan layanan secara profesional dan ramah (menjaga kontak mata, tersenyum tulus, dan memberikan solusi dengan empati)",,,,"Fasilitas pusat informasi lengkap dan mendukung kebutuhan pengunjung",,,,,,,,"44cc860d-f273-4386-85ee-8b71d3e3bd3a","Completed",,"19-10-2025 16:37:00",,"20448",,"cab97c1f-67b4-11f0-a847-0a0cda9789f2","1eb4a3f0-5e3d-4ac9-b813-8b1a562e7235","13",,"true",,,,,,,,,,,,,,,,,,"Untitled-Import-2",
"246","IDM","TMII","PUSAT INFORMASI","Pusat Informasi Main Lobby","IDM-TMII-PUSAT INFORMASI-Pusat Informasi Main Lobby-01","5","Satisfied","5","Perubahan taman mini makin bagus ya sekarang, tidak ada polusi udara dan asri karena makin banyak pohon, bener* bikin fresh pikiran dan badan","Environmental Conditions (Pollution, Trash, and Landscaping)","Positive","5","5",,,"5","5","Melakukan layanan secara profesional dan ramah (menjaga kontak mata, tersenyum tulus, dan memberikan solusi dengan empati)",,,,,,,,"Pusat informasi bersih dan tertata dengan baik|Pusat informasi nyaman digunakan oleh pengunjung",,,,"fd7798f8-1719-4c4a-b6fe-93167b552de9","Completed",,"20-10-2025 12:07:00",,"156477",,"cab97c1f-67b4-11f0-a847-0a0cda9789f2","1eb4a3f0-5e3d-4ac9-b813-8b1a562e7235","13",,"true",,,,,,,,,,,,,,,,,,"Untitled-Import-2",
"247","IDM","TMII","PUSAT INFORMASI","Pusat Informasi Main Lobby","IDM-TMII-PUSAT INFORMASI-Pusat Informasi Main Lobby-01","5","Satisfied","5","Ternyata lebih seru ke taman mini saat weekday, ga terlalu ramai jadi bisa lebih fokus untuk jelajah semuanya ditambah ngisi treasure hunt jadi makin seru dan leluasa bgt","Tourist Attraction and Cultural Experience Quality","Positive",,,"5","5","5","5",,,,,"Fasilitas pusat informasi lengkap dan mendukung kebutuhan pengunjung|Fasilitas pusat informasi tersedia dengan baik dan mudah diakses oleh pengunjung",,,,"Pusat informasi bersih dan tertata dengan baik|Pusat informasi nyaman digunakan oleh pengunjung",,,,"978a8f7c-5261-40aa-9908-14d83e239980","Completed",,"20-10-2025 12:24:00",,"986683",,"cab97c1f-67b4-11f0-a847-0a0cda9789f2","1eb4a3f0-5e3d-4ac9-b813-8b1a562e7235","13",,"true",,,,,,,,,,,,,,,,,,"Untitled-Import-2",
"248","IDM","TMII","PUSAT INFORMASI","Pusat Informasi Main Lobby","IDM-TMII-PUSAT INFORMASI-Pusat Informasi Main Lobby-01","5","Satisfied","5",,,,"5","5","5","5","5","5","Memberikan informasi dengan jelas dan akurat|Melayani dengan cepat dan tepat|Memiliki penampilan yang bersih dan rapi",,,,"Fasilitas pusat informasi lengkap dan mendukung kebutuhan pengunjung",,,,"Pusat informasi bersih dan tertata dengan baik|Informasi mudah diakses dan disampaikan dengan jelas kepada pengunjung|Pusat informasi nyaman digunakan oleh pengunjung",,,,"2bd88f9d-a99a-4737-8b72-5643c6852e5a","Completed",,"20-10-2025 12:50:00",,"34659",,"cab97c1f-67b4-11f0-a847-0a0cda9789f2","1eb4a3f0-5e3d-4ac9-b813-8b1a562e7235","13",,"true",,,,,,,,,,,,,,,,,,"Untitled-Import-2",
"249","IDM","TMII","PUSAT INFORMASI","Antrian Shuttle","IDM-TMII-PUSAT INFORMASI-Antrian Shuttle-01","5","Satisfied","5","Akses mudah dengan adanya mobil shuttle yang anterin ke pintu utama dari tempat parkir. Gak perlu capek jalan kaki. Driver ramah dan petugas yang menyambut pun murah senyum","Accessibility and Transportation Improvements","Positive",,,,,"5","5",,,,,,,,,"Informasi mudah diakses dan disampaikan dengan jelas kepada pengunjung",,,,"95b58f98-37bf-49e8-a663-b0139c6939ff","Completed",,"20-10-2025 16:26:00",,"125851",,"cab97c1f-67b4-11f0-a847-0a0cda9789f2","1eb4a3f0-5e3d-4ac9-b813-8b1a562e7235","13",,"true",,,,,,,,,,,,,,,,,,"Untitled-Import-2",
"250","IDM","TMII","PUSAT INFORMASI","Pusat Informasi Main Lobby","IDM-TMII-PUSAT INFORMASI-Pusat Informasi Main Lobby-01","5","Satisfied","5",,,,,,"5","5","5","5",,,,,"Fasilitas pusat informasi lengkap dan mendukung kebutuhan pengunjung|Fasilitas pusat informasi tersedia dengan baik dan mudah diakses oleh pengunjung",,,,"Pusat informasi nyaman digunakan oleh pengunjung",,,,"37bc3e2b-2a3b-4ddd-b745-95839b0e4960","Completed",,"20-10-2025 17:29:00",,"10183",,"cab97c1f-67b4-11f0-a847-0a0cda9789f2","1eb4a3f0-5e3d-4ac9-b813-8b1a562e7235","13",,"true",,,,,,,,,,,,,,,,,,"Untitled-Import-2",
"251","IDM","TMII","PUSAT INFORMASI","Pusat Informasi Main Lobby","IDM-TMII-PUSAT INFORMASI-Pusat Informasi Main Lobby-01","5","Satisfied","5","Overall seru bgt ke tmii, melebihi ekspektasi karena banyak spot foto bagus, lebih tertata dan asri, jadi nyaman berkeliling","Tourist Attraction and Cultural Experience Quality","Positive",,,"5","5",,,,,,,"Fasilitas pusat informasi tersedia dengan baik dan mudah diakses oleh pengunjung",,,,,,,,"5bc31601-143d-4f96-851d-36b25197859f","Completed",,"21-10-2025 10:14:00",,"60297659",,"cab97c1f-67b4-11f0-a847-0a0cda9789f2","1eb4a3f0-5e3d-4ac9-b813-8b1a562e7235","13",,"true",,,,,,,,,,,,,,,,,,"Untitled-Import-2",
"252","IDM","TMII","PUSAT INFORMASI","Pusat Informasi Main Lobby","IDM-TMII-PUSAT INFORMASI-Pusat Informasi Main Lobby-01","5","Satisfied","5","bagus","Tourist Attraction and Cultural Experience Quality","Positive",,,,,"5","5",,,,,,,,,"Pusat informasi nyaman digunakan oleh pengunjung",,,,"027efdad-2a28-4238-bf4c-95734a2df489","Completed",,"21-10-2025 11:51:00",,"31628",,"cab97c1f-67b4-11f0-a847-0a0cda9789f2","1eb4a3f0-5e3d-4ac9-b813-8b1a562e7235","13",,"true",,,,,,,,,,,,,,,,,,"Untitled-Import-2",
"253","IDM","TMII","PUSAT INFORMASI","Pusat Informasi Main Lobby","IDM-TMII-PUSAT INFORMASI-Pusat Informasi Main Lobby-01","5","Satisfied","5","Terima kasih kaka2 petugas yang ramah, sigap saat ada hujan, sehat selalu ka","Staff Friendliness and Service Quality","Positive",,,"5","5","5","5",,,,,"Fasilitas pusat informasi lengkap dan mendukung kebutuhan pengunjung",,,,"Pusat informasi bersih dan tertata dengan baik",,,,"c2929a17-e042-4dda-ab6f-7536e1ee9c32","Completed",,"21-10-2025 13:26:00",,"185162",,"cab97c1f-67b4-11f0-a847-0a0cda9789f2","1eb4a3f0-5e3d-4ac9-b813-8b1a562e7235","13",,"true",,,,,,,,,,,,,,,,,,"Untitled-Import-2",
"254","IDM","TMII","PUSAT INFORMASI","Pusat Informasi Main Lobby","IDM-TMII-PUSAT INFORMASI-Pusat Informasi Main Lobby-01","5","Satisfied","5","Terimakasih pelayanan kakak nya cepet langsung payungin anak saya, dan naik shuttle keluar langsung ditutup tirainya biar semua penumpang gak kebasahan 
Padahal kakak nya yang jada di depan sama drivenya basah juga","Staff Friendliness and Service Quality","Positive","5","5","5","5",,,"Melakukan layanan secara profesional dan ramah (menjaga kontak mata, tersenyum tulus, dan memberikan solusi dengan empati)|Melayani dengan cepat dan tepat",,,,"Fasilitas pusat informasi tersedia dengan baik dan mudah diakses oleh pengunjung|Fasilitas pusat informasi lengkap dan mendukung kebutuhan pengunjung",,,,,,,,"aa750f5a-0a53-4788-9a73-01fc256f38ee","Completed",,"21-10-2025 15:21:00",,"38237",,"cab97c1f-67b4-11f0-a847-0a0cda9789f2","1eb4a3f0-5e3d-4ac9-b813-8b1a562e7235","13",,"true",,,,,,,,,,,,,,,,,,"Untitled-Import-2",
"255","IDM","TMII","PUSAT INFORMASI","Pusat Informasi Main Lobby","IDM-TMII-PUSAT INFORMASI-Pusat Informasi Main Lobby-01","5","Satisfied","5","Saya bawa lansia saat hujan tujuannya mau keliling tapi karna hujan deras saya tunggu dulu di TIC disuruh duduk, dan saat saya mau ke toilet di arahin ke tempat menyusui untuk ibu saya karna ibu saya sudah tua tidak bisa menahanan pipis. Makasih ya petugas sudah baik","Accessibility for Seniors and Disabled Visitors","Positive","5","5",,,,,"Melayani dengan cepat dan tepat|Melakukan layanan secara profesional dan ramah (menjaga kontak mata, tersenyum tulus, dan memberikan solusi dengan empati)",,,,,,,,,,,,"b5cdea99-8a34-4c72-bc60-64bf7f5ff905","Completed",,"21-10-2025 15:23:00",,"31593",,"cab97c1f-67b4-11f0-a847-0a0cda9789f2","1eb4a3f0-5e3d-4ac9-b813-8b1a562e7235","13",,"true",,,,,,,,,,,,,,,,,,"Untitled-Import-2",
"256","IDM","TMII","PUSAT INFORMASI","Pusat Informasi Main Lobby","IDM-TMII-PUSAT INFORMASI-Pusat Informasi Main Lobby-01","5","Satisfied","5","Semua sudah sangat bagus, banyak petugas dimana-mana sangat membantu kami sehingga tidak tersesat di taman mini yang luas ini 😆","Staff Friendliness and Service Quality","Positive",,,,,"5","5",,,,,,,,,"Pusat informasi bersih dan tertata dengan baik",,,,"c0d3ed6c-f9f0-416c-94d4-8501a35e2a34","Completed",,"22-10-2025 15:53:00",,"20463144",,"cab97c1f-67b4-11f0-a847-0a0cda9789f2","1eb4a3f0-5e3d-4ac9-b813-8b1a562e7235","13",,"true",,,,,,,,,,,,,,,,,,"Untitled-Import-2",
"257","IDM","TMII","PUSAT INFORMASI","Antrian Shuttle","IDM-TMII-PUSAT INFORMASI-Antrian Shuttle-01","5","Satisfied","5","Petugas di depan membantu saya dan langsung memanggilkan shuttle karna saya lg buru buru. Makasih buat petugas dan driver yg sudah ramah","Staff Friendliness and Service Quality","Positive","5","5",,,,,"Melayani dengan cepat dan tepat",,,,,,,,,,,,"82e6d7c9-a7d8-42f2-842b-44573083740a","Completed",,"24-10-2025 14:20:00",,"101957",,"cab97c1f-67b4-11f0-a847-0a0cda9789f2","1eb4a3f0-5e3d-4ac9-b813-8b1a562e7235","13",,"true",,,,,,,,,,,,,,,,,,"Untitled-Import-2",
"258","IDM","TMII","PUSAT INFORMASI","Pusat Informasi Main Lobby","IDM-TMII-PUSAT INFORMASI-Pusat Informasi Main Lobby-01","5","Satisfied","5","Pengalaman yang tak terlupakan, ingin kembali lagi!","Tourist Attraction and Cultural Experience Quality","Positive","5","5","5","5","5","5","Melakukan layanan secara profesional dan ramah (menjaga kontak mata, tersenyum tulus, dan memberikan solusi dengan empati)|Memiliki penampilan yang bersih dan rapi|Memberikan informasi dengan jelas dan akurat|Melayani dengan cepat dan tepat|Membantu dan memastikan kesiapan fasilitas",,,,"Fasilitas pusat informasi lengkap dan mendukung kebutuhan pengunjung|Fasilitas pusat informasi tersedia dengan baik dan mudah diakses oleh pengunjung",,,,"Pusat informasi bersih dan tertata dengan baik|Pusat informasi nyaman digunakan oleh pengunjung|Informasi mudah diakses dan disampaikan dengan jelas kepada pengunjung",,,,"93fac58a-f5f0-40ba-8971-6e3c1472745a","Completed","New","26-11-2025 12:00:16","Anonymous","155675",,"cab97c1f-67b4-11f0-a847-0a0cda9789f2","1eb4a3f0-5e3d-4ac9-b813-8b1a562e7235",,,"true","False","QrCode","Bahasa","2025-11-26T04:57:40.8304Z",,,,,,,,,,,,,,,"68b5aaf51f3cc3c03afa57ae"
"259","IDM","TMII","PUSAT INFORMASI","Pusat Informasi Main Lobby","IDM-TMII-PUSAT INFORMASI-Pusat Informasi Main Lobby-01","5","Satisfied","5","Desain dan tata letaknya indah dan tertata rapi banget","Tourist Attraction and Cultural Experience Quality","Positive","5","5","5","5","5","5","Melakukan layanan secara profesional dan ramah (menjaga kontak mata, tersenyum tulus, dan memberikan solusi dengan empati)|Memiliki penampilan yang bersih dan rapi|Memberikan informasi dengan jelas dan akurat|Melayani dengan cepat dan tepat|Membantu dan memastikan kesiapan fasilitas",,,,"Fasilitas pusat informasi lengkap dan mendukung kebutuhan pengunjung|Fasilitas pusat informasi tersedia dengan baik dan mudah diakses oleh pengunjung",,,,"Pusat informasi bersih dan tertata dengan baik|Pusat informasi nyaman digunakan oleh pengunjung|Informasi mudah diakses dan disampaikan dengan jelas kepada pengunjung",,,,"e98d1930-ba05-4c6f-a6c5-a057443620ad","Completed","New","26-11-2025 11:54:01","Anonymous","58369",,"cab97c1f-67b4-11f0-a847-0a0cda9789f2","1eb4a3f0-5e3d-4ac9-b813-8b1a562e7235",,,"true","False","QrCode","Bahasa","2025-11-26T04:53:02.8315Z",,,,,,,,,,,,,,,"68b5aaf51f3cc3c03afa57ae"
"260","IDM","TMII","PUSAT INFORMASI","Pusat Informasi Main Lobby","IDM-TMII-PUSAT INFORMASI-Pusat Informasi Main Lobby-01","5","Satisfied","5","Udara segar dan suasana asri, bikin betah berlama - lama","Environmental Conditions (Pollution, Trash, and Landscaping)","Positive","5","5","5","5","5","5","Melakukan layanan secara profesional dan ramah (menjaga kontak mata, tersenyum tulus, dan memberikan solusi dengan empati)|Memiliki penampilan yang bersih dan rapi|Memberikan informasi dengan jelas dan akurat|Melayani dengan cepat dan tepat|Membantu dan memastikan kesiapan fasilitas",,,,"Fasilitas pusat informasi lengkap dan mendukung kebutuhan pengunjung|Fasilitas pusat informasi tersedia dengan baik dan mudah diakses oleh pengunjung",,,,"Pusat informasi bersih dan tertata dengan baik|Pusat informasi nyaman digunakan oleh pengunjung|Informasi mudah diakses dan disampaikan dengan jelas kepada pengunjung",,,,"5ce3ff65-8ed3-4797-a168-8d3389dc6c0e","Completed","New","26-11-2025 11:52:44","Anonymous","72872",,"cab97c1f-67b4-11f0-a847-0a0cda9789f2","1eb4a3f0-5e3d-4ac9-b813-8b1a562e7235",,,"true","False","QrCode","Bahasa","2025-11-26T04:51:31.0942Z",,,,,,,,,,,,,,,"68b5aaf51f3cc3c03afa57ae"
"261","IDM","TMII","PUSAT INFORMASI","Pusat Informasi Main Lobby","IDM-TMII-PUSAT INFORMASI-Pusat Informasi Main Lobby-01","5","Satisfied","5","Pemandangannya luar biasa, benar - benar memanjakan mata!","Tourist Attraction and Cultural Experience Quality","Positive","5","5","5","5","5","5","Melakukan layanan secara profesional dan ramah (menjaga kontak mata, tersenyum tulus, dan memberikan solusi dengan empati)|Memiliki penampilan yang bersih dan rapi|Memberikan informasi dengan jelas dan akurat|Melayani dengan cepat dan tepat|Membantu dan memastikan kesiapan fasilitas",,,,"Fasilitas pusat informasi lengkap dan mendukung kebutuhan pengunjung|Fasilitas pusat informasi tersedia dengan baik dan mudah diakses oleh pengunjung",,,,"Pusat informasi bersih dan tertata dengan baik|Pusat informasi nyaman digunakan oleh pengunjung|Informasi mudah diakses dan disampaikan dengan jelas kepada pengunjung",,,,"e0ce48e7-cd42-4a69-a28b-2535c95a6c43","Completed","New","26-11-2025 11:51:24","Anonymous","105413",,"cab97c1f-67b4-11f0-a847-0a0cda9789f2","1eb4a3f0-5e3d-4ac9-b813-8b1a562e7235",,,"true","False","QrCode","Bahasa","2025-11-26T04:49:38.8342Z",,,,,,,,,,,,,,,"68b5aaf51f3cc3c03afa57ae"
"262","IDM","TMII","PUSAT INFORMASI","Pusat Informasi Main Lobby","IDM-TMII-PUSAT INFORMASI-Pusat Informasi Main Lobby-01","5","Satisfied","5","Banyak aktivitas seru yang bisa dilakukan di Taman Mini","Activities and Educational Programs Enhancement","Positive","5","5","5","5","5","5","Melakukan layanan secara profesional dan ramah (menjaga kontak mata, tersenyum tulus, dan memberikan solusi dengan empati)|Memiliki penampilan yang bersih dan rapi|Memberikan informasi dengan jelas dan akurat|Melayani dengan cepat dan tepat|Membantu dan memastikan kesiapan fasilitas",,,,"Fasilitas pusat informasi lengkap dan mendukung kebutuhan pengunjung|Fasilitas pusat informasi tersedia dengan baik dan mudah diakses oleh pengunjung",,,,"Pusat informasi bersih dan tertata dengan baik|Pusat informasi nyaman digunakan oleh pengunjung|Informasi mudah diakses dan disampaikan dengan jelas kepada pengunjung",,,,"57412d37-438f-4975-bbba-b5038f8341ad","Completed","New","26-11-2025 11:49:30","Anonymous","76364",,"cab97c1f-67b4-11f0-a847-0a0cda9789f2","1eb4a3f0-5e3d-4ac9-b813-8b1a562e7235",,,"true","False","QrCode","Bahasa","2025-11-26T04:48:13.4376Z",,,,,,,,,,,,,,,"68b5aaf51f3cc3c03afa57ae"
"263","IDM","TMII","PUSAT INFORMASI","Pusat Informasi Main Lobby","IDM-TMII-PUSAT INFORMASI-Pusat Informasi Main Lobby-01","5","Satisfied","5","Tempatnya aman dan nyaman untuk anak - anak","Safety and Security Measures (Shuttle Speed, Pathways, and Facilities)","Positive","5","5","5","5","5","5","Melakukan layanan secara profesional dan ramah (menjaga kontak mata, tersenyum tulus, dan memberikan solusi dengan empati)|Memiliki penampilan yang bersih dan rapi|Memberikan informasi dengan jelas dan akurat|Melayani dengan cepat dan tepat|Membantu dan memastikan kesiapan fasilitas",,,,"Fasilitas pusat informasi lengkap dan mendukung kebutuhan pengunjung|Fasilitas pusat informasi tersedia dengan baik dan mudah diakses oleh pengunjung",,,,"Pusat informasi bersih dan tertata dengan baik|Pusat informasi nyaman digunakan oleh pengunjung|Informasi mudah diakses dan disampaikan dengan jelas kepada pengunjung",,,,"85319d93-a15a-494f-b88d-6fd140f3ea86","Completed","New","26-11-2025 11:47:53","Anonymous","80292",,"cab97c1f-67b4-11f0-a847-0a0cda9789f2","1eb4a3f0-5e3d-4ac9-b813-8b1a562e7235",,,"true","False","QrCode","Bahasa","2025-11-26T04:46:33.0564Z",,,,,,,,,,,,,,,"68b5aaf51f3cc3c03afa57ae"
"264","IDM","TMII","PUSAT INFORMASI","Pusat Informasi Main Lobby","IDM-TMII-PUSAT INFORMASI-Pusat Informasi Main Lobby-01","5","Satisfied","5","Akses menuju tempat museum, wahana, dan anjungannya sangat mudah dan jelas dengan menggunakan shuttle. dijelaskan secara detail juga","Visitor Information and Signage Clarity","Positive","5","5","5","5","5","5","Melakukan layanan secara profesional dan ramah (menjaga kontak mata, tersenyum tulus, dan memberikan solusi dengan empati)|Memiliki penampilan yang bersih dan rapi|Memberikan informasi dengan jelas dan akurat|Melayani dengan cepat dan tepat|Membantu dan memastikan kesiapan fasilitas",,,,"Fasilitas pusat informasi lengkap dan mendukung kebutuhan pengunjung|Fasilitas pusat informasi tersedia dengan baik dan mudah diakses oleh pengunjung",,,,"Pusat informasi bersih dan tertata dengan baik|Pusat informasi nyaman digunakan oleh pengunjung|Informasi mudah diakses dan disampaikan dengan jelas kepada pengunjung",,,,"9311867c-53ee-4c9f-a578-5daddfa108e2","Completed","New","26-11-2025 11:46:24","Anonymous","99272",,"cab97c1f-67b4-11f0-a847-0a0cda9789f2","1eb4a3f0-5e3d-4ac9-b813-8b1a562e7235",,,"true","False","QrCode","Bahasa","2025-11-26T04:44:45.1571Z",,,,,,,,,,,,,,,"68b5aaf51f3cc3c03afa57ae"
"265","IDM","TMII","PUSAT INFORMASI","Pusat Informasi Main Lobby","IDM-TMII-PUSAT INFORMASI-Pusat Informasi Main Lobby-01","5","Satisfied","5","Spot fotonya keren, hasilnya Instagramable banget!","Tourist Attraction and Cultural Experience Quality","Positive","5","5","5","5","5","5","Melakukan layanan secara profesional dan ramah (menjaga kontak mata, tersenyum tulus, dan memberikan solusi dengan empati)|Memiliki penampilan yang bersih dan rapi|Memberikan informasi dengan jelas dan akurat|Melayani dengan cepat dan tepat|Membantu dan memastikan kesiapan fasilitas",,,,"Fasilitas pusat informasi lengkap dan mendukung kebutuhan pengunjung|Fasilitas pusat informasi tersedia dengan baik dan mudah diakses oleh pengunjung",,,,"Pusat informasi bersih dan tertata dengan baik|Pusat informasi nyaman digunakan oleh pengunjung|Informasi mudah diakses dan disampaikan dengan jelas kepada pengunjung",,,,"f8b4d131-1047-479b-86a9-5c0b5c91ccbe","Completed","New","26-11-2025 11:44:39","Anonymous","82256",,"cab97c1f-67b4-11f0-a847-0a0cda9789f2","1eb4a3f0-5e3d-4ac9-b813-8b1a562e7235",,,"true","False","QrCode","Bahasa","2025-11-26T04:43:16.7461Z",,,,,,,,,,,,,,,"68b5aaf51f3cc3c03afa57ae"
"266","IDM","TMII","PUSAT INFORMASI","Pusat Informasi Main Lobby","IDM-TMII-PUSAT INFORMASI-Pusat Informasi Main Lobby-01","5","Satisfied","5","Pelayanan disini luar biasa! stafnya ramah, selalu siap membantu, dan membuat kunjungan kami terasa istimewa.","Staff Friendliness and Service Quality","Positive","5","5","5","5","5","5","Melakukan layanan secara profesional dan ramah (menjaga kontak mata, tersenyum tulus, dan memberikan solusi dengan empati)|Memiliki penampilan yang bersih dan rapi|Memberikan informasi dengan jelas dan akurat|Melayani dengan cepat dan tepat|Membantu dan memastikan kesiapan fasilitas",,,,"Fasilitas pusat informasi lengkap dan mendukung kebutuhan pengunjung|Fasilitas pusat informasi tersedia dengan baik dan mudah diakses oleh pengunjung",,,,"Pusat informasi bersih dan tertata dengan baik|Pusat informasi nyaman digunakan oleh pengunjung|Informasi mudah diakses dan disampaikan dengan jelas kepada pengunjung",,,,"b36eb7e6-1945-4260-975f-14b9a2c4b6ac","Completed","New","26-11-2025 11:42:25","Anonymous","223404",,"cab97c1f-67b4-11f0-a847-0a0cda9789f2","1eb4a3f0-5e3d-4ac9-b813-8b1a562e7235",,,"true","False","QrCode","Bahasa","2025-11-26T04:38:41.9585Z",,,,,,,,,,,,,,,"68b5aaf51f3cc3c03afa57ae"
"267","IDM","TMII","PUSAT INFORMASI","Pusat Informasi Main Lobby","IDM-TMII-PUSAT INFORMASI-Pusat Informasi Main Lobby-01","5","Satisfied","5","Pengalaman yang tak terlupakan! fasilitas lengkap, suasana nyaman, dan banyak spot foto yang Instagramable bernuansa Nusantara","Tourist Attraction and Cultural Experience Quality","Positive","5","5","5","5","5","5","Melakukan layanan secara profesional dan ramah (menjaga kontak mata, tersenyum tulus, dan memberikan solusi dengan empati)|Memiliki penampilan yang bersih dan rapi|Memberikan informasi dengan jelas dan akurat|Melayani dengan cepat dan tepat|Membantu dan memastikan kesiapan fasilitas",,,,"Fasilitas pusat informasi lengkap dan mendukung kebutuhan pengunjung|Fasilitas pusat informasi tersedia dengan baik dan mudah diakses oleh pengunjung",,,,"Pusat informasi bersih dan tertata dengan baik|Pusat informasi nyaman digunakan oleh pengunjung|Informasi mudah diakses dan disampaikan dengan jelas kepada pengunjung",,,,"b70e112b-3d08-4897-a223-1935d78ebba0","Completed","New","26-11-2025 11:38:36","Anonymous","105016",,"cab97c1f-67b4-11f0-a847-0a0cda9789f2","1eb4a3f0-5e3d-4ac9-b813-8b1a562e7235",,,"true","False","QrCode","Bahasa","2025-11-26T04:36:51.0656Z",,,,,,,,,,,,,,,"68b5aaf51f3cc3c03afa57ae"
"268","IDM","TMII","PUSAT INFORMASI","Pusat Informasi Main Lobby","IDM-TMII-PUSAT INFORMASI-Pusat Informasi Main Lobby-01","5","Satisfied","5","Pemandangannya sangat memukau, area wisata bersih dan terawat dengan baik. cocok untuk liburan keluarga maupun solo trip.","Tourist Attraction and Cultural Experience Quality","Positive","5","5","5","5","5","5","Melakukan layanan secara profesional dan ramah (menjaga kontak mata, tersenyum tulus, dan memberikan solusi dengan empati)|Memiliki penampilan yang bersih dan rapi|Memberikan informasi dengan jelas dan akurat|Melayani dengan cepat dan tepat|Membantu dan memastikan kesiapan fasilitas",,,,"Fasilitas pusat informasi lengkap dan mendukung kebutuhan pengunjung|Fasilitas pusat informasi tersedia dengan baik dan mudah diakses oleh pengunjung",,,,"Pusat informasi bersih dan tertata dengan baik|Pusat informasi nyaman digunakan oleh pengunjung|Informasi mudah diakses dan disampaikan dengan jelas kepada pengunjung",,,,"01e5e346-4de1-4851-b3cd-9236439cebc3","Completed","New","26-11-2025 11:36:44","Anonymous","89127",,"cab97c1f-67b4-11f0-a847-0a0cda9789f2","1eb4a3f0-5e3d-4ac9-b813-8b1a562e7235",,,"true","False","QrCode","Bahasa","2025-11-26T04:35:14.9819Z",,,,,,,,,,,,,,,"68b5aaf51f3cc3c03afa57ae"
"269","IDM","TMII","PUSAT INFORMASI","Pusat Informasi Main Lobby","IDM-TMII-PUSAT INFORMASI-Pusat Informasi Main Lobby-01","5","Satisfied","5","Upon arrival at the main lobby, please welcome in a friendly and clean environment. Maps explain the details.","Visitor Information and Signage Clarity","Positive","5","5","5","5","5","5","Melakukan layanan secara profesional dan ramah (menjaga kontak mata, tersenyum tulus, dan memberikan solusi dengan empati)|Memiliki penampilan yang bersih dan rapi|Memberikan informasi dengan jelas dan akurat|Melayani dengan cepat dan tepat|Membantu dan memastikan kesiapan fasilitas",,,,"Fasilitas pusat informasi lengkap dan mendukung kebutuhan pengunjung|Fasilitas pusat informasi tersedia dengan baik dan mudah diakses oleh pengunjung",,,,"Pusat informasi bersih dan tertata dengan baik|Pusat informasi nyaman digunakan oleh pengunjung|Informasi mudah diakses dan disampaikan dengan jelas kepada pengunjung",,,,"c501fc5c-801e-496f-9701-189cb1079762","Completed","New","26-11-2025 11:31:12","Anonymous","271255",,"cab97c1f-67b4-11f0-a847-0a0cda9789f2","1eb4a3f0-5e3d-4ac9-b813-8b1a562e7235",,,"true","False","QrCode","English","2025-11-26T04:26:41.2779Z",,,,,,,,,,,,,,,"68b5aaf51f3cc3c03afa57ae"
"270","IDM","TMII","PUSAT INFORMASI","Pusat Informasi Main Lobby","IDM-TMII-PUSAT INFORMASI-Pusat Informasi Main Lobby-01","5","Satisfied","5","Lobby utamanya bersih dan bagus banget. Mba dan masnya juga baik banget disambut.","Facility Maintenance and Cleanliness","Positive","5","5","5","5","5","5","Melakukan layanan secara profesional dan ramah (menjaga kontak mata, tersenyum tulus, dan memberikan solusi dengan empati)|Memiliki penampilan yang bersih dan rapi|Memberikan informasi dengan jelas dan akurat|Melayani dengan cepat dan tepat|Membantu dan memastikan kesiapan fasilitas",,,,"Fasilitas pusat informasi lengkap dan mendukung kebutuhan pengunjung|Fasilitas pusat informasi tersedia dengan baik dan mudah diakses oleh pengunjung",,,,"Pusat informasi bersih dan tertata dengan baik|Pusat informasi nyaman digunakan oleh pengunjung|Informasi mudah diakses dan disampaikan dengan jelas kepada pengunjung",,,,"c9991698-628b-484d-b62b-c8e3129a6512","Completed","New","26-11-2025 11:26:35","Anonymous","108672",,"cab97c1f-67b4-11f0-a847-0a0cda9789f2","1eb4a3f0-5e3d-4ac9-b813-8b1a562e7235",,,"true","False","QrCode","Bahasa","2025-11-26T04:24:46.6049Z",,,,,,,,,,,,,,,"68b5aaf51f3cc3c03afa57ae"
"271","IDM","TMII","PUSAT INFORMASI","Pusat Informasi Main Lobby","IDM-TMII-PUSAT INFORMASI-Pusat Informasi Main Lobby-01","5","Satisfied","5","Seru banget berwisata ke TMII. gak ngebosenin karena banyak wahana yang bisa dicoba. Terima kasih tmii","Tourist Attraction and Cultural Experience Quality","Positive","5","5","5","5","5","5","Melakukan layanan secara profesional dan ramah (menjaga kontak mata, tersenyum tulus, dan memberikan solusi dengan empati)|Memiliki penampilan yang bersih dan rapi|Memberikan informasi dengan jelas dan akurat|Melayani dengan cepat dan tepat|Membantu dan memastikan kesiapan fasilitas",,,,"Fasilitas pusat informasi lengkap dan mendukung kebutuhan pengunjung|Fasilitas pusat informasi tersedia dengan baik dan mudah diakses oleh pengunjung",,,,"Pusat informasi bersih dan tertata dengan baik|Pusat informasi nyaman digunakan oleh pengunjung|Informasi mudah diakses dan disampaikan dengan jelas kepada pengunjung",,,,"25ecb328-c4c5-4b87-b76a-09671fb7d905","Completed","New","26-11-2025 11:24:41","Anonymous","144447",,"cab97c1f-67b4-11f0-a847-0a0cda9789f2","1eb4a3f0-5e3d-4ac9-b813-8b1a562e7235",,,"true","False","QrCode","Bahasa","2025-11-26T04:22:16.6379Z",,,,,,,,,,,,,,,"68b5aaf51f3cc3c03afa57ae"
"272","IDM","TMII","PUSAT INFORMASI","Pusat Informasi Main Lobby","IDM-TMII-PUSAT INFORMASI-Pusat Informasi Main Lobby-01","4","Satisfied","4","mohon di perbanyak lagi tempat makan di area gedunh wisuda","Amenities and Food Services Availability","Positive","4","4","4","4","4","4","Melakukan layanan secara profesional dan ramah (menjaga kontak mata, tersenyum tulus, dan memberikan solusi dengan empati)|Memiliki penampilan yang bersih dan rapi|Memberikan informasi dengan jelas dan akurat|Melayani dengan cepat dan tepat|Membantu dan memastikan kesiapan fasilitas",,,,"Fasilitas pusat informasi lengkap dan mendukung kebutuhan pengunjung",,,,"Pusat informasi bersih dan tertata dengan baik|Pusat informasi nyaman digunakan oleh pengunjung|Informasi mudah diakses dan disampaikan dengan jelas kepada pengunjung",,,,"5f82819d-74b8-48ec-ad9b-16319731c276","Completed","New","25-11-2025 17:44:08","Anonymous","30420",,"cab97c1f-67b4-11f0-a847-0a0cda9789f2","1eb4a3f0-5e3d-4ac9-b813-8b1a562e7235",,,"true","False","QrCode","Bahasa","2025-11-25T10:43:38.5383Z",,,,,,,,,,,,,,,"68b5aaf51f3cc3c03afa57ae"
"273","IDM","TMII","PUSAT INFORMASI","Pusat Informasi Main Lobby","IDM-TMII-PUSAT INFORMASI-Pusat Informasi Main Lobby-01","4","Satisfied","4","saya datang lagi berkunjung ke tmii karena kerabat ada yg wisuda, sekarang tmii sudah sangat bagus","Tourist Attraction and Cultural Experience Quality","Positive","4","4","4","4","4","4","Melakukan layanan secara profesional dan ramah (menjaga kontak mata, tersenyum tulus, dan memberikan solusi dengan empati)|Memiliki penampilan yang bersih dan rapi|Memberikan informasi dengan jelas dan akurat|Melayani dengan cepat dan tepat|Membantu dan memastikan kesiapan fasilitas",,,,"Fasilitas pusat informasi lengkap dan mendukung kebutuhan pengunjung|Fasilitas pusat informasi tersedia dengan baik dan mudah diakses oleh pengunjung",,,,"Pusat informasi bersih dan tertata dengan baik|Pusat informasi nyaman digunakan oleh pengunjung|Informasi mudah diakses dan disampaikan dengan jelas kepada pengunjung",,,,"3e3f4634-2ac8-4495-bf9c-4858cd3d96aa","Completed","New","25-11-2025 17:43:36","Anonymous","62834",,"cab97c1f-67b4-11f0-a847-0a0cda9789f2","1eb4a3f0-5e3d-4ac9-b813-8b1a562e7235",,,"true","False","QrCode","Bahasa","2025-11-25T10:42:33.4582Z",,,,,,,,,,,,,,,"68b5aaf51f3cc3c03afa57ae"
"274","IDM","TMII","PUSAT INFORMASI","Pusat Informasi Main Lobby","IDM-TMII-PUSAT INFORMASI-Pusat Informasi Main Lobby-01","4","Satisfied","4","tmii sangat bagus dan banyak sekali spot foto yang cantik","Tourist Attraction and Cultural Experience Quality","Positive","4","4","4","4","4","4","Melakukan layanan secara profesional dan ramah (menjaga kontak mata, tersenyum tulus, dan memberikan solusi dengan empati)|Memberikan informasi dengan jelas dan akurat|Melayani dengan cepat dan tepat|Membantu dan memastikan kesiapan fasilitas",,,,"Fasilitas pusat informasi lengkap dan mendukung kebutuhan pengunjung",,,,"Pusat informasi bersih dan tertata dengan baik|Pusat informasi nyaman digunakan oleh pengunjung|Informasi mudah diakses dan disampaikan dengan jelas kepada pengunjung",,,,"a6ec20ac-74df-414a-a6ec-5e3496e47888","Completed","New","25-11-2025 17:42:30","Anonymous","48717",,"cab97c1f-67b4-11f0-a847-0a0cda9789f2","1eb4a3f0-5e3d-4ac9-b813-8b1a562e7235",,,"true","False","QrCode","Bahasa","2025-11-25T10:41:41.4766Z",,,,,,,,,,,,,,,"68b5aaf51f3cc3c03afa57ae"
"275","IDM","TMII","PUSAT INFORMASI","Antrian Shuttle","IDM-TMII-PUSAT INFORMASI-Antrian Shuttle-01","5","Satisfied","5","Udah cukup bgs","Tourist Attraction and Cultural Experience Quality","Positive","5","5","5","5","5","5","Melakukan layanan secara profesional dan ramah (menjaga kontak mata, tersenyum tulus, dan memberikan solusi dengan empati)",,,,"Fasilitas pusat informasi lengkap dan mendukung kebutuhan pengunjung",,,,"Informasi mudah diakses dan disampaikan dengan jelas kepada pengunjung|Pusat informasi nyaman digunakan oleh pengunjung|Pusat informasi bersih dan tertata dengan baik",,,,"ba81010b-4672-4ee6-bd28-62eed416b2ad","Completed","New","25-11-2025 14:27:17","Anonymous","157184",,"cab97c1f-67b4-11f0-a847-0a0cda9789f2","1eb4a3f0-5e3d-4ac9-b813-8b1a562e7235",,,"true","False","QrCode","Bahasa","2025-11-25T07:24:40.7773Z",,,,,,,,,,,,,,,"68b5aaf51f3cc3c03afa57ae"
"276","IDM","TMII","PUSAT INFORMASI","Antrian Shuttle","IDM-TMII-PUSAT INFORMASI-Antrian Shuttle-01","5","Satisfied","5","Walapun hari ini sgt ramai karena saya lihat banyak rombongan, tapi saya tetap dilayani dengan ramah, di rekomendasikan tempat yg bisa dikunjungi dan di arahkan halte untuk naik shuttle gratisnya","Staff Friendliness and Service Quality|Visitor Information and Signage Clarity","Positive","5","5","5","5","5","5","Melakukan layanan secara profesional dan ramah (menjaga kontak mata, tersenyum tulus, dan memberikan solusi dengan empati)|Memiliki penampilan yang bersih dan rapi|Memberikan informasi dengan jelas dan akurat",,,,"Fasilitas pusat informasi lengkap dan mendukung kebutuhan pengunjung|Fasilitas pusat informasi tersedia dengan baik dan mudah diakses oleh pengunjung",,,,"Pusat informasi bersih dan tertata dengan baik|Pusat informasi nyaman digunakan oleh pengunjung",,,,"c9d4f27e-ac85-49da-8e94-b29e9a4e1e82","Completed","New","25-11-2025 14:24:38","Anonymous","119175",,"cab97c1f-67b4-11f0-a847-0a0cda9789f2","1eb4a3f0-5e3d-4ac9-b813-8b1a562e7235",,,"true","False","QrCode","Bahasa","2025-11-25T07:22:38.9108Z",,,,,,,,,,,,,,,"68b5aaf51f3cc3c03afa57ae"
"277","IDM","TMII","PUSAT INFORMASI","Pusat Informasi Main Lobby","IDM-TMII-PUSAT INFORMASI-Pusat Informasi Main Lobby-01","5","Satisfied","5","Kesini sekedar singgah dan sudah banyak berubah, petugas dimanapun ada dan sangat informatif, next bakal kesini lagi","Staff Friendliness and Service Quality|Visitor Information and Signage Clarity","Positive","5","5","5","5","5","5","Melakukan layanan secara profesional dan ramah (menjaga kontak mata, tersenyum tulus, dan memberikan solusi dengan empati)",,,,"Fasilitas pusat informasi lengkap dan mendukung kebutuhan pengunjung",,,,"Pusat informasi nyaman digunakan oleh pengunjung",,,,"3653fc59-00af-4269-87d1-31eef35609ea","Completed","New","25-11-2025 10:20:47","Anonymous","1018019",,"cab97c1f-67b4-11f0-a847-0a0cda9789f2","1eb4a3f0-5e3d-4ac9-b813-8b1a562e7235",,,"true","False","QrCode","Bahasa","2025-11-25T03:03:49.6219Z",,,,,,,,,,,,,,,"68b5aaf51f3cc3c03afa57ae"
"278","IDM","TMII","PUSAT INFORMASI","Pusat Informasi Main Lobby","IDM-TMII-PUSAT INFORMASI-Pusat Informasi Main Lobby-01","5","Satisfied","5","Banyak spot foto menarik setelah sampai di Lobby. Bersih dan nyaman sekaliii","Facility Maintenance and Cleanliness","Positive","5","5","5","5","5","5","Melakukan layanan secara profesional dan ramah (menjaga kontak mata, tersenyum tulus, dan memberikan solusi dengan empati)|Memiliki penampilan yang bersih dan rapi|Memberikan informasi dengan jelas dan akurat|Melayani dengan cepat dan tepat|Membantu dan memastikan kesiapan fasilitas",,,,"Fasilitas pusat informasi lengkap dan mendukung kebutuhan pengunjung|Fasilitas pusat informasi tersedia dengan baik dan mudah diakses oleh pengunjung",,,,"Pusat informasi bersih dan tertata dengan baik|Pusat informasi nyaman digunakan oleh pengunjung|Informasi mudah diakses dan disampaikan dengan jelas kepada pengunjung",,,,"53d25b41-0162-4725-94b4-b3664f49c692","Completed","New","24-11-2025 16:48:19","Anonymous","116877",,"cab97c1f-67b4-11f0-a847-0a0cda9789f2","1eb4a3f0-5e3d-4ac9-b813-8b1a562e7235",,,"true","False","QrCode","Bahasa","2025-11-24T09:46:20.8379Z",,,,,,,,,,,,,,,"68b5aaf51f3cc3c03afa57ae"
"279","IDM","TMII","PUSAT INFORMASI","Pusat Informasi Main Lobby","IDM-TMII-PUSAT INFORMASI-Pusat Informasi Main Lobby-01","5","Satisfied","5","Taman Mini  membuat anak - anak saya untuk lebih mengenal tentang budaya Indonesia dan tidak melupakannya. Terima kasih","Tourist Attraction and Cultural Experience Quality","Positive","5","5","5","5","5","5","Melakukan layanan secara profesional dan ramah (menjaga kontak mata, tersenyum tulus, dan memberikan solusi dengan empati)|Memiliki penampilan yang bersih dan rapi|Memberikan informasi dengan jelas dan akurat|Melayani dengan cepat dan tepat|Membantu dan memastikan kesiapan fasilitas",,,,"Fasilitas pusat informasi lengkap dan mendukung kebutuhan pengunjung|Fasilitas pusat informasi tersedia dengan baik dan mudah diakses oleh pengunjung",,,,"Pusat informasi bersih dan tertata dengan baik|Pusat informasi nyaman digunakan oleh pengunjung|Informasi mudah diakses dan disampaikan dengan jelas kepada pengunjung",,,,"fc174bdb-0d04-49ff-a5fd-327050cea5ec","Completed","New","24-11-2025 15:07:08","Anonymous","95139",,"cab97c1f-67b4-11f0-a847-0a0cda9789f2","1eb4a3f0-5e3d-4ac9-b813-8b1a562e7235",,,"true","False","QrCode","Bahasa","2025-11-24T08:05:31.3304Z",,,,,,,,,,,,,,,"68b5aaf51f3cc3c03afa57ae"
"280","IDM","TMII","PUSAT INFORMASI","Pusat Informasi Main Lobby","IDM-TMII-PUSAT INFORMASI-Pusat Informasi Main Lobby-01","5","Satisfied","5","Thank you for the officer at the gate. I served him very well.","Staff Friendliness and Service Quality","Positive","5","5","5","5","5","5","Melakukan layanan secara profesional dan ramah (menjaga kontak mata, tersenyum tulus, dan memberikan solusi dengan empati)|Memiliki penampilan yang bersih dan rapi|Memberikan informasi dengan jelas dan akurat|Melayani dengan cepat dan tepat|Membantu dan memastikan kesiapan fasilitas",,,,"Fasilitas pusat informasi lengkap dan mendukung kebutuhan pengunjung|Fasilitas pusat informasi tersedia dengan baik dan mudah diakses oleh pengunjung",,,,"Pusat informasi bersih dan tertata dengan baik|Pusat informasi nyaman digunakan oleh pengunjung|Informasi mudah diakses dan disampaikan dengan jelas kepada pengunjung",,,,"a85c6610-4558-4f88-9aa3-629d97d9993f","Completed","New","24-11-2025 14:48:25","Anonymous","189415",,"cab97c1f-67b4-11f0-a847-0a0cda9789f2","1eb4a3f0-5e3d-4ac9-b813-8b1a562e7235",,,"true","False","QrCode","English","2025-11-24T07:45:15.3464Z",,,,,,,,,,,,,,,"68b5aaf51f3cc3c03afa57ae"
"281","IDM","TMII","PUSAT INFORMASI","Pusat Informasi Main Lobby","IDM-TMII-PUSAT INFORMASI-Pusat Informasi Main Lobby-01","5","Satisfied","5","Saat sampai di lobby, saya dipinjamkan kursi roda supaya dapat berkunjung dengan nyaman. Terima kasih TMII","Accessibility and Transportation Improvements","Positive","5","5","5","5","5","5","Melakukan layanan secara profesional dan ramah (menjaga kontak mata, tersenyum tulus, dan memberikan solusi dengan empati)|Memiliki penampilan yang bersih dan rapi|Memberikan informasi dengan jelas dan akurat|Melayani dengan cepat dan tepat|Membantu dan memastikan kesiapan fasilitas",,,,"Fasilitas pusat informasi lengkap dan mendukung kebutuhan pengunjung|Fasilitas pusat informasi tersedia dengan baik dan mudah diakses oleh pengunjung",,,,"Pusat informasi bersih dan tertata dengan baik|Pusat informasi nyaman digunakan oleh pengunjung|Informasi mudah diakses dan disampaikan dengan jelas kepada pengunjung",,,,"bf366bac-89b9-49ac-8508-0a9b7d9a977d","Completed","New","24-11-2025 14:43:20","Anonymous","849498",,"cab97c1f-67b4-11f0-a847-0a0cda9789f2","1eb4a3f0-5e3d-4ac9-b813-8b1a562e7235",,,"true","False","QrCode","Bahasa","2025-11-24T07:29:08.8237Z",,,,,,,,,,,,,,,"68b5aaf51f3cc3c03afa57ae"
"282","IDM","TMII","PUSAT INFORMASI","Pusat Informasi Main Lobby","IDM-TMII-PUSAT INFORMASI-Pusat Informasi Main Lobby-01","5","Satisfied","5","Tempat wisata yang sangat nyaman dan bagus banget. Sangat memuaskan saya dan keluarga dalam berkunjung. Terima kasih Taman Mini","Tourist Attraction and Cultural Experience Quality","Positive","5","5","5","5","5","5","Melakukan layanan secara profesional dan ramah (menjaga kontak mata, tersenyum tulus, dan memberikan solusi dengan empati)|Memiliki penampilan yang bersih dan rapi|Memberikan informasi dengan jelas dan akurat|Melayani dengan cepat dan tepat|Membantu dan memastikan kesiapan fasilitas",,,,"Fasilitas pusat informasi lengkap dan mendukung kebutuhan pengunjung|Fasilitas pusat informasi tersedia dengan baik dan mudah diakses oleh pengunjung",,,,"Pusat informasi bersih dan tertata dengan baik|Pusat informasi nyaman digunakan oleh pengunjung|Informasi mudah diakses dan disampaikan dengan jelas kepada pengunjung",,,,"1f0de946-5f19-41ba-9c1e-2c209ca221ef","Completed","New","24-11-2025 14:27:58","Anonymous","202415",,"cab97c1f-67b4-11f0-a847-0a0cda9789f2","1eb4a3f0-5e3d-4ac9-b813-8b1a562e7235",,,"true","False","QrCode","Bahasa","2025-11-24T07:24:35.3642Z",,,,,,,,,,,,,,,"68b5aaf51f3cc3c03afa57ae"
"283","IDM","TMII","PUSAT INFORMASI","Pusat Informasi Main Lobby","IDM-TMII-PUSAT INFORMASI-Pusat Informasi Main Lobby-01","5","Satisfied","5","Thank you for the information center. I was able to travel comfortably and return to the lodge with great joy.","Visitor Information and Signage Clarity","Positive","5","5","5","5","5","5","Melakukan layanan secara profesional dan ramah (menjaga kontak mata, tersenyum tulus, dan memberikan solusi dengan empati)|Memiliki penampilan yang bersih dan rapi|Memberikan informasi dengan jelas dan akurat|Melayani dengan cepat dan tepat|Membantu dan memastikan kesiapan fasilitas",,,,"Fasilitas pusat informasi lengkap dan mendukung kebutuhan pengunjung|Fasilitas pusat informasi tersedia dengan baik dan mudah diakses oleh pengunjung",,,,"Pusat informasi bersih dan tertata dengan baik|Pusat informasi nyaman digunakan oleh pengunjung|Informasi mudah diakses dan disampaikan dengan jelas kepada pengunjung",,,,"8dc5204e-50fc-49d6-b74d-171d85dee0b8","Completed","New","24-11-2025 14:24:28","Anonymous","176394",,"cab97c1f-67b4-11f0-a847-0a0cda9789f2","1eb4a3f0-5e3d-4ac9-b813-8b1a562e7235",,,"true","False","QrCode","English","2025-11-24T07:21:31.4092Z",,,,,,,,,,,,,,,"68b5aaf51f3cc3c03afa57ae"
"284","IDM","TMII","PUSAT INFORMASI","Pusat Informasi Main Lobby","IDM-TMII-PUSAT INFORMASI-Pusat Informasi Main Lobby-01","5","Satisfied","5","Terima kasih untuk kaka  kaka yang di lobby utama. kakanya baik bangettt","Staff Friendliness and Service Quality","Positive","5","5","5","5","5","5","Melakukan layanan secara profesional dan ramah (menjaga kontak mata, tersenyum tulus, dan memberikan solusi dengan empati)|Memiliki penampilan yang bersih dan rapi|Memberikan informasi dengan jelas dan akurat|Melayani dengan cepat dan tepat|Membantu dan memastikan kesiapan fasilitas",,,,"Fasilitas pusat informasi lengkap dan mendukung kebutuhan pengunjung|Fasilitas pusat informasi tersedia dengan baik dan mudah diakses oleh pengunjung",,,,"Pusat informasi bersih dan tertata dengan baik|Pusat informasi nyaman digunakan oleh pengunjung|Informasi mudah diakses dan disampaikan dengan jelas kepada pengunjung",,,,"b7ae8792-999b-406b-97dc-517934a80c2b","Completed","New","24-11-2025 14:21:04","Anonymous","1162172",,"cab97c1f-67b4-11f0-a847-0a0cda9789f2","1eb4a3f0-5e3d-4ac9-b813-8b1a562e7235",,,"true","False","QrCode","Bahasa","2025-11-24T07:01:40.5410Z",,,,,,,,,,,,,,,"68b5aaf51f3cc3c03afa57ae"
"285","IDM","TMII","PUSAT INFORMASI","Pusat Informasi Main Lobby","IDM-TMII-PUSAT INFORMASI-Pusat Informasi Main Lobby-01","5","Satisfied","5","dengan tempat seluas ini, tapi kami mudah keliling2 museum atau rumah rumah adat karna bantuan dari petugas yg sangat jelas memberi arahan","Visitor Information and Signage Clarity","Positive","5","5","5","5","5","5","Melakukan layanan secara profesional dan ramah (menjaga kontak mata, tersenyum tulus, dan memberikan solusi dengan empati)|Memiliki penampilan yang bersih dan rapi|Memberikan informasi dengan jelas dan akurat|Melayani dengan cepat dan tepat|Membantu dan memastikan kesiapan fasilitas",,,,"Fasilitas pusat informasi lengkap dan mendukung kebutuhan pengunjung|Fasilitas pusat informasi tersedia dengan baik dan mudah diakses oleh pengunjung",,,,"Pusat informasi bersih dan tertata dengan baik|Pusat informasi nyaman digunakan oleh pengunjung|Informasi mudah diakses dan disampaikan dengan jelas kepada pengunjung",,,,"2a8830bc-69c4-475b-b1cb-75e0d798c975","Completed","New","24-11-2025 13:30:36","Anonymous","150485",,"cab97c1f-67b4-11f0-a847-0a0cda9789f2","1eb4a3f0-5e3d-4ac9-b813-8b1a562e7235",,,"true","False","QrCode","Bahasa","2025-11-24T06:28:06.3824Z",,,,,,,,,,,,,,,"68b5aaf51f3cc3c03afa57ae"
"286","IDM","TMII","PUSAT INFORMASI","Pusat Informasi Main Lobby","IDM-TMII-PUSAT INFORMASI-Pusat Informasi Main Lobby-01","5","Satisfied","5","banyak berubah, semua ramah anak saya pun happy keliling taman mini😍","Tourist Attraction and Cultural Experience Quality","Positive","5","5","5","5","5","5","Melayani dengan cepat dan tepat|Membantu dan memastikan kesiapan fasilitas",,,,"Fasilitas pusat informasi tersedia dengan baik dan mudah diakses oleh pengunjung",,,,"Informasi mudah diakses dan disampaikan dengan jelas kepada pengunjung",,,,"3bd71033-b0b7-4d84-9083-06abbc7c6e06","Completed","New","24-11-2025 12:03:12","Anonymous","4761346",,"cab97c1f-67b4-11f0-a847-0a0cda9789f2","1eb4a3f0-5e3d-4ac9-b813-8b1a562e7235",,,"true","False","QrCode","Bahasa","2025-11-24T03:43:51.1724Z",,,,,,,,,,,,,,,"68b5aaf51f3cc3c03afa57ae"
"287","IDM","TMII","PUSAT INFORMASI","Pusat Informasi Main Lobby","IDM-TMII-PUSAT INFORMASI-Pusat Informasi Main Lobby-01","5","Satisfied","5","untuk ke 3x nya aku running di area tmii, masih jadi best spot aku","Tourist Attraction and Cultural Experience Quality","Positive","5","5","5","5","4","4","Melakukan layanan secara profesional dan ramah (menjaga kontak mata, tersenyum tulus, dan memberikan solusi dengan empati)|Memiliki penampilan yang bersih dan rapi|Memberikan informasi dengan jelas dan akurat|Melayani dengan cepat dan tepat|Membantu dan memastikan kesiapan fasilitas",,,,"Fasilitas pusat informasi lengkap dan mendukung kebutuhan pengunjung|Fasilitas pusat informasi tersedia dengan baik dan mudah diakses oleh pengunjung",,,,"Pusat informasi bersih dan tertata dengan baik|Pusat informasi nyaman digunakan oleh pengunjung|Informasi mudah diakses dan disampaikan dengan jelas kepada pengunjung",,,,"b1907d92-9049-4d24-9ea5-af760cc75444","Completed","New","24-11-2025 10:47:51","Anonymous","129362",,"cab97c1f-67b4-11f0-a847-0a0cda9789f2","1eb4a3f0-5e3d-4ac9-b813-8b1a562e7235",,,"true","False","QrCode","Bahasa","2025-11-24T03:45:41.1476Z",,,,,,,,,,,,,,,"68b5aaf51f3cc3c03afa57ae"
"288","IDM","TMII","PUSAT INFORMASI","Pusat Informasi Main Lobby","IDM-TMII-PUSAT INFORMASI-Pusat Informasi Main Lobby-01","5","Satisfied","5","Sangat terbantu, makasih","Staff Friendliness and Service Quality","Positive","5","5","5","5","5","5","Melakukan layanan secara profesional dan ramah (menjaga kontak mata, tersenyum tulus, dan memberikan solusi dengan empati)",,,,"Fasilitas pusat informasi tersedia dengan baik dan mudah diakses oleh pengunjung",,,,"Informasi mudah diakses dan disampaikan dengan jelas kepada pengunjung",,,,"3e1a4f0c-0c76-46c1-8120-a899739092d1","Completed","New","24-11-2025 10:43:47","Anonymous","373302",,"cab97c1f-67b4-11f0-a847-0a0cda9789f2","1eb4a3f0-5e3d-4ac9-b813-8b1a562e7235",,,"true","False","QrCode","Bahasa","2025-11-24T03:37:33.4230Z",,,,,,,,,,,,,,,"68b5aaf51f3cc3c03afa57ae"
"289","IDM","TMII","PUSAT INFORMASI","Pusat Informasi Main Lobby","IDM-TMII-PUSAT INFORMASI-Pusat Informasi Main Lobby-01","5","Satisfied","5","harus ada orang yang stand by terus","Safety and Security Measures (Shuttle Speed, Pathways, and Facilities)","Neutral","5","5","5","5","5","5","Melakukan layanan secara profesional dan ramah (menjaga kontak mata, tersenyum tulus, dan memberikan solusi dengan empati)|Memiliki penampilan yang bersih dan rapi|Memberikan informasi dengan jelas dan akurat|Melayani dengan cepat dan tepat|Membantu dan memastikan kesiapan fasilitas",,,,"Fasilitas pusat informasi lengkap dan mendukung kebutuhan pengunjung|Fasilitas pusat informasi tersedia dengan baik dan mudah diakses oleh pengunjung",,,,"Pusat informasi bersih dan tertata dengan baik|Pusat informasi nyaman digunakan oleh pengunjung|Informasi mudah diakses dan disampaikan dengan jelas kepada pengunjung",,,,"d99f9751-ff7b-49cb-aa5c-bf34660466cd","Completed","New","23-11-2025 16:38:06","Anonymous","55790",,"cab97c1f-67b4-11f0-a847-0a0cda9789f2","1eb4a3f0-5e3d-4ac9-b813-8b1a562e7235",,,"true","False","QrCode","Bahasa","2025-11-23T09:37:10.6469Z",,,,,,,,,,,,,,,"68b5aaf51f3cc3c03afa57ae"
"290","IDM","TMII","PUSAT INFORMASI","Pusat Informasi Main Lobby","IDM-TMII-PUSAT INFORMASI-Pusat Informasi Main Lobby-01","5","Satisfied","5",,,,"5","5","5","5","5","5","Melakukan layanan secara profesional dan ramah (menjaga kontak mata, tersenyum tulus, dan memberikan solusi dengan empati)|Memiliki penampilan yang bersih dan rapi|Memberikan informasi dengan jelas dan akurat|Melayani dengan cepat dan tepat|Membantu dan memastikan kesiapan fasilitas",,,,"Fasilitas pusat informasi lengkap dan mendukung kebutuhan pengunjung|Fasilitas pusat informasi tersedia dengan baik dan mudah diakses oleh pengunjung",,,,"Pusat informasi bersih dan tertata dengan baik|Pusat informasi nyaman digunakan oleh pengunjung|Informasi mudah diakses dan disampaikan dengan jelas kepada pengunjung",,,,"f25bbd14-b3c1-456c-b499-df496fc53b69","Completed","New","23-11-2025 16:37:40","Anonymous","38177",,"cab97c1f-67b4-11f0-a847-0a0cda9789f2","1eb4a3f0-5e3d-4ac9-b813-8b1a562e7235",,,"true","False","QrCode","Bahasa","2025-11-23T09:36:55.9196Z",,,,,,,,,,,,,,,"68b5aaf51f3cc3c03afa57ae"
"291","IDM","TMII","PUSAT INFORMASI","Pusat Informasi Main Lobby","IDM-TMII-PUSAT INFORMASI-Pusat Informasi Main Lobby-01","5","Satisfied","5","Sejauh ini sudah sangat bangus banget
Sangat informative dan baik dalam menjelaskan semua tentang tmii. Terima kasih","Staff Friendliness and Service Quality","Positive","5","5","5","5","5","5","Melakukan layanan secara profesional dan ramah (menjaga kontak mata, tersenyum tulus, dan memberikan solusi dengan empati)|Memberikan informasi dengan jelas dan akurat|Melayani dengan cepat dan tepat|Membantu dan memastikan kesiapan fasilitas|Memiliki penampilan yang bersih dan rapi",,,,"Fasilitas pusat informasi lengkap dan mendukung kebutuhan pengunjung|Fasilitas pusat informasi tersedia dengan baik dan mudah diakses oleh pengunjung",,,,"Pusat informasi bersih dan tertata dengan baik|Pusat informasi nyaman digunakan oleh pengunjung|Informasi mudah diakses dan disampaikan dengan jelas kepada pengunjung",,,,"e272fcb3-11ba-4113-9fe1-fabd492c617b","Completed","New","23-11-2025 16:37:04","Anonymous","80577",,"cab97c1f-67b4-11f0-a847-0a0cda9789f2","1eb4a3f0-5e3d-4ac9-b813-8b1a562e7235",,,"true","False","QrCode","Bahasa","2025-11-23T09:35:40.9971Z",,,,,,,,,,,,,,,"68b5aaf51f3cc3c03afa57ae"
"292","IDM","TMII","PUSAT INFORMASI","Pusat Informasi Main Lobby","IDM-TMII-PUSAT INFORMASI-Pusat Informasi Main Lobby-01","5","Satisfied","5","Sarannya joknya diperbaiki, karna agak keras. overall sangat baikk mantap","Amenities and Food Services Availability","Positive","5","5","5","5","5","5","Melakukan layanan secara profesional dan ramah (menjaga kontak mata, tersenyum tulus, dan memberikan solusi dengan empati)|Memiliki penampilan yang bersih dan rapi|Memberikan informasi dengan jelas dan akurat|Melayani dengan cepat dan tepat|Membantu dan memastikan kesiapan fasilitas",,,,"Fasilitas pusat informasi lengkap dan mendukung kebutuhan pengunjung|Fasilitas pusat informasi tersedia dengan baik dan mudah diakses oleh pengunjung",,,,"Pusat informasi bersih dan tertata dengan baik|Pusat informasi nyaman digunakan oleh pengunjung|Informasi mudah diakses dan disampaikan dengan jelas kepada pengunjung",,,,"f5e58be9-1452-413e-aa0c-034bf7d5dec8","Completed","New","23-11-2025 16:36:44","Anonymous","54397",,"cab97c1f-67b4-11f0-a847-0a0cda9789f2","1eb4a3f0-5e3d-4ac9-b813-8b1a562e7235",,,"true","False","QrCode","Bahasa","2025-11-23T09:35:50.8089Z",,,,,,,,,,,,,,,"68b5aaf51f3cc3c03afa57ae"
"293","IDM","TMII","PUSAT INFORMASI","Pusat Informasi Main Lobby","IDM-TMII-PUSAT INFORMASI-Pusat Informasi Main Lobby-01","5","Satisfied","5","mungkin mic nya bisa lebih besar lgi suaranya","Amenities and Food Services Availability","Negative","5","5","5","5","5","5","Melakukan layanan secara profesional dan ramah (menjaga kontak mata, tersenyum tulus, dan memberikan solusi dengan empati)|Memiliki penampilan yang bersih dan rapi|Memberikan informasi dengan jelas dan akurat|Melayani dengan cepat dan tepat|Membantu dan memastikan kesiapan fasilitas",,,,"Fasilitas pusat informasi lengkap dan mendukung kebutuhan pengunjung|Fasilitas pusat informasi tersedia dengan baik dan mudah diakses oleh pengunjung",,,,"Pusat informasi bersih dan tertata dengan baik|Pusat informasi nyaman digunakan oleh pengunjung|Informasi mudah diakses dan disampaikan dengan jelas kepada pengunjung",,,,"2a2a2ded-6a14-428b-b940-2a4c97b3b892","Completed","New","23-11-2025 16:36:35","Anonymous","72174",,"cab97c1f-67b4-11f0-a847-0a0cda9789f2","1eb4a3f0-5e3d-4ac9-b813-8b1a562e7235",,,"true","False","QrCode","Bahasa","2025-11-23T09:35:22.6309Z",,,,,,,,,,,,,,,"68b5aaf51f3cc3c03afa57ae"
"294","IDM","TMII","PUSAT INFORMASI","Pusat Informasi Main Lobby","IDM-TMII-PUSAT INFORMASI-Pusat Informasi Main Lobby-01","5","Satisfied","5","mungkin mic bisa d perbaiki lagi dan pelayanannya juga","Amenities and Food Services Availability","Neutral","5","5","5","5","5","5","Melakukan layanan secara profesional dan ramah (menjaga kontak mata, tersenyum tulus, dan memberikan solusi dengan empati)",,,,"Fasilitas pusat informasi lengkap dan mendukung kebutuhan pengunjung",,,,"Pusat informasi bersih dan tertata dengan baik|Pusat informasi nyaman digunakan oleh pengunjung|Informasi mudah diakses dan disampaikan dengan jelas kepada pengunjung",,,,"a5dbdbac-b1cf-47f0-8869-f589ba014e4f","Completed","New","23-11-2025 16:36:34","Anonymous","57866",,"cab97c1f-67b4-11f0-a847-0a0cda9789f2","1eb4a3f0-5e3d-4ac9-b813-8b1a562e7235",,,"true","False","QrCode","English","2025-11-23T09:35:35.8684Z",,,,,,,,,,,,,,,"68b5aaf51f3cc3c03afa57ae"
"295","IDM","TMII","PUSAT INFORMASI","Pusat Informasi Main Lobby","IDM-TMII-PUSAT INFORMASI-Pusat Informasi Main Lobby-01","4","Satisfied","4","Sangat bagus, apalagi sepeda gratis bersama sambil belajar","Activities and Educational Programs Enhancement","Positive","4","4","5","5","4","4","Melakukan layanan secara profesional dan ramah (menjaga kontak mata, tersenyum tulus, dan memberikan solusi dengan empati)",,,,"Fasilitas pusat informasi tersedia dengan baik dan mudah diakses oleh pengunjung",,,,"Informasi mudah diakses dan disampaikan dengan jelas kepada pengunjung",,,,"abfd6c19-c05b-44cc-b0a4-7ac2eff4912c","Completed","New","23-11-2025 16:36:33","Anonymous","59603",,"cab97c1f-67b4-11f0-a847-0a0cda9789f2","1eb4a3f0-5e3d-4ac9-b813-8b1a562e7235",,,"true","False","QrCode","Bahasa","2025-11-23T09:35:33.5833Z",,,,,,,,,,,,,,,"68b5aaf51f3cc3c03afa57ae"
"296","IDM","TMII","PUSAT INFORMASI","Pusat Informasi Main Lobby","IDM-TMII-PUSAT INFORMASI-Pusat Informasi Main Lobby-01","5","Satisfied","5","Selalu standby, lebih baik ada cadangan","Safety and Security Measures (Shuttle Speed, Pathways, and Facilities)","Positive","5","5","5","5","5","5","Melakukan layanan secara profesional dan ramah (menjaga kontak mata, tersenyum tulus, dan memberikan solusi dengan empati)|Memiliki penampilan yang bersih dan rapi|Memberikan informasi dengan jelas dan akurat|Membantu dan memastikan kesiapan fasilitas",,,,"Fasilitas pusat informasi lengkap dan mendukung kebutuhan pengunjung|Fasilitas pusat informasi tersedia dengan baik dan mudah diakses oleh pengunjung",,,,"Pusat informasi bersih dan tertata dengan baik|Pusat informasi nyaman digunakan oleh pengunjung|Informasi mudah diakses dan disampaikan dengan jelas kepada pengunjung",,,,"4d345d45-3bd4-43c0-bb4e-04b6e4c81618","Completed","New","23-11-2025 16:36:19","Anonymous","53177",,"cab97c1f-67b4-11f0-a847-0a0cda9789f2","1eb4a3f0-5e3d-4ac9-b813-8b1a562e7235",,,"true","False","QrCode","Bahasa","2025-11-23T09:35:26.9343Z",,,,,,,,,,,,,,,"68b5aaf51f3cc3c03afa57ae"
"297","IDM","TMII","PUSAT INFORMASI","Pusat Informasi Main Lobby","IDM-TMII-PUSAT INFORMASI-Pusat Informasi Main Lobby-01","5","Satisfied","5","Sudah sangat baik dan ramah","Staff Friendliness and Service Quality","Positive","5","5","4","4","5","5","Melakukan layanan secara profesional dan ramah (menjaga kontak mata, tersenyum tulus, dan memberikan solusi dengan empati)|Memiliki penampilan yang bersih dan rapi|Memberikan informasi dengan jelas dan akurat|Melayani dengan cepat dan tepat|Membantu dan memastikan kesiapan fasilitas",,,,"Fasilitas pusat informasi lengkap dan mendukung kebutuhan pengunjung|Fasilitas pusat informasi tersedia dengan baik dan mudah diakses oleh pengunjung",,,,"Pusat informasi bersih dan tertata dengan baik|Pusat informasi nyaman digunakan oleh pengunjung|Informasi mudah diakses dan disampaikan dengan jelas kepada pengunjung",,,,"5f0bc0e8-1189-4e59-8410-070236dc7708","Completed","New","23-11-2025 16:36:02","Anonymous","33344",,"cab97c1f-67b4-11f0-a847-0a0cda9789f2","1eb4a3f0-5e3d-4ac9-b813-8b1a562e7235",,,"true","False","QrCode","Bahasa","2025-11-23T09:35:28.3342Z",,,,,,,,,,,,,,,"68b5aaf51f3cc3c03afa57ae"
"298","IDM","TMII","PUSAT INFORMASI","Antrian Shuttle","IDM-TMII-PUSAT INFORMASI-Antrian Shuttle-01","4","Satisfied","4",,,,"4","4","4","4","4","4","Melakukan layanan secara profesional dan ramah (menjaga kontak mata, tersenyum tulus, dan memberikan solusi dengan empati)|Memiliki penampilan yang bersih dan rapi|Memberikan informasi dengan jelas dan akurat|Melayani dengan cepat dan tepat|Membantu dan memastikan kesiapan fasilitas",,,,"Fasilitas pusat informasi lengkap dan mendukung kebutuhan pengunjung|Fasilitas pusat informasi tersedia dengan baik dan mudah diakses oleh pengunjung",,,,"Pusat informasi bersih dan tertata dengan baik|Pusat informasi nyaman digunakan oleh pengunjung|Informasi mudah diakses dan disampaikan dengan jelas kepada pengunjung",,,,"9292d4b9-2fb4-4ef7-a305-d81e18beb8e5","Completed","New","23-11-2025 14:55:20","Anonymous","60768",,"cab97c1f-67b4-11f0-a847-0a0cda9789f2","1eb4a3f0-5e3d-4ac9-b813-8b1a562e7235",,,"true","False","QrCode","Bahasa","2025-11-23T07:54:19.1673Z",,,,,,,,,,,,,,,"68b5aaf51f3cc3c03afa57ae"
"299","IDM","TMII","PUSAT INFORMASI","Pusat Informasi Main Lobby","IDM-TMII-PUSAT INFORMASI-Pusat Informasi Main Lobby-01","5","Satisfied","5","Kegiatannya seru, semoga untuk sesinya lebih panjang lagi","Activities and Educational Programs Enhancement","Positive","5","5","5","5","5","5","Melakukan layanan secara profesional dan ramah (menjaga kontak mata, tersenyum tulus, dan memberikan solusi dengan empati)|Memiliki penampilan yang bersih dan rapi|Memberikan informasi dengan jelas dan akurat|Melayani dengan cepat dan tepat|Membantu dan memastikan kesiapan fasilitas",,,,"Fasilitas pusat informasi lengkap dan mendukung kebutuhan pengunjung|Fasilitas pusat informasi tersedia dengan baik dan mudah diakses oleh pengunjung",,,,"Pusat informasi bersih dan tertata dengan baik|Pusat informasi nyaman digunakan oleh pengunjung|Informasi mudah diakses dan disampaikan dengan jelas kepada pengunjung",,,,"0e9fad31-bb2e-4710-934e-d9673b47e731","Completed","New","23-11-2025 14:48:45","Anonymous","53730",,"cab97c1f-67b4-11f0-a847-0a0cda9789f2","1eb4a3f0-5e3d-4ac9-b813-8b1a562e7235",,,"true","False","QrCode","Bahasa","2025-11-23T07:47:51.1833Z",,,,,,,,,,,,,,,"68b5aaf51f3cc3c03afa57ae"
"300","IDM","TMII","PUSAT INFORMASI","Pusat Informasi Main Lobby","IDM-TMII-PUSAT INFORMASI-Pusat Informasi Main Lobby-01","5","Satisfied","5","Alhamdulillah, sudah sangat baik","Staff Friendliness and Service Quality","Positive","5","5","5","5","5","5","Melakukan layanan secara profesional dan ramah (menjaga kontak mata, tersenyum tulus, dan memberikan solusi dengan empati)",,,,"Fasilitas pusat informasi lengkap dan mendukung kebutuhan pengunjung",,,,"Informasi mudah diakses dan disampaikan dengan jelas kepada pengunjung",,,,"b8506c73-71d8-4035-b156-0c4c68e35a4d","Completed","New","23-11-2025 14:48:37","Anonymous","69285",,"cab97c1f-67b4-11f0-a847-0a0cda9789f2","1eb4a3f0-5e3d-4ac9-b813-8b1a562e7235",,,"true","False","QrCode","Bahasa","2025-11-23T07:47:27.5209Z",,,,,,,,,,,,,,,"68b5aaf51f3cc3c03afa57ae"
"301","IDM","TMII","PUSAT INFORMASI","Pusat Informasi Main Lobby","IDM-TMII-PUSAT INFORMASI-Pusat Informasi Main Lobby-01","5","Satisfied","5","Very useful","Tourist Attraction and Cultural Experience Quality","Positive","5","5","5","5","5","5","Melakukan layanan secara profesional dan ramah (menjaga kontak mata, tersenyum tulus, dan memberikan solusi dengan empati)|Memberikan informasi dengan jelas dan akurat|Melayani dengan cepat dan tepat",,,,"Fasilitas pusat informasi lengkap dan mendukung kebutuhan pengunjung|Fasilitas pusat informasi tersedia dengan baik dan mudah diakses oleh pengunjung",,,,"Pusat informasi bersih dan tertata dengan baik|Informasi mudah diakses dan disampaikan dengan jelas kepada pengunjung",,,,"33b90e69-1ecf-4a4f-821b-d824cd48d338","Completed","New","23-11-2025 14:48:11","Anonymous","32341",,"cab97c1f-67b4-11f0-a847-0a0cda9789f2","1eb4a3f0-5e3d-4ac9-b813-8b1a562e7235",,,"true","False","QrCode","English","2025-11-23T07:47:37.6665Z",,,,,,,,,,,,,,,"68b5aaf51f3cc3c03afa57ae"
"302","IDM","TMII","PUSAT INFORMASI","Pusat Informasi Main Lobby","IDM-TMII-PUSAT INFORMASI-Pusat Informasi Main Lobby-01","4","Satisfied","4","Tour menyenangkan 🥰🥰","Tourist Attraction and Cultural Experience Quality","Positive","5","5","4","4","5","5","Melakukan layanan secara profesional dan ramah (menjaga kontak mata, tersenyum tulus, dan memberikan solusi dengan empati)",,,,"Fasilitas pusat informasi lengkap dan mendukung kebutuhan pengunjung",,,,"Informasi mudah diakses dan disampaikan dengan jelas kepada pengunjung",,,,"7e43a6f4-4511-4361-ab7f-4f463d1b50b6","Completed","New","23-11-2025 14:47:14","Anonymous","125722",,"cab97c1f-67b4-11f0-a847-0a0cda9789f2","1eb4a3f0-5e3d-4ac9-b813-8b1a562e7235",,,"true","False","QrCode","Bahasa","2025-11-23T07:45:07.8894Z",,,,,,,,,,,,,,,"68b5aaf51f3cc3c03afa57ae"
"303","IDM","TMII","PUSAT INFORMASI","Pusat Informasi Main Lobby","IDM-TMII-PUSAT INFORMASI-Pusat Informasi Main Lobby-01","5","Satisfied","5","sangat informatif","Visitor Information and Signage Clarity","Positive","5","5","5","5","5","5","Melakukan layanan secara profesional dan ramah (menjaga kontak mata, tersenyum tulus, dan memberikan solusi dengan empati)|Memberikan informasi dengan jelas dan akurat|Melayani dengan cepat dan tepat|Membantu dan memastikan kesiapan fasilitas|Memiliki penampilan yang bersih dan rapi",,,,"Fasilitas pusat informasi lengkap dan mendukung kebutuhan pengunjung|Fasilitas pusat informasi tersedia dengan baik dan mudah diakses oleh pengunjung",,,,"Pusat informasi bersih dan tertata dengan baik|Pusat informasi nyaman digunakan oleh pengunjung|Informasi mudah diakses dan disampaikan dengan jelas kepada pengunjung",,,,"473cafe4-395c-44d3-800a-76c6f2230fc8","Completed","New","23-11-2025 14:47:02","Anonymous","100516",,"cab97c1f-67b4-11f0-a847-0a0cda9789f2","1eb4a3f0-5e3d-4ac9-b813-8b1a562e7235",,,"true","False","QrCode","Bahasa","2025-11-23T07:45:21.7249Z",,,,,,,,,,,,,,,"68b5aaf51f3cc3c03afa57ae"
"304","IDM","TMII","PUSAT INFORMASI","Pusat Informasi Main Lobby","IDM-TMII-PUSAT INFORMASI-Pusat Informasi Main Lobby-01","5","Satisfied","5","sangat seru dan menambah banyak wawasan","Tourist Attraction and Cultural Experience Quality","Positive","5","5","5","5","5","5","Melakukan layanan secara profesional dan ramah (menjaga kontak mata, tersenyum tulus, dan memberikan solusi dengan empati)|Memiliki penampilan yang bersih dan rapi|Memberikan informasi dengan jelas dan akurat|Melayani dengan cepat dan tepat|Membantu dan memastikan kesiapan fasilitas",,,,"Fasilitas pusat informasi lengkap dan mendukung kebutuhan pengunjung|Fasilitas pusat informasi tersedia dengan baik dan mudah diakses oleh pengunjung",,,,"Pusat informasi bersih dan tertata dengan baik|Pusat informasi nyaman digunakan oleh pengunjung|Informasi mudah diakses dan disampaikan dengan jelas kepada pengunjung",,,,"7ff4d4a5-4aad-44d1-9d59-4977288258b1","Completed","New","23-11-2025 14:46:34","Anonymous","102710",,"cab97c1f-67b4-11f0-a847-0a0cda9789f2","1eb4a3f0-5e3d-4ac9-b813-8b1a562e7235",,,"true","False","QrCode","English","2025-11-23T07:44:51.7424Z",,,,,,,,,,,,,,,"68b5aaf51f3cc3c03afa57ae"
"305","IDM","TMII","PUSAT INFORMASI","Pusat Informasi Main Lobby","IDM-TMII-PUSAT INFORMASI-Pusat Informasi Main Lobby-01","5","Satisfied","5","ada wara wiri yang menjemput ketika saya di gedung parkir meski agak menunggu tapi memudahkan karena bawa keluarga dan anak anak","Accessibility and Transportation Improvements","Positive","5","5","5","5","5","5","Melakukan layanan secara profesional dan ramah (menjaga kontak mata, tersenyum tulus, dan memberikan solusi dengan empati)|Memiliki penampilan yang bersih dan rapi|Memberikan informasi dengan jelas dan akurat|Melayani dengan cepat dan tepat|Membantu dan memastikan kesiapan fasilitas",,,,"Fasilitas pusat informasi lengkap dan mendukung kebutuhan pengunjung|Fasilitas pusat informasi tersedia dengan baik dan mudah diakses oleh pengunjung",,,,"Pusat informasi nyaman digunakan oleh pengunjung|Pusat informasi bersih dan tertata dengan baik|Informasi mudah diakses dan disampaikan dengan jelas kepada pengunjung",,,,"fd12a2a6-8d60-4d9c-8081-ecf6d38cf691","Completed","New","23-11-2025 12:15:11","Anonymous","1270300",,"cab97c1f-67b4-11f0-a847-0a0cda9789f2","1eb4a3f0-5e3d-4ac9-b813-8b1a562e7235",,,"true","False","QrCode","Bahasa","2025-11-23T04:54:01.2987Z",,,,,,,,,,,,,,,"68b5aaf51f3cc3c03afa57ae"
"306","IDM","TMII","PUSAT INFORMASI","Pusat Informasi Main Lobby","IDM-TMII-PUSAT INFORMASI-Pusat Informasi Main Lobby-01","5","Satisfied","5","anak saya senang dibagikan susu oleh kakak petugasnya","Staff Friendliness and Service Quality","Positive","5","5","5","5","5","5","Memiliki penampilan yang bersih dan rapi",,,,"Fasilitas pusat informasi tersedia dengan baik dan mudah diakses oleh pengunjung|Fasilitas pusat informasi lengkap dan mendukung kebutuhan pengunjung",,,,"Informasi mudah diakses dan disampaikan dengan jelas kepada pengunjung|Pusat informasi nyaman digunakan oleh pengunjung|Pusat informasi bersih dan tertata dengan baik",,,,"9c781d23-58ac-46ff-9ab2-e3f78b7e5b7d","Completed","New","23-11-2025 11:53:56","Anonymous","67985",,"cab97c1f-67b4-11f0-a847-0a0cda9789f2","1eb4a3f0-5e3d-4ac9-b813-8b1a562e7235",,,"true","False","QrCode","Bahasa","2025-11-23T04:52:48.9175Z",,,,,,,,,,,,,,,"68b5aaf51f3cc3c03afa57ae"
"307","IDM","TMII","PUSAT INFORMASI","Pusat Informasi Main Lobby","IDM-TMII-PUSAT INFORMASI-Pusat Informasi Main Lobby-01","5","Satisfied","5","lucu banget tingkah laku maskot tmii ini, namanya nitra","Tourist Attraction and Cultural Experience Quality","Positive","5","5","5","5","5","5","Melayani dengan cepat dan tepat",,,,"Fasilitas pusat informasi tersedia dengan baik dan mudah diakses oleh pengunjung|Fasilitas pusat informasi lengkap dan mendukung kebutuhan pengunjung",,,,"Informasi mudah diakses dan disampaikan dengan jelas kepada pengunjung|Pusat informasi nyaman digunakan oleh pengunjung|Pusat informasi bersih dan tertata dengan baik",,,,"05267932-40a3-4432-acaf-4da17d982d53","Completed","New","23-11-2025 11:52:45","Anonymous","276911",,"cab97c1f-67b4-11f0-a847-0a0cda9789f2","1eb4a3f0-5e3d-4ac9-b813-8b1a562e7235",,,"true","False","QrCode","Bahasa","2025-11-23T04:48:08.6935Z",,,,,,,,,,,,,,,"68b5aaf51f3cc3c03afa57ae"
"308","IDM","TMII","PUSAT INFORMASI","Pusat Informasi Main Lobby","IDM-TMII-PUSAT INFORMASI-Pusat Informasi Main Lobby-01","5","Satisfied","5","Seru dan asik","Tourist Attraction and Cultural Experience Quality","Positive","5","5","5","5","5","5","Memberikan informasi dengan jelas dan akurat",,,,"Fasilitas pusat informasi lengkap dan mendukung kebutuhan pengunjung",,,,"Informasi mudah diakses dan disampaikan dengan jelas kepada pengunjung",,,,"d09bb30c-2f25-44f0-b6c0-f9c5fbbb86c4","Completed","New","23-11-2025 11:49:04","Anonymous","43554",,"cab97c1f-67b4-11f0-a847-0a0cda9789f2","1eb4a3f0-5e3d-4ac9-b813-8b1a562e7235",,,"true","False","QrCode","Bahasa","2025-11-23T04:48:20.6658Z",,,,,,,,,,,,,,,"68b5aaf51f3cc3c03afa57ae"
"309","IDM","TMII","PUSAT INFORMASI","Pusat Informasi Main Lobby","IDM-TMII-PUSAT INFORMASI-Pusat Informasi Main Lobby-01","5","Satisfied","5","asikk, intresting","Tourist Attraction and Cultural Experience Quality","Neutral","5","5","5","5","5","5","Melakukan layanan secara profesional dan ramah (menjaga kontak mata, tersenyum tulus, dan memberikan solusi dengan empati)|Memiliki penampilan yang bersih dan rapi|Memberikan informasi dengan jelas dan akurat|Melayani dengan cepat dan tepat",,,,"Fasilitas pusat informasi lengkap dan mendukung kebutuhan pengunjung|Fasilitas pusat informasi tersedia dengan baik dan mudah diakses oleh pengunjung",,,,"Pusat informasi bersih dan tertata dengan baik|Pusat informasi nyaman digunakan oleh pengunjung|Informasi mudah diakses dan disampaikan dengan jelas kepada pengunjung",,,,"62891212-8ab6-43cf-a47b-63e8c19d3b68","Completed","New","23-11-2025 11:48:02","Anonymous","53543",,"cab97c1f-67b4-11f0-a847-0a0cda9789f2","1eb4a3f0-5e3d-4ac9-b813-8b1a562e7235",,,"true","False","QrCode","Bahasa","2025-11-23T04:47:07.8217Z",,,,,,,,,,,,,,,"68b5aaf51f3cc3c03afa57ae"
"310","IDM","TMII","PUSAT INFORMASI","Pusat Informasi Main Lobby","IDM-TMII-PUSAT INFORMASI-Pusat Informasi Main Lobby-01","5","Satisfied","5","NA",,"Neutral","5","5","5","5","5","5","Melakukan layanan secara profesional dan ramah (menjaga kontak mata, tersenyum tulus, dan memberikan solusi dengan empati)|Memiliki penampilan yang bersih dan rapi|Memberikan informasi dengan jelas dan akurat|Melayani dengan cepat dan tepat|Membantu dan memastikan kesiapan fasilitas",,,,"Fasilitas pusat informasi lengkap dan mendukung kebutuhan pengunjung|Fasilitas pusat informasi tersedia dengan baik dan mudah diakses oleh pengunjung",,,,"Pusat informasi bersih dan tertata dengan baik|Pusat informasi nyaman digunakan oleh pengunjung|Informasi mudah diakses dan disampaikan dengan jelas kepada pengunjung",,,,"1b98d20c-7314-42dc-ae7c-50cc8e559df0","Completed","New","23-11-2025 11:47:42","Anonymous","28785",,"cab97c1f-67b4-11f0-a847-0a0cda9789f2","1eb4a3f0-5e3d-4ac9-b813-8b1a562e7235",,,"true","False","QrCode","Bahasa","2025-11-23T04:47:14.1720Z",,,,,,,,,,,,,,,"68b5aaf51f3cc3c03afa57ae"
"311","IDM","TMII","PUSAT INFORMASI","Pusat Informasi Main Lobby","IDM-TMII-PUSAT INFORMASI-Pusat Informasi Main Lobby-01","4","Satisfied","4","Jika kuota memang 20 orang ya 20, jangan dikurangi","Safety and Security Measures (Shuttle Speed, Pathways, and Facilities)","Neutral","3","3","3","3","3","3",,,"Tidak membantu dan memastikan kesiapan fasilitas",,,,"Fasilitas pusat informasi kurang lengkap dan belum mendukung kebutuhan pengunjung",,,,"Kemudahan akses informasi",,"854e23ae-db84-4bec-aebe-559030692e1f","Completed","New","22-11-2025 16:26:34","Anonymous","61518",,"cab97c1f-67b4-11f0-a847-0a0cda9789f2","1eb4a3f0-5e3d-4ac9-b813-8b1a562e7235",,,"true","False","QrCode","Bahasa","2025-11-22T09:25:32.8297Z",,,,,,,,,,,,,,,"68b5aaf51f3cc3c03afa57ae"
"312","IDM","TMII","PUSAT INFORMASI","Pusat Informasi Main Lobby","IDM-TMII-PUSAT INFORMASI-Pusat Informasi Main Lobby-01","5","Satisfied","5","Jika kuotanya 20, mohon dipersiapkan 20 kak huhuhuhu.. makasih banyakkk","Safety and Security Measures (Shuttle Speed, Pathways, and Facilities)","Positive","5","5","5","5","5","5","Melakukan layanan secara profesional dan ramah (menjaga kontak mata, tersenyum tulus, dan memberikan solusi dengan empati)|Memiliki penampilan yang bersih dan rapi|Memberikan informasi dengan jelas dan akurat|Melayani dengan cepat dan tepat|Membantu dan memastikan kesiapan fasilitas",,,,"Fasilitas pusat informasi lengkap dan mendukung kebutuhan pengunjung|Fasilitas pusat informasi tersedia dengan baik dan mudah diakses oleh pengunjung",,,,"Pusat informasi bersih dan tertata dengan baik|Pusat informasi nyaman digunakan oleh pengunjung|Informasi mudah diakses dan disampaikan dengan jelas kepada pengunjung",,,,"0283199f-3447-4cfa-b10b-abed2c4751a5","Completed","New","22-11-2025 16:26:23","Anonymous","83361",,"cab97c1f-67b4-11f0-a847-0a0cda9789f2","1eb4a3f0-5e3d-4ac9-b813-8b1a562e7235",,,"true","False","QrCode","Bahasa","2025-11-22T09:24:59.1384Z",,,,,,,,,,,,,,,"68b5aaf51f3cc3c03afa57ae"
"313","IDM","TMII","PUSAT INFORMASI","Pusat Informasi Main Lobby","IDM-TMII-PUSAT INFORMASI-Pusat Informasi Main Lobby-01","5","Satisfied","5","Tidakk ada, karena tadi perjalanannya seruuuuu!!!","Tourist Attraction and Cultural Experience Quality","Positive","5","5","5","5","5","5","Melakukan layanan secara profesional dan ramah (menjaga kontak mata, tersenyum tulus, dan memberikan solusi dengan empati)",,,,"Fasilitas pusat informasi lengkap dan mendukung kebutuhan pengunjung",,,,"Pusat informasi bersih dan tertata dengan baik|Pusat informasi nyaman digunakan oleh pengunjung|Informasi mudah diakses dan disampaikan dengan jelas kepada pengunjung",,,,"1d04ac32-a38a-4601-9f3e-92eaf21c0aed","Completed","New","22-11-2025 16:26:09","Anonymous","62592",,"cab97c1f-67b4-11f0-a847-0a0cda9789f2","1eb4a3f0-5e3d-4ac9-b813-8b1a562e7235",,,"true","False","QrCode","Bahasa","2025-11-22T09:25:07.5364Z",,,,,,,,,,,,,,,"68b5aaf51f3cc3c03afa57ae"
"314","IDM","TMII","PUSAT INFORMASI","Pusat Informasi Main Lobby","IDM-TMII-PUSAT INFORMASI-Pusat Informasi Main Lobby-01","5","Satisfied","5","saya sudah sangat puas jdi tidak ada saran","Staff Friendliness and Service Quality","Positive","5","5","5","5","5","5","Memberikan informasi dengan jelas dan akurat",,,,"Fasilitas pusat informasi lengkap dan mendukung kebutuhan pengunjung|Fasilitas pusat informasi tersedia dengan baik dan mudah diakses oleh pengunjung",,,,"Pusat informasi bersih dan tertata dengan baik|Pusat informasi nyaman digunakan oleh pengunjung|Informasi mudah diakses dan disampaikan dengan jelas kepada pengunjung",,,,"7adc2664-a97d-4d56-9d52-4860f5b0fa4c","Completed","New","22-11-2025 16:26:09","Anonymous","85990",,"cab97c1f-67b4-11f0-a847-0a0cda9789f2","1eb4a3f0-5e3d-4ac9-b813-8b1a562e7235",,,"true","False","QrCode","Bahasa","2025-11-22T09:24:43.4871Z",,,,,,,,,,,,,,,"68b5aaf51f3cc3c03afa57ae"
"315","IDM","TMII","PUSAT INFORMASI","Pusat Informasi Main Lobby","IDM-TMII-PUSAT INFORMASI-Pusat Informasi Main Lobby-01","5","Satisfied","5","Tidak ada cukup",,"Neutral","5","5","5","5","5","5","Melakukan layanan secara profesional dan ramah (menjaga kontak mata, tersenyum tulus, dan memberikan solusi dengan empati)",,,,"Fasilitas pusat informasi lengkap dan mendukung kebutuhan pengunjung",,,,"Pusat informasi bersih dan tertata dengan baik",,,,"4e11b665-0434-4945-8a4b-2b3b9296e3ce","Completed","New","22-11-2025 16:25:38","Anonymous","63647",,"cab97c1f-67b4-11f0-a847-0a0cda9789f2","1eb4a3f0-5e3d-4ac9-b813-8b1a562e7235",,,"true","False","QrCode","English","2025-11-22T09:24:34.5200Z",,,,,,,,,,,,,,,"68b5aaf51f3cc3c03afa57ae"
"316","IDM","TMII","PUSAT INFORMASI","Pusat Informasi Main Lobby","IDM-TMII-PUSAT INFORMASI-Pusat Informasi Main Lobby-01","5","Satisfied","5","Tidak ada, sangat puasssss bangettt Terima kasihhh","Staff Friendliness and Service Quality","Positive","5","5","5","5","5","5","Melakukan layanan secara profesional dan ramah (menjaga kontak mata, tersenyum tulus, dan memberikan solusi dengan empati)",,,,"Fasilitas pusat informasi tersedia dengan baik dan mudah diakses oleh pengunjung",,,,"Informasi mudah diakses dan disampaikan dengan jelas kepada pengunjung",,,,"58407837-754a-41b1-9510-aa16fc96e7ca","Completed","New","22-11-2025 16:25:35","Anonymous","61599",,"cab97c1f-67b4-11f0-a847-0a0cda9789f2","1eb4a3f0-5e3d-4ac9-b813-8b1a562e7235",,,"true","False","QrCode","English","2025-11-22T09:24:33.0409Z",,,,,,,,,,,,,,,"68b5aaf51f3cc3c03afa57ae"
"317","IDM","TMII","PUSAT INFORMASI","Pusat Informasi Main Lobby","IDM-TMII-PUSAT INFORMASI-Pusat Informasi Main Lobby-01","5","Satisfied","5","sangat puas","Tourist Attraction and Cultural Experience Quality","Positive","5","5","5","5","5","5","Melakukan layanan secara profesional dan ramah (menjaga kontak mata, tersenyum tulus, dan memberikan solusi dengan empati)|Memberikan informasi dengan jelas dan akurat|Melayani dengan cepat dan tepat|Memiliki penampilan yang bersih dan rapi|Membantu dan memastikan kesiapan fasilitas",,,,"Fasilitas pusat informasi lengkap dan mendukung kebutuhan pengunjung|Fasilitas pusat informasi tersedia dengan baik dan mudah diakses oleh pengunjung",,,,"Pusat informasi bersih dan tertata dengan baik|Pusat informasi nyaman digunakan oleh pengunjung|Informasi mudah diakses dan disampaikan dengan jelas kepada pengunjung",,,,"cf4d7bae-9332-498c-b350-82971166b043","Completed","New","22-11-2025 16:25:18","Anonymous","34877",,"cab97c1f-67b4-11f0-a847-0a0cda9789f2","1eb4a3f0-5e3d-4ac9-b813-8b1a562e7235",,,"true","False","QrCode","Bahasa","2025-11-22T09:24:42.9168Z",,,,,,,,,,,,,,,"68b5aaf51f3cc3c03afa57ae"
"318","IDM","TMII","PUSAT INFORMASI","Pusat Informasi Main Lobby","IDM-TMII-PUSAT INFORMASI-Pusat Informasi Main Lobby-01","5","Satisfied","5","Sudah baik","Staff Friendliness and Service Quality","Positive","5","5","5","5","5","5","Melakukan layanan secara profesional dan ramah (menjaga kontak mata, tersenyum tulus, dan memberikan solusi dengan empati)|Memiliki penampilan yang bersih dan rapi|Memberikan informasi dengan jelas dan akurat|Melayani dengan cepat dan tepat|Membantu dan memastikan kesiapan fasilitas",,,,"Fasilitas pusat informasi lengkap dan mendukung kebutuhan pengunjung|Fasilitas pusat informasi tersedia dengan baik dan mudah diakses oleh pengunjung",,,,"Pusat informasi bersih dan tertata dengan baik|Pusat informasi nyaman digunakan oleh pengunjung|Informasi mudah diakses dan disampaikan dengan jelas kepada pengunjung",,,,"3f92f677-3ef7-4d02-8ea8-25422b71096b","Completed","New","22-11-2025 16:25:13","Anonymous","30240",,"cab97c1f-67b4-11f0-a847-0a0cda9789f2","1eb4a3f0-5e3d-4ac9-b813-8b1a562e7235",,,"true","False","QrCode","Bahasa","2025-11-22T09:24:42.6281Z",,,,,,,,,,,,,,,"68b5aaf51f3cc3c03afa57ae"
"319","IDM","TMII","PUSAT INFORMASI","Pusat Informasi Main Lobby","IDM-TMII-PUSAT INFORMASI-Pusat Informasi Main Lobby-01","5","Satisfied","5",,,,"5","5","5","5","5","5","Melakukan layanan secara profesional dan ramah (menjaga kontak mata, tersenyum tulus, dan memberikan solusi dengan empati)",,,,"Fasilitas pusat informasi lengkap dan mendukung kebutuhan pengunjung",,,,"Pusat informasi bersih dan tertata dengan baik",,,,"0ed19b48-e4a9-4d5f-aac5-7ddd24e99187","Completed","New","22-11-2025 16:25:08","Anonymous","31101",,"cab97c1f-67b4-11f0-a847-0a0cda9789f2","1eb4a3f0-5e3d-4ac9-b813-8b1a562e7235",,,"true","False","QrCode","Bahasa","2025-11-22T09:24:37.2609Z",,,,,,,,,,,,,,,"68b5aaf51f3cc3c03afa57ae"
"320","IDM","TMII","PUSAT INFORMASI","Pusat Informasi Main Lobby","IDM-TMII-PUSAT INFORMASI-Pusat Informasi Main Lobby-01","4","Satisfied","4","Tidak ada",,"Neutral","5","5","5","5","5","5","Melakukan layanan secara profesional dan ramah (menjaga kontak mata, tersenyum tulus, dan memberikan solusi dengan empati)|Memiliki penampilan yang bersih dan rapi|Memberikan informasi dengan jelas dan akurat|Melayani dengan cepat dan tepat|Membantu dan memastikan kesiapan fasilitas",,,,"Fasilitas pusat informasi lengkap dan mendukung kebutuhan pengunjung|Fasilitas pusat informasi tersedia dengan baik dan mudah diakses oleh pengunjung",,,,"Pusat informasi bersih dan tertata dengan baik|Informasi mudah diakses dan disampaikan dengan jelas kepada pengunjung|Pusat informasi nyaman digunakan oleh pengunjung",,,,"77b774a6-1618-4e1a-81a1-5217d3d2f17c","Completed","New","22-11-2025 16:25:07","Anonymous","37289",,"cab97c1f-67b4-11f0-a847-0a0cda9789f2","1eb4a3f0-5e3d-4ac9-b813-8b1a562e7235",,,"true","False","QrCode","Bahasa","2025-11-22T09:24:30.0778Z",,,,,,,,,,,,,,,"68b5aaf51f3cc3c03afa57ae"
"321","IDM","TMII","PUSAT INFORMASI","Pusat Informasi Main Lobby","IDM-TMII-PUSAT INFORMASI-Pusat Informasi Main Lobby-01","5","Satisfied","5","Tmii is incredibly nice and cool. Very pleased to visit tmii. See you next time","Tourist Attraction and Cultural Experience Quality","Positive","5","5","5","5","5","5","Melakukan layanan secara profesional dan ramah (menjaga kontak mata, tersenyum tulus, dan memberikan solusi dengan empati)|Memiliki penampilan yang bersih dan rapi|Memberikan informasi dengan jelas dan akurat|Melayani dengan cepat dan tepat|Membantu dan memastikan kesiapan fasilitas",,,,"Fasilitas pusat informasi lengkap dan mendukung kebutuhan pengunjung|Fasilitas pusat informasi tersedia dengan baik dan mudah diakses oleh pengunjung",,,,"Pusat informasi bersih dan tertata dengan baik|Pusat informasi nyaman digunakan oleh pengunjung|Informasi mudah diakses dan disampaikan dengan jelas kepada pengunjung",,,,"624026bd-1705-481d-a4c9-7eb5831aedc6","Completed","New","22-11-2025 16:03:45","Anonymous","62626",,"cab97c1f-67b4-11f0-a847-0a0cda9789f2","1eb4a3f0-5e3d-4ac9-b813-8b1a562e7235",,,"true","False","QrCode","English","2025-11-22T09:02:42.1234Z",,,,,,,,,,,,,,,"68b5aaf51f3cc3c03afa57ae"
"322","IDM","TMII","PUSAT INFORMASI","Pusat Informasi Main Lobby","IDM-TMII-PUSAT INFORMASI-Pusat Informasi Main Lobby-01","5","Satisfied","5","Seru bangett banyak pelajaran baru fan informasi yg baru aku tau disini, capee tapi seru karna jelasinnya enjot banget… thank you ka vio!✨","Activities and Educational Programs Enhancement","Positive","5","5","5","5","5","5","Melakukan layanan secara profesional dan ramah (menjaga kontak mata, tersenyum tulus, dan memberikan solusi dengan empati)|Memiliki penampilan yang bersih dan rapi|Memberikan informasi dengan jelas dan akurat|Membantu dan memastikan kesiapan fasilitas|Melayani dengan cepat dan tepat",,,,"Fasilitas pusat informasi tersedia dengan baik dan mudah diakses oleh pengunjung",,,,"Informasi mudah diakses dan disampaikan dengan jelas kepada pengunjung",,,,"f1834667-9450-409e-8d33-4c46c661515a","Completed","New","22-11-2025 14:31:22","Anonymous","92397",,"cab97c1f-67b4-11f0-a847-0a0cda9789f2","1eb4a3f0-5e3d-4ac9-b813-8b1a562e7235",,,"true","False","QrCode","Bahasa","2025-11-22T07:29:49.3469Z",,,,,,,,,,,,,,,"68b5aaf51f3cc3c03afa57ae"
"323","IDM","TMII","PUSAT INFORMASI","Pusat Informasi Main Lobby","IDM-TMII-PUSAT INFORMASI-Pusat Informasi Main Lobby-01","4","Satisfied","4","sangat bagus dan seru","Tourist Attraction and Cultural Experience Quality","Positive","5","5","5","5","5","5","Melakukan layanan secara profesional dan ramah (menjaga kontak mata, tersenyum tulus, dan memberikan solusi dengan empati)|Memiliki penampilan yang bersih dan rapi|Memberikan informasi dengan jelas dan akurat|Melayani dengan cepat dan tepat|Membantu dan memastikan kesiapan fasilitas",,,,"Fasilitas pusat informasi lengkap dan mendukung kebutuhan pengunjung|Fasilitas pusat informasi tersedia dengan baik dan mudah diakses oleh pengunjung",,,,"Pusat informasi bersih dan tertata dengan baik|Pusat informasi nyaman digunakan oleh pengunjung|Informasi mudah diakses dan disampaikan dengan jelas kepada pengunjung",,,,"eb4c01cd-850a-4051-a1bb-f304246edd09","Completed","New","22-11-2025 14:30:47","Anonymous","53633",,"cab97c1f-67b4-11f0-a847-0a0cda9789f2","1eb4a3f0-5e3d-4ac9-b813-8b1a562e7235",,,"true","False","QrCode","Bahasa","2025-11-22T07:29:53.7042Z",,,,,,,,,,,,,,,"68b5aaf51f3cc3c03afa57ae"
"324","IDM","TMII","PUSAT INFORMASI","Pusat Informasi Main Lobby","IDM-TMII-PUSAT INFORMASI-Pusat Informasi Main Lobby-01","5","Satisfied","5","bagusss dan menarik","Tourist Attraction and Cultural Experience Quality","Positive","5","5","5","5","5","5","Melakukan layanan secara profesional dan ramah (menjaga kontak mata, tersenyum tulus, dan memberikan solusi dengan empati)|Memiliki penampilan yang bersih dan rapi|Memberikan informasi dengan jelas dan akurat|Membantu dan memastikan kesiapan fasilitas",,,,"Fasilitas pusat informasi lengkap dan mendukung kebutuhan pengunjung|Fasilitas pusat informasi tersedia dengan baik dan mudah diakses oleh pengunjung",,,,"Informasi mudah diakses dan disampaikan dengan jelas kepada pengunjung|Pusat informasi nyaman digunakan oleh pengunjung",,,,"16a51d8d-524e-416a-be8e-cf9ad9e1834c","Completed","New","22-11-2025 14:30:41","Anonymous","46364",,"cab97c1f-67b4-11f0-a847-0a0cda9789f2","1eb4a3f0-5e3d-4ac9-b813-8b1a562e7235",,,"true","False","QrCode","Bahasa","2025-11-22T07:29:54.5013Z",,,,,,,,,,,,,,,"68b5aaf51f3cc3c03afa57ae"
"325","IDM","TMII","PUSAT INFORMASI","Pusat Informasi Main Lobby","IDM-TMII-PUSAT INFORMASI-Pusat Informasi Main Lobby-01","4","Satisfied","4","Informasi yang disampaikan ketika tour bisa semakin menyeluruh, tidak hanya fokus pada beberapa daerah. So far so good!!","Visitor Information and Signage Clarity","Positive","5","5","5","5","4","4","Melakukan layanan secara profesional dan ramah (menjaga kontak mata, tersenyum tulus, dan memberikan solusi dengan empati)|Memiliki penampilan yang bersih dan rapi|Memberikan informasi dengan jelas dan akurat|Melayani dengan cepat dan tepat|Membantu dan memastikan kesiapan fasilitas",,,,"Fasilitas pusat informasi lengkap dan mendukung kebutuhan pengunjung|Fasilitas pusat informasi tersedia dengan baik dan mudah diakses oleh pengunjung",,,,"Pusat informasi bersih dan tertata dengan baik|Pusat informasi nyaman digunakan oleh pengunjung|Informasi mudah diakses dan disampaikan dengan jelas kepada pengunjung",,,,"d6fab4fe-6386-4438-8d14-c280099301a3","Completed","New","22-11-2025 14:28:59","Anonymous","98087",,"cab97c1f-67b4-11f0-a847-0a0cda9789f2","1eb4a3f0-5e3d-4ac9-b813-8b1a562e7235",,,"true","False","QrCode","Bahasa","2025-11-22T07:27:19.9093Z",,,,,,,,,,,,,,,"68b5aaf51f3cc3c03afa57ae"
"326","IDM","TMII","PUSAT INFORMASI","Pusat Informasi Main Lobby","IDM-TMII-PUSAT INFORMASI-Pusat Informasi Main Lobby-01","5","Satisfied","5","Sound system double kalo bisa agar yg barisan belakang terdengar","Safety and Security Measures (Shuttle Speed, Pathways, and Facilities)","Neutral","5","5","5","5","5","5","Melakukan layanan secara profesional dan ramah (menjaga kontak mata, tersenyum tulus, dan memberikan solusi dengan empati)|Memberikan informasi dengan jelas dan akurat|Membantu dan memastikan kesiapan fasilitas|Memiliki penampilan yang bersih dan rapi",,,,"Fasilitas pusat informasi lengkap dan mendukung kebutuhan pengunjung|Fasilitas pusat informasi tersedia dengan baik dan mudah diakses oleh pengunjung",,,,"Pusat informasi bersih dan tertata dengan baik|Pusat informasi nyaman digunakan oleh pengunjung|Informasi mudah diakses dan disampaikan dengan jelas kepada pengunjung|Lainnya",,,,"8aa81cd1-8e92-4c81-987d-eacfecd60d7f","Completed","New","22-11-2025 14:28:39","Anonymous","80260",,"cab97c1f-67b4-11f0-a847-0a0cda9789f2","1eb4a3f0-5e3d-4ac9-b813-8b1a562e7235",,,"true","False","QrCode","Bahasa","2025-11-22T07:27:17.7722Z",,,,,,,,,,,,,,,"68b5aaf51f3cc3c03afa57ae"
"327","IDM","TMII","PUSAT INFORMASI","Pusat Informasi Main Lobby","IDM-TMII-PUSAT INFORMASI-Pusat Informasi Main Lobby-01","5","Satisfied","5","saran saya mungkin speaker saat free tour bike lebih besar karena tidak terdengar sampai belakang","Safety and Security Measures (Shuttle Speed, Pathways, and Facilities)","Neutral","5","5","5","5","5","5","Melakukan layanan secara profesional dan ramah (menjaga kontak mata, tersenyum tulus, dan memberikan solusi dengan empati)|Memiliki penampilan yang bersih dan rapi|Memberikan informasi dengan jelas dan akurat|Melayani dengan cepat dan tepat|Membantu dan memastikan kesiapan fasilitas",,,,"Fasilitas pusat informasi lengkap dan mendukung kebutuhan pengunjung|Fasilitas pusat informasi tersedia dengan baik dan mudah diakses oleh pengunjung",,,,"Pusat informasi bersih dan tertata dengan baik|Informasi mudah diakses dan disampaikan dengan jelas kepada pengunjung|Pusat informasi nyaman digunakan oleh pengunjung",,,,"c79070fc-8420-46eb-8909-f9edcd57251f","Completed","New","22-11-2025 14:28:41","Anonymous","79823",,"cab97c1f-67b4-11f0-a847-0a0cda9789f2","1eb4a3f0-5e3d-4ac9-b813-8b1a562e7235",,,"true","False","QrCode","Bahasa","2025-11-22T07:27:21.2138Z",,,,,,,,,,,,,,,"68b5aaf51f3cc3c03afa57ae"
"328","IDM","TMII","PUSAT INFORMASI","Pusat Informasi Main Lobby","IDM-TMII-PUSAT INFORMASI-Pusat Informasi Main Lobby-01","5","Satisfied","5",,,,"5","5","5","5","5","5","Melakukan layanan secara profesional dan ramah (menjaga kontak mata, tersenyum tulus, dan memberikan solusi dengan empati)|Memiliki penampilan yang bersih dan rapi|Memberikan informasi dengan jelas dan akurat|Melayani dengan cepat dan tepat|Membantu dan memastikan kesiapan fasilitas",,,,"Fasilitas pusat informasi lengkap dan mendukung kebutuhan pengunjung|Fasilitas pusat informasi tersedia dengan baik dan mudah diakses oleh pengunjung",,,,"Pusat informasi bersih dan tertata dengan baik|Pusat informasi nyaman digunakan oleh pengunjung|Informasi mudah diakses dan disampaikan dengan jelas kepada pengunjung",,,,"d3168d81-dc15-49ea-926e-02eb05eae145","Completed","New","22-11-2025 14:28:37","Anonymous","32512",,"cab97c1f-67b4-11f0-a847-0a0cda9789f2","1eb4a3f0-5e3d-4ac9-b813-8b1a562e7235",,,"true","False","QrCode","Bahasa","2025-11-22T07:28:03.9154Z",,,,,,,,,,,,,,,"68b5aaf51f3cc3c03afa57ae"
"329","IDM","TMII","PUSAT INFORMASI","Pusat Informasi Main Lobby","IDM-TMII-PUSAT INFORMASI-Pusat Informasi Main Lobby-01","5","Satisfied","5","Perjalanan bike tour nya seru sekali, semoga bisa terus berinovasi","Activities and Educational Programs Enhancement","Positive","5","5","5","5","5","5","Melakukan layanan secara profesional dan ramah (menjaga kontak mata, tersenyum tulus, dan memberikan solusi dengan empati)|Membantu dan memastikan kesiapan fasilitas|Memiliki penampilan yang bersih dan rapi",,,,"Fasilitas pusat informasi lengkap dan mendukung kebutuhan pengunjung|Fasilitas pusat informasi tersedia dengan baik dan mudah diakses oleh pengunjung",,,,"Informasi mudah diakses dan disampaikan dengan jelas kepada pengunjung|Pusat informasi bersih dan tertata dengan baik|Pusat informasi nyaman digunakan oleh pengunjung",,,,"1389e264-f1ec-402f-98d5-725a3b88dd98","Completed","New","22-11-2025 14:28:37","Anonymous","79381",,"cab97c1f-67b4-11f0-a847-0a0cda9789f2","1eb4a3f0-5e3d-4ac9-b813-8b1a562e7235",,,"true","False","QrCode","Bahasa","2025-11-22T07:27:17.9948Z",,,,,,,,,,,,,,,"68b5aaf51f3cc3c03afa57ae"
"330","IDM","TMII","PUSAT INFORMASI","Pusat Informasi Main Lobby","IDM-TMII-PUSAT INFORMASI-Pusat Informasi Main Lobby-01","5","Satisfied","5","seruu dan informatiff, kurang lama aja krn ga berasaa","Activities and Educational Programs Enhancement","Positive","5","5","5","5","5","5","Melakukan layanan secara profesional dan ramah (menjaga kontak mata, tersenyum tulus, dan memberikan solusi dengan empati)|Memiliki penampilan yang bersih dan rapi|Memberikan informasi dengan jelas dan akurat|Melayani dengan cepat dan tepat|Membantu dan memastikan kesiapan fasilitas",,,,"Fasilitas pusat informasi lengkap dan mendukung kebutuhan pengunjung|Fasilitas pusat informasi tersedia dengan baik dan mudah diakses oleh pengunjung",,,,"Pusat informasi bersih dan tertata dengan baik|Pusat informasi nyaman digunakan oleh pengunjung|Informasi mudah diakses dan disampaikan dengan jelas kepada pengunjung",,,,"152c42f5-13f9-4c08-b440-26e5b550124c","Completed","New","22-11-2025 14:28:31","Anonymous","77461",,"cab97c1f-67b4-11f0-a847-0a0cda9789f2","1eb4a3f0-5e3d-4ac9-b813-8b1a562e7235",,,"true","False","QrCode","Bahasa","2025-11-22T07:27:13.7121Z",,,,,,,,,,,,,,,"68b5aaf51f3cc3c03afa57ae"
"331","IDM","TMII","PUSAT INFORMASI","Pusat Informasi Main Lobby","IDM-TMII-PUSAT INFORMASI-Pusat Informasi Main Lobby-01","5","Satisfied","5","Tida ada karna sudah sangat bagus",,"Positive","5","5","5","5","5","5","Melakukan layanan secara profesional dan ramah (menjaga kontak mata, tersenyum tulus, dan memberikan solusi dengan empati)|Memiliki penampilan yang bersih dan rapi|Memberikan informasi dengan jelas dan akurat|Melayani dengan cepat dan tepat|Membantu dan memastikan kesiapan fasilitas|Lainnya","Sangatt ramah",,,"Fasilitas pusat informasi lengkap dan mendukung kebutuhan pengunjung|Fasilitas pusat informasi tersedia dengan baik dan mudah diakses oleh pengunjung",,,,"Pusat informasi bersih dan tertata dengan baik|Pusat informasi nyaman digunakan oleh pengunjung|Informasi mudah diakses dan disampaikan dengan jelas kepada pengunjung",,,,"268cdf3f-418b-4d8b-b214-258c70fd7200","Completed","New","22-11-2025 14:28:16","Anonymous","58446",,"cab97c1f-67b4-11f0-a847-0a0cda9789f2","1eb4a3f0-5e3d-4ac9-b813-8b1a562e7235",,,"true","False","QrCode","Bahasa","2025-11-22T07:27:17.4465Z",,,,,,,,,,,,,,,"68b5aaf51f3cc3c03afa57ae"
"332","IDM","TMII","PUSAT INFORMASI","Pusat Informasi Main Lobby","IDM-TMII-PUSAT INFORMASI-Pusat Informasi Main Lobby-01","5","Satisfied","5","tidakada",,"Neutral","5","5","5","5","5","5","Memberikan informasi dengan jelas dan akurat|Melakukan layanan secara profesional dan ramah (menjaga kontak mata, tersenyum tulus, dan memberikan solusi dengan empati)|Memiliki penampilan yang bersih dan rapi|Membantu dan memastikan kesiapan fasilitas|Melayani dengan cepat dan tepat",,,,"Fasilitas pusat informasi lengkap dan mendukung kebutuhan pengunjung|Fasilitas pusat informasi tersedia dengan baik dan mudah diakses oleh pengunjung",,,,"Pusat informasi bersih dan tertata dengan baik|Pusat informasi nyaman digunakan oleh pengunjung|Informasi mudah diakses dan disampaikan dengan jelas kepada pengunjung",,,,"3da71d27-153b-4a40-95f2-a17fb1e33460","Completed","New","22-11-2025 14:27:52","Anonymous","37760",,"cab97c1f-67b4-11f0-a847-0a0cda9789f2","1eb4a3f0-5e3d-4ac9-b813-8b1a562e7235",,,"true","False","QrCode","Bahasa","2025-11-22T07:27:14.5009Z",,,,,,,,,,,,,,,"68b5aaf51f3cc3c03afa57ae"
"333","IDM","TMII","PUSAT INFORMASI","Pusat Informasi Main Lobby","IDM-TMII-PUSAT INFORMASI-Pusat Informasi Main Lobby-01","5","Satisfied","5","tadi ketika hujan menunggu di gedung parkir ternyata ada wara wiri yang jemput, terbantu sekali keluarga saya","Accessibility and Transportation Improvements","Positive","5","5","5","5","5","5","Membantu dan memastikan kesiapan fasilitas",,,,"Fasilitas pusat informasi tersedia dengan baik dan mudah diakses oleh pengunjung|Fasilitas pusat informasi lengkap dan mendukung kebutuhan pengunjung",,,,"Pusat informasi nyaman digunakan oleh pengunjung|Informasi mudah diakses dan disampaikan dengan jelas kepada pengunjung",,,,"e724b96e-b32c-4486-b041-60755ac9eed9","Completed","New","22-11-2025 13:29:24","Anonymous","130084",,"cab97c1f-67b4-11f0-a847-0a0cda9789f2","1eb4a3f0-5e3d-4ac9-b813-8b1a562e7235",,,"true","False","QrCode","Bahasa","2025-11-22T06:27:12.9102Z",,,,,,,,,,,,,,,"68b5aaf51f3cc3c03afa57ae"
"334","IDM","TMII","PUSAT INFORMASI","Pusat Informasi Main Lobby","IDM-TMII-PUSAT INFORMASI-Pusat Informasi Main Lobby-01","5","Satisfied","5","Sudah baik dan cukup informatif","Staff Friendliness and Service Quality","Positive","5","5","5","5","5","5","Melakukan layanan secara profesional dan ramah (menjaga kontak mata, tersenyum tulus, dan memberikan solusi dengan empati)|Memiliki penampilan yang bersih dan rapi|Melayani dengan cepat dan tepat",,,,"Fasilitas pusat informasi lengkap dan mendukung kebutuhan pengunjung|Fasilitas pusat informasi tersedia dengan baik dan mudah diakses oleh pengunjung",,,,"Pusat informasi bersih dan tertata dengan baik|Informasi mudah diakses dan disampaikan dengan jelas kepada pengunjung",,,,"982c4f9d-0129-451d-a6ca-600fa60045b2","Completed","New","22-11-2025 11:15:26","Anonymous","75394",,"cab97c1f-67b4-11f0-a847-0a0cda9789f2","1eb4a3f0-5e3d-4ac9-b813-8b1a562e7235",,,"true","False","QrCode","Bahasa","2025-11-22T04:14:09.7708Z",,,,,,,,,,,,,,,"68b5aaf51f3cc3c03afa57ae"
"335","IDM","TMII","PUSAT INFORMASI","Pusat Informasi Main Lobby","IDM-TMII-PUSAT INFORMASI-Pusat Informasi Main Lobby-01","4","Satisfied","4","Very kind and helpfull 🥰","Staff Friendliness and Service Quality","Positive","4","4","4","4","4","4","Melakukan layanan secara profesional dan ramah (menjaga kontak mata, tersenyum tulus, dan memberikan solusi dengan empati)|Memiliki penampilan yang bersih dan rapi|Memberikan informasi dengan jelas dan akurat|Melayani dengan cepat dan tepat|Membantu dan memastikan kesiapan fasilitas",,,,"Fasilitas pusat informasi lengkap dan mendukung kebutuhan pengunjung|Fasilitas pusat informasi tersedia dengan baik dan mudah diakses oleh pengunjung",,,,"Pusat informasi bersih dan tertata dengan baik|Pusat informasi nyaman digunakan oleh pengunjung|Informasi mudah diakses dan disampaikan dengan jelas kepada pengunjung",,,,"34e134af-3e2c-45c6-8f75-53d19a37ab82","Completed","New","22-11-2025 11:15:22","Anonymous","60964",,"cab97c1f-67b4-11f0-a847-0a0cda9789f2","1eb4a3f0-5e3d-4ac9-b813-8b1a562e7235",,,"true","False","QrCode","Bahasa","2025-11-22T04:14:20.6031Z",,,,,,,,,,,,,,,"68b5aaf51f3cc3c03afa57ae"
"336","IDM","TMII","PUSAT INFORMASI","Pusat Informasi Main Lobby","IDM-TMII-PUSAT INFORMASI-Pusat Informasi Main Lobby-01","5","Satisfied","5","mungkin bisa disediakan parkiran speda di anjungan. jika sudah tersedia mungkin bisa dikasih plang","Accessibility and Transportation Improvements","Neutral","5","5","3","3","4","4","Memiliki penampilan yang bersih dan rapi",,,,,,"Lainnya","kurang","Pusat informasi bersih dan tertata dengan baik",,,,"b8231e29-8694-43ba-8cff-89e720c287a7","Completed","New","22-11-2025 11:07:21","Anonymous","173469",,"cab97c1f-67b4-11f0-a847-0a0cda9789f2","1eb4a3f0-5e3d-4ac9-b813-8b1a562e7235",,,"true","False","QrCode","Bahasa","2025-11-22T04:04:27.9589Z",,,,,,,,,,,,,,,"68b5aaf51f3cc3c03afa57ae"
"337","IDM","TMII","PUSAT INFORMASI","Pusat Informasi Main Lobby","IDM-TMII-PUSAT INFORMASI-Pusat Informasi Main Lobby-01","4","Satisfied","4","already was good","Tourist Attraction and Cultural Experience Quality","Positive","4","4","4","4","4","4","Membantu dan memastikan kesiapan fasilitas",,,,"Fasilitas pusat informasi lengkap dan mendukung kebutuhan pengunjung",,,,"Pusat informasi nyaman digunakan oleh pengunjung",,,,"161b6598-7652-4556-bb95-00aedd345eb0","Completed","New","22-11-2025 11:06:40","Anonymous","143879",,"cab97c1f-67b4-11f0-a847-0a0cda9789f2","1eb4a3f0-5e3d-4ac9-b813-8b1a562e7235",,,"true","False","QrCode","English","2025-11-22T04:04:15.9953Z",,,,,,,,,,,,,,,"68b5aaf51f3cc3c03afa57ae"
"338","IDM","TMII","PUSAT INFORMASI","Pusat Informasi Main Lobby","IDM-TMII-PUSAT INFORMASI-Pusat Informasi Main Lobby-01","5","Satisfied","5","seru keliling taman mini, ga terlalu rame juga hari jumat dan seharian cuacanya mendukung ga hujan","Tourist Attraction and Cultural Experience Quality","Positive","5","5","5","5","5","5","Memiliki penampilan yang bersih dan rapi",,,,"Fasilitas pusat informasi tersedia dengan baik dan mudah diakses oleh pengunjung",,,,"Pusat informasi nyaman digunakan oleh pengunjung",,,,"a3840be1-0948-4965-a83e-8b08678a49a0","Completed","New","21-11-2025 16:36:16","Anonymous","129602",,"cab97c1f-67b4-11f0-a847-0a0cda9789f2","1eb4a3f0-5e3d-4ac9-b813-8b1a562e7235",,,"true","False","QrCode","Bahasa","2025-11-21T09:34:06.1830Z",,,,,,,,,,,,,,,"68b5aaf51f3cc3c03afa57ae"
"339","IDM","TMII","PUSAT INFORMASI","Pusat Informasi Main Lobby","IDM-TMII-PUSAT INFORMASI-Pusat Informasi Main Lobby-01","5","Satisfied","5","Thank you TMII, my friends and I very happy to visit tmii. See you next time","Tourist Attraction and Cultural Experience Quality","Positive","5","5","5","5","5","5","Melakukan layanan secara profesional dan ramah (menjaga kontak mata, tersenyum tulus, dan memberikan solusi dengan empati)|Memiliki penampilan yang bersih dan rapi|Memberikan informasi dengan jelas dan akurat|Melayani dengan cepat dan tepat|Membantu dan memastikan kesiapan fasilitas",,,,"Fasilitas pusat informasi lengkap dan mendukung kebutuhan pengunjung|Fasilitas pusat informasi tersedia dengan baik dan mudah diakses oleh pengunjung",,,,"Pusat informasi bersih dan tertata dengan baik|Pusat informasi nyaman digunakan oleh pengunjung|Informasi mudah diakses dan disampaikan dengan jelas kepada pengunjung",,,,"59e75eef-4b7c-43de-936f-c5ecd116dd64","Completed","New","21-11-2025 16:22:54","Anonymous","110952",,"cab97c1f-67b4-11f0-a847-0a0cda9789f2","1eb4a3f0-5e3d-4ac9-b813-8b1a562e7235",,,"true","False","QrCode","English","2025-11-21T09:21:02.5778Z",,,,,,,,,,,,,,,"68b5aaf51f3cc3c03afa57ae"
"340","IDM","TMII","PUSAT INFORMASI","Pusat Informasi Main Lobby","IDM-TMII-PUSAT INFORMASI-Pusat Informasi Main Lobby-01","5","Satisfied","5","A wonderful vacation experience & cannot be forgotten. Family and I were especially happy and happy during our vacation in TMII. Thank you very much TMII, see you later","Tourist Attraction and Cultural Experience Quality","Positive","5","5","5","5","5","5","Melakukan layanan secara profesional dan ramah (menjaga kontak mata, tersenyum tulus, dan memberikan solusi dengan empati)|Memiliki penampilan yang bersih dan rapi|Memberikan informasi dengan jelas dan akurat|Melayani dengan cepat dan tepat|Membantu dan memastikan kesiapan fasilitas",,,,"Fasilitas pusat informasi lengkap dan mendukung kebutuhan pengunjung|Fasilitas pusat informasi tersedia dengan baik dan mudah diakses oleh pengunjung",,,,"Pusat informasi bersih dan tertata dengan baik|Pusat informasi nyaman digunakan oleh pengunjung|Informasi mudah diakses dan disampaikan dengan jelas kepada pengunjung",,,,"91c7bf91-a733-4859-b178-5aae3d902f8c","Completed","New","21-11-2025 15:54:19","Anonymous","201384",,"cab97c1f-67b4-11f0-a847-0a0cda9789f2","1eb4a3f0-5e3d-4ac9-b813-8b1a562e7235",,,"true","False","QrCode","Bahasa","2025-11-21T08:50:58.0255Z",,,,,,,,,,,,,,,"68b5aaf51f3cc3c03afa57ae"
"341","IDM","TMII","PUSAT INFORMASI","Pusat Informasi Main Lobby","IDM-TMII-PUSAT INFORMASI-Pusat Informasi Main Lobby-01","5","Satisfied","5","adanya shuttle gratis dari lrt ke tmii ataupun sebaliknya bener bener patut diapresiasi karna sangat membantu","Accessibility and Transportation Improvements","Positive","4","4","5","5","5","5","Melakukan layanan secara profesional dan ramah (menjaga kontak mata, tersenyum tulus, dan memberikan solusi dengan empati)|Memiliki penampilan yang bersih dan rapi|Memberikan informasi dengan jelas dan akurat|Melayani dengan cepat dan tepat|Membantu dan memastikan kesiapan fasilitas",,,,"Fasilitas pusat informasi lengkap dan mendukung kebutuhan pengunjung|Fasilitas pusat informasi tersedia dengan baik dan mudah diakses oleh pengunjung",,,,"Pusat informasi bersih dan tertata dengan baik|Pusat informasi nyaman digunakan oleh pengunjung|Informasi mudah diakses dan disampaikan dengan jelas kepada pengunjung",,,,"906dbde1-a8c3-4dbe-b318-7ec729d8c1af","Completed","New","21-11-2025 10:57:44","Anonymous","2237395",,"cab97c1f-67b4-11f0-a847-0a0cda9789f2","1eb4a3f0-5e3d-4ac9-b813-8b1a562e7235",,,"true","False","QrCode","Bahasa","2025-11-21T03:20:28.0642Z",,,,,,,,,,,,,,,"68b5aaf51f3cc3c03afa57ae"
"342","IDM","TMII","PUSAT INFORMASI","Pusat Informasi Main Lobby","IDM-TMII-PUSAT INFORMASI-Pusat Informasi Main Lobby-01","5","Satisfied","5","udara tmii cocok banget buat olahraga","Environmental Conditions (Pollution, Trash, and Landscaping)","Positive","5","5","5","5","5","5","Membantu dan memastikan kesiapan fasilitas",,,,"Fasilitas pusat informasi lengkap dan mendukung kebutuhan pengunjung",,,,"Pusat informasi nyaman digunakan oleh pengunjung",,,,"7ce528b6-8c5e-4de6-ae09-ec174aa356a7","Completed","New","21-11-2025 10:22:57","Anonymous","52887",,"cab97c1f-67b4-11f0-a847-0a0cda9789f2","1eb4a3f0-5e3d-4ac9-b813-8b1a562e7235",,,"true","False","QrCode","Bahasa","2025-11-21T03:22:04.8957Z",,,,,,,,,,,,,,,"68b5aaf51f3cc3c03afa57ae"
"343","IDM","TMII","PUSAT INFORMASI","Pusat Informasi Main Lobby","IDM-TMII-PUSAT INFORMASI-Pusat Informasi Main Lobby-01","5","Satisfied","5","terbantu adanya feeder ke gedung parkir, karena jaraknya lumayan kalau jalan","Accessibility and Transportation Improvements","Positive","5","5","5","5","5","5","Memiliki penampilan yang bersih dan rapi",,,,"Fasilitas pusat informasi lengkap dan mendukung kebutuhan pengunjung",,,,"Pusat informasi nyaman digunakan oleh pengunjung",,,,"524a55bc-d1f1-44c4-98e0-7aa32ce9dcb3","Completed","New","21-11-2025 10:21:59","Anonymous","44566",,"cab97c1f-67b4-11f0-a847-0a0cda9789f2","1eb4a3f0-5e3d-4ac9-b813-8b1a562e7235",,,"true","False","QrCode","Bahasa","2025-11-21T03:21:15.3475Z",,,,,,,,,,,,,,,"68b5aaf51f3cc3c03afa57ae"
"344","IDM","TMII","PUSAT INFORMASI","Pusat Informasi Main Lobby","IDM-TMII-PUSAT INFORMASI-Pusat Informasi Main Lobby-01","5","Satisfied","5","lebih keren tmii sekarang","Tourist Attraction and Cultural Experience Quality","Positive","5","5","5","5","5","5","Membantu dan memastikan kesiapan fasilitas",,,,"Fasilitas pusat informasi lengkap dan mendukung kebutuhan pengunjung",,,,"Informasi mudah diakses dan disampaikan dengan jelas kepada pengunjung",,,,"2297ae92-95c0-47e0-92a7-ae9c93adf127","Completed","New","21-11-2025 10:21:11","Anonymous","48517",,"cab97c1f-67b4-11f0-a847-0a0cda9789f2","1eb4a3f0-5e3d-4ac9-b813-8b1a562e7235",,,"true","False","QrCode","Bahasa","2025-11-21T03:20:22.8442Z",,,,,,,,,,,,,,,"68b5aaf51f3cc3c03afa57ae"
"345","IDM","TMII","PUSAT INFORMASI","Antrian Shuttle","IDM-TMII-PUSAT INFORMASI-Antrian Shuttle-01","5","Satisfied","5","Sedikit mengecewakan karena pas dtg tiba” hujan. Tp angkutan kelilingnya masih mau anterin kami bwt keliling. Jadi gak sia” dtg ke tmii. Petugasnya jg baik untuk ngasih arahan gimana baiknya karena mlihat kami lg bawa anak kecil. Makasih udah ramah","Accessibility and Transportation Improvements|Safety and Security Measures (Shuttle Speed, Pathways, and Facilities)","Positive","5","5","5","5","5","5","Melakukan layanan secara profesional dan ramah (menjaga kontak mata, tersenyum tulus, dan memberikan solusi dengan empati)|Memiliki penampilan yang bersih dan rapi",,,,"Fasilitas pusat informasi lengkap dan mendukung kebutuhan pengunjung",,,,"Pusat informasi bersih dan tertata dengan baik",,,,"ed1179e9-a8c2-4c29-aea4-5bb16e30de27","Completed","New","20-11-2025 16:38:57","Anonymous","286204",,"cab97c1f-67b4-11f0-a847-0a0cda9789f2","1eb4a3f0-5e3d-4ac9-b813-8b1a562e7235",,,"true","False","QrCode","Bahasa","2025-11-20T09:34:10.8087Z",,,,,,,,,,,,,,,"68b5aaf51f3cc3c03afa57ae"
"346","IDM","TMII","PUSAT INFORMASI","Antrian Shuttle","IDM-TMII-PUSAT INFORMASI-Antrian Shuttle-01","5","Satisfied","5","Ok. Good enough",,"Neutral","5","5","5","5","5","5","Melakukan layanan secara profesional dan ramah (menjaga kontak mata, tersenyum tulus, dan memberikan solusi dengan empati)|Memiliki penampilan yang bersih dan rapi",,,,"Fasilitas pusat informasi lengkap dan mendukung kebutuhan pengunjung|Fasilitas pusat informasi tersedia dengan baik dan mudah diakses oleh pengunjung",,,,"Pusat informasi bersih dan tertata dengan baik|Pusat informasi nyaman digunakan oleh pengunjung|Informasi mudah diakses dan disampaikan dengan jelas kepada pengunjung",,,,"69c25cf1-65d0-4b56-8aa7-dbf079946401","Completed","New","20-11-2025 15:18:29","Anonymous","220031",,"cab97c1f-67b4-11f0-a847-0a0cda9789f2","1eb4a3f0-5e3d-4ac9-b813-8b1a562e7235",,,"true","False","QrCode","Bahasa","2025-11-20T08:14:49.8936Z",,,,,,,,,,,,,,,"68b5aaf51f3cc3c03afa57ae"
"347","IDM","TMII","PUSAT INFORMASI","Pusat Informasi Main Lobby","IDM-TMII-PUSAT INFORMASI-Pusat Informasi Main Lobby-01","5","Satisfied","5","Mantapp anak terpisah langsung ketemu terimakasih mbak mariya dkk..","Staff Friendliness and Service Quality","Positive","5","5","5","5","5","5","Melakukan layanan secara profesional dan ramah (menjaga kontak mata, tersenyum tulus, dan memberikan solusi dengan empati)",,,,"Fasilitas pusat informasi lengkap dan mendukung kebutuhan pengunjung",,,,"Pusat informasi bersih dan tertata dengan baik",,,,"6c77f244-8d4b-4b6b-b365-f653950242e8","Completed","New","20-11-2025 13:42:22","Anonymous","177296",,"cab97c1f-67b4-11f0-a847-0a0cda9789f2","1eb4a3f0-5e3d-4ac9-b813-8b1a562e7235",,,"true","False","QrCode","Bahasa","2025-11-20T06:39:23.8701Z",,,,,,,,,,,,,,,"68b5aaf51f3cc3c03afa57ae"
"348","IDM","TMII","PUSAT INFORMASI","Antrian Shuttle","IDM-TMII-PUSAT INFORMASI-Antrian Shuttle-01","5","Satisfied","5","TMII so wonderful. This is my first time visiting tmii and i was enjoy this park!!","Tourist Attraction and Cultural Experience Quality","Positive","5","5","5","5","5","5","Melakukan layanan secara profesional dan ramah (menjaga kontak mata, tersenyum tulus, dan memberikan solusi dengan empati)|Memiliki penampilan yang bersih dan rapi",,,,"Fasilitas pusat informasi lengkap dan mendukung kebutuhan pengunjung",,,,"Pusat informasi bersih dan tertata dengan baik",,,,"9406e12c-7b5d-494f-b0a2-3d6e71f0989e","Completed","New","20-11-2025 12:20:02","Anonymous","111580",,"cab97c1f-67b4-11f0-a847-0a0cda9789f2","1eb4a3f0-5e3d-4ac9-b813-8b1a562e7235",,,"true","False","QrCode","English","2025-11-20T05:18:10.5556Z",,,,,,,,,,,,,,,"68b5aaf51f3cc3c03afa57ae"
"349","IDM","TMII","PUSAT INFORMASI","Antrian Shuttle","IDM-TMII-PUSAT INFORMASI-Antrian Shuttle-01","5","Satisfied","5","Saya kehilangan selendang pas acara wisuda anak saya beberapa hari yg lalu. Syukurnya masih ada dan disimpen dgn baik. Terima kasih TMII petugasnya baik2 serta ramah","Staff Friendliness and Service Quality","Positive","5","5","5","5","5","5","Melakukan layanan secara profesional dan ramah (menjaga kontak mata, tersenyum tulus, dan memberikan solusi dengan empati)|Memiliki penampilan yang bersih dan rapi|Memberikan informasi dengan jelas dan akurat|Melayani dengan cepat dan tepat",,,,"Fasilitas pusat informasi lengkap dan mendukung kebutuhan pengunjung|Fasilitas pusat informasi tersedia dengan baik dan mudah diakses oleh pengunjung",,,,"Pusat informasi bersih dan tertata dengan baik|Pusat informasi nyaman digunakan oleh pengunjung|Informasi mudah diakses dan disampaikan dengan jelas kepada pengunjung",,,,"ccc38897-8503-4722-bac5-ca8f3dba35f1","Completed","New","20-11-2025 12:18:08","Anonymous","158699",,"cab97c1f-67b4-11f0-a847-0a0cda9789f2","1eb4a3f0-5e3d-4ac9-b813-8b1a562e7235",,,"true","False","QrCode","Bahasa","2025-11-20T05:15:29.0363Z",,,,,,,,,,,,,,,"68b5aaf51f3cc3c03afa57ae"
"350","IDM","TMII","PUSAT INFORMASI","Antrian Shuttle","IDM-TMII-PUSAT INFORMASI-Antrian Shuttle-01","5","Satisfied","5","Dipusat informasi membantu saya dijelasin di dlm ada apa aja. Supaya saya gak nyasar dan menaiki angkutan kelilingnya gratis. Bagus tmii sekarang ramah lingkungan dgn mobil listriknya","Visitor Information and Signage Clarity","Positive","5","5","5","5","5","5","Melakukan layanan secara profesional dan ramah (menjaga kontak mata, tersenyum tulus, dan memberikan solusi dengan empati)|Memiliki penampilan yang bersih dan rapi",,,,"Fasilitas pusat informasi lengkap dan mendukung kebutuhan pengunjung|Fasilitas pusat informasi tersedia dengan baik dan mudah diakses oleh pengunjung",,,,"Pusat informasi bersih dan tertata dengan baik|Pusat informasi nyaman digunakan oleh pengunjung|Informasi mudah diakses dan disampaikan dengan jelas kepada pengunjung",,,,"d507c08a-4aa8-47a8-91fc-93962b64e1b7","Completed","New","19-11-2025 10:09:15","Anonymous","456558",,"cab97c1f-67b4-11f0-a847-0a0cda9789f2","1eb4a3f0-5e3d-4ac9-b813-8b1a562e7235",,,"true","False","QrCode","Bahasa","2025-11-19T03:01:39.2060Z",,,,,,,,,,,,,,,"68b5aaf51f3cc3c03afa57ae"
"351","IDM","TMII","PUSAT INFORMASI","Pusat Informasi Main Lobby","IDM-TMII-PUSAT INFORMASI-Pusat Informasi Main Lobby-01","5","Satisfied","5","pertama kali coba lari pagi di tmii, dan worth it banget buat yg pengen lari pagi dengan suasana yg sejuk tenang bersih, lagi mempertimbangkan untuk bikin annualpass nyaa supaya lebih oke buat bolak balik sini","Activities and Educational Programs Enhancement","Positive","5","5","4","4","5","5","Melakukan layanan secara profesional dan ramah (menjaga kontak mata, tersenyum tulus, dan memberikan solusi dengan empati)|Memiliki penampilan yang bersih dan rapi|Memberikan informasi dengan jelas dan akurat|Melayani dengan cepat dan tepat|Membantu dan memastikan kesiapan fasilitas",,,,"Fasilitas pusat informasi lengkap dan mendukung kebutuhan pengunjung|Fasilitas pusat informasi tersedia dengan baik dan mudah diakses oleh pengunjung",,,,"Pusat informasi bersih dan tertata dengan baik|Pusat informasi nyaman digunakan oleh pengunjung|Informasi mudah diakses dan disampaikan dengan jelas kepada pengunjung",,,,"3eca4f21-5096-4932-b32f-6fef968a8e63","Completed","New","19-11-2025 09:26:14","Anonymous","175389",,"cab97c1f-67b4-11f0-a847-0a0cda9789f2","1eb4a3f0-5e3d-4ac9-b813-8b1a562e7235",,,"true","False","QrCode","Bahasa","2025-11-19T02:23:20.1190Z",,,,,,,,,,,,,,,"68b5aaf51f3cc3c03afa57ae"
"352","IDM","TMII","PUSAT INFORMASI","Pusat Informasi Main Lobby","IDM-TMII-PUSAT INFORMASI-Pusat Informasi Main Lobby-01","5","Satisfied","5","masih menjadi tempat favorit olahraga pagi ku, petugas dipintu utama bahkan sampe petugas kebersihan semuanya ramah, selalu disapa setiap lewat olahraga, asri banget lingkungannyaaa sukaaaaaa","Staff Friendliness and Service Quality","Positive","5","5","5","5","5","5","Melakukan layanan secara profesional dan ramah (menjaga kontak mata, tersenyum tulus, dan memberikan solusi dengan empati)|Memiliki penampilan yang bersih dan rapi|Memberikan informasi dengan jelas dan akurat|Melayani dengan cepat dan tepat|Membantu dan memastikan kesiapan fasilitas",,,,"Fasilitas pusat informasi lengkap dan mendukung kebutuhan pengunjung|Fasilitas pusat informasi tersedia dengan baik dan mudah diakses oleh pengunjung",,,,"Pusat informasi bersih dan tertata dengan baik|Pusat informasi nyaman digunakan oleh pengunjung|Informasi mudah diakses dan disampaikan dengan jelas kepada pengunjung",,,,"c1bcb14b-5b64-4753-a7f1-f24ffa750026","Completed","New","19-11-2025 09:23:16","Anonymous","133032",,"cab97c1f-67b4-11f0-a847-0a0cda9789f2","1eb4a3f0-5e3d-4ac9-b813-8b1a562e7235",,,"true","False","QrCode","Bahasa","2025-11-19T02:21:04.3141Z",,,,,,,,,,,,,,,"68b5aaf51f3cc3c03afa57ae"
"353","IDM","TMII","PUSAT INFORMASI","Pusat Informasi Main Lobby","IDM-TMII-PUSAT INFORMASI-Pusat Informasi Main Lobby-01","5","Satisfied","5","perjalanan ke tmii cukup memakan waktu lama","Accessibility and Transportation Improvements","Negative","5","5","5","5","5","5","Memiliki penampilan yang bersih dan rapi",,,,"Fasilitas pusat informasi tersedia dengan baik dan mudah diakses oleh pengunjung",,,,"Informasi mudah diakses dan disampaikan dengan jelas kepada pengunjung",,,,"3a3856f4-1009-492b-8e52-4caa407bf10a","Completed","New","18-11-2025 16:44:28","Anonymous","198748",,"cab97c1f-67b4-11f0-a847-0a0cda9789f2","1eb4a3f0-5e3d-4ac9-b813-8b1a562e7235",,,"true","False","QrCode","Bahasa","2025-11-18T09:41:09.0687Z",,,,,,,,,,,,,,,"68b5aaf51f3cc3c03afa57ae"
"354","IDM","TMII","PUSAT INFORMASI","Pusat Informasi Main Lobby","IDM-TMII-PUSAT INFORMASI-Pusat Informasi Main Lobby-01","5","Satisfied","5","kalau hujan gini ke tmii harus siap payung karena semua areanya terbuka","Environmental Conditions (Pollution, Trash, and Landscaping)","Neutral","5","5","5","5","5","5","Memberikan informasi dengan jelas dan akurat",,,,"Fasilitas pusat informasi lengkap dan mendukung kebutuhan pengunjung",,,,"Informasi mudah diakses dan disampaikan dengan jelas kepada pengunjung",,,,"9f67ad23-527a-4c46-9788-ac3bccf5529d","Completed","New","18-11-2025 16:41:06","Anonymous","187451",,"cab97c1f-67b4-11f0-a847-0a0cda9789f2","1eb4a3f0-5e3d-4ac9-b813-8b1a562e7235",,,"true","False","QrCode","Bahasa","2025-11-18T09:37:58.0123Z",,,,,,,,,,,,,,,"68b5aaf51f3cc3c03afa57ae"
"355","IDM","TMII","PUSAT INFORMASI","Antrian Shuttle","IDM-TMII-PUSAT INFORMASI-Antrian Shuttle-01","5","Satisfied","5","Baik sekali petugas yg berjaga di dpn sigap untuk memayungi saya yg  sdg membawa anak. Padahl ujan lg sgt derass.","Safety and Security Measures (Shuttle Speed, Pathways, and Facilities)","Positive","5","5","5","5","5","5","Melakukan layanan secara profesional dan ramah (menjaga kontak mata, tersenyum tulus, dan memberikan solusi dengan empati)",,,,"Fasilitas pusat informasi lengkap dan mendukung kebutuhan pengunjung",,,,"Pusat informasi bersih dan tertata dengan baik|Pusat informasi nyaman digunakan oleh pengunjung|Informasi mudah diakses dan disampaikan dengan jelas kepada pengunjung",,,,"601db7b7-a751-48c6-a5e7-0de4f7a54a57","Completed","New","18-11-2025 14:17:22","Anonymous","130254",,"cab97c1f-67b4-11f0-a847-0a0cda9789f2","1eb4a3f0-5e3d-4ac9-b813-8b1a562e7235",,,"true","False","QrCode","Bahasa","2025-11-18T07:15:12.1048Z",,,,,,,,,,,,,,,"68b5aaf51f3cc3c03afa57ae"
"356","IDM","TMII","PUSAT INFORMASI","Pusat Informasi Main Lobby","IDM-TMII-PUSAT INFORMASI-Pusat Informasi Main Lobby-01","5","Satisfied","5","Sudah baik",,"Positive","5","5","5","5","5","5","Melakukan layanan secara profesional dan ramah (menjaga kontak mata, tersenyum tulus, dan memberikan solusi dengan empati)|Memberikan informasi dengan jelas dan akurat|Melayani dengan cepat dan tepat",,,,"Fasilitas pusat informasi lengkap dan mendukung kebutuhan pengunjung",,,,"Informasi mudah diakses dan disampaikan dengan jelas kepada pengunjung",,,,"8f90f3c0-8030-4402-8e4b-9ff274ccc857","Completed","New","18-11-2025 13:17:04","Anonymous","56585",,"cab97c1f-67b4-11f0-a847-0a0cda9789f2","1eb4a3f0-5e3d-4ac9-b813-8b1a562e7235",,,"true","False","QrCode","Bahasa","2025-11-18T06:16:07.3260Z",,,,,,,,,,,,,,,"68b5aaf51f3cc3c03afa57ae"
"357","IDM","TMII","PUSAT INFORMASI","Pusat Informasi Main Lobby","IDM-TMII-PUSAT INFORMASI-Pusat Informasi Main Lobby-01","5","Satisfied","5","Pertunjukan tirta cerita yang sangat indah, terdengar merdu ditelinga, dan bersinar saat melihat melalui mata yang terbuka sehingga menjadi sangat berbinar.","Tourist Attraction and Cultural Experience Quality","Positive","5","5","5","5","5","5","Melakukan layanan secara profesional dan ramah (menjaga kontak mata, tersenyum tulus, dan memberikan solusi dengan empati)|Memiliki penampilan yang bersih dan rapi|Memberikan informasi dengan jelas dan akurat|Melayani dengan cepat dan tepat|Membantu dan memastikan kesiapan fasilitas",,,,"Fasilitas pusat informasi lengkap dan mendukung kebutuhan pengunjung|Fasilitas pusat informasi tersedia dengan baik dan mudah diakses oleh pengunjung",,,,"Pusat informasi bersih dan tertata dengan baik|Pusat informasi nyaman digunakan oleh pengunjung|Informasi mudah diakses dan disampaikan dengan jelas kepada pengunjung",,,,"bf8dbf5d-04ac-4c15-bbfd-22c6ffd208a6","Completed","New","17-11-2025 19:14:00","Anonymous","89442",,"cab97c1f-67b4-11f0-a847-0a0cda9789f2","1eb4a3f0-5e3d-4ac9-b813-8b1a562e7235",,,"true","False","QrCode","Bahasa","2025-11-17T12:12:31.3560Z",,,,,,,,,,,,,,,"68b5aaf51f3cc3c03afa57ae"
"358","IDM","TMII","PUSAT INFORMASI","Pusat Informasi Main Lobby","IDM-TMII-PUSAT INFORMASI-Pusat Informasi Main Lobby-01","5","Satisfied","5","aku ditemenin sm ka Amanda selama nungguin shuttle LRT yang mau ke TMII. diajak ngobrol jadi ga bosen nungguinnya. thank you ka Amandaa","Staff Friendliness and Service Quality","Positive","5","5","5","5","5","5","Melakukan layanan secara profesional dan ramah (menjaga kontak mata, tersenyum tulus, dan memberikan solusi dengan empati)|Memberikan informasi dengan jelas dan akurat|Memiliki penampilan yang bersih dan rapi|Melayani dengan cepat dan tepat|Membantu dan memastikan kesiapan fasilitas",,,,"Fasilitas pusat informasi lengkap dan mendukung kebutuhan pengunjung|Fasilitas pusat informasi tersedia dengan baik dan mudah diakses oleh pengunjung",,,,"Pusat informasi bersih dan tertata dengan baik|Pusat informasi nyaman digunakan oleh pengunjung|Informasi mudah diakses dan disampaikan dengan jelas kepada pengunjung",,,,"21aadafd-591b-4e1d-a6fd-d9d30b8e8013","Completed","New","17-11-2025 19:11:34","Anonymous","65676",,"cab97c1f-67b4-11f0-a847-0a0cda9789f2","1eb4a3f0-5e3d-4ac9-b813-8b1a562e7235",,,"true","False","QrCode","Bahasa","2025-11-17T12:10:28.2371Z",,,,,,,,,,,,,,,"68b5aaf51f3cc3c03afa57ae"
"359","IDM","TMII","PUSAT INFORMASI","Pusat Informasi Main Lobby","IDM-TMII-PUSAT INFORMASI-Pusat Informasi Main Lobby-01","5","Satisfied","5","Taman Mini lingkungannya bersih banget, petugasnya ramah2 banget, dan anglingnya juga cepet banget jemputnya. bakal balik lagi dehhh","Facility Maintenance and Cleanliness","Positive","5","5","5","5","5","5","Melakukan layanan secara profesional dan ramah (menjaga kontak mata, tersenyum tulus, dan memberikan solusi dengan empati)|Memiliki penampilan yang bersih dan rapi|Memberikan informasi dengan jelas dan akurat|Melayani dengan cepat dan tepat|Membantu dan memastikan kesiapan fasilitas",,,,"Fasilitas pusat informasi lengkap dan mendukung kebutuhan pengunjung|Fasilitas pusat informasi tersedia dengan baik dan mudah diakses oleh pengunjung",,,,"Pusat informasi bersih dan tertata dengan baik|Pusat informasi nyaman digunakan oleh pengunjung|Informasi mudah diakses dan disampaikan dengan jelas kepada pengunjung",,,,"7bbc2beb-3d55-4c02-b2d6-74bdbf5fc51b","Completed","New","17-11-2025 17:24:20","Anonymous","119776",,"cab97c1f-67b4-11f0-a847-0a0cda9789f2","1eb4a3f0-5e3d-4ac9-b813-8b1a562e7235",,,"true","False","QrCode","Bahasa","2025-11-17T10:22:20.6721Z",,,,,,,,,,,,,,,"68b5aaf51f3cc3c03afa57ae"
"360","IDM","TMII","PUSAT INFORMASI","Pusat Informasi Main Lobby","IDM-TMII-PUSAT INFORMASI-Pusat Informasi Main Lobby-01","5","Satisfied","5","aku ditemenin sama ka Amanda untuk tunggu shuttlenya. diajak ngobrol biar ga bosen dan ramah banget. thank you ka Amanda","Staff Friendliness and Service Quality","Positive","5","5","5","5","5","5","Melakukan layanan secara profesional dan ramah (menjaga kontak mata, tersenyum tulus, dan memberikan solusi dengan empati)|Memiliki penampilan yang bersih dan rapi|Memberikan informasi dengan jelas dan akurat|Melayani dengan cepat dan tepat|Membantu dan memastikan kesiapan fasilitas",,,,"Fasilitas pusat informasi lengkap dan mendukung kebutuhan pengunjung|Fasilitas pusat informasi tersedia dengan baik dan mudah diakses oleh pengunjung",,,,"Pusat informasi nyaman digunakan oleh pengunjung|Pusat informasi bersih dan tertata dengan baik|Informasi mudah diakses dan disampaikan dengan jelas kepada pengunjung",,,,"6dff399f-f5c7-4948-8857-35c68a9b6124","Completed","New","17-11-2025 17:21:56","Anonymous","517553",,"cab97c1f-67b4-11f0-a847-0a0cda9789f2","1eb4a3f0-5e3d-4ac9-b813-8b1a562e7235",,,"true","False","QrCode","Bahasa","2025-11-17T10:13:18.5441Z",,,,,,,,,,,,,,,"68b5aaf51f3cc3c03afa57ae"
"361","IDM","TMII","PUSAT INFORMASI","Pusat Informasi Main Lobby","IDM-TMII-PUSAT INFORMASI-Pusat Informasi Main Lobby-01","5","Satisfied","5","anak saya suka sekali berkunjung ke sini, karena bisa bermain sepeda dengan bebas tanpa takut ada kendaraan lain","Tourist Attraction and Cultural Experience Quality","Positive","5","5","5","5","5","5","Membantu dan memastikan kesiapan fasilitas",,,,"Fasilitas pusat informasi lengkap dan mendukung kebutuhan pengunjung",,,,"Pusat informasi nyaman digunakan oleh pengunjung",,,,"8f21e5c9-a41b-4bfa-8fa1-2a656362bd1b","Completed","New","17-11-2025 17:04:09","Anonymous","188182",,"cab97c1f-67b4-11f0-a847-0a0cda9789f2","1eb4a3f0-5e3d-4ac9-b813-8b1a562e7235",,,"true","False","QrCode","Bahasa","2025-11-17T10:01:00.7896Z",,,,,,,,,,,,,,,"68b5aaf51f3cc3c03afa57ae"
"362","IDM","TMII","PUSAT INFORMASI","Pusat Informasi Main Lobby","IDM-TMII-PUSAT INFORMASI-Pusat Informasi Main Lobby-01","5","Satisfied","5","Makanan di pasar nusantara enak enak banget dan bikin perut kenyang. Jadi tau makanan daerah lain. Next time bakal cobain lebih banyak di pasar nusantara.","Amenities and Food Services Availability","Positive","5","5","5","5","5","5","Melakukan layanan secara profesional dan ramah (menjaga kontak mata, tersenyum tulus, dan memberikan solusi dengan empati)|Memiliki penampilan yang bersih dan rapi|Memberikan informasi dengan jelas dan akurat|Melayani dengan cepat dan tepat|Membantu dan memastikan kesiapan fasilitas",,,,"Fasilitas pusat informasi lengkap dan mendukung kebutuhan pengunjung|Fasilitas pusat informasi tersedia dengan baik dan mudah diakses oleh pengunjung",,,,"Pusat informasi bersih dan tertata dengan baik|Pusat informasi nyaman digunakan oleh pengunjung|Informasi mudah diakses dan disampaikan dengan jelas kepada pengunjung",,,,"8e0109e5-4613-4977-9a02-bec225b99e46","Completed","New","17-11-2025 13:14:34","Anonymous","129694",,"cab97c1f-67b4-11f0-a847-0a0cda9789f2","1eb4a3f0-5e3d-4ac9-b813-8b1a562e7235",,,"true","False","QrCode","Bahasa","2025-11-17T06:12:24.6166Z",,,,,,,,,,,,,,,"68b5aaf51f3cc3c03afa57ae"
"363","IDM","TMII","PUSAT INFORMASI","Pusat Informasi Main Lobby","IDM-TMII-PUSAT INFORMASI-Pusat Informasi Main Lobby-01","5","Satisfied","5","Anak - anak happy banget selama berkunjung ke TMII. pelayanan yang sangat baik dan bagus banget jadi memuaskan. Tentunya akan jadi memori yang indah untuk saya & keluarga. Terima Kasih TMII","Tourist Attraction and Cultural Experience Quality","Positive","5","5","5","5","5","5","Melakukan layanan secara profesional dan ramah (menjaga kontak mata, tersenyum tulus, dan memberikan solusi dengan empati)|Memiliki penampilan yang bersih dan rapi|Memberikan informasi dengan jelas dan akurat|Melayani dengan cepat dan tepat|Membantu dan memastikan kesiapan fasilitas",,,,"Fasilitas pusat informasi lengkap dan mendukung kebutuhan pengunjung|Fasilitas pusat informasi tersedia dengan baik dan mudah diakses oleh pengunjung",,,,"Pusat informasi bersih dan tertata dengan baik|Pusat informasi nyaman digunakan oleh pengunjung|Informasi mudah diakses dan disampaikan dengan jelas kepada pengunjung",,,,"be702a1f-1973-4447-8a42-90cd66795038","Completed","New","17-11-2025 13:11:13","Anonymous","98300",,"cab97c1f-67b4-11f0-a847-0a0cda9789f2","1eb4a3f0-5e3d-4ac9-b813-8b1a562e7235",,,"true","False","QrCode","Bahasa","2025-11-17T06:09:35.0549Z",,,,,,,,,,,,,,,"68b5aaf51f3cc3c03afa57ae"
"364","IDM","TMII","PUSAT INFORMASI","Pusat Informasi Main Lobby","IDM-TMII-PUSAT INFORMASI-Pusat Informasi Main Lobby-01","5","Satisfied","5","untuk mas Yose terima kasih banyak yaa, karena saya dilayani dengan sangat baik. dikasih petunjuk arah biar gak bingung & disambut dengan ramahhh","Staff Friendliness and Service Quality","Positive","5","5","5","5","5","5","Melakukan layanan secara profesional dan ramah (menjaga kontak mata, tersenyum tulus, dan memberikan solusi dengan empati)|Memiliki penampilan yang bersih dan rapi|Memberikan informasi dengan jelas dan akurat|Melayani dengan cepat dan tepat|Membantu dan memastikan kesiapan fasilitas",,,,"Fasilitas pusat informasi lengkap dan mendukung kebutuhan pengunjung|Fasilitas pusat informasi tersedia dengan baik dan mudah diakses oleh pengunjung",,,,"Pusat informasi bersih dan tertata dengan baik|Pusat informasi nyaman digunakan oleh pengunjung|Informasi mudah diakses dan disampaikan dengan jelas kepada pengunjung",,,,"f00bf96c-949f-4abe-9f81-c0799be0ada1","Completed","New","17-11-2025 13:09:31","Anonymous","178018",,"cab97c1f-67b4-11f0-a847-0a0cda9789f2","1eb4a3f0-5e3d-4ac9-b813-8b1a562e7235",,,"true","False","QrCode","Bahasa","2025-11-17T06:06:33.1805Z",,,,,,,,,,,,,,,"68b5aaf51f3cc3c03afa57ae"
"365","IDM","TMII","PUSAT INFORMASI","Pusat Informasi Main Lobby","IDM-TMII-PUSAT INFORMASI-Pusat Informasi Main Lobby-01","5","Satisfied","5","Tim yang mobile baik & ramah banget. di ajak ngobrol biar ga boring nunggu wara wirinya. makasih banyakkk","Staff Friendliness and Service Quality","Positive","5","5","5","5","5","5","Melakukan layanan secara profesional dan ramah (menjaga kontak mata, tersenyum tulus, dan memberikan solusi dengan empati)|Memiliki penampilan yang bersih dan rapi|Memberikan informasi dengan jelas dan akurat|Melayani dengan cepat dan tepat|Membantu dan memastikan kesiapan fasilitas",,,,"Fasilitas pusat informasi lengkap dan mendukung kebutuhan pengunjung|Fasilitas pusat informasi tersedia dengan baik dan mudah diakses oleh pengunjung",,,,"Pusat informasi bersih dan tertata dengan baik|Pusat informasi nyaman digunakan oleh pengunjung|Informasi mudah diakses dan disampaikan dengan jelas kepada pengunjung",,,,"b84378dd-88ef-475c-b44e-82d0351c1ea2","Completed","New","17-11-2025 13:05:22","Anonymous","157030",,"cab97c1f-67b4-11f0-a847-0a0cda9789f2","1eb4a3f0-5e3d-4ac9-b813-8b1a562e7235",,,"true","False","QrCode","Bahasa","2025-11-17T06:02:45.1843Z",,,,,,,,,,,,,,,"68b5aaf51f3cc3c03afa57ae"
"366","IDM","TMII","PUSAT INFORMASI","Pusat Informasi Main Lobby","IDM-TMII-PUSAT INFORMASI-Pusat Informasi Main Lobby-01","5","Satisfied","5","Sudah cukup lengkap",,"Neutral","5","5","5","5","5","5","Melakukan layanan secara profesional dan ramah (menjaga kontak mata, tersenyum tulus, dan memberikan solusi dengan empati)|Memiliki penampilan yang bersih dan rapi",,,,"Fasilitas pusat informasi lengkap dan mendukung kebutuhan pengunjung|Fasilitas pusat informasi tersedia dengan baik dan mudah diakses oleh pengunjung",,,,"Pusat informasi bersih dan tertata dengan baik|Informasi mudah diakses dan disampaikan dengan jelas kepada pengunjung",,,,"725f8f7e-400d-4704-9469-b599f9386339","Completed","New","17-11-2025 12:52:14","Anonymous","196638",,"cab97c1f-67b4-11f0-a847-0a0cda9789f2","1eb4a3f0-5e3d-4ac9-b813-8b1a562e7235",,,"true","False","QrCode","Bahasa","2025-11-17T05:48:58.0367Z",,,,,,,,,,,,,,,"68b5aaf51f3cc3c03afa57ae"
"367","IDM","TMII","PUSAT INFORMASI","Pusat Informasi Main Lobby","IDM-TMII-PUSAT INFORMASI-Pusat Informasi Main Lobby-01","5","Satisfied","5","Di pintu masuk TMII saya disambut dengan sangat ramah oleh mba Inara. dilayani dengan senyuman yang tulus dan pelayanan yang sangat baik dan memuaskan. terima kasih mba Inara dan taman mini","Staff Friendliness and Service Quality","Positive","5","5","5","5","5","5","Melakukan layanan secara profesional dan ramah (menjaga kontak mata, tersenyum tulus, dan memberikan solusi dengan empati)|Memiliki penampilan yang bersih dan rapi|Memberikan informasi dengan jelas dan akurat|Melayani dengan cepat dan tepat|Membantu dan memastikan kesiapan fasilitas",,,,"Fasilitas pusat informasi lengkap dan mendukung kebutuhan pengunjung|Fasilitas pusat informasi tersedia dengan baik dan mudah diakses oleh pengunjung",,,,"Pusat informasi bersih dan tertata dengan baik|Pusat informasi nyaman digunakan oleh pengunjung|Informasi mudah diakses dan disampaikan dengan jelas kepada pengunjung",,,,"4c977fc6-1fb6-45d1-9842-efc50890777f","Completed","New","17-11-2025 12:49:21","Anonymous","112917",,"cab97c1f-67b4-11f0-a847-0a0cda9789f2","1eb4a3f0-5e3d-4ac9-b813-8b1a562e7235",,,"true","False","QrCode","Bahasa","2025-11-17T05:47:28.5507Z",,,,,,,,,,,,,,,"68b5aaf51f3cc3c03afa57ae"
"368","IDM","TMII","PUSAT INFORMASI","Pusat Informasi Main Lobby","IDM-TMII-PUSAT INFORMASI-Pusat Informasi Main Lobby-01","5","Satisfied","5","Semangat terus",,"Positive","5","5","5","5","5","5","Melakukan layanan secara profesional dan ramah (menjaga kontak mata, tersenyum tulus, dan memberikan solusi dengan empati)|Memiliki penampilan yang bersih dan rapi|Memberikan informasi dengan jelas dan akurat|Membantu dan memastikan kesiapan fasilitas|Melayani dengan cepat dan tepat",,,,"Fasilitas pusat informasi lengkap dan mendukung kebutuhan pengunjung|Fasilitas pusat informasi tersedia dengan baik dan mudah diakses oleh pengunjung",,,,"Pusat informasi bersih dan tertata dengan baik|Pusat informasi nyaman digunakan oleh pengunjung|Informasi mudah diakses dan disampaikan dengan jelas kepada pengunjung",,,,"aa4baa6a-6d4e-49ec-b3ef-c4608aceafc6","Completed","New","16-11-2025 16:49:28","Anonymous","28622",,"cab97c1f-67b4-11f0-a847-0a0cda9789f2","1eb4a3f0-5e3d-4ac9-b813-8b1a562e7235",,,"true","False","QrCode","English","2025-11-16T09:48:57.9304Z",,,,,,,,,,,,,,,"68b5aaf51f3cc3c03afa57ae"
"369","IDM","TMII","PUSAT INFORMASI","Pusat Informasi Main Lobby","IDM-TMII-PUSAT INFORMASI-Pusat Informasi Main Lobby-01","5","Satisfied","5","Seru bangetttt","Tourist Attraction and Cultural Experience Quality","Positive","5","5","5","5","5","5","Melakukan layanan secara profesional dan ramah (menjaga kontak mata, tersenyum tulus, dan memberikan solusi dengan empati)|Memiliki penampilan yang bersih dan rapi|Memberikan informasi dengan jelas dan akurat|Melayani dengan cepat dan tepat|Membantu dan memastikan kesiapan fasilitas",,,,"Fasilitas pusat informasi lengkap dan mendukung kebutuhan pengunjung|Fasilitas pusat informasi tersedia dengan baik dan mudah diakses oleh pengunjung",,,,"Pusat informasi bersih dan tertata dengan baik|Pusat informasi nyaman digunakan oleh pengunjung|Informasi mudah diakses dan disampaikan dengan jelas kepada pengunjung",,,,"6cefaf6d-524f-4221-9a4a-8fa7d55ecfdf","Completed","New","16-11-2025 16:47:02","Anonymous","52926",,"cab97c1f-67b4-11f0-a847-0a0cda9789f2","1eb4a3f0-5e3d-4ac9-b813-8b1a562e7235",,,"true","False","QrCode","Bahasa","2025-11-16T09:46:10.4785Z",,,,,,,,,,,,,,,"68b5aaf51f3cc3c03afa57ae"
"370","IDM","TMII","PUSAT INFORMASI","Pusat Informasi Main Lobby","IDM-TMII-PUSAT INFORMASI-Pusat Informasi Main Lobby-01","4","Satisfied","4",,,,"5","5","4","4","4","4","Melakukan layanan secara profesional dan ramah (menjaga kontak mata, tersenyum tulus, dan memberikan solusi dengan empati)|Memberikan informasi dengan jelas dan akurat|Memiliki penampilan yang bersih dan rapi",,,,"Fasilitas pusat informasi tersedia dengan baik dan mudah diakses oleh pengunjung",,,,"Pusat informasi bersih dan tertata dengan baik|Informasi mudah diakses dan disampaikan dengan jelas kepada pengunjung",,,,"29243fd3-5c7d-4153-9d1d-a1aef69430af","Completed","New","16-11-2025 16:46:43","Anonymous","39128",,"cab97c1f-67b4-11f0-a847-0a0cda9789f2","1eb4a3f0-5e3d-4ac9-b813-8b1a562e7235",,,"true","False","QrCode","Bahasa","2025-11-16T09:46:03.3004Z",,,,,,,,,,,,,,,"68b5aaf51f3cc3c03afa57ae"
"371","IDM","TMII","PUSAT INFORMASI","Pusat Informasi Main Lobby","IDM-TMII-PUSAT INFORMASI-Pusat Informasi Main Lobby-01","5","Satisfied","5","Overall puas.","Tourist Attraction and Cultural Experience Quality","Positive","5","5","5","5","5","5","Melakukan layanan secara profesional dan ramah (menjaga kontak mata, tersenyum tulus, dan memberikan solusi dengan empati)|Memiliki penampilan yang bersih dan rapi|Memberikan informasi dengan jelas dan akurat|Melayani dengan cepat dan tepat|Membantu dan memastikan kesiapan fasilitas|Lainnya","Semuanya ok",,,"Fasilitas pusat informasi lengkap dan mendukung kebutuhan pengunjung|Fasilitas pusat informasi tersedia dengan baik dan mudah diakses oleh pengunjung|Lainnya","Semuanya ok",,,"Pusat informasi bersih dan tertata dengan baik|Pusat informasi nyaman digunakan oleh pengunjung|Informasi mudah diakses dan disampaikan dengan jelas kepada pengunjung|Lainnya","Semuanya ok",,,"29cd3ace-36c5-4f86-a19f-6328e770f9fb","Completed","New","16-11-2025 16:46:37","Anonymous","49545",,"cab97c1f-67b4-11f0-a847-0a0cda9789f2","1eb4a3f0-5e3d-4ac9-b813-8b1a562e7235",,,"true","False","QrCode","Bahasa","2025-11-16T09:45:46.2562Z",,,,,,,,,,,,,,,"68b5aaf51f3cc3c03afa57ae"
"372","IDM","TMII","PUSAT INFORMASI","Antrian Shuttle","IDM-TMII-PUSAT INFORMASI-Antrian Shuttle-01","3","Neutral","3","Tolong dong di setiap halte ada orang yang menjadi tempat informasi, dan juga sopir nya juga harus kasih Informasi kalau berhenti dsini bisa ksini dll","Visitor Information and Signage Clarity","Neutral","4","4","4","4","3","3","Membantu dan memastikan kesiapan fasilitas",,,,"Fasilitas pusat informasi lengkap dan mendukung kebutuhan pengunjung",,,,,,"Pusat informasi kotor atau kurang tertata",,"0bbe1e5d-5119-406f-b7db-a442a2bfe30c","Completed","New","16-11-2025 15:04:34","Anonymous","143533",,"cab97c1f-67b4-11f0-a847-0a0cda9789f2","1eb4a3f0-5e3d-4ac9-b813-8b1a562e7235",,,"true","False","QrCode","Bahasa","2025-11-16T08:02:10.1603Z",,,,,,,,,,,,,,,"68b5aaf51f3cc3c03afa57ae"
"373","IDM","TMII","PUSAT INFORMASI","Pusat Informasi Main Lobby","IDM-TMII-PUSAT INFORMASI-Pusat Informasi Main Lobby-01","2","Not Satisfied","2","Ya  karena menyenangkan",,"Positive","4","4","4","4","4","4","Melakukan layanan secara profesional dan ramah (menjaga kontak mata, tersenyum tulus, dan memberikan solusi dengan empati)|Memiliki penampilan yang bersih dan rapi|Memberikan informasi dengan jelas dan akurat|Melayani dengan cepat dan tepat|Membantu dan memastikan kesiapan fasilitas|Lainnya","Y",,,"Fasilitas pusat informasi lengkap dan mendukung kebutuhan pengunjung|Lainnya|Fasilitas pusat informasi tersedia dengan baik dan mudah diakses oleh pengunjung","Ya",,,"Pusat informasi bersih dan tertata dengan baik|Informasi mudah diakses dan disampaikan dengan jelas kepada pengunjung|Pusat informasi nyaman digunakan oleh pengunjung|Lainnya","Ya",,,"7248fc33-8985-4a1b-b8d5-171330abc773","Completed","New","16-11-2025 14:52:59","Anonymous","59134",,"cab97c1f-67b4-11f0-a847-0a0cda9789f2","1eb4a3f0-5e3d-4ac9-b813-8b1a562e7235",,,"true","False","QrCode","Bahasa","2025-11-16T07:51:58.1253Z",,,,,,,,,,,,,,,"68b5aaf51f3cc3c03afa57ae"
"374","IDM","TMII","PUSAT INFORMASI","Pusat Informasi Main Lobby","IDM-TMII-PUSAT INFORMASI-Pusat Informasi Main Lobby-01","5","Satisfied","5","baik dan keren","Tourist Attraction and Cultural Experience Quality","Positive","5","5","5","5","5","5","Melakukan layanan secara profesional dan ramah (menjaga kontak mata, tersenyum tulus, dan memberikan solusi dengan empati)|Memiliki penampilan yang bersih dan rapi|Memberikan informasi dengan jelas dan akurat|Melayani dengan cepat dan tepat|Membantu dan memastikan kesiapan fasilitas",,,,"Fasilitas pusat informasi lengkap dan mendukung kebutuhan pengunjung|Fasilitas pusat informasi tersedia dengan baik dan mudah diakses oleh pengunjung",,,,"Pusat informasi bersih dan tertata dengan baik|Pusat informasi nyaman digunakan oleh pengunjung|Informasi mudah diakses dan disampaikan dengan jelas kepada pengunjung",,,,"52b3cd9d-d891-482b-a219-39e3f9dc70a9","Completed","New","16-11-2025 14:52:19","Anonymous","43823",,"cab97c1f-67b4-11f0-a847-0a0cda9789f2","1eb4a3f0-5e3d-4ac9-b813-8b1a562e7235",,,"true","False","QrCode","Bahasa","2025-11-16T07:51:35.7727Z",,,,,,,,,,,,,,,"68b5aaf51f3cc3c03afa57ae"
"375","IDM","TMII","PUSAT INFORMASI","Pusat Informasi Main Lobby","IDM-TMII-PUSAT INFORMASI-Pusat Informasi Main Lobby-01","5","Satisfied","5","memuaskan","Tourist Attraction and Cultural Experience Quality","Positive","5","5","5","5","5","5","Melakukan layanan secara profesional dan ramah (menjaga kontak mata, tersenyum tulus, dan memberikan solusi dengan empati)",,,,"Fasilitas pusat informasi tersedia dengan baik dan mudah diakses oleh pengunjung",,,,"Pusat informasi bersih dan tertata dengan baik",,,,"493013b0-a082-479a-afe8-93081ef61ed8","Completed","New","16-11-2025 14:52:11","Anonymous","47042",,"cab97c1f-67b4-11f0-a847-0a0cda9789f2","1eb4a3f0-5e3d-4ac9-b813-8b1a562e7235",,,"true","False","QrCode","Bahasa","2025-11-16T07:51:24.3216Z",,,,,,,,,,,,,,,"68b5aaf51f3cc3c03afa57ae"
"376","IDM","TMII","PUSAT INFORMASI","Pusat Informasi Main Lobby","IDM-TMII-PUSAT INFORMASI-Pusat Informasi Main Lobby-01","5","Satisfied","5","semua sudah pas","Tourist Attraction and Cultural Experience Quality","Positive","5","5","5","5","5","5","Melakukan layanan secara profesional dan ramah (menjaga kontak mata, tersenyum tulus, dan memberikan solusi dengan empati)|Memiliki penampilan yang bersih dan rapi|Memberikan informasi dengan jelas dan akurat|Melayani dengan cepat dan tepat|Membantu dan memastikan kesiapan fasilitas",,,,"Fasilitas pusat informasi lengkap dan mendukung kebutuhan pengunjung|Fasilitas pusat informasi tersedia dengan baik dan mudah diakses oleh pengunjung",,,,"Pusat informasi bersih dan tertata dengan baik|Pusat informasi nyaman digunakan oleh pengunjung|Informasi mudah diakses dan disampaikan dengan jelas kepada pengunjung",,,,"90ff8205-c62b-498c-abf4-5ca7998e1f5a","Completed","New","16-11-2025 14:52:06","Anonymous","43089",,"cab97c1f-67b4-11f0-a847-0a0cda9789f2","1eb4a3f0-5e3d-4ac9-b813-8b1a562e7235",,,"true","False","QrCode","Bahasa","2025-11-16T07:51:22.4510Z",,,,,,,,,,,,,,,"68b5aaf51f3cc3c03afa57ae"
"377","IDM","TMII","PUSAT INFORMASI","Pusat Informasi Main Lobby","IDM-TMII-PUSAT INFORMASI-Pusat Informasi Main Lobby-01","5","Satisfied","5","Gak ada",,"Neutral","5","5","5","5","5","5","Melakukan layanan secara profesional dan ramah (menjaga kontak mata, tersenyum tulus, dan memberikan solusi dengan empati)|Memiliki penampilan yang bersih dan rapi|Memberikan informasi dengan jelas dan akurat|Melayani dengan cepat dan tepat|Membantu dan memastikan kesiapan fasilitas",,,,"Fasilitas pusat informasi tersedia dengan baik dan mudah diakses oleh pengunjung|Fasilitas pusat informasi lengkap dan mendukung kebutuhan pengunjung",,,,"Pusat informasi bersih dan tertata dengan baik|Pusat informasi nyaman digunakan oleh pengunjung|Informasi mudah diakses dan disampaikan dengan jelas kepada pengunjung",,,,"1ed3c70f-19e8-4674-98b5-2fe48aa34e2c","Completed","New","16-11-2025 14:51:21","Anonymous","43667",,"cab97c1f-67b4-11f0-a847-0a0cda9789f2","1eb4a3f0-5e3d-4ac9-b813-8b1a562e7235",,,"true","False","QrCode","Bahasa","2025-11-16T07:50:37.9190Z",,,,,,,,,,,,,,,"68b5aaf51f3cc3c03afa57ae"
"378","IDM","TMII","PUSAT INFORMASI","Pusat Informasi Main Lobby","IDM-TMII-PUSAT INFORMASI-Pusat Informasi Main Lobby-01","5","Satisfied","5","pelayanan nya sudah sangat memuaskan, i like it ><","Staff Friendliness and Service Quality","Positive","5","5","5","5","5","5","Melakukan layanan secara profesional dan ramah (menjaga kontak mata, tersenyum tulus, dan memberikan solusi dengan empati)|Memiliki penampilan yang bersih dan rapi|Memberikan informasi dengan jelas dan akurat|Melayani dengan cepat dan tepat|Membantu dan memastikan kesiapan fasilitas",,,,"Fasilitas pusat informasi lengkap dan mendukung kebutuhan pengunjung|Fasilitas pusat informasi tersedia dengan baik dan mudah diakses oleh pengunjung",,,,"Pusat informasi bersih dan tertata dengan baik|Pusat informasi nyaman digunakan oleh pengunjung|Informasi mudah diakses dan disampaikan dengan jelas kepada pengunjung",,,,"941eca4a-7133-4d7c-ac53-ed7859168df9","Completed","New","16-11-2025 14:51:02","Anonymous","43149",,"cab97c1f-67b4-11f0-a847-0a0cda9789f2","1eb4a3f0-5e3d-4ac9-b813-8b1a562e7235",,,"true","False","QrCode","Bahasa","2025-11-16T07:50:18.8274Z",,,,,,,,,,,,,,,"68b5aaf51f3cc3c03afa57ae"
"379","IDM","TMII","PUSAT INFORMASI","Pusat Informasi Main Lobby","IDM-TMII-PUSAT INFORMASI-Pusat Informasi Main Lobby-01","5","Satisfied","5","gaada kekurangan keren banget","Tourist Attraction and Cultural Experience Quality","Positive","5","5","5","5","5","5","Melakukan layanan secara profesional dan ramah (menjaga kontak mata, tersenyum tulus, dan memberikan solusi dengan empati)|Memiliki penampilan yang bersih dan rapi|Memberikan informasi dengan jelas dan akurat|Melayani dengan cepat dan tepat|Membantu dan memastikan kesiapan fasilitas",,,,"Fasilitas pusat informasi lengkap dan mendukung kebutuhan pengunjung|Fasilitas pusat informasi tersedia dengan baik dan mudah diakses oleh pengunjung",,,,"Pusat informasi bersih dan tertata dengan baik|Pusat informasi nyaman digunakan oleh pengunjung|Informasi mudah diakses dan disampaikan dengan jelas kepada pengunjung",,,,"de817956-dfd5-4e49-a5b0-a15692959714","Completed","New","16-11-2025 14:50:50","Anonymous","82008",,"cab97c1f-67b4-11f0-a847-0a0cda9789f2","1eb4a3f0-5e3d-4ac9-b813-8b1a562e7235",,,"true","False","QrCode","Bahasa","2025-11-16T07:49:28.4028Z",,,,,,,,,,,,,,,"68b5aaf51f3cc3c03afa57ae"
"380","IDM","TMII","PUSAT INFORMASI","Pusat Informasi Main Lobby","IDM-TMII-PUSAT INFORMASI-Pusat Informasi Main Lobby-01","5","Satisfied","5","Gaada kekurangan",,"Positive","5","5","5","5","5","5","Melakukan layanan secara profesional dan ramah (menjaga kontak mata, tersenyum tulus, dan memberikan solusi dengan empati)|Memiliki penampilan yang bersih dan rapi|Memberikan informasi dengan jelas dan akurat|Melayani dengan cepat dan tepat|Membantu dan memastikan kesiapan fasilitas",,,,"Fasilitas pusat informasi lengkap dan mendukung kebutuhan pengunjung|Fasilitas pusat informasi tersedia dengan baik dan mudah diakses oleh pengunjung",,,,"Pusat informasi bersih dan tertata dengan baik|Pusat informasi nyaman digunakan oleh pengunjung|Informasi mudah diakses dan disampaikan dengan jelas kepada pengunjung",,,,"0b82b99f-fdd6-4c74-91e9-4ef0efaa9cfa","Completed","New","16-11-2025 14:50:39","Anonymous","45964",,"cab97c1f-67b4-11f0-a847-0a0cda9789f2","1eb4a3f0-5e3d-4ac9-b813-8b1a562e7235",,,"true","False","QrCode","Bahasa","2025-11-16T07:49:53.0320Z",,,,,,,,,,,,,,,"68b5aaf51f3cc3c03afa57ae"
"381","IDM","TMII","PUSAT INFORMASI","Pusat Informasi Main Lobby","IDM-TMII-PUSAT INFORMASI-Pusat Informasi Main Lobby-01","5","Satisfied","5","Sangat ramah","Staff Friendliness and Service Quality","Positive","5","5","5","5","5","5","Melakukan layanan secara profesional dan ramah (menjaga kontak mata, tersenyum tulus, dan memberikan solusi dengan empati)|Memiliki penampilan yang bersih dan rapi|Melayani dengan cepat dan tepat|Memberikan informasi dengan jelas dan akurat|Membantu dan memastikan kesiapan fasilitas|Lainnya","Ramah",,,"Fasilitas pusat informasi lengkap dan mendukung kebutuhan pengunjung|Fasilitas pusat informasi tersedia dengan baik dan mudah diakses oleh pengunjung|Lainnya","Sangat baik",,,"Pusat informasi bersih dan tertata dengan baik|Pusat informasi nyaman digunakan oleh pengunjung|Informasi mudah diakses dan disampaikan dengan jelas kepada pengunjung",,,,"3bccd2af-e652-472e-a4b2-bd9a274113dd","Completed","New","16-11-2025 14:50:33","Anonymous","62949",,"cab97c1f-67b4-11f0-a847-0a0cda9789f2","1eb4a3f0-5e3d-4ac9-b813-8b1a562e7235",,,"true","False","QrCode","Bahasa","2025-11-16T07:49:28.8335Z",,,,,,,,,,,,,,,"68b5aaf51f3cc3c03afa57ae"
"382","IDM","TMII","PUSAT INFORMASI","Pusat Informasi Main Lobby","IDM-TMII-PUSAT INFORMASI-Pusat Informasi Main Lobby-01","5","Satisfied","5","sangat memuaskan","Staff Friendliness and Service Quality","Positive","5","5","5","5","5","5","Memberikan informasi dengan jelas dan akurat",,,,"Fasilitas pusat informasi lengkap dan mendukung kebutuhan pengunjung",,,,"Informasi mudah diakses dan disampaikan dengan jelas kepada pengunjung",,,,"c1c37f0f-a6bf-4029-acd8-fbb17720d5b2","Completed","New","16-11-2025 14:50:13","Anonymous","87249",,"cab97c1f-67b4-11f0-a847-0a0cda9789f2","1eb4a3f0-5e3d-4ac9-b813-8b1a562e7235",,,"true","False","QrCode","Bahasa","2025-11-16T07:48:45.6260Z",,,,,,,,,,,,,,,"68b5aaf51f3cc3c03afa57ae"
"383","IDM","TMII","PUSAT INFORMASI","Pusat Informasi Main Lobby","IDM-TMII-PUSAT INFORMASI-Pusat Informasi Main Lobby-01","5","Satisfied","5","menurut saya sangat seru karena kita bisa mengetahui budaya Indonesia dengan jelas karena di pandu dengn kaka'ny","Tourist Attraction and Cultural Experience Quality","Positive","5","5","5","5","5","5","Melakukan layanan secara profesional dan ramah (menjaga kontak mata, tersenyum tulus, dan memberikan solusi dengan empati)|Memberikan informasi dengan jelas dan akurat|Melayani dengan cepat dan tepat|Membantu dan memastikan kesiapan fasilitas",,,,"Fasilitas pusat informasi tersedia dengan baik dan mudah diakses oleh pengunjung|Fasilitas pusat informasi lengkap dan mendukung kebutuhan pengunjung",,,,"Pusat informasi bersih dan tertata dengan baik|Pusat informasi nyaman digunakan oleh pengunjung|Informasi mudah diakses dan disampaikan dengan jelas kepada pengunjung",,,,"58ca5531-6609-409c-94b1-cfef2785e6a6","Completed","New","16-11-2025 14:49:55","Anonymous","63077",,"cab97c1f-67b4-11f0-a847-0a0cda9789f2","1eb4a3f0-5e3d-4ac9-b813-8b1a562e7235",,,"true","False","QrCode","Bahasa","2025-11-16T07:48:53.4222Z",,,,,,,,,,,,,,,"68b5aaf51f3cc3c03afa57ae"
"384","IDM","TMII","PUSAT INFORMASI","Pusat Informasi Main Lobby","IDM-TMII-PUSAT INFORMASI-Pusat Informasi Main Lobby-01","5","Satisfied","5","Sudah cukup baik dan informatif. Staf juga ramah","Staff Friendliness and Service Quality","Positive","5","5","4","4","4","4","Melakukan layanan secara profesional dan ramah (menjaga kontak mata, tersenyum tulus, dan memberikan solusi dengan empati)|Memberikan informasi dengan jelas dan akurat|Membantu dan memastikan kesiapan fasilitas",,,,"Fasilitas pusat informasi lengkap dan mendukung kebutuhan pengunjung|Fasilitas pusat informasi tersedia dengan baik dan mudah diakses oleh pengunjung",,,,"Pusat informasi bersih dan tertata dengan baik|Pusat informasi nyaman digunakan oleh pengunjung|Informasi mudah diakses dan disampaikan dengan jelas kepada pengunjung",,,,"64cee6fc-1626-41a7-9902-0df0fdac4ae0","Completed","New","16-11-2025 14:49:47","Anonymous","58014",,"cab97c1f-67b4-11f0-a847-0a0cda9789f2","1eb4a3f0-5e3d-4ac9-b813-8b1a562e7235",,,"true","False","QrCode","Bahasa","2025-11-16T07:48:48.3289Z",,,,,,,,,,,,,,,"68b5aaf51f3cc3c03afa57ae"
"385","IDM","TMII","PUSAT INFORMASI","Pusat Informasi Main Lobby","IDM-TMII-PUSAT INFORMASI-Pusat Informasi Main Lobby-01","5","Satisfied","5",,,,"5","5","4","4","5","5","Melakukan layanan secara profesional dan ramah (menjaga kontak mata, tersenyum tulus, dan memberikan solusi dengan empati)|Memiliki penampilan yang bersih dan rapi|Memberikan informasi dengan jelas dan akurat|Melayani dengan cepat dan tepat|Membantu dan memastikan kesiapan fasilitas",,,,"Fasilitas pusat informasi lengkap dan mendukung kebutuhan pengunjung|Fasilitas pusat informasi tersedia dengan baik dan mudah diakses oleh pengunjung",,,,"Pusat informasi bersih dan tertata dengan baik|Pusat informasi nyaman digunakan oleh pengunjung|Informasi mudah diakses dan disampaikan dengan jelas kepada pengunjung",,,,"430d65e1-2454-4cd2-b043-e53b4605a920","Completed","New","16-11-2025 14:49:41","Anonymous","33976",,"cab97c1f-67b4-11f0-a847-0a0cda9789f2","1eb4a3f0-5e3d-4ac9-b813-8b1a562e7235",,,"true","False","QrCode","Bahasa","2025-11-16T07:49:06.8785Z",,,,,,,,,,,,,,,"68b5aaf51f3cc3c03afa57ae"
"386","IDM","TMII","PUSAT INFORMASI","Pusat Informasi Main Lobby","IDM-TMII-PUSAT INFORMASI-Pusat Informasi Main Lobby-01","5","Satisfied","5","tidak ada, petugas ramah, sangat membantu","Staff Friendliness and Service Quality","Positive","5","5","5","5","5","5","Melakukan layanan secara profesional dan ramah (menjaga kontak mata, tersenyum tulus, dan memberikan solusi dengan empati)|Memiliki penampilan yang bersih dan rapi|Memberikan informasi dengan jelas dan akurat|Melayani dengan cepat dan tepat|Membantu dan memastikan kesiapan fasilitas",,,,"Fasilitas pusat informasi lengkap dan mendukung kebutuhan pengunjung|Fasilitas pusat informasi tersedia dengan baik dan mudah diakses oleh pengunjung",,,,"Pusat informasi bersih dan tertata dengan baik|Pusat informasi nyaman digunakan oleh pengunjung|Informasi mudah diakses dan disampaikan dengan jelas kepada pengunjung",,,,"48e782f4-1884-4748-aa95-6e9e3cd7d506","Completed","New","16-11-2025 10:56:02","Anonymous","117937",,"cab97c1f-67b4-11f0-a847-0a0cda9789f2","1eb4a3f0-5e3d-4ac9-b813-8b1a562e7235",,,"true","False","QrCode","Bahasa","2025-11-16T03:54:03.5676Z",,,,,,,,,,,,,,,"68b5aaf51f3cc3c03afa57ae"
"387","IDM","TMII","PUSAT INFORMASI","Pusat Informasi Main Lobby","IDM-TMII-PUSAT INFORMASI-Pusat Informasi Main Lobby-01","5","Satisfied","5","Seru banget, tour keliling Indonesia jadi banyak wawasan terkait apa aja yg ada di indonesia.. Terima kasih","Tourist Attraction and Cultural Experience Quality","Positive","5","5","5","5","5","5","Melakukan layanan secara profesional dan ramah (menjaga kontak mata, tersenyum tulus, dan memberikan solusi dengan empati)",,,,"Fasilitas pusat informasi lengkap dan mendukung kebutuhan pengunjung",,,,"Pusat informasi bersih dan tertata dengan baik",,,,"2e3efabb-d5df-4fdc-a8cd-020e3597d520","Completed","New","16-11-2025 10:55:12","Anonymous","85539",,"cab97c1f-67b4-11f0-a847-0a0cda9789f2","1eb4a3f0-5e3d-4ac9-b813-8b1a562e7235",,,"true","False","QrCode","Bahasa","2025-11-16T03:53:45.8219Z",,,,,,,,,,,,,,,"68b5aaf51f3cc3c03afa57ae"
"388","IDM","TMII","PUSAT INFORMASI","Pusat Informasi Main Lobby","IDM-TMII-PUSAT INFORMASI-Pusat Informasi Main Lobby-01","5","Satisfied","5","Baik, tingkatkan",,"Positive","5","5","4","4","5","5","Melakukan layanan secara profesional dan ramah (menjaga kontak mata, tersenyum tulus, dan memberikan solusi dengan empati)|Memiliki penampilan yang bersih dan rapi|Melayani dengan cepat dan tepat|Memberikan informasi dengan jelas dan akurat",,,,"Fasilitas pusat informasi lengkap dan mendukung kebutuhan pengunjung",,,,"Informasi mudah diakses dan disampaikan dengan jelas kepada pengunjung",,,,"d1466936-a6be-4a39-a5b8-e044a304310d","Completed","New","16-11-2025 10:55:11","Anonymous","95945",,"cab97c1f-67b4-11f0-a847-0a0cda9789f2","1eb4a3f0-5e3d-4ac9-b813-8b1a562e7235",,,"true","False","QrCode","Bahasa","2025-11-16T03:53:35.1611Z",,,,,,,,,,,,,,,"68b5aaf51f3cc3c03afa57ae"
"389","IDM","TMII","PUSAT INFORMASI","Pusat Informasi Main Lobby","IDM-TMII-PUSAT INFORMASI-Pusat Informasi Main Lobby-01","5","Satisfied","5","Penjelasan dari pertanyaan pengunjung dijawab dengan baik dan jelas","Visitor Information and Signage Clarity","Positive","5","5","5","5","5","5","Melakukan layanan secara profesional dan ramah (menjaga kontak mata, tersenyum tulus, dan memberikan solusi dengan empati)|Memiliki penampilan yang bersih dan rapi|Membantu dan memastikan kesiapan fasilitas",,,,"Fasilitas pusat informasi lengkap dan mendukung kebutuhan pengunjung",,,,"Pusat informasi bersih dan tertata dengan baik|Informasi mudah diakses dan disampaikan dengan jelas kepada pengunjung",,,,"23fd2903-7da4-4f79-9a52-a73ed7224dd4","Completed","New","16-11-2025 10:54:41","Anonymous","77641",,"cab97c1f-67b4-11f0-a847-0a0cda9789f2","1eb4a3f0-5e3d-4ac9-b813-8b1a562e7235",,,"true","False","QrCode","Bahasa","2025-11-16T03:53:23.8153Z",,,,,,,,,,,,,,,"68b5aaf51f3cc3c03afa57ae"
"390","IDM","TMII","PUSAT INFORMASI","Pusat Informasi Main Lobby","IDM-TMII-PUSAT INFORMASI-Pusat Informasi Main Lobby-01","5","Satisfied","5",,,,"5","5","5","5","5","5","Memiliki penampilan yang bersih dan rapi|Melakukan layanan secara profesional dan ramah (menjaga kontak mata, tersenyum tulus, dan memberikan solusi dengan empati)|Memberikan informasi dengan jelas dan akurat|Melayani dengan cepat dan tepat|Membantu dan memastikan kesiapan fasilitas",,,,"Fasilitas pusat informasi lengkap dan mendukung kebutuhan pengunjung|Fasilitas pusat informasi tersedia dengan baik dan mudah diakses oleh pengunjung",,,,"Pusat informasi nyaman digunakan oleh pengunjung|Pusat informasi bersih dan tertata dengan baik|Informasi mudah diakses dan disampaikan dengan jelas kepada pengunjung",,,,"8ae41af6-32ff-43e4-93d1-6957e9ff79ce","Completed","New","16-11-2025 10:54:38","Anonymous","35438",,"cab97c1f-67b4-11f0-a847-0a0cda9789f2","1eb4a3f0-5e3d-4ac9-b813-8b1a562e7235",,,"true","False","QrCode","Bahasa","2025-11-16T03:54:03.3133Z",,,,,,,,,,,,,,,"68b5aaf51f3cc3c03afa57ae"
"391","IDM","TMII","PUSAT INFORMASI","Pusat Informasi Main Lobby","IDM-TMII-PUSAT INFORMASI-Pusat Informasi Main Lobby-01","5","Satisfied","5","Untuk sekarang sudah oke dan menarik","Tourist Attraction and Cultural Experience Quality","Positive","5","5","5","5","5","5","Melakukan layanan secara profesional dan ramah (menjaga kontak mata, tersenyum tulus, dan memberikan solusi dengan empati)|Memiliki penampilan yang bersih dan rapi|Memberikan informasi dengan jelas dan akurat|Melayani dengan cepat dan tepat",,,,"Fasilitas pusat informasi lengkap dan mendukung kebutuhan pengunjung|Fasilitas pusat informasi tersedia dengan baik dan mudah diakses oleh pengunjung",,,,"Pusat informasi bersih dan tertata dengan baik|Pusat informasi nyaman digunakan oleh pengunjung|Informasi mudah diakses dan disampaikan dengan jelas kepada pengunjung",,,,"868fd378-3c19-4a24-bbf5-e7614fe0622c","Completed","New","16-11-2025 10:54:12","Anonymous","47208",,"cab97c1f-67b4-11f0-a847-0a0cda9789f2","1eb4a3f0-5e3d-4ac9-b813-8b1a562e7235",,,"true","False","QrCode","Bahasa","2025-11-16T03:53:25.1544Z",,,,,,,,,,,,,,,"68b5aaf51f3cc3c03afa57ae"
"392","IDM","TMII","PUSAT INFORMASI","Antrian Shuttle","IDM-TMII-PUSAT INFORMASI-Antrian Shuttle-01","4","Satisfied","4","Cukup membantu adanya shuttle tujuan stasiun LRT","Accessibility and Transportation Improvements","Positive","5","5","5","5","5","5","Melakukan layanan secara profesional dan ramah (menjaga kontak mata, tersenyum tulus, dan memberikan solusi dengan empati)|Memiliki penampilan yang bersih dan rapi|Memberikan informasi dengan jelas dan akurat|Melayani dengan cepat dan tepat|Membantu dan memastikan kesiapan fasilitas",,,,"Fasilitas pusat informasi lengkap dan mendukung kebutuhan pengunjung|Fasilitas pusat informasi tersedia dengan baik dan mudah diakses oleh pengunjung",,,,"Pusat informasi bersih dan tertata dengan baik|Pusat informasi nyaman digunakan oleh pengunjung|Informasi mudah diakses dan disampaikan dengan jelas kepada pengunjung",,,,"6c1a80cb-a786-45bc-a9a2-29ead73a6d1b","Completed","New","16-11-2025 08:45:17","Anonymous","84893",,"cab97c1f-67b4-11f0-a847-0a0cda9789f2","1eb4a3f0-5e3d-4ac9-b813-8b1a562e7235",,,"true","False","QrCode","Bahasa","2025-11-16T01:43:51.3933Z",,,,,,,,,,,,,,,"68b5aaf51f3cc3c03afa57ae"
"393","IDM","TMII","PUSAT INFORMASI","Pusat Informasi Main Lobby","IDM-TMII-PUSAT INFORMASI-Pusat Informasi Main Lobby-01","1","Not Satisfied","1","mantep banget,seru","Tourist Attraction and Cultural Experience Quality","Positive","5","5","5","5","5","5","Melakukan layanan secara profesional dan ramah (menjaga kontak mata, tersenyum tulus, dan memberikan solusi dengan empati)|Memberikan informasi dengan jelas dan akurat|Memiliki penampilan yang bersih dan rapi|Melayani dengan cepat dan tepat|Membantu dan memastikan kesiapan fasilitas|Lainnya","mantep",,,"Fasilitas pusat informasi tersedia dengan baik dan mudah diakses oleh pengunjung|Fasilitas pusat informasi lengkap dan mendukung kebutuhan pengunjung|Lainnya","good",,,"Pusat informasi bersih dan tertata dengan baik|Pusat informasi nyaman digunakan oleh pengunjung|Informasi mudah diakses dan disampaikan dengan jelas kepada pengunjung|Lainnya","good",,,"251c9b19-0f72-402b-a887-2bc6dca8f064","Completed","New","15-11-2025 16:34:38","Anonymous","78639",,"cab97c1f-67b4-11f0-a847-0a0cda9789f2","1eb4a3f0-5e3d-4ac9-b813-8b1a562e7235",,,"true","False","QrCode","English","2025-11-15T09:33:18.9678Z",,,,,,,,,,,,,,,"68b5aaf51f3cc3c03afa57ae"
"394","IDM","TMII","PUSAT INFORMASI","Pusat Informasi Main Lobby","IDM-TMII-PUSAT INFORMASI-Pusat Informasi Main Lobby-01","5","Satisfied","5","Kursi sepedanya keras tolong di perbaikinya, pelanggan di belang tidak mendengar sisanya bagus","Safety and Security Measures (Shuttle Speed, Pathways, and Facilities)","Negative","5","5","5","5","5","5","Memberikan informasi dengan jelas dan akurat",,,,"Fasilitas pusat informasi tersedia dengan baik dan mudah diakses oleh pengunjung",,,,"Informasi mudah diakses dan disampaikan dengan jelas kepada pengunjung",,,,"e5b8b126-0209-44b2-ba89-09053c9bd40d","Completed","New","15-11-2025 16:34:32","Anonymous","105365",,"cab97c1f-67b4-11f0-a847-0a0cda9789f2","1eb4a3f0-5e3d-4ac9-b813-8b1a562e7235",,,"true","False","QrCode","Bahasa","2025-11-15T09:32:46.1766Z",,,,,,,,,,,,,,,"68b5aaf51f3cc3c03afa57ae"
"395","IDM","TMII","PUSAT INFORMASI","Pusat Informasi Main Lobby","IDM-TMII-PUSAT INFORMASI-Pusat Informasi Main Lobby-01","4","Satisfied","4","Kursi sepedanya sangat keras dan pelanggan yang di belakang tidak terdengar selainya sudah good","Safety and Security Measures (Shuttle Speed, Pathways, and Facilities)","Neutral","4","4","4","4","4","4","Memberikan informasi dengan jelas dan akurat",,,,"Fasilitas pusat informasi tersedia dengan baik dan mudah diakses oleh pengunjung",,,,"Informasi mudah diakses dan disampaikan dengan jelas kepada pengunjung",,,,"4a34f7ad-688d-4acd-9710-263aa948b0ce","Completed","New","15-11-2025 16:34:25","Anonymous","94423",,"cab97c1f-67b4-11f0-a847-0a0cda9789f2","1eb4a3f0-5e3d-4ac9-b813-8b1a562e7235",,,"true","False","QrCode","Bahasa","2025-11-15T09:32:50.1251Z",,,,,,,,,,,,,,,"68b5aaf51f3cc3c03afa57ae"
"396","IDM","TMII","PUSAT INFORMASI","Pusat Informasi Main Lobby","IDM-TMII-PUSAT INFORMASI-Pusat Informasi Main Lobby-01","5","Satisfied","5","suaranya besarin","Visitor Information and Signage Clarity","Positive","5","5","5","5","5","5","Melakukan layanan secara profesional dan ramah (menjaga kontak mata, tersenyum tulus, dan memberikan solusi dengan empati)|Memiliki penampilan yang bersih dan rapi|Memberikan informasi dengan jelas dan akurat|Melayani dengan cepat dan tepat|Membantu dan memastikan kesiapan fasilitas",,,,"Fasilitas pusat informasi lengkap dan mendukung kebutuhan pengunjung|Fasilitas pusat informasi tersedia dengan baik dan mudah diakses oleh pengunjung",,,,"Pusat informasi bersih dan tertata dengan baik|Pusat informasi nyaman digunakan oleh pengunjung|Informasi mudah diakses dan disampaikan dengan jelas kepada pengunjung",,,,"bee80a80-b276-4e4f-8799-4051a380220c","Completed","New","15-11-2025 16:33:37","Anonymous","57396",,"cab97c1f-67b4-11f0-a847-0a0cda9789f2","1eb4a3f0-5e3d-4ac9-b813-8b1a562e7235",,,"true","False","QrCode","Bahasa","2025-11-15T09:33:20.1425Z",,,,,,,,,,,,,,,"68b5aaf51f3cc3c03afa57ae"
"397","IDM","TMII","PUSAT INFORMASI","Pusat Informasi Main Lobby","IDM-TMII-PUSAT INFORMASI-Pusat Informasi Main Lobby-01","5","Satisfied","5","suara abang nya kurang gede, dan kurang lama jalan' nya","Visitor Information and Signage Clarity","Negative","5","5","5","5","5","5","Memberikan informasi dengan jelas dan akurat|Melayani dengan cepat dan tepat|Melakukan layanan secara profesional dan ramah (menjaga kontak mata, tersenyum tulus, dan memberikan solusi dengan empati)|Memiliki penampilan yang bersih dan rapi|Membantu dan memastikan kesiapan fasilitas",,,,"Fasilitas pusat informasi lengkap dan mendukung kebutuhan pengunjung|Fasilitas pusat informasi tersedia dengan baik dan mudah diakses oleh pengunjung",,,,"Pusat informasi bersih dan tertata dengan baik|Pusat informasi nyaman digunakan oleh pengunjung|Informasi mudah diakses dan disampaikan dengan jelas kepada pengunjung",,,,"1eb03ff1-4bac-45ec-811b-ace8308b9c21","Completed","New","15-11-2025 16:34:08","Anonymous","83184",,"cab97c1f-67b4-11f0-a847-0a0cda9789f2","1eb4a3f0-5e3d-4ac9-b813-8b1a562e7235",,,"true","False","QrCode","English","2025-11-15T09:32:45.3461Z",,,,,,,,,,,,,,,"68b5aaf51f3cc3c03afa57ae"
"398","IDM","TMII","PUSAT INFORMASI","Pusat Informasi Main Lobby","IDM-TMII-PUSAT INFORMASI-Pusat Informasi Main Lobby-01","5","Satisfied","5","lebih lama lagi dan suara lebih kencang","Safety and Security Measures (Shuttle Speed, Pathways, and Facilities)","Positive","5","5","5","5","5","5","Lainnya","bagus keren",,,"Fasilitas pusat informasi lengkap dan mendukung kebutuhan pengunjung|Fasilitas pusat informasi tersedia dengan baik dan mudah diakses oleh pengunjung",,,,"Pusat informasi bersih dan tertata dengan baik|Pusat informasi nyaman digunakan oleh pengunjung|Informasi mudah diakses dan disampaikan dengan jelas kepada pengunjung",,,,"7b734605-eff9-4547-8ace-fc3d81717654","Completed","New","15-11-2025 16:34:08","Anonymous","80195",,"cab97c1f-67b4-11f0-a847-0a0cda9789f2","1eb4a3f0-5e3d-4ac9-b813-8b1a562e7235",,,"true","False","QrCode","English","2025-11-15T09:32:47.9203Z",,,,,,,,,,,,,,,"68b5aaf51f3cc3c03afa57ae"
"399","IDM","TMII","PUSAT INFORMASI","Pusat Informasi Main Lobby","IDM-TMII-PUSAT INFORMASI-Pusat Informasi Main Lobby-01","5","Satisfied","5","bagus keren","Tourist Attraction and Cultural Experience Quality","Positive","5","5","5","5","5","5","Membantu dan memastikan kesiapan fasilitas|Melayani dengan cepat dan tepat|Memberikan informasi dengan jelas dan akurat|Memiliki penampilan yang bersih dan rapi|Melakukan layanan secara profesional dan ramah (menjaga kontak mata, tersenyum tulus, dan memberikan solusi dengan empati)",,,,"Fasilitas pusat informasi lengkap dan mendukung kebutuhan pengunjung|Fasilitas pusat informasi tersedia dengan baik dan mudah diakses oleh pengunjung",,,,"Pusat informasi bersih dan tertata dengan baik|Pusat informasi nyaman digunakan oleh pengunjung|Informasi mudah diakses dan disampaikan dengan jelas kepada pengunjung",,,,"fee5a642-279e-4b1b-afed-64a9ec49480d","Completed","New","15-11-2025 16:33:59","Anonymous","66199",,"cab97c1f-67b4-11f0-a847-0a0cda9789f2","1eb4a3f0-5e3d-4ac9-b813-8b1a562e7235",,,"true","False","QrCode","English","2025-11-15T09:32:52.7800Z",,,,,,,,,,,,,,,"68b5aaf51f3cc3c03afa57ae"
"400","IDM","TMII","PUSAT INFORMASI","Pusat Informasi Main Lobby","IDM-TMII-PUSAT INFORMASI-Pusat Informasi Main Lobby-01","5","Satisfied","5","lebih lama lagii","Activities and Educational Programs Enhancement","Negative","5","5","5","5","5","5","Melakukan layanan secara profesional dan ramah (menjaga kontak mata, tersenyum tulus, dan memberikan solusi dengan empati)|Memiliki penampilan yang bersih dan rapi|Memberikan informasi dengan jelas dan akurat|Melayani dengan cepat dan tepat|Membantu dan memastikan kesiapan fasilitas",,,,"Fasilitas pusat informasi lengkap dan mendukung kebutuhan pengunjung|Fasilitas pusat informasi tersedia dengan baik dan mudah diakses oleh pengunjung",,,,"Pusat informasi bersih dan tertata dengan baik|Pusat informasi nyaman digunakan oleh pengunjung|Informasi mudah diakses dan disampaikan dengan jelas kepada pengunjung",,,,"c408dd01-e416-4849-87da-51ed0b9103f2","Completed","New","15-11-2025 16:33:58","Anonymous","80768",,"cab97c1f-67b4-11f0-a847-0a0cda9789f2","1eb4a3f0-5e3d-4ac9-b813-8b1a562e7235",,,"true","False","QrCode","English","2025-11-15T09:32:36.4487Z",,,,,,,,,,,,,,,"68b5aaf51f3cc3c03afa57ae"
"401","IDM","TMII","PUSAT INFORMASI","Pusat Informasi Main Lobby","IDM-TMII-PUSAT INFORMASI-Pusat Informasi Main Lobby-01","5","Satisfied","5","suaranya gedein","Activities and Educational Programs Enhancement","Neutral","5","5","5","5","5","5","Melakukan layanan secara profesional dan ramah (menjaga kontak mata, tersenyum tulus, dan memberikan solusi dengan empati)|Memiliki penampilan yang bersih dan rapi|Memberikan informasi dengan jelas dan akurat|Melayani dengan cepat dan tepat|Membantu dan memastikan kesiapan fasilitas",,,,"Fasilitas pusat informasi lengkap dan mendukung kebutuhan pengunjung|Fasilitas pusat informasi tersedia dengan baik dan mudah diakses oleh pengunjung",,,,"Pusat informasi bersih dan tertata dengan baik|Pusat informasi nyaman digunakan oleh pengunjung|Informasi mudah diakses dan disampaikan dengan jelas kepada pengunjung",,,,"89cd9404-1324-4d80-b22d-fcd0cc7085fb","Completed","New","15-11-2025 16:33:45","Anonymous","69062",,"cab97c1f-67b4-11f0-a847-0a0cda9789f2","1eb4a3f0-5e3d-4ac9-b813-8b1a562e7235",,,"true","False","QrCode","English","2025-11-15T09:32:35.5500Z",,,,,,,,,,,,,,,"68b5aaf51f3cc3c03afa57ae"
"402","IDM","TMII","PUSAT INFORMASI","Pusat Informasi Main Lobby","IDM-TMII-PUSAT INFORMASI-Pusat Informasi Main Lobby-01","5","Satisfied","5",,,,"5","5","5","5","5","5","Lainnya","bagus keren",,,"Lainnya","bagus keren",,,"Lainnya","bagus keren",,,"8a870306-d844-4a10-9c43-c8694450fcd3","Completed","New","15-11-2025 16:33:49","Anonymous","61634",,"cab97c1f-67b4-11f0-a847-0a0cda9789f2","1eb4a3f0-5e3d-4ac9-b813-8b1a562e7235",,,"true","False","QrCode","English","2025-11-15T09:32:46.3723Z",,,,,,,,,,,,,,,"68b5aaf51f3cc3c03afa57ae"
"403","IDM","TMII","PUSAT INFORMASI","Pusat Informasi Main Lobby","IDM-TMII-PUSAT INFORMASI-Pusat Informasi Main Lobby-01","5","Satisfied","5","suaranya gedein kak","Activities and Educational Programs Enhancement","Positive","5","5","5","5","5","5","Melakukan layanan secara profesional dan ramah (menjaga kontak mata, tersenyum tulus, dan memberikan solusi dengan empati)|Memiliki penampilan yang bersih dan rapi|Memberikan informasi dengan jelas dan akurat|Melayani dengan cepat dan tepat|Membantu dan memastikan kesiapan fasilitas",,,,"Fasilitas pusat informasi tersedia dengan baik dan mudah diakses oleh pengunjung|Fasilitas pusat informasi lengkap dan mendukung kebutuhan pengunjung",,,,"Pusat informasi bersih dan tertata dengan baik|Pusat informasi nyaman digunakan oleh pengunjung|Informasi mudah diakses dan disampaikan dengan jelas kepada pengunjung",,,,"b835a711-b390-43e3-8ab3-bd82a197041c","Completed","New","15-11-2025 16:33:43","Anonymous","56474",,"cab97c1f-67b4-11f0-a847-0a0cda9789f2","1eb4a3f0-5e3d-4ac9-b813-8b1a562e7235",,,"true","False","QrCode","Bahasa","2025-11-15T09:32:45.8595Z",,,,,,,,,,,,,,,"68b5aaf51f3cc3c03afa57ae"
"404","IDM","TMII","PUSAT INFORMASI","Pusat Informasi Main Lobby","IDM-TMII-PUSAT INFORMASI-Pusat Informasi Main Lobby-01","5","Satisfied","5","Fasilitas informasi yang berikan sudah baik","Visitor Information and Signage Clarity","Positive","5","5","5","5","5","5","Melakukan layanan secara profesional dan ramah (menjaga kontak mata, tersenyum tulus, dan memberikan solusi dengan empati)|Memiliki penampilan yang bersih dan rapi|Memberikan informasi dengan jelas dan akurat|Melayani dengan cepat dan tepat|Membantu dan memastikan kesiapan fasilitas",,,,"Fasilitas pusat informasi tersedia dengan baik dan mudah diakses oleh pengunjung",,,,"Pusat informasi nyaman digunakan oleh pengunjung",,,,"ba9585db-5ecb-40b8-be3d-782af5cf2d4c","Completed","New","15-11-2025 14:42:01","Anonymous","56721",,"cab97c1f-67b4-11f0-a847-0a0cda9789f2","1eb4a3f0-5e3d-4ac9-b813-8b1a562e7235",,,"true","False","QrCode","Bahasa","2025-11-15T07:41:03.7052Z",,,,,,,,,,,,,,,"68b5aaf51f3cc3c03afa57ae"
"405","IDM","TMII","PUSAT INFORMASI","Pusat Informasi Main Lobby","IDM-TMII-PUSAT INFORMASI-Pusat Informasi Main Lobby-01","5","Satisfied","5","kerenn, enjoy banget selama tour guide","Activities and Educational Programs Enhancement","Positive","5","5","5","5","5","5","Melakukan layanan secara profesional dan ramah (menjaga kontak mata, tersenyum tulus, dan memberikan solusi dengan empati)|Memiliki penampilan yang bersih dan rapi|Memberikan informasi dengan jelas dan akurat|Membantu dan memastikan kesiapan fasilitas",,,,"Fasilitas pusat informasi lengkap dan mendukung kebutuhan pengunjung|Fasilitas pusat informasi tersedia dengan baik dan mudah diakses oleh pengunjung",,,,"Pusat informasi bersih dan tertata dengan baik|Pusat informasi nyaman digunakan oleh pengunjung|Informasi mudah diakses dan disampaikan dengan jelas kepada pengunjung",,,,"b4caf859-be33-4bdf-ac00-9c833613a69e","Completed","New","15-11-2025 14:41:23","Anonymous","84468",,"cab97c1f-67b4-11f0-a847-0a0cda9789f2","1eb4a3f0-5e3d-4ac9-b813-8b1a562e7235",,,"true","False","QrCode","Bahasa","2025-11-15T07:39:59.0828Z",,,,,,,,,,,,,,,"68b5aaf51f3cc3c03afa57ae"
"406","IDM","TMII","PUSAT INFORMASI","Pusat Informasi Main Lobby","IDM-TMII-PUSAT INFORMASI-Pusat Informasi Main Lobby-01","5","Satisfied","5","Untuk tour bikenya sangat seru dan tour guidenya sangat jelas menjelaskan anjungan dan sejarah","Activities and Educational Programs Enhancement","Positive","5","5","5","5","5","5","Melakukan layanan secara profesional dan ramah (menjaga kontak mata, tersenyum tulus, dan memberikan solusi dengan empati)",,,,"Fasilitas pusat informasi tersedia dengan baik dan mudah diakses oleh pengunjung",,,,"Pusat informasi bersih dan tertata dengan baik",,,,"59295740-fe29-4562-9076-e4f62a06fcc7","Completed","New","15-11-2025 14:40:30","Anonymous","62459",,"cab97c1f-67b4-11f0-a847-0a0cda9789f2","1eb4a3f0-5e3d-4ac9-b813-8b1a562e7235",,,"true","False","QrCode","Bahasa","2025-11-15T07:39:28.2452Z",,,,,,,,,,,,,,,"68b5aaf51f3cc3c03afa57ae"
"407","IDM","TMII","PUSAT INFORMASI","Pusat Informasi Main Lobby","IDM-TMII-PUSAT INFORMASI-Pusat Informasi Main Lobby-01","5","Satisfied","5","Good","Tourist Attraction and Cultural Experience Quality","Positive","5","5","5","5","5","5","Memberikan informasi dengan jelas dan akurat",,,,"Fasilitas pusat informasi lengkap dan mendukung kebutuhan pengunjung",,,,"Pusat informasi bersih dan tertata dengan baik",,,,"c55a6f8c-512f-4967-ad58-ff9f5f74dd4b","Completed","New","15-11-2025 14:39:24","Anonymous","37793",,"cab97c1f-67b4-11f0-a847-0a0cda9789f2","1eb4a3f0-5e3d-4ac9-b813-8b1a562e7235",,,"true","False","QrCode","Bahasa","2025-11-15T07:38:46.1584Z",,,,,,,,,,,,,,,"68b5aaf51f3cc3c03afa57ae"
"408","IDM","TMII","PUSAT INFORMASI","Pusat Informasi Main Lobby","IDM-TMII-PUSAT INFORMASI-Pusat Informasi Main Lobby-01","5","Satisfied","5","Sangat puasss dan baguss pelayanannya","Staff Friendliness and Service Quality","Positive","5","5","5","5","5","5","Melakukan layanan secara profesional dan ramah (menjaga kontak mata, tersenyum tulus, dan memberikan solusi dengan empati)|Memiliki penampilan yang bersih dan rapi|Memberikan informasi dengan jelas dan akurat|Melayani dengan cepat dan tepat|Membantu dan memastikan kesiapan fasilitas",,,,"Fasilitas pusat informasi lengkap dan mendukung kebutuhan pengunjung|Fasilitas pusat informasi tersedia dengan baik dan mudah diakses oleh pengunjung",,,,"Pusat informasi nyaman digunakan oleh pengunjung|Pusat informasi bersih dan tertata dengan baik|Informasi mudah diakses dan disampaikan dengan jelas kepada pengunjung",,,,"8b6f3f78-69ac-487c-bb3f-c33947fa5a8a","Completed","New","15-11-2025 14:39:20","Anonymous","49040",,"cab97c1f-67b4-11f0-a847-0a0cda9789f2","1eb4a3f0-5e3d-4ac9-b813-8b1a562e7235",,,"true","False","QrCode","Bahasa","2025-11-15T07:38:30.7502Z",,,,,,,,,,,,,,,"68b5aaf51f3cc3c03afa57ae"
"409","IDM","TMII","PUSAT INFORMASI","Antrian Shuttle","IDM-TMII-PUSAT INFORMASI-Antrian Shuttle-01","5","Satisfied","5","Pelayanan nya oke ya karna saya dikasih petunjuk arah dgn jelas abis turun dari mobil yg coklat itu","Visitor Information and Signage Clarity","Positive","5","5","5","5","5","5","Melakukan layanan secara profesional dan ramah (menjaga kontak mata, tersenyum tulus, dan memberikan solusi dengan empati)|Memiliki penampilan yang bersih dan rapi|Memberikan informasi dengan jelas dan akurat|Melayani dengan cepat dan tepat",,,,"Fasilitas pusat informasi lengkap dan mendukung kebutuhan pengunjung|Fasilitas pusat informasi tersedia dengan baik dan mudah diakses oleh pengunjung",,,,"Pusat informasi bersih dan tertata dengan baik|Pusat informasi nyaman digunakan oleh pengunjung|Informasi mudah diakses dan disampaikan dengan jelas kepada pengunjung",,,,"5f71e462-33de-4de6-b713-5eb93cab6bbe","Completed","New","15-11-2025 14:04:40","Anonymous","73718",,"cab97c1f-67b4-11f0-a847-0a0cda9789f2","1eb4a3f0-5e3d-4ac9-b813-8b1a562e7235",,,"true","False","QrCode","Bahasa","2025-11-15T07:03:26.2673Z",,,,,,,,,,,,,,,"68b5aaf51f3cc3c03afa57ae"
"410","IDM","TMII","PUSAT INFORMASI","Pusat Informasi Main Lobby","IDM-TMII-PUSAT INFORMASI-Pusat Informasi Main Lobby-01","5","Satisfied","5","Sangat informatif. Lanjutkan. Kakak tourguidenya ramah banget. Oiya kalo bisa pas jelasin agak jauhan dari soundsystem lagu biar lebih kedengeran","Staff Friendliness and Service Quality","Positive","5","5","5","5","5","5","Melakukan layanan secara profesional dan ramah (menjaga kontak mata, tersenyum tulus, dan memberikan solusi dengan empati)|Memiliki penampilan yang bersih dan rapi|Memberikan informasi dengan jelas dan akurat|Melayani dengan cepat dan tepat|Membantu dan memastikan kesiapan fasilitas",,,,"Fasilitas pusat informasi lengkap dan mendukung kebutuhan pengunjung|Fasilitas pusat informasi tersedia dengan baik dan mudah diakses oleh pengunjung",,,,"Pusat informasi bersih dan tertata dengan baik|Pusat informasi nyaman digunakan oleh pengunjung|Informasi mudah diakses dan disampaikan dengan jelas kepada pengunjung",,,,"17213274-c3f7-4db4-bb6e-73fe27be44a1","Completed","New","15-11-2025 11:29:08","Anonymous","50100",,"cab97c1f-67b4-11f0-a847-0a0cda9789f2","1eb4a3f0-5e3d-4ac9-b813-8b1a562e7235",,,"true","False","QrCode","Bahasa","2025-11-15T04:28:18.1771Z",,,,,,,,,,,,,,,"68b5aaf51f3cc3c03afa57ae"
"411","IDM","TMII","PUSAT INFORMASI","Pusat Informasi Main Lobby","IDM-TMII-PUSAT INFORMASI-Pusat Informasi Main Lobby-01","5","Satisfied","5","Good","Staff Friendliness and Service Quality","Positive","5","5","5","5","5","5","Melakukan layanan secara profesional dan ramah (menjaga kontak mata, tersenyum tulus, dan memberikan solusi dengan empati)|Memiliki penampilan yang bersih dan rapi|Memberikan informasi dengan jelas dan akurat|Melayani dengan cepat dan tepat|Membantu dan memastikan kesiapan fasilitas",,,,"Fasilitas pusat informasi lengkap dan mendukung kebutuhan pengunjung|Fasilitas pusat informasi tersedia dengan baik dan mudah diakses oleh pengunjung",,,,"Pusat informasi bersih dan tertata dengan baik|Pusat informasi nyaman digunakan oleh pengunjung|Informasi mudah diakses dan disampaikan dengan jelas kepada pengunjung",,,,"a85355c2-d2b6-4bb6-a35a-8b6ebff60ab6","Completed","New","15-11-2025 11:29:06","Anonymous","34915",,"cab97c1f-67b4-11f0-a847-0a0cda9789f2","1eb4a3f0-5e3d-4ac9-b813-8b1a562e7235",,,"true","False","QrCode","English","2025-11-15T04:28:30.7904Z",,,,,,,,,,,,,,,"68b5aaf51f3cc3c03afa57ae"
"412","IDM","TMII","PUSAT INFORMASI","Pusat Informasi Main Lobby","IDM-TMII-PUSAT INFORMASI-Pusat Informasi Main Lobby-01","5","Satisfied","5","👏",,"Neutral","5","5","5","5","4","4","Melakukan layanan secara profesional dan ramah (menjaga kontak mata, tersenyum tulus, dan memberikan solusi dengan empati)",,,,"Fasilitas pusat informasi lengkap dan mendukung kebutuhan pengunjung",,,,"Lainnya","4",,,"5a061ff1-3999-46ec-b23e-e27cec2f4a0c","Completed","New","15-11-2025 11:28:39","Anonymous","54946",,"cab97c1f-67b4-11f0-a847-0a0cda9789f2","1eb4a3f0-5e3d-4ac9-b813-8b1a562e7235",,,"true","False","QrCode","English","2025-11-15T04:27:40.6262Z",,,,,,,,,,,,,,,"68b5aaf51f3cc3c03afa57ae"
"413","IDM","TMII","PUSAT INFORMASI","Pusat Informasi Main Lobby","IDM-TMII-PUSAT INFORMASI-Pusat Informasi Main Lobby-01","5","Satisfied","5","seru dan infotmatif","Tourist Attraction and Cultural Experience Quality","Positive","5","5","5","5","5","5","Melakukan layanan secara profesional dan ramah (menjaga kontak mata, tersenyum tulus, dan memberikan solusi dengan empati)|Memiliki penampilan yang bersih dan rapi|Memberikan informasi dengan jelas dan akurat|Melayani dengan cepat dan tepat|Membantu dan memastikan kesiapan fasilitas",,,,"Fasilitas pusat informasi lengkap dan mendukung kebutuhan pengunjung|Fasilitas pusat informasi tersedia dengan baik dan mudah diakses oleh pengunjung",,,,"Pusat informasi bersih dan tertata dengan baik|Pusat informasi nyaman digunakan oleh pengunjung|Informasi mudah diakses dan disampaikan dengan jelas kepada pengunjung",,,,"e94bed99-019d-4c13-954f-74bec05600e2","Completed","New","15-11-2025 11:28:16","Anonymous","39170",,"cab97c1f-67b4-11f0-a847-0a0cda9789f2","1eb4a3f0-5e3d-4ac9-b813-8b1a562e7235",,,"true","False","QrCode","Bahasa","2025-11-15T04:27:34.7587Z",,,,,,,,,,,,,,,"68b5aaf51f3cc3c03afa57ae"
"414","IDM","TMII","PUSAT INFORMASI","Pusat Informasi Main Lobby","IDM-TMII-PUSAT INFORMASI-Pusat Informasi Main Lobby-01","5","Satisfied","5","baik","Staff Friendliness and Service Quality","Positive","5","5","5","5","5","5","Melakukan layanan secara profesional dan ramah (menjaga kontak mata, tersenyum tulus, dan memberikan solusi dengan empati)",,,,"Fasilitas pusat informasi lengkap dan mendukung kebutuhan pengunjung|Fasilitas pusat informasi tersedia dengan baik dan mudah diakses oleh pengunjung",,,,"Pusat informasi bersih dan tertata dengan baik|Pusat informasi nyaman digunakan oleh pengunjung|Informasi mudah diakses dan disampaikan dengan jelas kepada pengunjung",,,,"8a448ded-9ecd-4623-88cb-ba7ba912a6cc","Completed","New","15-11-2025 11:28:15","Anonymous","53748",,"cab97c1f-67b4-11f0-a847-0a0cda9789f2","1eb4a3f0-5e3d-4ac9-b813-8b1a562e7235",,,"true","False","QrCode","Bahasa","2025-11-15T04:27:14.0411Z",,,,,,,,,,,,,,,"68b5aaf51f3cc3c03afa57ae"
"415","IDM","TMII","PUSAT INFORMASI","Pusat Informasi Main Lobby","IDM-TMII-PUSAT INFORMASI-Pusat Informasi Main Lobby-01","5","Satisfied","5","Saya dibantu arahkan menunggu wara wiri ke pintu 3 ,sangat ramah dan membantu","Staff Friendliness and Service Quality","Positive","5","5","5","5","5","5","Memberikan informasi dengan jelas dan akurat|Melayani dengan cepat dan tepat",,,,"Fasilitas pusat informasi lengkap dan mendukung kebutuhan pengunjung",,,,"Pusat informasi nyaman digunakan oleh pengunjung",,,,"6b5fe466-5b2f-4f73-84f8-bea726870ba8","Completed","New","14-11-2025 13:50:11","Anonymous","125685",,"cab97c1f-67b4-11f0-a847-0a0cda9789f2","1eb4a3f0-5e3d-4ac9-b813-8b1a562e7235",,,"true","False","QrCode","Bahasa","2025-11-14T06:48:06.0431Z",,,,,,,,,,,,,,,"68b5aaf51f3cc3c03afa57ae"
"416","IDM","TMII","PUSAT INFORMASI","Pusat Informasi Main Lobby","IDM-TMII-PUSAT INFORMASI-Pusat Informasi Main Lobby-01","5","Satisfied","5","staff fast respon dan sangat ramah menjelaskan rute berkeliling","Staff Friendliness and Service Quality","Positive","4","4","5","5","5","5","Memiliki penampilan yang bersih dan rapi",,,,"Fasilitas pusat informasi lengkap dan mendukung kebutuhan pengunjung",,,,"Informasi mudah diakses dan disampaikan dengan jelas kepada pengunjung",,,,"ff7075d3-65ce-4525-83ac-cada018d5b1a","Completed","New","14-11-2025 13:48:02","Anonymous","69295",,"cab97c1f-67b4-11f0-a847-0a0cda9789f2","1eb4a3f0-5e3d-4ac9-b813-8b1a562e7235",,,"true","False","QrCode","Bahasa","2025-11-14T06:46:53.7102Z",,,,,,,,,,,,,,,"68b5aaf51f3cc3c03afa57ae"
"417","IDM","TMII","PUSAT INFORMASI","Pusat Informasi Main Lobby","IDM-TMII-PUSAT INFORMASI-Pusat Informasi Main Lobby-01","5","Satisfied","5","Lari disini bikin fresh otak, ditambah weekday jadi ga rame, semua petugas jg ramah","Staff Friendliness and Service Quality","Positive","5","5","5","5","5","5","Melakukan layanan secara profesional dan ramah (menjaga kontak mata, tersenyum tulus, dan memberikan solusi dengan empati)",,,,"Fasilitas pusat informasi lengkap dan mendukung kebutuhan pengunjung",,,,"Informasi mudah diakses dan disampaikan dengan jelas kepada pengunjung",,,,"fc91364b-7e40-42a8-968f-156e212c0aa3","Completed","New","14-11-2025 09:24:13","Anonymous","64167",,"cab97c1f-67b4-11f0-a847-0a0cda9789f2","1eb4a3f0-5e3d-4ac9-b813-8b1a562e7235",,,"true","False","QrCode","Bahasa","2025-11-14T02:23:09.2279Z",,,,,,,,,,,,,,,"68b5aaf51f3cc3c03afa57ae"
"418","IDM","TMII","PUSAT INFORMASI","Antrian Shuttle","IDM-TMII-PUSAT INFORMASI-Antrian Shuttle-01","4","Satisfied","4","Cukup baik","Facility Maintenance and Cleanliness","Positive","5","5","5","5","5","5","Melakukan layanan secara profesional dan ramah (menjaga kontak mata, tersenyum tulus, dan memberikan solusi dengan empati)|Memiliki penampilan yang bersih dan rapi|Memberikan informasi dengan jelas dan akurat|Melayani dengan cepat dan tepat|Membantu dan memastikan kesiapan fasilitas",,,,"Fasilitas pusat informasi lengkap dan mendukung kebutuhan pengunjung|Fasilitas pusat informasi tersedia dengan baik dan mudah diakses oleh pengunjung",,,,"Pusat informasi bersih dan tertata dengan baik|Pusat informasi nyaman digunakan oleh pengunjung|Informasi mudah diakses dan disampaikan dengan jelas kepada pengunjung",,,,"be5727bd-2919-468e-b431-2537836c6c20","Completed","New","13-11-2025 16:19:14","Anonymous","123776",,"cab97c1f-67b4-11f0-a847-0a0cda9789f2","1eb4a3f0-5e3d-4ac9-b813-8b1a562e7235",,,"true","False","QrCode","Bahasa","2025-11-13T09:17:10.5113Z",,,,,,,,,,,,,,,"68b5aaf51f3cc3c03afa57ae"
"419","IDM","TMII","PUSAT INFORMASI","Pusat Informasi Main Lobby","IDM-TMII-PUSAT INFORMASI-Pusat Informasi Main Lobby-01","5","Satisfied","5","Kami datang dari jauh daerah, sudah puluhan tahun tidak ke Taman mini ingin lihat2 rumah2 nya. Semakin bagus sudah sangat beda sama saya kesini dulu, datang sedang tidak ramai jadi enak keliling naik busnya terus bisa foto di rumah2 nya cantik cantik, sayang tidak bisa lama2 semoga ada rejeki lagi ke jakarta biar kesini lagi","Accessibility and Transportation Improvements","Positive","5","5","5","5","5","5","Melakukan layanan secara profesional dan ramah (menjaga kontak mata, tersenyum tulus, dan memberikan solusi dengan empati)|Memiliki penampilan yang bersih dan rapi|Memberikan informasi dengan jelas dan akurat|Melayani dengan cepat dan tepat|Membantu dan memastikan kesiapan fasilitas",,,,"Fasilitas pusat informasi lengkap dan mendukung kebutuhan pengunjung|Fasilitas pusat informasi tersedia dengan baik dan mudah diakses oleh pengunjung",,,,"Pusat informasi bersih dan tertata dengan baik|Pusat informasi nyaman digunakan oleh pengunjung|Informasi mudah diakses dan disampaikan dengan jelas kepada pengunjung",,,,"a8be7d3e-0311-45db-a469-23a8a6ba8b51","Completed","New","13-11-2025 15:53:21","Anonymous","350079",,"cab97c1f-67b4-11f0-a847-0a0cda9789f2","1eb4a3f0-5e3d-4ac9-b813-8b1a562e7235",,,"true","False","QrCode","Bahasa","2025-11-13T08:47:31.0680Z",,,,,,,,,,,,,,,"68b5aaf51f3cc3c03afa57ae"
"420","IDM","TMII","PUSAT INFORMASI","Antrian Shuttle","IDM-TMII-PUSAT INFORMASI-Antrian Shuttle-01","5","Satisfied","5","Udah bagus skrng tmii","Tourist Attraction and Cultural Experience Quality","Positive","5","5","5","5","5","5","Melakukan layanan secara profesional dan ramah (menjaga kontak mata, tersenyum tulus, dan memberikan solusi dengan empati)",,,,"Fasilitas pusat informasi lengkap dan mendukung kebutuhan pengunjung",,,,"Pusat informasi bersih dan tertata dengan baik|Pusat informasi nyaman digunakan oleh pengunjung|Informasi mudah diakses dan disampaikan dengan jelas kepada pengunjung",,,,"f8c366cd-67b7-44a5-aead-cd366838bb1f","Completed","New","13-11-2025 14:17:48","Anonymous","178214",,"cab97c1f-67b4-11f0-a847-0a0cda9789f2","1eb4a3f0-5e3d-4ac9-b813-8b1a562e7235",,,"true","False","QrCode","Bahasa","2025-11-13T07:14:50.1280Z",,,,,,,,,,,,,,,"68b5aaf51f3cc3c03afa57ae"
"421","IDM","TMII","PUSAT INFORMASI","Antrian Shuttle","IDM-TMII-PUSAT INFORMASI-Antrian Shuttle-01","5","Satisfied","5","Pelayanan yg diberikan oke banget. Dibukain pintu shuttlenya dam di sambut","Staff Friendliness and Service Quality","Positive","5","5","5","5","5","5","Melakukan layanan secara profesional dan ramah (menjaga kontak mata, tersenyum tulus, dan memberikan solusi dengan empati)",,,,"Fasilitas pusat informasi lengkap dan mendukung kebutuhan pengunjung",,,,"Informasi mudah diakses dan disampaikan dengan jelas kepada pengunjung",,,,"110d0267-3173-45b4-8f90-4985a6e79531","Completed","New","13-11-2025 14:08:18","Anonymous","76720",,"cab97c1f-67b4-11f0-a847-0a0cda9789f2","1eb4a3f0-5e3d-4ac9-b813-8b1a562e7235",,,"true","False","QrCode","Bahasa","2025-11-13T07:07:02.1360Z",,,,,,,,,,,,,,,"68b5aaf51f3cc3c03afa57ae"
"422","IDM","TMII","PUSAT INFORMASI","Antrian Shuttle","IDM-TMII-PUSAT INFORMASI-Antrian Shuttle-01","5","Satisfied","5","Bgs yaa ramah semua","Staff Friendliness and Service Quality","Positive","5","5","5","5","5","5","Melakukan layanan secara profesional dan ramah (menjaga kontak mata, tersenyum tulus, dan memberikan solusi dengan empati)|Memiliki penampilan yang bersih dan rapi",,,,"Fasilitas pusat informasi lengkap dan mendukung kebutuhan pengunjung",,,,"Pusat informasi bersih dan tertata dengan baik|Informasi mudah diakses dan disampaikan dengan jelas kepada pengunjung|Pusat informasi nyaman digunakan oleh pengunjung",,,,"b739dc2d-4bca-4bde-9ca2-0814a602b01a","Completed","New","13-11-2025 14:06:59","Anonymous","33641",,"cab97c1f-67b4-11f0-a847-0a0cda9789f2","1eb4a3f0-5e3d-4ac9-b813-8b1a562e7235",,,"true","False","QrCode","Bahasa","2025-11-13T07:06:22.1908Z",,,,,,,,,,,,,,,"68b5aaf51f3cc3c03afa57ae"
"423","IDM","TMII","PUSAT INFORMASI","Pusat Informasi Main Lobby","IDM-TMII-PUSAT INFORMASI-Pusat Informasi Main Lobby-01","5","Satisfied","5","Sudah lama ga kesini, skrng jadi rapi, bersih, petugasnya ramah semua","Facility Maintenance and Cleanliness","Positive","5","5","5","5","5","5","Melakukan layanan secara profesional dan ramah (menjaga kontak mata, tersenyum tulus, dan memberikan solusi dengan empati)|Memberikan informasi dengan jelas dan akurat",,,,"Fasilitas pusat informasi lengkap dan mendukung kebutuhan pengunjung",,,,"Pusat informasi nyaman digunakan oleh pengunjung",,,,"a8bd3341-a933-4a0f-adb0-73f37369579a","Completed","New","13-11-2025 13:45:30","Anonymous","106779",,"cab97c1f-67b4-11f0-a847-0a0cda9789f2","1eb4a3f0-5e3d-4ac9-b813-8b1a562e7235",,,"true","False","QrCode","Bahasa","2025-11-13T06:43:43.9720Z",,,,,,,,,,,,,,,"68b5aaf51f3cc3c03afa57ae"
"424","IDM","TMII","PUSAT INFORMASI","Pusat Informasi Main Lobby","IDM-TMII-PUSAT INFORMASI-Pusat Informasi Main Lobby-01","5","Satisfied","5","Tidak, semua sudah oke",,"Positive","5","5","5","5","5","5","Melakukan layanan secara profesional dan ramah (menjaga kontak mata, tersenyum tulus, dan memberikan solusi dengan empati)",,,,"Fasilitas pusat informasi tersedia dengan baik dan mudah diakses oleh pengunjung",,,,"Pusat informasi nyaman digunakan oleh pengunjung",,,,"7647c382-9f26-4996-9805-a440c823e4e8","Completed","New","13-11-2025 11:57:22","Anonymous","125159",,"cab97c1f-67b4-11f0-a847-0a0cda9789f2","1eb4a3f0-5e3d-4ac9-b813-8b1a562e7235",,,"true","False","QrCode","Bahasa","2025-11-13T04:55:17.3073Z",,,,,,,,,,,,,,,"68b5aaf51f3cc3c03afa57ae"
"425","IDM","TMII","PUSAT INFORMASI","Pusat Informasi Main Lobby","IDM-TMII-PUSAT INFORMASI-Pusat Informasi Main Lobby-01","5","Satisfied","5","Pelayanan staff cepat dan sangat informatif memberi arahan berkeliling","Staff Friendliness and Service Quality","Positive","5","5","5","5","5","5","Memberikan informasi dengan jelas dan akurat|Melayani dengan cepat dan tepat",,,,"Fasilitas pusat informasi lengkap dan mendukung kebutuhan pengunjung",,,,"Pusat informasi nyaman digunakan oleh pengunjung",,,,"0fe7037f-6750-4b44-a243-0f2308f0add2","Completed","New","13-11-2025 11:54:46","Anonymous","79211500",,"cab97c1f-67b4-11f0-a847-0a0cda9789f2","1eb4a3f0-5e3d-4ac9-b813-8b1a562e7235",,,"true","False","QrCode","Bahasa","2025-11-12T06:54:34.3501Z",,,,,,,,,,,,,,,"68b5aaf51f3cc3c03afa57ae"
"426","IDM","TMII","PUSAT INFORMASI","Antrian Shuttle","IDM-TMII-PUSAT INFORMASI-Antrian Shuttle-01","5","Satisfied","5","Petugas di lobby utama ramah banget dan lingkungannya juga bersih","Staff Friendliness and Service Quality","Positive","5","5","5","5","5","5","Melakukan layanan secara profesional dan ramah (menjaga kontak mata, tersenyum tulus, dan memberikan solusi dengan empati)|Memiliki penampilan yang bersih dan rapi|Memberikan informasi dengan jelas dan akurat|Melayani dengan cepat dan tepat|Membantu dan memastikan kesiapan fasilitas",,,,"Fasilitas pusat informasi lengkap dan mendukung kebutuhan pengunjung|Fasilitas pusat informasi tersedia dengan baik dan mudah diakses oleh pengunjung",,,,"Pusat informasi bersih dan tertata dengan baik|Pusat informasi nyaman digunakan oleh pengunjung|Informasi mudah diakses dan disampaikan dengan jelas kepada pengunjung",,,,"f53bbac3-beff-4ad4-8de3-ed5a0e143d86","Completed","New","12-11-2025 12:09:24","Anonymous","81525",,"cab97c1f-67b4-11f0-a847-0a0cda9789f2","1eb4a3f0-5e3d-4ac9-b813-8b1a562e7235",,,"true","False","QrCode","Bahasa","2025-11-12T05:08:01.7645Z",,,,,,,,,,,,,,,"68b5aaf51f3cc3c03afa57ae"
"427","IDM","TMII","PUSAT INFORMASI","Pusat Informasi Main Lobby","IDM-TMII-PUSAT INFORMASI-Pusat Informasi Main Lobby-01","5","Satisfied","5","Sangat membantu","Staff Friendliness and Service Quality","Positive","5","5","5","5","5","5","Memberikan informasi dengan jelas dan akurat",,,,"Fasilitas pusat informasi tersedia dengan baik dan mudah diakses oleh pengunjung",,,,"Pusat informasi bersih dan tertata dengan baik",,,,"c954e7ed-eefb-4843-ae53-60b79e1d43e4","Completed","New","12-11-2025 11:38:46","Anonymous","264793",,"cab97c1f-67b4-11f0-a847-0a0cda9789f2","1eb4a3f0-5e3d-4ac9-b813-8b1a562e7235",,,"true","False","QrCode","Bahasa","2025-11-12T04:34:21.4263Z",,,,,,,,,,,,,,,"68b5aaf51f3cc3c03afa57ae"
"428","IDM","TMII","PUSAT INFORMASI","Pusat Informasi Main Lobby","IDM-TMII-PUSAT INFORMASI-Pusat Informasi Main Lobby-01","5","Satisfied","5",,,,"5","5","5","5","5","5","Memberikan informasi dengan jelas dan akurat|Melakukan layanan secara profesional dan ramah (menjaga kontak mata, tersenyum tulus, dan memberikan solusi dengan empati)",,,,"Fasilitas pusat informasi lengkap dan mendukung kebutuhan pengunjung|Fasilitas pusat informasi tersedia dengan baik dan mudah diakses oleh pengunjung",,,,"Pusat informasi bersih dan tertata dengan baik|Pusat informasi nyaman digunakan oleh pengunjung|Informasi mudah diakses dan disampaikan dengan jelas kepada pengunjung",,,,"ff86a68d-0c97-4ca4-a627-c82eef352138","Completed","New","09-11-2025 16:24:41","Anonymous","64201",,"cab97c1f-67b4-11f0-a847-0a0cda9789f2","1eb4a3f0-5e3d-4ac9-b813-8b1a562e7235",,,"true","False","QrCode","Bahasa","2025-11-09T09:23:36.3254Z",,,,,,,,,,,,,,,"68b5aaf51f3cc3c03afa57ae"
"429","IDM","TMII","PUSAT INFORMASI","Pusat Informasi Main Lobby","IDM-TMII-PUSAT INFORMASI-Pusat Informasi Main Lobby-01","5","Satisfied","5","Tolong tempat wudhu di area mushola plaza depan diberikan ruang tertutup untuk wanita agar terjaga auratnya:)","Amenities and Food Services Availability","Positive","5","5","5","5","5","5","Melakukan layanan secara profesional dan ramah (menjaga kontak mata, tersenyum tulus, dan memberikan solusi dengan empati)|Memiliki penampilan yang bersih dan rapi|Memberikan informasi dengan jelas dan akurat|Melayani dengan cepat dan tepat|Membantu dan memastikan kesiapan fasilitas",,,,"Fasilitas pusat informasi lengkap dan mendukung kebutuhan pengunjung|Fasilitas pusat informasi tersedia dengan baik dan mudah diakses oleh pengunjung",,,,"Pusat informasi bersih dan tertata dengan baik|Pusat informasi nyaman digunakan oleh pengunjung|Informasi mudah diakses dan disampaikan dengan jelas kepada pengunjung",,,,"eccabdf6-1c59-4d13-a1e8-0bfd0970de8d","Completed","New","09-11-2025 16:23:43","Anonymous","61781",,"cab97c1f-67b4-11f0-a847-0a0cda9789f2","1eb4a3f0-5e3d-4ac9-b813-8b1a562e7235",,,"true","False","QrCode","Bahasa","2025-11-09T09:22:41.8135Z",,,,,,,,,,,,,,,"68b5aaf51f3cc3c03afa57ae"
"430","IDM","TMII","PUSAT INFORMASI","Pusat Informasi Main Lobby","IDM-TMII-PUSAT INFORMASI-Pusat Informasi Main Lobby-01","5","Satisfied","5","Sangat bagus dan baik.","Tourist Attraction and Cultural Experience Quality","Positive","5","5","5","5","5","5","Melakukan layanan secara profesional dan ramah (menjaga kontak mata, tersenyum tulus, dan memberikan solusi dengan empati)|Memiliki penampilan yang bersih dan rapi|Memberikan informasi dengan jelas dan akurat|Melayani dengan cepat dan tepat|Membantu dan memastikan kesiapan fasilitas",,,,"Fasilitas pusat informasi lengkap dan mendukung kebutuhan pengunjung|Fasilitas pusat informasi tersedia dengan baik dan mudah diakses oleh pengunjung",,,,"Pusat informasi bersih dan tertata dengan baik|Pusat informasi nyaman digunakan oleh pengunjung|Informasi mudah diakses dan disampaikan dengan jelas kepada pengunjung",,,,"4e943e80-5604-43fa-9b9d-b80528f73d02","Completed","New","09-11-2025 16:23:27","Anonymous","40270",,"cab97c1f-67b4-11f0-a847-0a0cda9789f2","1eb4a3f0-5e3d-4ac9-b813-8b1a562e7235",,,"true","False","QrCode","Bahasa","2025-11-09T09:22:47.3301Z",,,,,,,,,,,,,,,"68b5aaf51f3cc3c03afa57ae"
"431","IDM","TMII","PUSAT INFORMASI","Pusat Informasi Main Lobby","IDM-TMII-PUSAT INFORMASI-Pusat Informasi Main Lobby-01","5","Satisfied","5","Sudah bagus dan baik sekali.","Tourist Attraction and Cultural Experience Quality","Positive","5","5","5","5","5","5","Melakukan layanan secara profesional dan ramah (menjaga kontak mata, tersenyum tulus, dan memberikan solusi dengan empati)|Memiliki penampilan yang bersih dan rapi|Memberikan informasi dengan jelas dan akurat|Melayani dengan cepat dan tepat|Membantu dan memastikan kesiapan fasilitas",,,,"Fasilitas pusat informasi lengkap dan mendukung kebutuhan pengunjung|Fasilitas pusat informasi tersedia dengan baik dan mudah diakses oleh pengunjung",,,,"Pusat informasi bersih dan tertata dengan baik|Pusat informasi nyaman digunakan oleh pengunjung|Informasi mudah diakses dan disampaikan dengan jelas kepada pengunjung",,,,"1d5cd4ad-35ac-4aa5-8602-aae5933435c0","Completed","New","09-11-2025 16:23:18","Anonymous","29258",,"cab97c1f-67b4-11f0-a847-0a0cda9789f2","1eb4a3f0-5e3d-4ac9-b813-8b1a562e7235",,,"true","False","QrCode","Bahasa","2025-11-09T09:22:49.6211Z",,,,,,,,,,,,,,,"68b5aaf51f3cc3c03afa57ae"
"432","IDM","TMII","PUSAT INFORMASI","Pusat Informasi Main Lobby","IDM-TMII-PUSAT INFORMASI-Pusat Informasi Main Lobby-01","5","Satisfied","5","Sudah sangat baik, namun suara informan kurang terdengar, mungkin speaker information centernya bisa lebih keras lagi","Visitor Information and Signage Clarity","Neutral","5","5","5","5","5","5","Melakukan layanan secara profesional dan ramah (menjaga kontak mata, tersenyum tulus, dan memberikan solusi dengan empati)|Memiliki penampilan yang bersih dan rapi|Memberikan informasi dengan jelas dan akurat|Melayani dengan cepat dan tepat|Membantu dan memastikan kesiapan fasilitas",,,,"Fasilitas pusat informasi lengkap dan mendukung kebutuhan pengunjung",,,,"Pusat informasi bersih dan tertata dengan baik|Pusat informasi nyaman digunakan oleh pengunjung",,,,"9bfa5222-7f45-4469-bd07-6461c4922fb9","Completed","New","09-11-2025 16:23:14","Anonymous","77204",,"cab97c1f-67b4-11f0-a847-0a0cda9789f2","1eb4a3f0-5e3d-4ac9-b813-8b1a562e7235",,,"true","False","QrCode","Bahasa","2025-11-09T09:21:57.2957Z",,,,,,,,,,,,,,,"68b5aaf51f3cc3c03afa57ae"
"433","IDM","TMII","PUSAT INFORMASI","Pusat Informasi Main Lobby","IDM-TMII-PUSAT INFORMASI-Pusat Informasi Main Lobby-01","5","Satisfied","5","Cukup baik","Facility Maintenance and Cleanliness","Positive","4","4","5","5","5","5","Melakukan layanan secara profesional dan ramah (menjaga kontak mata, tersenyum tulus, dan memberikan solusi dengan empati)|Memiliki penampilan yang bersih dan rapi|Memberikan informasi dengan jelas dan akurat|Melayani dengan cepat dan tepat|Membantu dan memastikan kesiapan fasilitas",,,,"Fasilitas pusat informasi lengkap dan mendukung kebutuhan pengunjung|Fasilitas pusat informasi tersedia dengan baik dan mudah diakses oleh pengunjung",,,,"Pusat informasi bersih dan tertata dengan baik|Pusat informasi nyaman digunakan oleh pengunjung|Informasi mudah diakses dan disampaikan dengan jelas kepada pengunjung",,,,"2097a481-9518-449d-962d-57917d3798dd","Completed","New","09-11-2025 16:22:17","Anonymous","56917",,"cab97c1f-67b4-11f0-a847-0a0cda9789f2","1eb4a3f0-5e3d-4ac9-b813-8b1a562e7235",,,"true","False","QrCode","Bahasa","2025-11-09T09:21:20.7729Z",,,,,,,,,,,,,,,"68b5aaf51f3cc3c03afa57ae"
"434","IDM","TMII","PUSAT INFORMASI","Pusat Informasi Main Lobby","IDM-TMII-PUSAT INFORMASI-Pusat Informasi Main Lobby-01","5","Satisfied","5",,,,"5","5","5","5","5","5","Melakukan layanan secara profesional dan ramah (menjaga kontak mata, tersenyum tulus, dan memberikan solusi dengan empati)",,,,"Fasilitas pusat informasi tersedia dengan baik dan mudah diakses oleh pengunjung",,,,"Informasi mudah diakses dan disampaikan dengan jelas kepada pengunjung",,,,"b258fd08-d289-4c76-8dea-5ff36e582970","Completed","New","09-11-2025 16:21:34","Anonymous","42075",,"cab97c1f-67b4-11f0-a847-0a0cda9789f2","1eb4a3f0-5e3d-4ac9-b813-8b1a562e7235",,,"true","False","QrCode","English","2025-11-09T09:20:51.5518Z",,,,,,,,,,,,,,,"68b5aaf51f3cc3c03afa57ae"
"435","IDM","TMII","PUSAT INFORMASI","Pusat Informasi Main Lobby","IDM-TMII-PUSAT INFORMASI-Pusat Informasi Main Lobby-01","5","Satisfied","5","Sudah baik","Staff Friendliness and Service Quality","Positive","5","5","5","5","5","5","Melakukan layanan secara profesional dan ramah (menjaga kontak mata, tersenyum tulus, dan memberikan solusi dengan empati)|Melayani dengan cepat dan tepat|Memberikan informasi dengan jelas dan akurat|Memiliki penampilan yang bersih dan rapi",,,,"Fasilitas pusat informasi lengkap dan mendukung kebutuhan pengunjung|Fasilitas pusat informasi tersedia dengan baik dan mudah diakses oleh pengunjung",,,,"Pusat informasi bersih dan tertata dengan baik|Pusat informasi nyaman digunakan oleh pengunjung|Informasi mudah diakses dan disampaikan dengan jelas kepada pengunjung",,,,"07bd13ef-2385-449c-a860-0b1ad9f27825","Completed","New","09-11-2025 16:21:28","Anonymous","42463",,"cab97c1f-67b4-11f0-a847-0a0cda9789f2","1eb4a3f0-5e3d-4ac9-b813-8b1a562e7235",,,"true","False","QrCode","Bahasa","2025-11-09T09:20:44.7984Z",,,,,,,,,,,,,,,"68b5aaf51f3cc3c03afa57ae"
"436","IDM","TMII","PUSAT INFORMASI","Pusat Informasi Main Lobby","IDM-TMII-PUSAT INFORMASI-Pusat Informasi Main Lobby-01","5","Satisfied","5","o",,"Neutral","5","5","5","5","5","5","Melakukan layanan secara profesional dan ramah (menjaga kontak mata, tersenyum tulus, dan memberikan solusi dengan empati)|Memiliki penampilan yang bersih dan rapi|Memberikan informasi dengan jelas dan akurat|Melayani dengan cepat dan tepat|Membantu dan memastikan kesiapan fasilitas",,,,"Fasilitas pusat informasi lengkap dan mendukung kebutuhan pengunjung|Fasilitas pusat informasi tersedia dengan baik dan mudah diakses oleh pengunjung",,,,"Pusat informasi bersih dan tertata dengan baik|Pusat informasi nyaman digunakan oleh pengunjung|Informasi mudah diakses dan disampaikan dengan jelas kepada pengunjung",,,,"4cfb8a01-9376-423c-8c0b-0077c8ac0803","Completed","New","09-11-2025 16:21:19","Anonymous","33250",,"cab97c1f-67b4-11f0-a847-0a0cda9789f2","1eb4a3f0-5e3d-4ac9-b813-8b1a562e7235",,,"true","False","QrCode","Bahasa","2025-11-09T09:20:45.7054Z",,,,,,,,,,,,,,,"68b5aaf51f3cc3c03afa57ae"
"437","IDM","TMII","PUSAT INFORMASI","Pusat Informasi Main Lobby","IDM-TMII-PUSAT INFORMASI-Pusat Informasi Main Lobby-01","5","Satisfied","5",,,,"5","5","4","4","5","5","Melakukan layanan secara profesional dan ramah (menjaga kontak mata, tersenyum tulus, dan memberikan solusi dengan empati)|Memiliki penampilan yang bersih dan rapi|Memberikan informasi dengan jelas dan akurat|Melayani dengan cepat dan tepat|Membantu dan memastikan kesiapan fasilitas",,,,"Fasilitas pusat informasi lengkap dan mendukung kebutuhan pengunjung|Fasilitas pusat informasi tersedia dengan baik dan mudah diakses oleh pengunjung",,,,"Pusat informasi bersih dan tertata dengan baik|Pusat informasi nyaman digunakan oleh pengunjung|Informasi mudah diakses dan disampaikan dengan jelas kepada pengunjung",,,,"1fe303c8-a653-433c-a45a-6aa1ca3699c6","Completed","New","09-11-2025 16:21:09","Anonymous","31549",,"cab97c1f-67b4-11f0-a847-0a0cda9789f2","1eb4a3f0-5e3d-4ac9-b813-8b1a562e7235",,,"true","False","QrCode","Bahasa","2025-11-09T09:20:36.9701Z",,,,,,,,,,,,,,,"68b5aaf51f3cc3c03afa57ae"
"438","IDM","TMII","PUSAT INFORMASI","Pusat Informasi Main Lobby","IDM-TMII-PUSAT INFORMASI-Pusat Informasi Main Lobby-01","5","Satisfied","5",,,,"5","5","4","4","5","5","Melakukan layanan secara profesional dan ramah (menjaga kontak mata, tersenyum tulus, dan memberikan solusi dengan empati)|Memiliki penampilan yang bersih dan rapi|Memberikan informasi dengan jelas dan akurat|Melayani dengan cepat dan tepat|Membantu dan memastikan kesiapan fasilitas",,,,"Fasilitas pusat informasi lengkap dan mendukung kebutuhan pengunjung|Fasilitas pusat informasi tersedia dengan baik dan mudah diakses oleh pengunjung",,,,"Pusat informasi bersih dan tertata dengan baik|Pusat informasi nyaman digunakan oleh pengunjung|Informasi mudah diakses dan disampaikan dengan jelas kepada pengunjung",,,,"ce287413-08d1-43d9-99c1-c69004eed8ac","Completed","New","09-11-2025 14:52:18","Anonymous","34777",,"cab97c1f-67b4-11f0-a847-0a0cda9789f2","1eb4a3f0-5e3d-4ac9-b813-8b1a562e7235",,,"true","False","QrCode","Bahasa","2025-11-09T07:51:43.2738Z",,,,,,,,,,,,,,,"68b5aaf51f3cc3c03afa57ae"
"439","IDM","TMII","PUSAT INFORMASI","Pusat Informasi Main Lobby","IDM-TMII-PUSAT INFORMASI-Pusat Informasi Main Lobby-01","5","Satisfied","5","Sangat membantu untuk tau semua yang ada di tmii","Tourist Attraction and Cultural Experience Quality","Positive","5","5","5","5","5","5","Melakukan layanan secara profesional dan ramah (menjaga kontak mata, tersenyum tulus, dan memberikan solusi dengan empati)",,,,"Fasilitas pusat informasi tersedia dengan baik dan mudah diakses oleh pengunjung",,,,"Informasi mudah diakses dan disampaikan dengan jelas kepada pengunjung",,,,"53fcc08f-c43a-4fca-a94e-947a74967ab4","Completed","New","09-11-2025 14:51:36","Anonymous","89494",,"cab97c1f-67b4-11f0-a847-0a0cda9789f2","1eb4a3f0-5e3d-4ac9-b813-8b1a562e7235",,,"true","False","QrCode","Bahasa","2025-11-09T07:50:06.4093Z",,,,,,,,,,,,,,,"68b5aaf51f3cc3c03afa57ae"
"440","IDM","TMII","PUSAT INFORMASI","Pusat Informasi Main Lobby","IDM-TMII-PUSAT INFORMASI-Pusat Informasi Main Lobby-01","5","Satisfied","5","Keren sih","Tourist Attraction and Cultural Experience Quality","Positive","5","5","5","5","5","5","Melakukan layanan secara profesional dan ramah (menjaga kontak mata, tersenyum tulus, dan memberikan solusi dengan empati)",,,,"Fasilitas pusat informasi lengkap dan mendukung kebutuhan pengunjung",,,,"Informasi mudah diakses dan disampaikan dengan jelas kepada pengunjung",,,,"964243f3-006d-4c5f-97a9-b80f2ff42ade","Completed","New","09-11-2025 14:51:32","Anonymous","33841",,"cab97c1f-67b4-11f0-a847-0a0cda9789f2","1eb4a3f0-5e3d-4ac9-b813-8b1a562e7235",,,"true","False","QrCode","Bahasa","2025-11-09T07:50:57.9950Z",,,,,,,,,,,,,,,"68b5aaf51f3cc3c03afa57ae"
"441","IDM","TMII","PUSAT INFORMASI","Pusat Informasi Main Lobby","IDM-TMII-PUSAT INFORMASI-Pusat Informasi Main Lobby-01","5","Satisfied","5","Destinasinya cukup memuaskan petugasnya juga ramah","Staff Friendliness and Service Quality","Positive","5","5","5","5","5","5","Melakukan layanan secara profesional dan ramah (menjaga kontak mata, tersenyum tulus, dan memberikan solusi dengan empati)|Memiliki penampilan yang bersih dan rapi|Memberikan informasi dengan jelas dan akurat|Melayani dengan cepat dan tepat|Membantu dan memastikan kesiapan fasilitas",,,,"Fasilitas pusat informasi lengkap dan mendukung kebutuhan pengunjung|Fasilitas pusat informasi tersedia dengan baik dan mudah diakses oleh pengunjung",,,,"Pusat informasi bersih dan tertata dengan baik|Pusat informasi nyaman digunakan oleh pengunjung|Informasi mudah diakses dan disampaikan dengan jelas kepada pengunjung",,,,"c00438ba-fc99-4ae4-96df-502862f7a5e9","Completed","New","09-11-2025 14:51:22","Anonymous","87904",,"cab97c1f-67b4-11f0-a847-0a0cda9789f2","1eb4a3f0-5e3d-4ac9-b813-8b1a562e7235",,,"true","False","QrCode","Bahasa","2025-11-09T07:49:54.0492Z",,,,,,,,,,,,,,,"68b5aaf51f3cc3c03afa57ae"
"442","IDM","TMII","PUSAT INFORMASI","Pusat Informasi Main Lobby","IDM-TMII-PUSAT INFORMASI-Pusat Informasi Main Lobby-01","5","Satisfied","5","Sudah bagus","Tourist Attraction and Cultural Experience Quality","Positive","5","5","5","5","5","5","Melakukan layanan secara profesional dan ramah (menjaga kontak mata, tersenyum tulus, dan memberikan solusi dengan empati)",,,,"Fasilitas pusat informasi lengkap dan mendukung kebutuhan pengunjung",,,,"Pusat informasi bersih dan tertata dengan baik",,,,"cdc613c1-b784-4148-a5e7-4b48cad01f54","Completed","New","09-11-2025 14:51:13","Anonymous","60676",,"cab97c1f-67b4-11f0-a847-0a0cda9789f2","1eb4a3f0-5e3d-4ac9-b813-8b1a562e7235",,,"true","False","QrCode","Bahasa","2025-11-09T07:50:13.9954Z",,,,,,,,,,,,,,,"68b5aaf51f3cc3c03afa57ae"
"443","IDM","TMII","PUSAT INFORMASI","Pusat Informasi Main Lobby","IDM-TMII-PUSAT INFORMASI-Pusat Informasi Main Lobby-01","5","Satisfied","5",,,,"5","5","5","5","5","5","Melakukan layanan secara profesional dan ramah (menjaga kontak mata, tersenyum tulus, dan memberikan solusi dengan empati)|Memiliki penampilan yang bersih dan rapi|Memberikan informasi dengan jelas dan akurat|Melayani dengan cepat dan tepat|Membantu dan memastikan kesiapan fasilitas|Lainnya","seruuuu",,,"Fasilitas pusat informasi lengkap dan mendukung kebutuhan pengunjung|Fasilitas pusat informasi tersedia dengan baik dan mudah diakses oleh pengunjung",,,,"Pusat informasi bersih dan tertata dengan baik|Pusat informasi nyaman digunakan oleh pengunjung|Informasi mudah diakses dan disampaikan dengan jelas kepada pengunjung",,,,"80ec0679-d22d-408d-8e1b-b868d8f3546c","Completed","New","09-11-2025 14:51:11","Anonymous","58466",,"cab97c1f-67b4-11f0-a847-0a0cda9789f2","1eb4a3f0-5e3d-4ac9-b813-8b1a562e7235",,,"true","False","QrCode","Bahasa","2025-11-09T07:50:14.2717Z",,,,,,,,,,,,,,,"68b5aaf51f3cc3c03afa57ae"
"444","IDM","TMII","PUSAT INFORMASI","Pusat Informasi Main Lobby","IDM-TMII-PUSAT INFORMASI-Pusat Informasi Main Lobby-01","5","Satisfied","5","Sudah sangat baik, informatif, dan ramah

Semoga ada terobosan program menarik","Staff Friendliness and Service Quality","Positive","5","5","5","5","5","5","Melakukan layanan secara profesional dan ramah (menjaga kontak mata, tersenyum tulus, dan memberikan solusi dengan empati)|Memiliki penampilan yang bersih dan rapi|Memberikan informasi dengan jelas dan akurat|Melayani dengan cepat dan tepat|Membantu dan memastikan kesiapan fasilitas",,,,"Fasilitas pusat informasi lengkap dan mendukung kebutuhan pengunjung|Fasilitas pusat informasi tersedia dengan baik dan mudah diakses oleh pengunjung",,,,"Pusat informasi bersih dan tertata dengan baik|Pusat informasi nyaman digunakan oleh pengunjung|Informasi mudah diakses dan disampaikan dengan jelas kepada pengunjung",,,,"1ef065ed-51a4-4278-a21d-e181637d8422","Completed","New","09-11-2025 14:50:51","Anonymous","66369",,"cab97c1f-67b4-11f0-a847-0a0cda9789f2","1eb4a3f0-5e3d-4ac9-b813-8b1a562e7235",,,"true","False","QrCode","Bahasa","2025-11-09T07:49:45.7153Z",,,,,,,,,,,,,,,"68b5aaf51f3cc3c03afa57ae"
"445","IDM","TMII","PUSAT INFORMASI","Pusat Informasi Main Lobby","IDM-TMII-PUSAT INFORMASI-Pusat Informasi Main Lobby-01","5","Satisfied","5","sudah cukup bagus, bervariasi wahan, spot foto dll","Tourist Attraction and Cultural Experience Quality","Positive","5","5","5","5","5","5","Melakukan layanan secara profesional dan ramah (menjaga kontak mata, tersenyum tulus, dan memberikan solusi dengan empati)",,,,"Fasilitas pusat informasi lengkap dan mendukung kebutuhan pengunjung",,,,"Pusat informasi bersih dan tertata dengan baik",,,,"264cfe51-51f9-488e-9f04-d4938c1e9548","Completed","New","09-11-2025 14:50:53","Anonymous","46386",,"cab97c1f-67b4-11f0-a847-0a0cda9789f2","1eb4a3f0-5e3d-4ac9-b813-8b1a562e7235",,,"true","False","QrCode","Bahasa","2025-11-09T07:50:07.5659Z",,,,,,,,,,,,,,,"68b5aaf51f3cc3c03afa57ae"
"446","IDM","TMII","PUSAT INFORMASI","Pusat Informasi Main Lobby","IDM-TMII-PUSAT INFORMASI-Pusat Informasi Main Lobby-01","5","Satisfied","5","Baguss sekali mungkin lebih ceper aja jalannya huhu","Accessibility for Seniors and Disabled Visitors","Positive","5","5","5","5","5","5","Melakukan layanan secara profesional dan ramah (menjaga kontak mata, tersenyum tulus, dan memberikan solusi dengan empati)",,,,"Fasilitas pusat informasi lengkap dan mendukung kebutuhan pengunjung",,,,"Pusat informasi bersih dan tertata dengan baik",,,,"5d390627-997d-4208-9f85-19e7710f4af4","Completed","New","09-11-2025 14:50:50","Anonymous","51294",,"cab97c1f-67b4-11f0-a847-0a0cda9789f2","1eb4a3f0-5e3d-4ac9-b813-8b1a562e7235",,,"true","False","QrCode","Bahasa","2025-11-09T07:49:58.8842Z",,,,,,,,,,,,,,,"68b5aaf51f3cc3c03afa57ae"
"447","IDM","TMII","PUSAT INFORMASI","Pusat Informasi Main Lobby","IDM-TMII-PUSAT INFORMASI-Pusat Informasi Main Lobby-01","5","Satisfied","5","sudah baik sudah ramah","Staff Friendliness and Service Quality","Positive","5","5","5","5","5","5","Melakukan layanan secara profesional dan ramah (menjaga kontak mata, tersenyum tulus, dan memberikan solusi dengan empati)",,,,"Fasilitas pusat informasi lengkap dan mendukung kebutuhan pengunjung",,,,"Pusat informasi bersih dan tertata dengan baik",,,,"f3af801c-a842-40f3-9e2c-5b5ee092c7db","Completed","New","09-11-2025 14:50:32","Anonymous","36139",,"cab97c1f-67b4-11f0-a847-0a0cda9789f2","1eb4a3f0-5e3d-4ac9-b813-8b1a562e7235",,,"true","False","QrCode","Bahasa","2025-11-09T07:49:55.5766Z",,,,,,,,,,,,,,,"68b5aaf51f3cc3c03afa57ae"
"448","IDM","TMII","PUSAT INFORMASI","Pusat Informasi Main Lobby","IDM-TMII-PUSAT INFORMASI-Pusat Informasi Main Lobby-01","5","Satisfied","5","keren jelas bgt informasi nya","Tourist Attraction and Cultural Experience Quality","Positive","5","5","5","5","5","5","Melakukan layanan secara profesional dan ramah (menjaga kontak mata, tersenyum tulus, dan memberikan solusi dengan empati)|Memberikan informasi dengan jelas dan akurat",,,,"Fasilitas pusat informasi lengkap dan mendukung kebutuhan pengunjung",,,,"Pusat informasi bersih dan tertata dengan baik|Pusat informasi nyaman digunakan oleh pengunjung",,,,"f28189e2-f70a-44e4-b992-02bfe5ccfbbf","Completed","New","09-11-2025 12:28:54","Anonymous","57260",,"cab97c1f-67b4-11f0-a847-0a0cda9789f2","1eb4a3f0-5e3d-4ac9-b813-8b1a562e7235",,,"true","False","QrCode","Bahasa","2025-11-09T05:27:57.8925Z",,,,,,,,,,,,,,,"68b5aaf51f3cc3c03afa57ae"
"449","IDM","TMII","PUSAT INFORMASI","Pusat Informasi Main Lobby","IDM-TMII-PUSAT INFORMASI-Pusat Informasi Main Lobby-01","5","Satisfied","5","Seru banget jadi tau rumah2 adatnya!! kakak tour guide nya ada 2 jadi agak bingung mau ikut denger yang mana tapi seru bgt keliling nambah ilmu","Tourist Attraction and Cultural Experience Quality","Positive","5","5","5","5","5","5","Melakukan layanan secara profesional dan ramah (menjaga kontak mata, tersenyum tulus, dan memberikan solusi dengan empati)|Memiliki penampilan yang bersih dan rapi|Memberikan informasi dengan jelas dan akurat|Melayani dengan cepat dan tepat|Membantu dan memastikan kesiapan fasilitas",,,,"Fasilitas pusat informasi tersedia dengan baik dan mudah diakses oleh pengunjung",,,,"Pusat informasi bersih dan tertata dengan baik|Pusat informasi nyaman digunakan oleh pengunjung|Informasi mudah diakses dan disampaikan dengan jelas kepada pengunjung",,,,"b87ba7b6-aac6-48a4-aa35-4379244d45c6","Completed","New","09-11-2025 11:40:13","Anonymous","1152012",,"cab97c1f-67b4-11f0-a847-0a0cda9789f2","1eb4a3f0-5e3d-4ac9-b813-8b1a562e7235",,,"true","False","QrCode","Bahasa","2025-11-09T04:21:00.7042Z",,,,,,,,,,,,,,,"68b5aaf51f3cc3c03afa57ae"
"450","IDM","TMII","PUSAT INFORMASI","Pusat Informasi Main Lobby","IDM-TMII-PUSAT INFORMASI-Pusat Informasi Main Lobby-01","5","Satisfied","5","Cukup",,"Neutral","5","5","5","5","5","5","Melakukan layanan secara profesional dan ramah (menjaga kontak mata, tersenyum tulus, dan memberikan solusi dengan empati)",,,,"Fasilitas pusat informasi tersedia dengan baik dan mudah diakses oleh pengunjung",,,,"Pusat informasi bersih dan tertata dengan baik",,,,"a63a4774-ace8-4051-8240-1ed05fadad13","Completed","New","09-11-2025 11:06:29","Anonymous","43060",,"cab97c1f-67b4-11f0-a847-0a0cda9789f2","1eb4a3f0-5e3d-4ac9-b813-8b1a562e7235",,,"true","False","QrCode","Bahasa","2025-11-09T04:05:46.7910Z",,,,,,,,,,,,,,,"68b5aaf51f3cc3c03afa57ae"
"451","IDM","TMII","PUSAT INFORMASI","Pusat Informasi Main Lobby","IDM-TMII-PUSAT INFORMASI-Pusat Informasi Main Lobby-01","5","Satisfied","5","Semoga tour ini tetap terus ada dan lebih banyak lagi mengunjungi rumah adatnya","Activities and Educational Programs Enhancement","Positive","5","5","5","5","5","5","Melakukan layanan secara profesional dan ramah (menjaga kontak mata, tersenyum tulus, dan memberikan solusi dengan empati)|Melayani dengan cepat dan tepat|Memberikan informasi dengan jelas dan akurat",,,,"Fasilitas pusat informasi lengkap dan mendukung kebutuhan pengunjung|Fasilitas pusat informasi tersedia dengan baik dan mudah diakses oleh pengunjung",,,,"Pusat informasi nyaman digunakan oleh pengunjung|Informasi mudah diakses dan disampaikan dengan jelas kepada pengunjung",,,,"517d93a7-6014-431d-8342-c0fe6b8e34bc","Completed","New","09-11-2025 11:05:59","Anonymous","120973",,"cab97c1f-67b4-11f0-a847-0a0cda9789f2","1eb4a3f0-5e3d-4ac9-b813-8b1a562e7235",,,"true","False","QrCode","Bahasa","2025-11-09T04:03:58.2109Z",,,,,,,,,,,,,,,"68b5aaf51f3cc3c03afa57ae"
"452","IDM","TMII","PUSAT INFORMASI","Pusat Informasi Main Lobby","IDM-TMII-PUSAT INFORMASI-Pusat Informasi Main Lobby-01","5","Satisfied","5","Keren bgt seru","Tourist Attraction and Cultural Experience Quality","Positive","5","5","5","5","5","5","Membantu dan memastikan kesiapan fasilitas|Melayani dengan cepat dan tepat|Memberikan informasi dengan jelas dan akurat|Memiliki penampilan yang bersih dan rapi",,,,"Fasilitas pusat informasi lengkap dan mendukung kebutuhan pengunjung|Fasilitas pusat informasi tersedia dengan baik dan mudah diakses oleh pengunjung",,,,"Pusat informasi bersih dan tertata dengan baik|Pusat informasi nyaman digunakan oleh pengunjung|Informasi mudah diakses dan disampaikan dengan jelas kepada pengunjung",,,,"fcd5a0de-ef67-4564-83e2-449d87251663","Completed","New","09-11-2025 11:05:25","Anonymous","30313",,"cab97c1f-67b4-11f0-a847-0a0cda9789f2","1eb4a3f0-5e3d-4ac9-b813-8b1a562e7235",,,"true","False","QrCode","Bahasa","2025-11-09T04:04:54.9266Z",,,,,,,,,,,,,,,"68b5aaf51f3cc3c03afa57ae"
"453","IDM","TMII","PUSAT INFORMASI","Pusat Informasi Main Lobby","IDM-TMII-PUSAT INFORMASI-Pusat Informasi Main Lobby-01","4","Satisfied","4","All good","Tourist Attraction and Cultural Experience Quality","Positive","5","5","4","4","4","4","Melakukan layanan secara profesional dan ramah (menjaga kontak mata, tersenyum tulus, dan memberikan solusi dengan empati)",,,,"Fasilitas pusat informasi tersedia dengan baik dan mudah diakses oleh pengunjung",,,,"Pusat informasi nyaman digunakan oleh pengunjung|Informasi mudah diakses dan disampaikan dengan jelas kepada pengunjung",,,,"5e26eb85-551e-41d3-82d7-5570b1c8579a","Completed","New","09-11-2025 11:05:20","Anonymous","58407",,"cab97c1f-67b4-11f0-a847-0a0cda9789f2","1eb4a3f0-5e3d-4ac9-b813-8b1a562e7235",,,"true","False","QrCode","Bahasa","2025-11-09T04:04:20.9802Z",,,,,,,,,,,,,,,"68b5aaf51f3cc3c03afa57ae"
"454","IDM","TMII","PUSAT INFORMASI","Pusat Informasi Main Lobby","IDM-TMII-PUSAT INFORMASI-Pusat Informasi Main Lobby-01","5","Satisfied","5","fasilitas sangat baik, turgaide ramah","Staff Friendliness and Service Quality","Positive","5","5","5","5","5","5","Melakukan layanan secara profesional dan ramah (menjaga kontak mata, tersenyum tulus, dan memberikan solusi dengan empati)|Memiliki penampilan yang bersih dan rapi|Memberikan informasi dengan jelas dan akurat|Melayani dengan cepat dan tepat|Membantu dan memastikan kesiapan fasilitas",,,,"Fasilitas pusat informasi lengkap dan mendukung kebutuhan pengunjung|Fasilitas pusat informasi tersedia dengan baik dan mudah diakses oleh pengunjung",,,,"Pusat informasi bersih dan tertata dengan baik|Pusat informasi nyaman digunakan oleh pengunjung|Informasi mudah diakses dan disampaikan dengan jelas kepada pengunjung",,,,"39943e37-50c3-4e5d-a0ae-f97046eb0372","Completed","New","09-11-2025 11:05:07","Anonymous","55121",,"cab97c1f-67b4-11f0-a847-0a0cda9789f2","1eb4a3f0-5e3d-4ac9-b813-8b1a562e7235",,,"true","False","QrCode","Bahasa","2025-11-09T04:04:12.3501Z",,,,,,,,,,,,,,,"68b5aaf51f3cc3c03afa57ae"
"455","IDM","TMII","PUSAT INFORMASI","Pusat Informasi Main Lobby","IDM-TMII-PUSAT INFORMASI-Pusat Informasi Main Lobby-01","4","Satisfied","4","bagus suka dengan pelayanannya","Staff Friendliness and Service Quality","Positive","5","5","4","4","4","4","Melakukan layanan secara profesional dan ramah (menjaga kontak mata, tersenyum tulus, dan memberikan solusi dengan empati)|Memiliki penampilan yang bersih dan rapi|Memberikan informasi dengan jelas dan akurat",,,,"Fasilitas pusat informasi tersedia dengan baik dan mudah diakses oleh pengunjung",,,,"Pusat informasi nyaman digunakan oleh pengunjung",,,,"48333dd7-88df-49c5-9ec7-f75a6bb4e5fc","Completed","New","09-11-2025 11:05:02","Anonymous","55239",,"cab97c1f-67b4-11f0-a847-0a0cda9789f2","1eb4a3f0-5e3d-4ac9-b813-8b1a562e7235",,,"true","False","QrCode","Bahasa","2025-11-09T04:04:06.9133Z",,,,,,,,,,,,,,,"68b5aaf51f3cc3c03afa57ae"
"456","IDM","TMII","PUSAT INFORMASI","Pusat Informasi Main Lobby","IDM-TMII-PUSAT INFORMASI-Pusat Informasi Main Lobby-01","5","Satisfied","5",,,,"5","5","5","5","5","5","Melayani dengan cepat dan tepat",,,,"Fasilitas pusat informasi lengkap dan mendukung kebutuhan pengunjung",,,,"Pusat informasi nyaman digunakan oleh pengunjung",,,,"4f1b622d-dc3d-4b0f-9b79-d80143498363","Completed","New","09-11-2025 11:04:56","Anonymous","42999",,"cab97c1f-67b4-11f0-a847-0a0cda9789f2","1eb4a3f0-5e3d-4ac9-b813-8b1a562e7235",,,"true","False","QrCode","English","2025-11-09T04:04:14.1894Z",,,,,,,,,,,,,,,"68b5aaf51f3cc3c03afa57ae"
"457","IDM","TMII","PUSAT INFORMASI","Pusat Informasi Main Lobby","IDM-TMII-PUSAT INFORMASI-Pusat Informasi Main Lobby-01","5","Satisfied","5","Sudah bagus, mungkin lebih diperbanyak lg tempatnya","Facility Maintenance and Cleanliness","Positive","5","5","5","5","5","5","Melakukan layanan secara profesional dan ramah (menjaga kontak mata, tersenyum tulus, dan memberikan solusi dengan empati)|Memiliki penampilan yang bersih dan rapi|Memberikan informasi dengan jelas dan akurat|Melayani dengan cepat dan tepat|Membantu dan memastikan kesiapan fasilitas",,,,"Fasilitas pusat informasi tersedia dengan baik dan mudah diakses oleh pengunjung|Fasilitas pusat informasi lengkap dan mendukung kebutuhan pengunjung",,,,"Pusat informasi bersih dan tertata dengan baik|Pusat informasi nyaman digunakan oleh pengunjung|Informasi mudah diakses dan disampaikan dengan jelas kepada pengunjung",,,,"88b6c1d6-7c24-4d76-bd14-579e4578ca00","Completed","New","09-11-2025 11:04:57","Anonymous","48305",,"cab97c1f-67b4-11f0-a847-0a0cda9789f2","1eb4a3f0-5e3d-4ac9-b813-8b1a562e7235",,,"true","False","QrCode","Bahasa","2025-11-09T04:04:08.9855Z",,,,,,,,,,,,,,,"68b5aaf51f3cc3c03afa57ae"
"458","IDM","TMII","PUSAT INFORMASI","Pusat Informasi Main Lobby","IDM-TMII-PUSAT INFORMASI-Pusat Informasi Main Lobby-01","5","Satisfied","5",,,,"5","5","5","5","5","5","Memberikan informasi dengan jelas dan akurat|Melakukan layanan secara profesional dan ramah (menjaga kontak mata, tersenyum tulus, dan memberikan solusi dengan empati)|Memiliki penampilan yang bersih dan rapi|Melayani dengan cepat dan tepat|Membantu dan memastikan kesiapan fasilitas",,,,"Fasilitas pusat informasi lengkap dan mendukung kebutuhan pengunjung|Fasilitas pusat informasi tersedia dengan baik dan mudah diakses oleh pengunjung",,,,"Pusat informasi bersih dan tertata dengan baik|Pusat informasi nyaman digunakan oleh pengunjung|Informasi mudah diakses dan disampaikan dengan jelas kepada pengunjung",,,,"b7743a6c-7cda-4c38-a309-b283764aa536","Completed","New","09-11-2025 11:04:53","Anonymous","34104",,"cab97c1f-67b4-11f0-a847-0a0cda9789f2","1eb4a3f0-5e3d-4ac9-b813-8b1a562e7235",,,"true","False","QrCode","Bahasa","2025-11-09T04:04:19.0109Z",,,,,,,,,,,,,,,"68b5aaf51f3cc3c03afa57ae"
"459","IDM","TMII","PUSAT INFORMASI","Pusat Informasi Main Lobby","IDM-TMII-PUSAT INFORMASI-Pusat Informasi Main Lobby-01","5","Satisfied","5","sudah baik","Staff Friendliness and Service Quality","Positive","5","5","5","5","5","5","Melakukan layanan secara profesional dan ramah (menjaga kontak mata, tersenyum tulus, dan memberikan solusi dengan empati)|Memiliki penampilan yang bersih dan rapi|Memberikan informasi dengan jelas dan akurat|Melayani dengan cepat dan tepat|Membantu dan memastikan kesiapan fasilitas",,,,"Fasilitas pusat informasi lengkap dan mendukung kebutuhan pengunjung|Fasilitas pusat informasi tersedia dengan baik dan mudah diakses oleh pengunjung",,,,"Pusat informasi bersih dan tertata dengan baik|Pusat informasi nyaman digunakan oleh pengunjung|Informasi mudah diakses dan disampaikan dengan jelas kepada pengunjung",,,,"157de6a1-9932-4818-b2c7-e1c6fcc36626","Completed","New","09-11-2025 11:04:46","Anonymous","35613",,"cab97c1f-67b4-11f0-a847-0a0cda9789f2","1eb4a3f0-5e3d-4ac9-b813-8b1a562e7235",,,"true","False","QrCode","Bahasa","2025-11-09T04:04:10.2055Z",,,,,,,,,,,,,,,"68b5aaf51f3cc3c03afa57ae"
"460","IDM","TMII","PUSAT INFORMASI","Pusat Informasi Main Lobby","IDM-TMII-PUSAT INFORMASI-Pusat Informasi Main Lobby-01","5","Satisfied","5","fasilitas sangat baik tourgate ramah","Facility Maintenance and Cleanliness","Positive","5","5","5","5","5","5","Memiliki penampilan yang bersih dan rapi|Melakukan layanan secara profesional dan ramah (menjaga kontak mata, tersenyum tulus, dan memberikan solusi dengan empati)|Memberikan informasi dengan jelas dan akurat|Melayani dengan cepat dan tepat|Membantu dan memastikan kesiapan fasilitas",,,,"Fasilitas pusat informasi lengkap dan mendukung kebutuhan pengunjung|Fasilitas pusat informasi tersedia dengan baik dan mudah diakses oleh pengunjung",,,,"Pusat informasi bersih dan tertata dengan baik|Pusat informasi nyaman digunakan oleh pengunjung|Informasi mudah diakses dan disampaikan dengan jelas kepada pengunjung",,,,"1e79e63c-00e7-4a5d-996a-f17e058ac960","Completed","New","09-11-2025 11:04:45","Anonymous","47157",,"cab97c1f-67b4-11f0-a847-0a0cda9789f2","1eb4a3f0-5e3d-4ac9-b813-8b1a562e7235",,,"true","False","QrCode","Bahasa","2025-11-09T04:03:57.3438Z",,,,,,,,,,,,,,,"68b5aaf51f3cc3c03afa57ae"
"461","IDM","TMII","PUSAT INFORMASI","Pusat Informasi Main Lobby","IDM-TMII-PUSAT INFORMASI-Pusat Informasi Main Lobby-01","5","Satisfied","5","baik","Staff Friendliness and Service Quality","Positive","5","5","5","5","5","5","Melakukan layanan secara profesional dan ramah (menjaga kontak mata, tersenyum tulus, dan memberikan solusi dengan empati)|Memiliki penampilan yang bersih dan rapi|Memberikan informasi dengan jelas dan akurat|Melayani dengan cepat dan tepat|Membantu dan memastikan kesiapan fasilitas",,,,"Fasilitas pusat informasi lengkap dan mendukung kebutuhan pengunjung|Fasilitas pusat informasi tersedia dengan baik dan mudah diakses oleh pengunjung",,,,"Pusat informasi bersih dan tertata dengan baik|Pusat informasi nyaman digunakan oleh pengunjung|Informasi mudah diakses dan disampaikan dengan jelas kepada pengunjung",,,,"5a094727-6b6f-4bd0-874a-0e72e344a03c","Completed","New","09-11-2025 11:04:32","Anonymous","25992",,"cab97c1f-67b4-11f0-a847-0a0cda9789f2","1eb4a3f0-5e3d-4ac9-b813-8b1a562e7235",,,"true","False","QrCode","Bahasa","2025-11-09T04:04:05.6500Z",,,,,,,,,,,,,,,"68b5aaf51f3cc3c03afa57ae"
"462","IDM","TMII","PUSAT INFORMASI","Pusat Informasi Main Lobby","IDM-TMII-PUSAT INFORMASI-Pusat Informasi Main Lobby-01","5","Satisfied","5","Arahan petugas jelas","Staff Friendliness and Service Quality","Positive","5","5","5","5","5","5","Melakukan layanan secara profesional dan ramah (menjaga kontak mata, tersenyum tulus, dan memberikan solusi dengan empati)",,,,"Fasilitas pusat informasi lengkap dan mendukung kebutuhan pengunjung",,,,"Informasi mudah diakses dan disampaikan dengan jelas kepada pengunjung",,,,"6efa34a1-81fe-44f1-9431-c1d3361e0c22","Completed","New","09-11-2025 09:26:38","Anonymous","73950",,"cab97c1f-67b4-11f0-a847-0a0cda9789f2","1eb4a3f0-5e3d-4ac9-b813-8b1a562e7235",,,"true","False","QrCode","Bahasa","2025-11-09T02:25:24.7437Z",,,,,,,,,,,,,,,"68b5aaf51f3cc3c03afa57ae"
"463","IDM","TMII","PUSAT INFORMASI","Pusat Informasi Main Lobby","IDM-TMII-PUSAT INFORMASI-Pusat Informasi Main Lobby-01","5","Satisfied","5","Informatif dan ramah, terima kasih","Staff Friendliness and Service Quality","Positive","5","5","5","5","5","5","Melakukan layanan secara profesional dan ramah (menjaga kontak mata, tersenyum tulus, dan memberikan solusi dengan empati)",,,,"Fasilitas pusat informasi lengkap dan mendukung kebutuhan pengunjung",,,,"Pusat informasi nyaman digunakan oleh pengunjung",,,,"6041d95d-09b4-4073-a63b-c1e2f3aa3891","Completed","New","09-11-2025 09:25:21","Anonymous","447730",,"cab97c1f-67b4-11f0-a847-0a0cda9789f2","1eb4a3f0-5e3d-4ac9-b813-8b1a562e7235",,,"true","False","QrCode","Bahasa","2025-11-09T02:17:52.8933Z",,,,,,,,,,,,,,,"68b5aaf51f3cc3c03afa57ae"
"464","IDM","TMII","PUSAT INFORMASI","Pusat Informasi Main Lobby","IDM-TMII-PUSAT INFORMASI-Pusat Informasi Main Lobby-01","5","Satisfied","5","kurang lama waktunya","Activities and Educational Programs Enhancement","Neutral","5","5","5","5","5","5","Melakukan layanan secara profesional dan ramah (menjaga kontak mata, tersenyum tulus, dan memberikan solusi dengan empati)|Memiliki penampilan yang bersih dan rapi|Memberikan informasi dengan jelas dan akurat|Melayani dengan cepat dan tepat|Membantu dan memastikan kesiapan fasilitas|Lainnya","benar benar ramah",,,"Fasilitas pusat informasi lengkap dan mendukung kebutuhan pengunjung|Fasilitas pusat informasi tersedia dengan baik dan mudah diakses oleh pengunjung|Lainnya","semuanya lengkap dan terbaik",,,"Pusat informasi bersih dan tertata dengan baik|Pusat informasi nyaman digunakan oleh pengunjung|Informasi mudah diakses dan disampaikan dengan jelas kepada pengunjung",,,,"b26ec8aa-9e11-402b-b439-f20b389ca849","Completed","New","08-11-2025 16:47:14","Anonymous","125525",,"cab97c1f-67b4-11f0-a847-0a0cda9789f2","1eb4a3f0-5e3d-4ac9-b813-8b1a562e7235",,,"true","False","QrCode","Bahasa","2025-11-08T09:45:08.5265Z",,,,,,,,,,,,,,,"68b5aaf51f3cc3c03afa57ae"
"465","IDM","TMII","PUSAT INFORMASI","Pusat Informasi Main Lobby","IDM-TMII-PUSAT INFORMASI-Pusat Informasi Main Lobby-01","5","Satisfied","5","kurang lama","Activities and Educational Programs Enhancement","Neutral","5","5","5","5","5","5","Melakukan layanan secara profesional dan ramah (menjaga kontak mata, tersenyum tulus, dan memberikan solusi dengan empati)",,,,"Fasilitas pusat informasi lengkap dan mendukung kebutuhan pengunjung",,,,"Pusat informasi bersih dan tertata dengan baik|Pusat informasi nyaman digunakan oleh pengunjung|Informasi mudah diakses dan disampaikan dengan jelas kepada pengunjung",,,,"e09f84a2-d88d-4330-84a4-f8c1f88844c8","Completed","New","08-11-2025 16:47:13","Anonymous","76780",,"cab97c1f-67b4-11f0-a847-0a0cda9789f2","1eb4a3f0-5e3d-4ac9-b813-8b1a562e7235",,,"true","False","QrCode","Bahasa","2025-11-08T09:45:45.8374Z",,,,,,,,,,,,,,,"68b5aaf51f3cc3c03afa57ae"
"466","IDM","TMII","PUSAT INFORMASI","Pusat Informasi Main Lobby","IDM-TMII-PUSAT INFORMASI-Pusat Informasi Main Lobby-01","5","Satisfied","5","durasinya lebih lama pls","Activities and Educational Programs Enhancement","Neutral","5","5","5","5","5","5","Melakukan layanan secara profesional dan ramah (menjaga kontak mata, tersenyum tulus, dan memberikan solusi dengan empati)|Memberikan informasi dengan jelas dan akurat|Membantu dan memastikan kesiapan fasilitas",,,,"Fasilitas pusat informasi lengkap dan mendukung kebutuhan pengunjung",,,,"Pusat informasi bersih dan tertata dengan baik|Informasi mudah diakses dan disampaikan dengan jelas kepada pengunjung",,,,"6f30dd13-7b8a-4c71-a53c-935300ebbd23","Completed","New","08-11-2025 16:45:51","Anonymous","71923",,"cab97c1f-67b4-11f0-a847-0a0cda9789f2","1eb4a3f0-5e3d-4ac9-b813-8b1a562e7235",,,"true","False","QrCode","Bahasa","2025-11-08T09:44:40.3937Z",,,,,,,,,,,,,,,"68b5aaf51f3cc3c03afa57ae"
"467","IDM","TMII","PUSAT INFORMASI","Pusat Informasi Main Lobby","IDM-TMII-PUSAT INFORMASI-Pusat Informasi Main Lobby-01","5","Satisfied","5","Makanan di pasar nusantara di perbanyak lagi","Amenities and Food Services Availability","Positive","5","5","5","5","5","5","Melakukan layanan secara profesional dan ramah (menjaga kontak mata, tersenyum tulus, dan memberikan solusi dengan empati)|Membantu dan memastikan kesiapan fasilitas",,,,"Fasilitas pusat informasi tersedia dengan baik dan mudah diakses oleh pengunjung",,,,"Pusat informasi bersih dan tertata dengan baik|Pusat informasi nyaman digunakan oleh pengunjung|Informasi mudah diakses dan disampaikan dengan jelas kepada pengunjung",,,,"89da62aa-7feb-4658-8b4f-921f4170b98a","Completed","New","08-11-2025 16:45:26","Anonymous","105108",,"cab97c1f-67b4-11f0-a847-0a0cda9789f2","1eb4a3f0-5e3d-4ac9-b813-8b1a562e7235",,,"true","False","QrCode","Bahasa","2025-11-08T09:43:40.6356Z",,,,,,,,,,,,,,,"68b5aaf51f3cc3c03afa57ae"
"468","IDM","TMII","PUSAT INFORMASI","Pusat Informasi Main Lobby","IDM-TMII-PUSAT INFORMASI-Pusat Informasi Main Lobby-01","4","Satisfied","4","sudah cukup terimakasih!!!",,"Positive","5","5","5","5","5","5","Melakukan layanan secara profesional dan ramah (menjaga kontak mata, tersenyum tulus, dan memberikan solusi dengan empati)|Memiliki penampilan yang bersih dan rapi|Memberikan informasi dengan jelas dan akurat|Melayani dengan cepat dan tepat|Membantu dan memastikan kesiapan fasilitas",,,,"Fasilitas pusat informasi lengkap dan mendukung kebutuhan pengunjung|Fasilitas pusat informasi tersedia dengan baik dan mudah diakses oleh pengunjung",,,,"Pusat informasi bersih dan tertata dengan baik|Pusat informasi nyaman digunakan oleh pengunjung|Informasi mudah diakses dan disampaikan dengan jelas kepada pengunjung",,,,"f89c312e-d8fb-438b-948d-32848bd37260","Completed","New","08-11-2025 16:45:24","Anonymous","79743",,"cab97c1f-67b4-11f0-a847-0a0cda9789f2","1eb4a3f0-5e3d-4ac9-b813-8b1a562e7235",,,"true","False","QrCode","Bahasa","2025-11-08T09:44:03.3804Z",,,,,,,,,,,,,,,"68b5aaf51f3cc3c03afa57ae"
"469","IDM","TMII","PUSAT INFORMASI","Pusat Informasi Main Lobby","IDM-TMII-PUSAT INFORMASI-Pusat Informasi Main Lobby-01","5","Satisfied","5","sudah bagus syekaliii💖","Tourist Attraction and Cultural Experience Quality","Positive","5","5","5","5","5","5","Melayani dengan cepat dan tepat|Memberikan informasi dengan jelas dan akurat|Memiliki penampilan yang bersih dan rapi|Melakukan layanan secara profesional dan ramah (menjaga kontak mata, tersenyum tulus, dan memberikan solusi dengan empati)|Membantu dan memastikan kesiapan fasilitas",,,,"Fasilitas pusat informasi lengkap dan mendukung kebutuhan pengunjung|Fasilitas pusat informasi tersedia dengan baik dan mudah diakses oleh pengunjung",,,,"Pusat informasi bersih dan tertata dengan baik|Pusat informasi nyaman digunakan oleh pengunjung|Informasi mudah diakses dan disampaikan dengan jelas kepada pengunjung",,,,"56c88dc0-3c5f-4af3-ae1c-05c5ff4ca657","Completed","New","08-11-2025 16:45:23","Anonymous","101235",,"cab97c1f-67b4-11f0-a847-0a0cda9789f2","1eb4a3f0-5e3d-4ac9-b813-8b1a562e7235",,,"true","False","QrCode","Bahasa","2025-11-08T09:43:41.6004Z",,,,,,,,,,,,,,,"68b5aaf51f3cc3c03afa57ae"
"470","IDM","TMII","PUSAT INFORMASI","Pusat Informasi Main Lobby","IDM-TMII-PUSAT INFORMASI-Pusat Informasi Main Lobby-01","5","Satisfied","5","kurangg lamaa tour nyaa","Activities and Educational Programs Enhancement","Negative","5","5","5","5","5","5","Melakukan layanan secara profesional dan ramah (menjaga kontak mata, tersenyum tulus, dan memberikan solusi dengan empati)|Memiliki penampilan yang bersih dan rapi|Memberikan informasi dengan jelas dan akurat|Melayani dengan cepat dan tepat|Membantu dan memastikan kesiapan fasilitas",,,,"Fasilitas pusat informasi lengkap dan mendukung kebutuhan pengunjung|Fasilitas pusat informasi tersedia dengan baik dan mudah diakses oleh pengunjung",,,,"Pusat informasi bersih dan tertata dengan baik|Pusat informasi nyaman digunakan oleh pengunjung|Informasi mudah diakses dan disampaikan dengan jelas kepada pengunjung",,,,"3b46b284-c2fd-4815-898d-31cf8a2b0584","Completed","New","08-11-2025 16:45:11","Anonymous","61947",,"cab97c1f-67b4-11f0-a847-0a0cda9789f2","1eb4a3f0-5e3d-4ac9-b813-8b1a562e7235",,,"true","False","QrCode","Bahasa","2025-11-08T09:44:08.9067Z",,,,,,,,,,,,,,,"68b5aaf51f3cc3c03afa57ae"
"471","IDM","TMII","PUSAT INFORMASI","Pusat Informasi Main Lobby","IDM-TMII-PUSAT INFORMASI-Pusat Informasi Main Lobby-01","5","Satisfied","5","kurang lama kak tournya seruu","Activities and Educational Programs Enhancement","Positive","5","5","4","4","5","5","Melakukan layanan secara profesional dan ramah (menjaga kontak mata, tersenyum tulus, dan memberikan solusi dengan empati)|Memiliki penampilan yang bersih dan rapi|Memberikan informasi dengan jelas dan akurat|Melayani dengan cepat dan tepat|Membantu dan memastikan kesiapan fasilitas",,,,"Fasilitas pusat informasi lengkap dan mendukung kebutuhan pengunjung|Fasilitas pusat informasi tersedia dengan baik dan mudah diakses oleh pengunjung",,,,"Pusat informasi bersih dan tertata dengan baik|Pusat informasi nyaman digunakan oleh pengunjung|Informasi mudah diakses dan disampaikan dengan jelas kepada pengunjung",,,,"8adb29ff-d75b-4198-9415-77cb07046ddc","Completed","New","08-11-2025 16:45:00","Anonymous","61111",,"cab97c1f-67b4-11f0-a847-0a0cda9789f2","1eb4a3f0-5e3d-4ac9-b813-8b1a562e7235",,,"true","False","QrCode","Bahasa","2025-11-08T09:43:58.7914Z",,,,,,,,,,,,,,,"68b5aaf51f3cc3c03afa57ae"
"472","IDM","TMII","PUSAT INFORMASI","Pusat Informasi Main Lobby","IDM-TMII-PUSAT INFORMASI-Pusat Informasi Main Lobby-01","5","Satisfied","5","tidak ada, sudah bagus dan informatif","Tourist Attraction and Cultural Experience Quality","Positive","5","5","5","5","5","5","Melakukan layanan secara profesional dan ramah (menjaga kontak mata, tersenyum tulus, dan memberikan solusi dengan empati)",,,,"Fasilitas pusat informasi lengkap dan mendukung kebutuhan pengunjung",,,,"Pusat informasi nyaman digunakan oleh pengunjung",,,,"5c9a56c4-f7f3-4934-9b2b-3cb2e8ff5eeb","Completed","New","08-11-2025 16:44:59","Anonymous","34837",,"cab97c1f-67b4-11f0-a847-0a0cda9789f2","1eb4a3f0-5e3d-4ac9-b813-8b1a562e7235",,,"true","False","QrCode","Bahasa","2025-11-08T09:44:24.6064Z",,,,,,,,,,,,,,,"68b5aaf51f3cc3c03afa57ae"
"473","IDM","TMII","PUSAT INFORMASI","Pusat Informasi Main Lobby","IDM-TMII-PUSAT INFORMASI-Pusat Informasi Main Lobby-01","5","Satisfied","5","cukup sih udah seru bgt","Tourist Attraction and Cultural Experience Quality","Positive","5","5","5","5","5","5","Melakukan layanan secara profesional dan ramah (menjaga kontak mata, tersenyum tulus, dan memberikan solusi dengan empati)",,,,"Fasilitas pusat informasi lengkap dan mendukung kebutuhan pengunjung",,,,"Informasi mudah diakses dan disampaikan dengan jelas kepada pengunjung",,,,"600ede09-8e7b-41af-a9fe-5dbfcfe870ea","Completed","New","08-11-2025 16:44:40","Anonymous","69036",,"cab97c1f-67b4-11f0-a847-0a0cda9789f2","1eb4a3f0-5e3d-4ac9-b813-8b1a562e7235",,,"true","False","QrCode","Bahasa","2025-11-08T09:43:31.5720Z",,,,,,,,,,,,,,,"68b5aaf51f3cc3c03afa57ae"
"474","IDM","TMII","PUSAT INFORMASI","Pusat Informasi Main Lobby","IDM-TMII-PUSAT INFORMASI-Pusat Informasi Main Lobby-01","5","Satisfied","5","cukup baguss","Tourist Attraction and Cultural Experience Quality","Positive","5","5","5","5","5","5","Melayani dengan cepat dan tepat|Memberikan informasi dengan jelas dan akurat|Memiliki penampilan yang bersih dan rapi|Melakukan layanan secara profesional dan ramah (menjaga kontak mata, tersenyum tulus, dan memberikan solusi dengan empati)|Membantu dan memastikan kesiapan fasilitas",,,,"Fasilitas pusat informasi lengkap dan mendukung kebutuhan pengunjung|Fasilitas pusat informasi tersedia dengan baik dan mudah diakses oleh pengunjung",,,,"Pusat informasi bersih dan tertata dengan baik|Pusat informasi nyaman digunakan oleh pengunjung",,,,"c32aa737-aa5a-47c3-8ebd-85ffef6c5af8","Completed","New","08-11-2025 16:44:38","Anonymous","51909",,"cab97c1f-67b4-11f0-a847-0a0cda9789f2","1eb4a3f0-5e3d-4ac9-b813-8b1a562e7235",,,"true","False","QrCode","Bahasa","2025-11-08T09:43:46.4011Z",,,,,,,,,,,,,,,"68b5aaf51f3cc3c03afa57ae"
"475","IDM","TMII","PUSAT INFORMASI","Pusat Informasi Main Lobby","IDM-TMII-PUSAT INFORMASI-Pusat Informasi Main Lobby-01","5","Satisfied","5","Sangat informatif","Visitor Information and Signage Clarity","Positive","5","5","5","5","5","5","Melakukan layanan secara profesional dan ramah (menjaga kontak mata, tersenyum tulus, dan memberikan solusi dengan empati)|Melayani dengan cepat dan tepat|Membantu dan memastikan kesiapan fasilitas",,,,"Fasilitas pusat informasi lengkap dan mendukung kebutuhan pengunjung|Fasilitas pusat informasi tersedia dengan baik dan mudah diakses oleh pengunjung",,,,"Informasi mudah diakses dan disampaikan dengan jelas kepada pengunjung|Pusat informasi nyaman digunakan oleh pengunjung",,,,"e7835ea3-6ed0-49b1-b982-2ac5d38cc3a8","Completed","New","08-11-2025 16:44:10","Anonymous","45778",,"cab97c1f-67b4-11f0-a847-0a0cda9789f2","1eb4a3f0-5e3d-4ac9-b813-8b1a562e7235",,,"true","False","QrCode","English","2025-11-08T09:43:23.2965Z",,,,,,,,,,,,,,,"68b5aaf51f3cc3c03afa57ae"
"476","IDM","TMII","PUSAT INFORMASI","Pusat Informasi Main Lobby","IDM-TMII-PUSAT INFORMASI-Pusat Informasi Main Lobby-01","5","Satisfied","5","Diperbesar tempatnya supaya lebih terlihat","Accessibility for Seniors and Disabled Visitors","Positive","5","5","5","5","5","5","Melakukan layanan secara profesional dan ramah (menjaga kontak mata, tersenyum tulus, dan memberikan solusi dengan empati)|Memiliki penampilan yang bersih dan rapi|Memberikan informasi dengan jelas dan akurat|Melayani dengan cepat dan tepat|Membantu dan memastikan kesiapan fasilitas",,,,"Fasilitas pusat informasi lengkap dan mendukung kebutuhan pengunjung|Fasilitas pusat informasi tersedia dengan baik dan mudah diakses oleh pengunjung",,,,"Pusat informasi bersih dan tertata dengan baik|Pusat informasi nyaman digunakan oleh pengunjung|Informasi mudah diakses dan disampaikan dengan jelas kepada pengunjung",,,,"5f6c3d27-f465-4421-a14c-d504601a9acb","Completed","New","08-11-2025 16:43:59","Anonymous","43055",,"cab97c1f-67b4-11f0-a847-0a0cda9789f2","1eb4a3f0-5e3d-4ac9-b813-8b1a562e7235",,,"true","False","QrCode","Bahasa","2025-11-08T09:43:16.4139Z",,,,,,,,,,,,,,,"68b5aaf51f3cc3c03afa57ae"
"477","IDM","TMII","PUSAT INFORMASI","Pusat Informasi Main Lobby","IDM-TMII-PUSAT INFORMASI-Pusat Informasi Main Lobby-01","4","Satisfied","4","lebih lama lagi pleaseeee","Activities and Educational Programs Enhancement","Positive","5","5","5","5","5","5","Melakukan layanan secara profesional dan ramah (menjaga kontak mata, tersenyum tulus, dan memberikan solusi dengan empati)",,,,"Fasilitas pusat informasi lengkap dan mendukung kebutuhan pengunjung",,,,"Informasi mudah diakses dan disampaikan dengan jelas kepada pengunjung",,,,"0b117590-da63-496e-89a9-2fdc6b29512e","Completed","New","08-11-2025 16:43:36","Anonymous","50777",,"cab97c1f-67b4-11f0-a847-0a0cda9789f2","1eb4a3f0-5e3d-4ac9-b813-8b1a562e7235",,,"true","False","QrCode","Bahasa","2025-11-08T09:42:44.2365Z",,,,,,,,,,,,,,,"68b5aaf51f3cc3c03afa57ae"
"478","IDM","TMII","PUSAT INFORMASI","Pusat Informasi Main Lobby","IDM-TMII-PUSAT INFORMASI-Pusat Informasi Main Lobby-01","4","Satisfied","4","Puas","Tourist Attraction and Cultural Experience Quality","Positive","4","4","4","4","4","4","Melakukan layanan secara profesional dan ramah (menjaga kontak mata, tersenyum tulus, dan memberikan solusi dengan empati)|Memiliki penampilan yang bersih dan rapi|Memberikan informasi dengan jelas dan akurat|Melayani dengan cepat dan tepat|Membantu dan memastikan kesiapan fasilitas",,,,"Fasilitas pusat informasi lengkap dan mendukung kebutuhan pengunjung|Fasilitas pusat informasi tersedia dengan baik dan mudah diakses oleh pengunjung",,,,"Pusat informasi bersih dan tertata dengan baik|Pusat informasi nyaman digunakan oleh pengunjung|Informasi mudah diakses dan disampaikan dengan jelas kepada pengunjung",,,,"2446a39c-07e4-4c10-8df9-98e12bea9367","Completed","New","08-11-2025 12:20:54","Anonymous","60086",,"cab97c1f-67b4-11f0-a847-0a0cda9789f2","1eb4a3f0-5e3d-4ac9-b813-8b1a562e7235",,,"true","False","QrCode","Bahasa","2025-11-08T05:19:53.8322Z",,,,,,,,,,,,,,,"68b5aaf51f3cc3c03afa57ae"
"479","IDM","TMII","PUSAT INFORMASI","Pusat Informasi Main Lobby","IDM-TMII-PUSAT INFORMASI-Pusat Informasi Main Lobby-01","5","Satisfied","5","Tidak ada",,"Neutral","5","5","5","5","5","5","Melakukan layanan secara profesional dan ramah (menjaga kontak mata, tersenyum tulus, dan memberikan solusi dengan empati)",,,,"Fasilitas pusat informasi lengkap dan mendukung kebutuhan pengunjung",,,,"Informasi mudah diakses dan disampaikan dengan jelas kepada pengunjung",,,,"b08682d3-786f-4e11-8709-dce6c43b11d0","Completed","New","08-11-2025 09:57:36","Anonymous","28611",,"cab97c1f-67b4-11f0-a847-0a0cda9789f2","1eb4a3f0-5e3d-4ac9-b813-8b1a562e7235",,,"true","False","QrCode","Bahasa","2025-11-08T02:57:07.5540Z",,,,,,,,,,,,,,,"68b5aaf51f3cc3c03afa57ae"
"480","IDM","TMII","PUSAT INFORMASI","Pusat Informasi Main Lobby","IDM-TMII-PUSAT INFORMASI-Pusat Informasi Main Lobby-01","5","Satisfied","5","staff ramah dan informatif","Staff Friendliness and Service Quality","Positive","5","5","5","5","5","5","Memiliki penampilan yang bersih dan rapi|Memberikan informasi dengan jelas dan akurat",,,,"Fasilitas pusat informasi lengkap dan mendukung kebutuhan pengunjung",,,,"Informasi mudah diakses dan disampaikan dengan jelas kepada pengunjung",,,,"cae8e515-e678-43d3-991c-12e718142a89","Completed","New","08-11-2025 09:43:07","Anonymous","50992",,"cab97c1f-67b4-11f0-a847-0a0cda9789f2","1eb4a3f0-5e3d-4ac9-b813-8b1a562e7235",,,"true","False","QrCode","Bahasa","2025-11-08T02:42:16.2464Z",,,,,,,,,,,,,,,"68b5aaf51f3cc3c03afa57ae"
"481","IDM","TMII","PUSAT INFORMASI","Pusat Informasi Main Lobby","IDM-TMII-PUSAT INFORMASI-Pusat Informasi Main Lobby-01","5","Satisfied","5","Bagus","Tourist Attraction and Cultural Experience Quality","Positive","5","5","5","5","5","5","Melakukan layanan secara profesional dan ramah (menjaga kontak mata, tersenyum tulus, dan memberikan solusi dengan empati)",,,,"Fasilitas pusat informasi lengkap dan mendukung kebutuhan pengunjung",,,,"Informasi mudah diakses dan disampaikan dengan jelas kepada pengunjung",,,,"8e45645f-0a3b-487a-944f-759e3c672eb7","Completed","New","08-11-2025 09:42:06","Anonymous","33221",,"cab97c1f-67b4-11f0-a847-0a0cda9789f2","1eb4a3f0-5e3d-4ac9-b813-8b1a562e7235",,,"true","False","QrCode","Bahasa","2025-11-08T02:41:31.7104Z",,,,,,,,,,,,,,,"68b5aaf51f3cc3c03afa57ae"
"482","IDM","TMII","PUSAT INFORMASI","Pusat Informasi Main Lobby","IDM-TMII-PUSAT INFORMASI-Pusat Informasi Main Lobby-01","5","Satisfied","5","Senam disini emang paling mantap, ga bosenin, staff juga ramah","Staff Friendliness and Service Quality","Positive","5","5","5","5","5","5","Melakukan layanan secara profesional dan ramah (menjaga kontak mata, tersenyum tulus, dan memberikan solusi dengan empati)|Memberikan informasi dengan jelas dan akurat",,,,"Fasilitas pusat informasi tersedia dengan baik dan mudah diakses oleh pengunjung",,,,"Informasi mudah diakses dan disampaikan dengan jelas kepada pengunjung",,,,"70651836-fdd1-4930-b875-dc6c9c587b27","Completed","New","08-11-2025 08:37:08","Anonymous","63666551",,"cab97c1f-67b4-11f0-a847-0a0cda9789f2","1eb4a3f0-5e3d-4ac9-b813-8b1a562e7235",,,"true","False","QrCode","Bahasa","2025-11-07T07:56:00.6814Z",,,,,,,,,,,,,,,"68b5aaf51f3cc3c03afa57ae"
"483","IDM","TMII","PUSAT INFORMASI","Antrian Shuttle","IDM-TMII-PUSAT INFORMASI-Antrian Shuttle-01","5","Satisfied","5","Baik udah","Staff Friendliness and Service Quality","Neutral","5","5","5","5","5","5","Melakukan layanan secara profesional dan ramah (menjaga kontak mata, tersenyum tulus, dan memberikan solusi dengan empati)",,,,"Fasilitas pusat informasi lengkap dan mendukung kebutuhan pengunjung",,,,"Pusat informasi bersih dan tertata dengan baik",,,,"ac727731-d525-4d5c-8f3f-8b3e9882c14d","Completed","New","07-11-2025 16:50:30","Anonymous","22275",,"cab97c1f-67b4-11f0-a847-0a0cda9789f2","1eb4a3f0-5e3d-4ac9-b813-8b1a562e7235",,,"true","False","QrCode","Bahasa","2025-11-07T09:50:08.3386Z",,,,,,,,,,,,,,,"68b5aaf51f3cc3c03afa57ae"
"484","IDM","TMII","PUSAT INFORMASI","Antrian Shuttle","IDM-TMII-PUSAT INFORMASI-Antrian Shuttle-01","5","Satisfied","5","Fantastic. The staff very helpful","Staff Friendliness and Service Quality","Positive","5","5","5","5","5","5","Melakukan layanan secara profesional dan ramah (menjaga kontak mata, tersenyum tulus, dan memberikan solusi dengan empati)|Memiliki penampilan yang bersih dan rapi",,,,"Fasilitas pusat informasi lengkap dan mendukung kebutuhan pengunjung|Fasilitas pusat informasi tersedia dengan baik dan mudah diakses oleh pengunjung",,,,"Informasi mudah diakses dan disampaikan dengan jelas kepada pengunjung|Pusat informasi nyaman digunakan oleh pengunjung|Pusat informasi bersih dan tertata dengan baik",,,,"61e0270b-b2fc-4715-95af-527f768eb5a2","Completed","New","07-11-2025 16:48:46","Anonymous","81967",,"cab97c1f-67b4-11f0-a847-0a0cda9789f2","1eb4a3f0-5e3d-4ac9-b813-8b1a562e7235",,,"true","False","QrCode","English","2025-11-07T09:47:24.2222Z",,,,,,,,,,,,,,,"68b5aaf51f3cc3c03afa57ae"
"485","IDM","TMII","PUSAT INFORMASI","Antrian Shuttle","IDM-TMII-PUSAT INFORMASI-Antrian Shuttle-01","5","Satisfied","5","Udah bagus TMII skrng","Tourist Attraction and Cultural Experience Quality","Positive","5","5","5","5","5","5","Melakukan layanan secara profesional dan ramah (menjaga kontak mata, tersenyum tulus, dan memberikan solusi dengan empati)|Memberikan informasi dengan jelas dan akurat|Melayani dengan cepat dan tepat|Memiliki penampilan yang bersih dan rapi|Membantu dan memastikan kesiapan fasilitas",,,,"Fasilitas pusat informasi tersedia dengan baik dan mudah diakses oleh pengunjung|Fasilitas pusat informasi lengkap dan mendukung kebutuhan pengunjung",,,,"Pusat informasi bersih dan tertata dengan baik|Pusat informasi nyaman digunakan oleh pengunjung|Informasi mudah diakses dan disampaikan dengan jelas kepada pengunjung",,,,"5db0f10d-8150-417c-8c80-779966246d32","Completed","New","07-11-2025 16:47:22","Anonymous","47584",,"cab97c1f-67b4-11f0-a847-0a0cda9789f2","1eb4a3f0-5e3d-4ac9-b813-8b1a562e7235",,,"true","False","QrCode","Bahasa","2025-11-07T09:46:34.9065Z",,,,,,,,,,,,,,,"68b5aaf51f3cc3c03afa57ae"
"486","IDM","TMII","PUSAT INFORMASI","Antrian Shuttle","IDM-TMII-PUSAT INFORMASI-Antrian Shuttle-01","5","Satisfied","5","Baik","Tourist Attraction and Cultural Experience Quality","Positive","5","5","5","5","5","5","Melakukan layanan secara profesional dan ramah (menjaga kontak mata, tersenyum tulus, dan memberikan solusi dengan empati)",,,,"Fasilitas pusat informasi tersedia dengan baik dan mudah diakses oleh pengunjung",,,,"Pusat informasi nyaman digunakan oleh pengunjung",,,,"9110edc0-53b3-475d-a1f6-81d06e42dfca","Completed","New","07-11-2025 16:46:33","Anonymous","20364",,"cab97c1f-67b4-11f0-a847-0a0cda9789f2","1eb4a3f0-5e3d-4ac9-b813-8b1a562e7235",,,"true","False","QrCode","Bahasa","2025-11-07T09:46:13.1119Z",,,,,,,,,,,,,,,"68b5aaf51f3cc3c03afa57ae"
"487","IDM","TMII","PUSAT INFORMASI","Antrian Shuttle","IDM-TMII-PUSAT INFORMASI-Antrian Shuttle-01","5","Satisfied","5","Bagus","Tourist Attraction and Cultural Experience Quality","Positive","5","5","4","4","5","5","Melakukan layanan secara profesional dan ramah (menjaga kontak mata, tersenyum tulus, dan memberikan solusi dengan empati)",,,,"Fasilitas pusat informasi lengkap dan mendukung kebutuhan pengunjung|Fasilitas pusat informasi tersedia dengan baik dan mudah diakses oleh pengunjung",,,,"Pusat informasi bersih dan tertata dengan baik|Informasi mudah diakses dan disampaikan dengan jelas kepada pengunjung",,,,"483b015c-1497-49df-90be-7fe16e622fa4","Completed","New","07-11-2025 16:45:55","Anonymous","253151",,"cab97c1f-67b4-11f0-a847-0a0cda9789f2","1eb4a3f0-5e3d-4ac9-b813-8b1a562e7235",,,"true","False","QrCode","Bahasa","2025-11-07T09:41:42.4926Z",,,,,,,,,,,,,,,"68b5aaf51f3cc3c03afa57ae"
"488","IDM","TMII","PUSAT INFORMASI","Antrian Shuttle","IDM-TMII-PUSAT INFORMASI-Antrian Shuttle-01","5","Satisfied","5","Keren tmii!!!",,"Positive","5","5","5","5","5","5","Melayani dengan cepat dan tepat",,,,"Fasilitas pusat informasi lengkap dan mendukung kebutuhan pengunjung",,,,"Pusat informasi nyaman digunakan oleh pengunjung",,,,"6799e008-9e05-46ab-ae41-43d302602227","Completed","New","07-11-2025 16:41:34","Anonymous","190796",,"cab97c1f-67b4-11f0-a847-0a0cda9789f2","1eb4a3f0-5e3d-4ac9-b813-8b1a562e7235",,,"true","False","QrCode","Bahasa","2025-11-07T09:38:23.3435Z",,,,,,,,,,,,,,,"68b5aaf51f3cc3c03afa57ae"
"489","IDM","TMII","PUSAT INFORMASI","Antrian Shuttle","IDM-TMII-PUSAT INFORMASI-Antrian Shuttle-01","5","Satisfied","5","Informasi yg diberikan udah jelas dan membantu",,"Positive","5","5","5","5","5","5","Memiliki penampilan yang bersih dan rapi|Memberikan informasi dengan jelas dan akurat",,,,"Fasilitas pusat informasi lengkap dan mendukung kebutuhan pengunjung",,,,"Pusat informasi nyaman digunakan oleh pengunjung|Informasi mudah diakses dan disampaikan dengan jelas kepada pengunjung",,,,"680af79b-7677-4255-a8a8-969352d58896","Completed","New","07-11-2025 16:38:12","Anonymous","38061",,"cab97c1f-67b4-11f0-a847-0a0cda9789f2","1eb4a3f0-5e3d-4ac9-b813-8b1a562e7235",,,"true","False","QrCode","Bahasa","2025-11-07T09:37:34.0064Z",,,,,,,,,,,,,,,"68b5aaf51f3cc3c03afa57ae"
"490","IDM","TMII","PUSAT INFORMASI","Antrian Shuttle","IDM-TMII-PUSAT INFORMASI-Antrian Shuttle-01","5","Satisfied","5","Informasi yg di beri sgt jelas. Saya pertama kali dtng ke tmii dari padang. Petugas ramah menyambut saya datang dan menanyakan tujuan mau kmna. Diberikan peta dan diarakan cara naik mobil keliling. Driver juga oke. Tmii bersih juga",,"Positive","5","5","5","5","5","5","Melakukan layanan secara profesional dan ramah (menjaga kontak mata, tersenyum tulus, dan memberikan solusi dengan empati)|Memberikan informasi dengan jelas dan akurat|Memiliki penampilan yang bersih dan rapi|Melayani dengan cepat dan tepat",,,,"Fasilitas pusat informasi lengkap dan mendukung kebutuhan pengunjung|Fasilitas pusat informasi tersedia dengan baik dan mudah diakses oleh pengunjung",,,,"Pusat informasi bersih dan tertata dengan baik|Pusat informasi nyaman digunakan oleh pengunjung|Informasi mudah diakses dan disampaikan dengan jelas kepada pengunjung",,,,"c2943a05-333c-4804-aad8-2dd97f970fd4","Completed","New","07-11-2025 16:29:38","Anonymous","145497",,"cab97c1f-67b4-11f0-a847-0a0cda9789f2","1eb4a3f0-5e3d-4ac9-b813-8b1a562e7235",,,"true","False","QrCode","Bahasa","2025-11-07T09:27:12.8282Z",,,,,,,,,,,,,,,"68b5aaf51f3cc3c03afa57ae"
"491","IDM","TMII","PUSAT INFORMASI","Pusat Informasi Main Lobby","IDM-TMII-PUSAT INFORMASI-Pusat Informasi Main Lobby-01","5","Satisfied","5","Pelayanan yang sangat baik",,"Positive","5","5","5","5","5","5","Melakukan layanan secara profesional dan ramah (menjaga kontak mata, tersenyum tulus, dan memberikan solusi dengan empati)|Memiliki penampilan yang bersih dan rapi|Melayani dengan cepat dan tepat|Memberikan informasi dengan jelas dan akurat",,,,"Fasilitas pusat informasi lengkap dan mendukung kebutuhan pengunjung",,,,"Informasi mudah diakses dan disampaikan dengan jelas kepada pengunjung",,,,"9721328b-f006-41a8-a980-61e9835a2b1d","Completed","New","07-11-2025 14:58:31","Anonymous","211500",,"cab97c1f-67b4-11f0-a847-0a0cda9789f2","1eb4a3f0-5e3d-4ac9-b813-8b1a562e7235",,,"true","False","QrCode","Bahasa","2025-11-07T07:54:59.7256Z",,,,,,,,,,,,,,,"68b5aaf51f3cc3c03afa57ae"
"492","IDM","TMII","PUSAT INFORMASI","Pusat Informasi Main Lobby","IDM-TMII-PUSAT INFORMASI-Pusat Informasi Main Lobby-01","5","Satisfied","5","mini Indonesia, sangat edukatif, pelayanan staff cepat",,"Positive","5","5","5","5","5","5","Melakukan layanan secara profesional dan ramah (menjaga kontak mata, tersenyum tulus, dan memberikan solusi dengan empati)",,,,"Fasilitas pusat informasi lengkap dan mendukung kebutuhan pengunjung",,,,"Informasi mudah diakses dan disampaikan dengan jelas kepada pengunjung",,,,"362308e6-b2a7-456d-a97c-d0f5b60c7b85","Completed","New","07-11-2025 14:55:43","Anonymous","12831167",,"cab97c1f-67b4-11f0-a847-0a0cda9789f2","1eb4a3f0-5e3d-4ac9-b813-8b1a562e7235",,,"true","False","QrCode","Bahasa","2025-11-07T04:21:52.7663Z",,,,,,,,,,,,,,,"68b5aaf51f3cc3c03afa57ae"
"493","IDM","TMII","PUSAT INFORMASI","Pusat Informasi Main Lobby","IDM-TMII-PUSAT INFORMASI-Pusat Informasi Main Lobby-01","5","Satisfied","5","Tour Hari ini dari Collabtech UI berjalan dengan lancar, terima kasih atas bantuan kakak sea, zeva , hana dan kelvin yg gercep banget menyesuaikan kebtutuhan tamu dilapangan. bapak driver shuttle yg bertugas  jhga sangat membantu",,"Positive","5","5","5","5","5","5","Melakukan layanan secara profesional dan ramah (menjaga kontak mata, tersenyum tulus, dan memberikan solusi dengan empati)|Memiliki penampilan yang bersih dan rapi|Melayani dengan cepat dan tepat|Membantu dan memastikan kesiapan fasilitas|Memberikan informasi dengan jelas dan akurat",,,,"Fasilitas pusat informasi lengkap dan mendukung kebutuhan pengunjung|Fasilitas pusat informasi tersedia dengan baik dan mudah diakses oleh pengunjung",,,,"Pusat informasi bersih dan tertata dengan baik|Pusat informasi nyaman digunakan oleh pengunjung|Informasi mudah diakses dan disampaikan dengan jelas kepada pengunjung",,,,"48c2379f-dd0f-4b14-ab3a-ed55f828ed31","Completed","New","07-11-2025 13:53:20","Anonymous","160621",,"cab97c1f-67b4-11f0-a847-0a0cda9789f2","1eb4a3f0-5e3d-4ac9-b813-8b1a562e7235",,,"true","False","QrCode","Bahasa","2025-11-07T06:50:38.9573Z",,,,,,,,,,,,,,,"68b5aaf51f3cc3c03afa57ae"
"494","IDM","TMII","PUSAT INFORMASI","Antrian Shuttle","IDM-TMII-PUSAT INFORMASI-Antrian Shuttle-01","5","Satisfied","5","Sudah oke",,"Positive","5","5","5","5","5","5","Melakukan layanan secara profesional dan ramah (menjaga kontak mata, tersenyum tulus, dan memberikan solusi dengan empati)",,,,"Fasilitas pusat informasi lengkap dan mendukung kebutuhan pengunjung",,,,"Informasi mudah diakses dan disampaikan dengan jelas kepada pengunjung",,,,"2e04e625-086b-428e-9ad6-23ebb82df2d9","Completed","New","07-11-2025 13:14:16","Anonymous","65954",,"cab97c1f-67b4-11f0-a847-0a0cda9789f2","1eb4a3f0-5e3d-4ac9-b813-8b1a562e7235",,,"true","False","QrCode","Bahasa","2025-11-07T06:13:09.1868Z",,,,,,,,,,,,,,,"68b5aaf51f3cc3c03afa57ae"
"495","IDM","TMII","PUSAT INFORMASI","Pusat Informasi Main Lobby","IDM-TMII-PUSAT INFORMASI-Pusat Informasi Main Lobby-01","5","Satisfied","5","Good job",,"Positive","5","5","5","5","5","5","Melakukan layanan secara profesional dan ramah (menjaga kontak mata, tersenyum tulus, dan memberikan solusi dengan empati)",,,,"Fasilitas pusat informasi tersedia dengan baik dan mudah diakses oleh pengunjung|Fasilitas pusat informasi lengkap dan mendukung kebutuhan pengunjung",,,,"Pusat informasi nyaman digunakan oleh pengunjung",,,,"aa7691cc-a108-400f-8b77-451fedc027c0","Completed","New","07-11-2025 11:18:52","Anonymous","16485",,"cab97c1f-67b4-11f0-a847-0a0cda9789f2","1eb4a3f0-5e3d-4ac9-b813-8b1a562e7235",,,"true","False","QrCode","Bahasa","2025-11-07T04:18:36.2506Z",,,,,,,,,,,,,,,"68b5aaf51f3cc3c03afa57ae"
"496","IDM","TMII","PUSAT INFORMASI","Pusat Informasi Main Lobby","IDM-TMII-PUSAT INFORMASI-Pusat Informasi Main Lobby-01","5","Satisfied","5","Staffnya ramah menjelaskan dan memberi peta",,"Positive","5","5","5","5","5","5","Melakukan layanan secara profesional dan ramah (menjaga kontak mata, tersenyum tulus, dan memberikan solusi dengan empati)|Memberikan informasi dengan jelas dan akurat",,,,"Fasilitas pusat informasi lengkap dan mendukung kebutuhan pengunjung",,,,"Informasi mudah diakses dan disampaikan dengan jelas kepada pengunjung",,,,"e586b44d-9ecb-49fc-87af-342cf7ce1a6d","Completed","New","07-11-2025 11:18:23","Anonymous","51371",,"cab97c1f-67b4-11f0-a847-0a0cda9789f2","1eb4a3f0-5e3d-4ac9-b813-8b1a562e7235",,,"true","False","QrCode","Bahasa","2025-11-07T04:17:29.0106Z",,,,,,,,,,,,,,,"68b5aaf51f3cc3c03afa57ae"
"497","IDM","TMII","PUSAT INFORMASI","Pusat Informasi Main Lobby","IDM-TMII-PUSAT INFORMASI-Pusat Informasi Main Lobby-01","5","Satisfied","5","Olahraga disini saat weekday sangat worth it karena tidak terlalu ramai jadi puas dan leluasa lari nya",,"Positive","5","5","5","5","5","5","Melakukan layanan secara profesional dan ramah (menjaga kontak mata, tersenyum tulus, dan memberikan solusi dengan empati)",,,,"Fasilitas pusat informasi lengkap dan mendukung kebutuhan pengunjung",,,,"Pusat informasi nyaman digunakan oleh pengunjung|Informasi mudah diakses dan disampaikan dengan jelas kepada pengunjung",,,,"f5eda0a4-4d62-45cf-8be7-4f572da6dc3f","Completed","New","07-11-2025 10:04:54","Anonymous","66003",,"cab97c1f-67b4-11f0-a847-0a0cda9789f2","1eb4a3f0-5e3d-4ac9-b813-8b1a562e7235",,,"true","False","QrCode","Bahasa","2025-11-07T03:03:45.8968Z",,,,,,,,,,,,,,,"68b5aaf51f3cc3c03afa57ae"
"498","IDM","TMII","PUSAT INFORMASI","Pusat Informasi Main Lobby","IDM-TMII-PUSAT INFORMASI-Pusat Informasi Main Lobby-01","5","Satisfied","5","Petugas ramah",,"Positive","5","5","5","5","5","5","Melakukan layanan secara profesional dan ramah (menjaga kontak mata, tersenyum tulus, dan memberikan solusi dengan empati)",,,,"Fasilitas pusat informasi lengkap dan mendukung kebutuhan pengunjung",,,,"Pusat informasi nyaman digunakan oleh pengunjung",,,,"b662209f-04da-4fcd-a818-90a826e9e087","Completed","New","07-11-2025 10:03:34","Anonymous","2147592",,"cab97c1f-67b4-11f0-a847-0a0cda9789f2","1eb4a3f0-5e3d-4ac9-b813-8b1a562e7235",,,"true","False","QrCode","Bahasa","2025-11-07T02:27:46.7080Z",,,,,,,,,,,,,,,"68b5aaf51f3cc3c03afa57ae"
"499","IDM","TMII","PUSAT INFORMASI","Pusat Informasi Main Lobby","IDM-TMII-PUSAT INFORMASI-Pusat Informasi Main Lobby-01","5","Satisfied","5",,,,"5","5","5","5","5","5","Melakukan layanan secara profesional dan ramah (menjaga kontak mata, tersenyum tulus, dan memberikan solusi dengan empati)",,,,"Fasilitas pusat informasi lengkap dan mendukung kebutuhan pengunjung",,,,"Informasi mudah diakses dan disampaikan dengan jelas kepada pengunjung",,,,"ba51c9fb-bd8d-4138-ada5-b629a2e67ebc","Completed","New","07-11-2025 09:27:44","Anonymous","18012",,"cab97c1f-67b4-11f0-a847-0a0cda9789f2","1eb4a3f0-5e3d-4ac9-b813-8b1a562e7235",,,"true","False","QrCode","Bahasa","2025-11-07T02:27:26.2629Z",,,,,,,,,,,,,,,"68b5aaf51f3cc3c03afa57ae"
"500","IDM","TMII","PUSAT INFORMASI","Pusat Informasi Main Lobby","IDM-TMII-PUSAT INFORMASI-Pusat Informasi Main Lobby-01","5","Satisfied","5",,,,"5","5","5","5","5","5","Melakukan layanan secara profesional dan ramah (menjaga kontak mata, tersenyum tulus, dan memberikan solusi dengan empati)",,,,"Fasilitas pusat informasi lengkap dan mendukung kebutuhan pengunjung",,,,"Pusat informasi nyaman digunakan oleh pengunjung",,,,"e28cf95d-0743-444f-a159-824502332503","Completed","New","06-11-2025 17:08:09","Anonymous","6899549",,"cab97c1f-67b4-11f0-a847-0a0cda9789f2","1eb4a3f0-5e3d-4ac9-b813-8b1a562e7235",,,"true","False","QrCode","Bahasa","2025-11-06T08:13:08.9171Z",,,,,,,,,,,,,,,"68b5aaf51f3cc3c03afa57ae"
"501","IDM","TMII","PUSAT INFORMASI","Pusat Informasi Main Lobby","IDM-TMII-PUSAT INFORMASI-Pusat Informasi Main Lobby-01","5","Satisfied","5","Pelayanan yang bagus bangettt. Sampe LRT langsung beli tiket di mba Retno yang baik banget kasih info dengan sangat jelas tentang tiket TMII saat bertransaksi. Lalu, dikasih arahan sama mba Amanda untuk duduk nunggu mobilnya. Sambil duduk nunggu mba Manda & mba Retno ngajak ngobrol aku tentang TMII biar gak bosen. makasih banyak mba Retno dan mba Amanda semoga next time kita ketemu lagi yaaaa",,"Positive","5","5","5","5","5","5","Melakukan layanan secara profesional dan ramah (menjaga kontak mata, tersenyum tulus, dan memberikan solusi dengan empati)|Memiliki penampilan yang bersih dan rapi|Memberikan informasi dengan jelas dan akurat|Melayani dengan cepat dan tepat|Membantu dan memastikan kesiapan fasilitas",,,,"Fasilitas pusat informasi lengkap dan mendukung kebutuhan pengunjung|Fasilitas pusat informasi tersedia dengan baik dan mudah diakses oleh pengunjung",,,,"Pusat informasi bersih dan tertata dengan baik|Pusat informasi nyaman digunakan oleh pengunjung|Informasi mudah diakses dan disampaikan dengan jelas kepada pengunjung",,,,"acf24c95-3c70-4c0a-a4cd-334f7a583f34","Completed","New","06-11-2025 16:01:15","Anonymous","637680",,"cab97c1f-67b4-11f0-a847-0a0cda9789f2","1eb4a3f0-5e3d-4ac9-b813-8b1a562e7235",,,"true","False","QrCode","Bahasa","2025-11-06T08:50:37.5411Z",,,,,,,,,,,,,,,"68b5aaf51f3cc3c03afa57ae"
"502","IDM","TMII","PUSAT INFORMASI","Pusat Informasi Main Lobby","IDM-TMII-PUSAT INFORMASI-Pusat Informasi Main Lobby-01","5","Satisfied","5","TMII dengan wajah baru keren dan bagusss banget. Disambut sama ka Maria yang baik bgt dan ditunjukin arah biar ga bingung. thank you so much ka Mariaa",,"Positive","5","5","5","5","5","5","Melakukan layanan secara profesional dan ramah (menjaga kontak mata, tersenyum tulus, dan memberikan solusi dengan empati)|Memiliki penampilan yang bersih dan rapi|Memberikan informasi dengan jelas dan akurat|Melayani dengan cepat dan tepat|Membantu dan memastikan kesiapan fasilitas",,,,"Fasilitas pusat informasi lengkap dan mendukung kebutuhan pengunjung|Fasilitas pusat informasi tersedia dengan baik dan mudah diakses oleh pengunjung",,,,"Pusat informasi bersih dan tertata dengan baik|Pusat informasi nyaman digunakan oleh pengunjung|Informasi mudah diakses dan disampaikan dengan jelas kepada pengunjung",,,,"6a9f435b-e5db-4258-a133-a021edd4efd9","Completed","New","06-11-2025 15:49:57","Anonymous","130739",,"cab97c1f-67b4-11f0-a847-0a0cda9789f2","1eb4a3f0-5e3d-4ac9-b813-8b1a562e7235",,,"true","False","QrCode","Bahasa","2025-11-06T08:47:45.8860Z",,,,,,,,,,,,,,,"68b5aaf51f3cc3c03afa57ae"
"503","IDM","TMII","PUSAT INFORMASI","Pusat Informasi Main Lobby","IDM-TMII-PUSAT INFORMASI-Pusat Informasi Main Lobby-01","5","Satisfied","5","petunjuk yg di berikan cukup jelas, detail able banget, hanya saja aku kehabisan peta fisiknya, tapi masih bisa scan peta digital nya sih, cuma ada iklan yg sedikit mengganggu",,"Positive","4","4","4","4","4","4","Melakukan layanan secara profesional dan ramah (menjaga kontak mata, tersenyum tulus, dan memberikan solusi dengan empati)|Memiliki penampilan yang bersih dan rapi|Memberikan informasi dengan jelas dan akurat|Melayani dengan cepat dan tepat|Membantu dan memastikan kesiapan fasilitas",,,,"Fasilitas pusat informasi lengkap dan mendukung kebutuhan pengunjung|Fasilitas pusat informasi tersedia dengan baik dan mudah diakses oleh pengunjung",,,,"Pusat informasi bersih dan tertata dengan baik|Pusat informasi nyaman digunakan oleh pengunjung|Informasi mudah diakses dan disampaikan dengan jelas kepada pengunjung",,,,"8d1babbb-4f5d-4b53-a825-c437903ab094","Completed","New","06-11-2025 15:30:04","Anonymous","736477",,"cab97c1f-67b4-11f0-a847-0a0cda9789f2","1eb4a3f0-5e3d-4ac9-b813-8b1a562e7235",,,"true","False","QrCode","Bahasa","2025-11-06T08:17:48.0265Z",,,,,,,,,,,,,,,"68b5aaf51f3cc3c03afa57ae"
"504","IDM","TMII","PUSAT INFORMASI","Pusat Informasi Main Lobby","IDM-TMII-PUSAT INFORMASI-Pusat Informasi Main Lobby-01","5","Satisfied","5","mksh bgt udah nemuin atau amanin dompet sya",,"Positive","4","4","5","5","4","4","Melakukan layanan secara profesional dan ramah (menjaga kontak mata, tersenyum tulus, dan memberikan solusi dengan empati)|Memiliki penampilan yang bersih dan rapi|Memberikan informasi dengan jelas dan akurat|Melayani dengan cepat dan tepat|Membantu dan memastikan kesiapan fasilitas",,,,"Fasilitas pusat informasi lengkap dan mendukung kebutuhan pengunjung|Fasilitas pusat informasi tersedia dengan baik dan mudah diakses oleh pengunjung",,,,"Pusat informasi bersih dan tertata dengan baik|Pusat informasi nyaman digunakan oleh pengunjung|Informasi mudah diakses dan disampaikan dengan jelas kepada pengunjung",,,,"ba4af550-4542-4cf4-80bf-83a698703ebc","Completed","New","06-11-2025 15:17:44","Anonymous","88476",,"cab97c1f-67b4-11f0-a847-0a0cda9789f2","1eb4a3f0-5e3d-4ac9-b813-8b1a562e7235",,,"true","False","QrCode","Bahasa","2025-11-06T08:16:16.8069Z",,,,,,,,,,,,,,,"68b5aaf51f3cc3c03afa57ae"
"505","IDM","TMII","PUSAT INFORMASI","Pusat Informasi Main Lobby","IDM-TMII-PUSAT INFORMASI-Pusat Informasi Main Lobby-01","5","Satisfied","5","makasih udah membantu nenek aku dengan wara wiri prioritasnya",,"Positive","4","4","5","5","5","5","Melakukan layanan secara profesional dan ramah (menjaga kontak mata, tersenyum tulus, dan memberikan solusi dengan empati)|Memiliki penampilan yang bersih dan rapi|Memberikan informasi dengan jelas dan akurat|Melayani dengan cepat dan tepat|Membantu dan memastikan kesiapan fasilitas",,,,"Fasilitas pusat informasi lengkap dan mendukung kebutuhan pengunjung|Fasilitas pusat informasi tersedia dengan baik dan mudah diakses oleh pengunjung",,,,"Pusat informasi bersih dan tertata dengan baik|Pusat informasi nyaman digunakan oleh pengunjung|Informasi mudah diakses dan disampaikan dengan jelas kepada pengunjung",,,,"1e601599-4c26-4808-86e7-cc1f70f1a421","Completed","New","06-11-2025 15:16:13","Anonymous","55585",,"cab97c1f-67b4-11f0-a847-0a0cda9789f2","1eb4a3f0-5e3d-4ac9-b813-8b1a562e7235",,,"true","False","QrCode","Bahasa","2025-11-06T08:15:18.0412Z",,,,,,,,,,,,,,,"68b5aaf51f3cc3c03afa57ae"
"506","IDM","TMII","PUSAT INFORMASI","Pusat Informasi Main Lobby","IDM-TMII-PUSAT INFORMASI-Pusat Informasi Main Lobby-01","5","Satisfied","5",,,,"5","5","5","5","5","5","Melakukan layanan secara profesional dan ramah (menjaga kontak mata, tersenyum tulus, dan memberikan solusi dengan empati)",,,,"Fasilitas pusat informasi lengkap dan mendukung kebutuhan pengunjung",,,,"Pusat informasi nyaman digunakan oleh pengunjung",,,,"f7582d66-c88c-49b8-a2da-c0f5154e0615","Completed","New","06-11-2025 15:13:03","Anonymous","62592",,"cab97c1f-67b4-11f0-a847-0a0cda9789f2","1eb4a3f0-5e3d-4ac9-b813-8b1a562e7235",,,"true","False","QrCode","Bahasa","2025-11-06T08:11:57.3860Z",,,,,,,,,,,,,,,"68b5aaf51f3cc3c03afa57ae"
"507","IDM","TMII","PUSAT INFORMASI","Pusat Informasi Main Lobby","IDM-TMII-PUSAT INFORMASI-Pusat Informasi Main Lobby-01","5","Satisfied","5","keliling taman mini yg luas bareng keluarga ga khawatir nyasar karna banyak petugas dimana mana",,"Positive","5","5","5","5","5","5","Memberikan informasi dengan jelas dan akurat|Melakukan layanan secara profesional dan ramah (menjaga kontak mata, tersenyum tulus, dan memberikan solusi dengan empati)",,,,"Fasilitas pusat informasi lengkap dan mendukung kebutuhan pengunjung",,,,"Informasi mudah diakses dan disampaikan dengan jelas kepada pengunjung",,,,"3f58528c-f221-4e77-b667-e6d78c06d9c3","Completed","New","06-11-2025 14:45:18","Anonymous","5247723",,"cab97c1f-67b4-11f0-a847-0a0cda9789f2","1eb4a3f0-5e3d-4ac9-b813-8b1a562e7235",,,"true","False","QrCode","Bahasa","2025-11-06T06:17:46.4061Z",,,,,,,,,,,,,,,"68b5aaf51f3cc3c03afa57ae"
"508","IDM","TMII","PUSAT INFORMASI","Pusat Informasi Main Lobby","IDM-TMII-PUSAT INFORMASI-Pusat Informasi Main Lobby-01","5","Satisfied","5","alangkah lebih baik jika ada toilet dipusat informasi, tapi so far sudah baik banget ko fasilitas maupun petugasnya sangat membantu",,"Positive","5","5","4","4","5","5","Melakukan layanan secara profesional dan ramah (menjaga kontak mata, tersenyum tulus, dan memberikan solusi dengan empati)|Memiliki penampilan yang bersih dan rapi|Memberikan informasi dengan jelas dan akurat|Melayani dengan cepat dan tepat|Membantu dan memastikan kesiapan fasilitas",,,,"Fasilitas pusat informasi lengkap dan mendukung kebutuhan pengunjung|Fasilitas pusat informasi tersedia dengan baik dan mudah diakses oleh pengunjung",,,,"Pusat informasi bersih dan tertata dengan baik|Pusat informasi nyaman digunakan oleh pengunjung|Informasi mudah diakses dan disampaikan dengan jelas kepada pengunjung",,,,"b9a3aa52-6ade-41f7-93b8-9898e67fe1da","Completed","New","06-11-2025 12:53:53","Anonymous","155522",,"cab97c1f-67b4-11f0-a847-0a0cda9789f2","1eb4a3f0-5e3d-4ac9-b813-8b1a562e7235",,,"true","False","QrCode","Bahasa","2025-11-06T05:51:17.8222Z",,,,,,,,,,,,,,,"68b5aaf51f3cc3c03afa57ae"
"509","IDM","TMII","PUSAT INFORMASI","Pusat Informasi Main Lobby","IDM-TMII-PUSAT INFORMASI-Pusat Informasi Main Lobby-01","5","Satisfied","5","Good",,"Positive","5","5","5","5","5","5","Melayani dengan cepat dan tepat",,,,"Fasilitas pusat informasi lengkap dan mendukung kebutuhan pengunjung",,,,"Pusat informasi nyaman digunakan oleh pengunjung",,,,"ac36e471-496e-4c38-a06d-cdddfe236028","Completed","New","06-11-2025 12:22:39","Anonymous","2591793",,"cab97c1f-67b4-11f0-a847-0a0cda9789f2","1eb4a3f0-5e3d-4ac9-b813-8b1a562e7235",,,"true","False","QrCode","Bahasa","2025-11-06T04:39:27.3246Z",,,,,,,,,,,,,,,"68b5aaf51f3cc3c03afa57ae"
"510","IDM","TMII","PUSAT INFORMASI","Pusat Informasi Main Lobby","IDM-TMII-PUSAT INFORMASI-Pusat Informasi Main Lobby-01","5","Satisfied","5","Overall semua oke",,"Positive","5","5","5","5","5","5","Melakukan layanan secara profesional dan ramah (menjaga kontak mata, tersenyum tulus, dan memberikan solusi dengan empati)",,,,"Fasilitas pusat informasi lengkap dan mendukung kebutuhan pengunjung",,,,"Pusat informasi nyaman digunakan oleh pengunjung",,,,"9d1a1e3e-854f-4204-ab25-73d8f85da23a","Completed","New","06-11-2025 11:39:24","Anonymous","35701",,"cab97c1f-67b4-11f0-a847-0a0cda9789f2","1eb4a3f0-5e3d-4ac9-b813-8b1a562e7235",,,"true","False","QrCode","Bahasa","2025-11-06T04:38:46.7600Z",,,,,,,,,,,,,,,"68b5aaf51f3cc3c03afa57ae"
"511","IDM","TMII","PUSAT INFORMASI","Pusat Informasi Main Lobby","IDM-TMII-PUSAT INFORMASI-Pusat Informasi Main Lobby-01","5","Satisfied","5","Cepat penanganannya",,"Positive","5","5","5","5","5","5","Melakukan layanan secara profesional dan ramah (menjaga kontak mata, tersenyum tulus, dan memberikan solusi dengan empati)|Memiliki penampilan yang bersih dan rapi|Memberikan informasi dengan jelas dan akurat|Melayani dengan cepat dan tepat|Membantu dan memastikan kesiapan fasilitas",,,,"Fasilitas pusat informasi lengkap dan mendukung kebutuhan pengunjung|Fasilitas pusat informasi tersedia dengan baik dan mudah diakses oleh pengunjung",,,,"Pusat informasi bersih dan tertata dengan baik|Pusat informasi nyaman digunakan oleh pengunjung|Informasi mudah diakses dan disampaikan dengan jelas kepada pengunjung",,,,"b097a9bd-340a-41f0-ab48-f506660436f2","Completed","New","06-11-2025 10:36:28","Anonymous","88749",,"cab97c1f-67b4-11f0-a847-0a0cda9789f2","1eb4a3f0-5e3d-4ac9-b813-8b1a562e7235",,,"true","False","QrCode","Bahasa","2025-11-06T03:34:58.9251Z",,,,,,,,,,,,,,,"68b5aaf51f3cc3c03afa57ae"
"512","IDM","TMII","PUSAT INFORMASI","Pusat Informasi Main Lobby","IDM-TMII-PUSAT INFORMASI-Pusat Informasi Main Lobby-01","5","Satisfied","5","Good, sesuai ekspektasi",,"Positive","5","5","5","5","5","5","Melakukan layanan secara profesional dan ramah (menjaga kontak mata, tersenyum tulus, dan memberikan solusi dengan empati)",,,,"Fasilitas pusat informasi tersedia dengan baik dan mudah diakses oleh pengunjung",,,,"Informasi mudah diakses dan disampaikan dengan jelas kepada pengunjung",,,,"a98709f4-9d0a-4d08-9a0e-1afd83adc516","Completed","New","06-11-2025 10:19:29","Anonymous","74985",,"cab97c1f-67b4-11f0-a847-0a0cda9789f2","1eb4a3f0-5e3d-4ac9-b813-8b1a562e7235",,,"true","False","QrCode","Bahasa","2025-11-06T03:18:13.6008Z",,,,,,,,,,,,,,,"68b5aaf51f3cc3c03afa57ae"
"513","IDM","TMII","PUSAT INFORMASI","Pusat Informasi Main Lobby","IDM-TMII-PUSAT INFORMASI-Pusat Informasi Main Lobby-01","5","Satisfied","5","Pas sampe di lobby langsung disambut dengan mas Fadil yang ramah dan baik hati bangetttt. lingkungan lobby yang sangat bersih & fasılıtas yang lengkap. loveee deh tmii",,"Positive","5","5","5","5","5","5","Melakukan layanan secara profesional dan ramah (menjaga kontak mata, tersenyum tulus, dan memberikan solusi dengan empati)|Memiliki penampilan yang bersih dan rapi|Memberikan informasi dengan jelas dan akurat|Melayani dengan cepat dan tepat|Membantu dan memastikan kesiapan fasilitas",,,,"Fasilitas pusat informasi lengkap dan mendukung kebutuhan pengunjung|Fasilitas pusat informasi tersedia dengan baik dan mudah diakses oleh pengunjung",,,,"Pusat informasi bersih dan tertata dengan baik|Pusat informasi nyaman digunakan oleh pengunjung|Informasi mudah diakses dan disampaikan dengan jelas kepada pengunjung",,,,"48d6d271-2cc9-4038-b363-ed62f7e81890","Completed","New","06-11-2025 10:15:53","Anonymous","205411",,"cab97c1f-67b4-11f0-a847-0a0cda9789f2","1eb4a3f0-5e3d-4ac9-b813-8b1a562e7235",,,"true","False","QrCode","Bahasa","2025-11-06T03:12:27.7186Z",,,,,,,,,,,,,,,"68b5aaf51f3cc3c03afa57ae"
"514","IDM","TMII","PUSAT INFORMASI","Pusat Informasi Main Lobby","IDM-TMII-PUSAT INFORMASI-Pusat Informasi Main Lobby-01","5","Satisfied","5","Fasilitas yang sangat memadai untuk anak - anak. karena sangat mudah memperkenalkan budaya Indonesia ke anak.",,"Positive","5","5","5","5","5","5","Melakukan layanan secara profesional dan ramah (menjaga kontak mata, tersenyum tulus, dan memberikan solusi dengan empati)|Memiliki penampilan yang bersih dan rapi|Memberikan informasi dengan jelas dan akurat|Melayani dengan cepat dan tepat|Membantu dan memastikan kesiapan fasilitas",,,,"Fasilitas pusat informasi lengkap dan mendukung kebutuhan pengunjung|Fasilitas pusat informasi tersedia dengan baik dan mudah diakses oleh pengunjung",,,,"Pusat informasi bersih dan tertata dengan baik|Pusat informasi nyaman digunakan oleh pengunjung|Informasi mudah diakses dan disampaikan dengan jelas kepada pengunjung",,,,"ed2fc10f-b7f0-4024-8b62-97502bb0d3e2","Completed","New","06-11-2025 10:12:01","Anonymous","160918",,"cab97c1f-67b4-11f0-a847-0a0cda9789f2","1eb4a3f0-5e3d-4ac9-b813-8b1a562e7235",,,"true","False","QrCode","Bahasa","2025-11-06T03:09:19.3485Z",,,,,,,,,,,,,,,"68b5aaf51f3cc3c03afa57ae"
"515","IDM","TMII","PUSAT INFORMASI","Antrian Shuttle","IDM-TMII-PUSAT INFORMASI-Antrian Shuttle-01","5","Satisfied","5","mba Anggi baik dan ramah bangetttt. diarahin ke halte untuk naik shuttle dan juga dikasih arahan kemana aja biar ga bingung. best banget buat mba Anggi",,"Positive","5","5","5","5","5","5","Melakukan layanan secara profesional dan ramah (menjaga kontak mata, tersenyum tulus, dan memberikan solusi dengan empati)|Memiliki penampilan yang bersih dan rapi|Memberikan informasi dengan jelas dan akurat|Melayani dengan cepat dan tepat|Membantu dan memastikan kesiapan fasilitas",,,,"Fasilitas pusat informasi tersedia dengan baik dan mudah diakses oleh pengunjung|Fasilitas pusat informasi lengkap dan mendukung kebutuhan pengunjung",,,,"Pusat informasi bersih dan tertata dengan baik|Pusat informasi nyaman digunakan oleh pengunjung|Informasi mudah diakses dan disampaikan dengan jelas kepada pengunjung",,,,"ca21bff3-c247-46ab-a913-2bbcc6740240","Completed","New","05-11-2025 16:09:20","Anonymous","324935",,"cab97c1f-67b4-11f0-a847-0a0cda9789f2","1eb4a3f0-5e3d-4ac9-b813-8b1a562e7235",,,"true","False","QrCode","Bahasa","2025-11-05T09:03:54.7603Z",,,,,,,,,,,,,,,"68b5aaf51f3cc3c03afa57ae"
"516","IDM","TMII","PUSAT INFORMASI","Pusat Informasi Main Lobby","IDM-TMII-PUSAT INFORMASI-Pusat Informasi Main Lobby-01","5","Satisfied","5","Bagus banget apalagi disambut sama mba Tasya yang ramah senyum terima kasih atas pelayanannya TMII",,"Positive","5","5","5","5","5","5","Melakukan layanan secara profesional dan ramah (menjaga kontak mata, tersenyum tulus, dan memberikan solusi dengan empati)|Memiliki penampilan yang bersih dan rapi|Memberikan informasi dengan jelas dan akurat|Melayani dengan cepat dan tepat|Membantu dan memastikan kesiapan fasilitas",,,,"Fasilitas pusat informasi lengkap dan mendukung kebutuhan pengunjung|Fasilitas pusat informasi tersedia dengan baik dan mudah diakses oleh pengunjung",,,,"Pusat informasi bersih dan tertata dengan baik|Pusat informasi nyaman digunakan oleh pengunjung|Informasi mudah diakses dan disampaikan dengan jelas kepada pengunjung",,,,"97aa19eb-d5fa-40e7-af03-11ff0cd6a73d","Completed","New","05-11-2025 16:04:06","Anonymous","109229",,"cab97c1f-67b4-11f0-a847-0a0cda9789f2","1eb4a3f0-5e3d-4ac9-b813-8b1a562e7235",,,"true","False","QrCode","Bahasa","2025-11-05T09:02:17.0999Z",,,,,,,,,,,,,,,"68b5aaf51f3cc3c03afa57ae"
"517","IDM","TMII","PUSAT INFORMASI","Pusat Informasi Main Lobby","IDM-TMII-PUSAT INFORMASI-Pusat Informasi Main Lobby-01","4","Satisfied","4","Makin bagus fasilitas nya jg anjungan tiap-tiap daerah nya .
Ramah lingkungan, udara lbh bersih.
Lbh bagus makin kereeen",,"Positive","3","3","3","3","3","3",,,"Lainnya","Sebetulnya udh cukup bagus .",,,"Fasilitas pusat informasi tidak tersedia atau sulit diakses oleh pengunjung",,,,"Pusat informasi kotor atau kurang tertata",,"fc28c62e-450b-466f-badb-23fcc3704166","Completed","New","05-11-2025 15:23:49","Anonymous","294011",,"cab97c1f-67b4-11f0-a847-0a0cda9789f2","1eb4a3f0-5e3d-4ac9-b813-8b1a562e7235",,,"true","False","QrCode","Bahasa","2025-11-05T08:18:55.3974Z",,,,,,,,,,,,,,,"68b5aaf51f3cc3c03afa57ae"
"518","IDM","TMII","PUSAT INFORMASI","Pusat Informasi Main Lobby","IDM-TMII-PUSAT INFORMASI-Pusat Informasi Main Lobby-01","5","Satisfied","5","Tmii sekarang sudah semakin seru yah
Anak” happy banget kalo naik angkutan kelilingnya sampai gk mau turun",,"Positive","5","5","5","5","5","5","Melakukan layanan secara profesional dan ramah (menjaga kontak mata, tersenyum tulus, dan memberikan solusi dengan empati)|Memiliki penampilan yang bersih dan rapi|Memberikan informasi dengan jelas dan akurat|Membantu dan memastikan kesiapan fasilitas",,,,"Fasilitas pusat informasi lengkap dan mendukung kebutuhan pengunjung|Fasilitas pusat informasi tersedia dengan baik dan mudah diakses oleh pengunjung",,,,"Pusat informasi bersih dan tertata dengan baik|Informasi mudah diakses dan disampaikan dengan jelas kepada pengunjung",,,,"254af68a-59fd-4f9b-8e4c-ce31af3b931e","Completed","New","05-11-2025 13:43:37","Anonymous","354829",,"cab97c1f-67b4-11f0-a847-0a0cda9789f2","1eb4a3f0-5e3d-4ac9-b813-8b1a562e7235",,,"true","False","QrCode","Bahasa","2025-11-05T06:37:42.3231Z",,,,,,,,,,,,,,,"68b5aaf51f3cc3c03afa57ae"
"519","IDM","TMII","PUSAT INFORMASI","Pusat Informasi Main Lobby","IDM-TMII-PUSAT INFORMASI-Pusat Informasi Main Lobby-01","4","Satisfied","4","tmii selalu menjadi pilihan saya untuk mengajak teman luar negri mengenal budaya indonesia",,"Positive","4","4","4","4","4","4","Melakukan layanan secara profesional dan ramah (menjaga kontak mata, tersenyum tulus, dan memberikan solusi dengan empati)|Memberikan informasi dengan jelas dan akurat|Melayani dengan cepat dan tepat|Membantu dan memastikan kesiapan fasilitas|Memiliki penampilan yang bersih dan rapi",,,,"Fasilitas pusat informasi lengkap dan mendukung kebutuhan pengunjung|Fasilitas pusat informasi tersedia dengan baik dan mudah diakses oleh pengunjung",,,,"Pusat informasi bersih dan tertata dengan baik|Pusat informasi nyaman digunakan oleh pengunjung|Informasi mudah diakses dan disampaikan dengan jelas kepada pengunjung",,,,"79ea5447-2f10-4647-a0fa-053e3a6f5615","Completed","New","05-11-2025 13:43:16","Anonymous","232424",,"cab97c1f-67b4-11f0-a847-0a0cda9789f2","1eb4a3f0-5e3d-4ac9-b813-8b1a562e7235",,,"true","False","QrCode","Bahasa","2025-11-05T06:39:23.4739Z",,,,,,,,,,,,,,,"68b5aaf51f3cc3c03afa57ae"
"520","IDM","TMII","PUSAT INFORMASI","Pusat Informasi Main Lobby","IDM-TMII-PUSAT INFORMASI-Pusat Informasi Main Lobby-01","4","Satisfied","4","bagus",,"Positive","4","4","4","4","4","4","Melakukan layanan secara profesional dan ramah (menjaga kontak mata, tersenyum tulus, dan memberikan solusi dengan empati)|Memiliki penampilan yang bersih dan rapi|Memberikan informasi dengan jelas dan akurat",,,,"Fasilitas pusat informasi lengkap dan mendukung kebutuhan pengunjung",,,,"Pusat informasi bersih dan tertata dengan baik|Pusat informasi nyaman digunakan oleh pengunjung",,,,"a906503f-4305-4689-9139-744dd7a94dc0","Completed","New","05-11-2025 13:38:57","Anonymous","67701",,"cab97c1f-67b4-11f0-a847-0a0cda9789f2","1eb4a3f0-5e3d-4ac9-b813-8b1a562e7235",,,"true","False","QrCode","Bahasa","2025-11-05T06:37:49.2944Z",,,,,,,,,,,,,,,"68b5aaf51f3cc3c03afa57ae"
"521","IDM","TMII","PUSAT INFORMASI","Pusat Informasi Main Lobby","IDM-TMII-PUSAT INFORMASI-Pusat Informasi Main Lobby-01","5","Satisfied","5","Tidak ada yang kurang sih",,"Positive","5","5","5","5","5","5","Memiliki penampilan yang bersih dan rapi|Melakukan layanan secara profesional dan ramah (menjaga kontak mata, tersenyum tulus, dan memberikan solusi dengan empati)|Memberikan informasi dengan jelas dan akurat|Melayani dengan cepat dan tepat|Membantu dan memastikan kesiapan fasilitas",,,,"Fasilitas pusat informasi lengkap dan mendukung kebutuhan pengunjung|Fasilitas pusat informasi tersedia dengan baik dan mudah diakses oleh pengunjung",,,,"Pusat informasi bersih dan tertata dengan baik|Pusat informasi nyaman digunakan oleh pengunjung|Informasi mudah diakses dan disampaikan dengan jelas kepada pengunjung",,,,"2174a408-523a-4ff6-933f-c3c78a74a16b","Completed","New","05-11-2025 13:31:57","Anonymous","241702",,"cab97c1f-67b4-11f0-a847-0a0cda9789f2","1eb4a3f0-5e3d-4ac9-b813-8b1a562e7235",,,"true","False","QrCode","Bahasa","2025-11-05T06:27:54.9582Z",,,,,,,,,,,,,,,"68b5aaf51f3cc3c03afa57ae"
"522","IDM","TMII","PUSAT INFORMASI","Pusat Informasi Main Lobby","IDM-TMII-PUSAT INFORMASI-Pusat Informasi Main Lobby-01","3","Neutral","3","Adakan uang cash",,"Neutral","3","3","3","3","3","3",,,"Memberikan informasi dengan kurangjelas dan akurat|Tidak melakukan layanan secara profesional dan ramah (menjaga kontak mata, tersenyum tulus, dan memberikan solusi dengan empati)",,,,"Fasilitas pusat informasi tidak tersedia atau sulit diakses oleh pengunjung|Fasilitas pusat informasi kurang lengkap dan belum mendukung kebutuhan pengunjung",,,,"Kemudahan akses informasi",,"1ff45d9b-41d5-4674-9e45-73320a118506","Completed","New","05-11-2025 13:29:27","Anonymous","88055",,"cab97c1f-67b4-11f0-a847-0a0cda9789f2","1eb4a3f0-5e3d-4ac9-b813-8b1a562e7235",,,"true","False","QrCode","Bahasa","2025-11-05T06:27:59.1767Z",,,,,,,,,,,,,,,"68b5aaf51f3cc3c03afa57ae"
"523","IDM","TMII","PUSAT INFORMASI","Pusat Informasi Main Lobby","IDM-TMII-PUSAT INFORMASI-Pusat Informasi Main Lobby-01","5","Satisfied","5","Saya dilayani oleh kak Celia saat dipintu masuk dengan sangat baik. disapa dan dilayani saat pembelian tiket dengan diberikan informasi mengenai tiket dan arah untuk parkir mobil dan naik shuttle sampai ke pusat informasi.",,"Positive","5","5","5","5","5","5","Melakukan layanan secara profesional dan ramah (menjaga kontak mata, tersenyum tulus, dan memberikan solusi dengan empati)|Memberikan informasi dengan jelas dan akurat|Memiliki penampilan yang bersih dan rapi|Melayani dengan cepat dan tepat|Membantu dan memastikan kesiapan fasilitas",,,,"Fasilitas pusat informasi lengkap dan mendukung kebutuhan pengunjung|Fasilitas pusat informasi tersedia dengan baik dan mudah diakses oleh pengunjung",,,,"Pusat informasi bersih dan tertata dengan baik|Pusat informasi nyaman digunakan oleh pengunjung|Informasi mudah diakses dan disampaikan dengan jelas kepada pengunjung",,,,"5997d76e-fc17-4e1d-8e2a-81ce4fbb26d5","Completed","New","05-11-2025 13:12:12","Anonymous","475871",,"cab97c1f-67b4-11f0-a847-0a0cda9789f2","1eb4a3f0-5e3d-4ac9-b813-8b1a562e7235",,,"true","False","QrCode","Bahasa","2025-11-05T06:04:15.7103Z",,,,,,,,,,,,,,,"68b5aaf51f3cc3c03afa57ae"
"524","IDM","TMII","PUSAT INFORMASI","Pusat Informasi Main Lobby","IDM-TMII-PUSAT INFORMASI-Pusat Informasi Main Lobby-01","5","Satisfied","5","woww!!!!! kaka² nya sangatt ramah sekali dan baik baik bngtt murah senyum jugaaa, memberi informasi yang benar² jelass,, dan untuk cleaning nya yang pakai seragam ungu di area information center sangat ramah baik, wangii mba nya sempat kasian di jam 12.00 angin yng sangat kencang jadi harus extra,, semangat kaka terimakasih banyak tmii 💜💜",,"Positive","5","5","5","5","5","5","Melakukan layanan secara profesional dan ramah (menjaga kontak mata, tersenyum tulus, dan memberikan solusi dengan empati)|Memiliki penampilan yang bersih dan rapi|Memberikan informasi dengan jelas dan akurat|Melayani dengan cepat dan tepat|Membantu dan memastikan kesiapan fasilitas",,,,"Fasilitas pusat informasi lengkap dan mendukung kebutuhan pengunjung|Fasilitas pusat informasi tersedia dengan baik dan mudah diakses oleh pengunjung",,,,"Pusat informasi bersih dan tertata dengan baik|Pusat informasi nyaman digunakan oleh pengunjung|Informasi mudah diakses dan disampaikan dengan jelas kepada pengunjung",,,,"3c5b6efd-17d3-4ff3-ae0d-37cfc83a6021","Completed","New","05-11-2025 13:09:06","Anonymous","261932",,"cab97c1f-67b4-11f0-a847-0a0cda9789f2","1eb4a3f0-5e3d-4ac9-b813-8b1a562e7235",,,"true","False","QrCode","Bahasa","2025-11-05T06:04:44.9914Z",,,,,,,,,,,,,,,"68b5aaf51f3cc3c03afa57ae"
"525","IDM","TMII","PUSAT INFORMASI","Pusat Informasi Main Lobby","IDM-TMII-PUSAT INFORMASI-Pusat Informasi Main Lobby-01","5","Satisfied","5","sangat bagus bisa belajar seluruh rumah ibadah, bisa masuk ke dalam semua rumah ibadah dan ada yang menjelaskan, terima kasih",,"Positive","5","5","5","5","5","5","Melakukan layanan secara profesional dan ramah (menjaga kontak mata, tersenyum tulus, dan memberikan solusi dengan empati)|Memberikan informasi dengan jelas dan akurat|Melayani dengan cepat dan tepat|Membantu dan memastikan kesiapan fasilitas|Memiliki penampilan yang bersih dan rapi",,,,"Fasilitas pusat informasi lengkap dan mendukung kebutuhan pengunjung|Fasilitas pusat informasi tersedia dengan baik dan mudah diakses oleh pengunjung",,,,"Pusat informasi bersih dan tertata dengan baik|Pusat informasi nyaman digunakan oleh pengunjung|Informasi mudah diakses dan disampaikan dengan jelas kepada pengunjung",,,,"b2d6013f-7c66-419a-a6f4-2a6a8ab98283","Completed","New","05-11-2025 13:07:08","Anonymous","427344",,"cab97c1f-67b4-11f0-a847-0a0cda9789f2","1eb4a3f0-5e3d-4ac9-b813-8b1a562e7235",,,"true","False","QrCode","Bahasa","2025-11-05T06:00:00.2241Z",,,,,,,,,,,,,,,"68b5aaf51f3cc3c03afa57ae"
"526","IDM","TMII","PUSAT INFORMASI","Pusat Informasi Main Lobby","IDM-TMII-PUSAT INFORMASI-Pusat Informasi Main Lobby-01","5","Satisfied","5",,,,"5","5","5","5","5","5","Melakukan layanan secara profesional dan ramah (menjaga kontak mata, tersenyum tulus, dan memberikan solusi dengan empati)",,,,"Fasilitas pusat informasi tersedia dengan baik dan mudah diakses oleh pengunjung",,,,"Pusat informasi bersih dan tertata dengan baik",,,,"8de960a2-3ad7-43c3-a097-b83e928a2d10","Completed","New","05-11-2025 11:44:07","Anonymous","63928",,"cab97c1f-67b4-11f0-a847-0a0cda9789f2","1eb4a3f0-5e3d-4ac9-b813-8b1a562e7235",,,"true","False","QrCode","English","2025-11-05T04:43:04.3302Z",,,,,,,,,,,,,,,"68b5aaf51f3cc3c03afa57ae"
"527","IDM","TMII","PUSAT INFORMASI","Pusat Informasi Main Lobby","IDM-TMII-PUSAT INFORMASI-Pusat Informasi Main Lobby-01","5","Satisfied","5","Saya disapa dan diberikan informasi yang sangat jelas oleh kak Naufal supaya tidak bingung untuk berkeliling. diberikan arahan untuk berkeliling menggunakan shuttle",,"Positive","5","5","5","5","5","5","Melakukan layanan secara profesional dan ramah (menjaga kontak mata, tersenyum tulus, dan memberikan solusi dengan empati)|Memiliki penampilan yang bersih dan rapi|Memberikan informasi dengan jelas dan akurat|Melayani dengan cepat dan tepat|Membantu dan memastikan kesiapan fasilitas",,,,"Fasilitas pusat informasi lengkap dan mendukung kebutuhan pengunjung|Fasilitas pusat informasi tersedia dengan baik dan mudah diakses oleh pengunjung",,,,"Pusat informasi bersih dan tertata dengan baik|Pusat informasi nyaman digunakan oleh pengunjung|Informasi mudah diakses dan disampaikan dengan jelas kepada pengunjung",,,,"115dc1bb-3e16-4479-b48b-e03939def7e4","Completed","New","05-11-2025 11:31:50","Anonymous","176762",,"cab97c1f-67b4-11f0-a847-0a0cda9789f2","1eb4a3f0-5e3d-4ac9-b813-8b1a562e7235",,,"true","False","QrCode","Bahasa","2025-11-05T04:28:52.8140Z",,,,,,,,,,,,,,,"68b5aaf51f3cc3c03afa57ae"
"528","IDM","TMII","PUSAT INFORMASI","Pusat Informasi Main Lobby","IDM-TMII-PUSAT INFORMASI-Pusat Informasi Main Lobby-01","5","Satisfied","5","bagus dan rapih",,"Positive","5","5","5","5","5","5","Membantu dan memastikan kesiapan fasilitas",,,,"Fasilitas pusat informasi lengkap dan mendukung kebutuhan pengunjung",,,,"Informasi mudah diakses dan disampaikan dengan jelas kepada pengunjung",,,,"80eecfa4-cd01-422f-959a-096d92f54632","Completed","New","05-11-2025 09:47:04","Anonymous","364586",,"cab97c1f-67b4-11f0-a847-0a0cda9789f2","1eb4a3f0-5e3d-4ac9-b813-8b1a562e7235",,,"true","False","QrCode","Bahasa","2025-11-05T02:38:02.6494Z",,,,,,,,,,,,,,,"68b5aaf51f3cc3c03afa57ae"
"529","IDM","TMII","PUSAT INFORMASI","Pusat Informasi Main Lobby","IDM-TMII-PUSAT INFORMASI-Pusat Informasi Main Lobby-01","4","Satisfied","4","tambah kamar mandi lagi di deket pusat informasi",,"Positive","4","4","4","4","4","4","Memberikan informasi dengan jelas dan akurat",,,,"Lainnya","dri lrt ke tmii ternyata ada mobilnya, bagus sekali tpi sayang karna banyak galian jadi macet tpi sudah bagus sekali",,,"Informasi mudah diakses dan disampaikan dengan jelas kepada pengunjung",,,,"c74d5d31-0640-4cc5-b218-7f05a39fcd68","Completed","New","05-11-2025 09:30:39","Anonymous","114518",,"cab97c1f-67b4-11f0-a847-0a0cda9789f2","1eb4a3f0-5e3d-4ac9-b813-8b1a562e7235",,,"true","False","QrCode","Bahasa","2025-11-05T02:28:45.1904Z",,,,,,,,,,,,,,,"68b5aaf51f3cc3c03afa57ae"
"530","IDM","TMII","PUSAT INFORMASI","Pusat Informasi Main Lobby","IDM-TMII-PUSAT INFORMASI-Pusat Informasi Main Lobby-01","4","Satisfied","4","Bagus",,"Positive","4","4","3","3","4","4","Melakukan layanan secara profesional dan ramah (menjaga kontak mata, tersenyum tulus, dan memberikan solusi dengan empati)|Memiliki penampilan yang bersih dan rapi|Memberikan informasi dengan jelas dan akurat|Melayani dengan cepat dan tepat|Membantu dan memastikan kesiapan fasilitas",,,,,,"Fasilitas pusat informasi kurang lengkap dan belum mendukung kebutuhan pengunjung",,"Informasi mudah diakses dan disampaikan dengan jelas kepada pengunjung",,,,"fdb57985-06d0-4993-b59a-e1043517f3ff","Completed","New","05-11-2025 09:29:35","Anonymous","156042",,"cab97c1f-67b4-11f0-a847-0a0cda9789f2","1eb4a3f0-5e3d-4ac9-b813-8b1a562e7235",,,"true","False","QrCode","Bahasa","2025-11-05T02:26:59.2696Z",,,,,,,,,,,,,,,"68b5aaf51f3cc3c03afa57ae"
"531","IDM","TMII","PUSAT INFORMASI","Pusat Informasi Main Lobby","IDM-TMII-PUSAT INFORMASI-Pusat Informasi Main Lobby-01","5","Satisfied","5","sudah bagus, tpi kamar mandinya aga jauh aja",,"Neutral","5","5","5","5","5","5","Melayani dengan cepat dan tepat|Melakukan layanan secara profesional dan ramah (menjaga kontak mata, tersenyum tulus, dan memberikan solusi dengan empati)|Lainnya","saya ada keluarga yg lansia posisi saya di yg menara' itu trs ada mba pake kerudung pake kacamata rompi biru dia bantu saya dan keluarga buat panggil mobil ke pasar nusantara, terimakasih tmii",,,"Fasilitas pusat informasi lengkap dan mendukung kebutuhan pengunjung",,,,"Informasi mudah diakses dan disampaikan dengan jelas kepada pengunjung",,,,"57c76558-ba6c-4c20-9c78-700e62dd3722","Completed","New","04-11-2025 14:32:16","Anonymous","604717",,"cab97c1f-67b4-11f0-a847-0a0cda9789f2","1eb4a3f0-5e3d-4ac9-b813-8b1a562e7235",,,"true","False","QrCode","Bahasa","2025-11-04T07:22:11.1030Z",,,,,,,,,,,,,,,"68b5aaf51f3cc3c03afa57ae"
"532","IDM","TMII","PUSAT INFORMASI","Antrian Shuttle","IDM-TMII-PUSAT INFORMASI-Antrian Shuttle-01","4","Satisfied","4",,,,"4","4","4","4","5","5","Melakukan layanan secara profesional dan ramah (menjaga kontak mata, tersenyum tulus, dan memberikan solusi dengan empati)|Memiliki penampilan yang bersih dan rapi|Memberikan informasi dengan jelas dan akurat|Melayani dengan cepat dan tepat",,,,"Fasilitas pusat informasi lengkap dan mendukung kebutuhan pengunjung|Fasilitas pusat informasi tersedia dengan baik dan mudah diakses oleh pengunjung",,,,"Pusat informasi bersih dan tertata dengan baik|Pusat informasi nyaman digunakan oleh pengunjung|Informasi mudah diakses dan disampaikan dengan jelas kepada pengunjung",,,,"3f5d887a-dc56-4f1e-bf6c-8e4b801b6250","Completed","New","04-11-2025 14:19:16","Anonymous","84514",,"cab97c1f-67b4-11f0-a847-0a0cda9789f2","1eb4a3f0-5e3d-4ac9-b813-8b1a562e7235",,,"true","False","QrCode","Bahasa","2025-11-04T07:17:51.4666Z",,,,,,,,,,,,,,,"68b5aaf51f3cc3c03afa57ae"
"533","IDM","TMII","PUSAT INFORMASI","Pusat Informasi Main Lobby","IDM-TMII-PUSAT INFORMASI-Pusat Informasi Main Lobby-01","5","Satisfied","5","sudah bagus sekali",,"Positive","5","5","4","4","5","5","Melakukan layanan secara profesional dan ramah (menjaga kontak mata, tersenyum tulus, dan memberikan solusi dengan empati)|Memiliki penampilan yang bersih dan rapi|Memberikan informasi dengan jelas dan akurat|Melayani dengan cepat dan tepat",,,,"Fasilitas pusat informasi tersedia dengan baik dan mudah diakses oleh pengunjung",,,,"Informasi mudah diakses dan disampaikan dengan jelas kepada pengunjung",,,,"5144784c-a1be-413d-9a8c-0b01ebff0c6b","Completed","New","04-11-2025 14:17:43","Anonymous","173036",,"cab97c1f-67b4-11f0-a847-0a0cda9789f2","1eb4a3f0-5e3d-4ac9-b813-8b1a562e7235",,,"true","False","QrCode","Bahasa","2025-11-04T07:14:48.9722Z",,,,,,,,,,,,,,,"68b5aaf51f3cc3c03afa57ae"
"534","IDM","TMII","PUSAT INFORMASI","Pusat Informasi Main Lobby","IDM-TMII-PUSAT INFORMASI-Pusat Informasi Main Lobby-01","5","Satisfied","5","Ibu saya yang lansia tiba-tiba kelelahan dan tidak sanggup berdiri saat kami berada di sekitar Masjid. Saya langsung panik dan mencoba menelpon nomor CS tmii. beberapa menit kemudian, dua petugas CS rompi biru saya lupa namanya langsung datang membawa kursi roda dan membantu mengantarkan kami sampai ke mobil di depan Kereta Gantung. terimakasih respon petugas yang baik dan sangat ramah",,"Positive","5","5","5","5","5","5","Melakukan layanan secara profesional dan ramah (menjaga kontak mata, tersenyum tulus, dan memberikan solusi dengan empati)",,,,"Fasilitas pusat informasi lengkap dan mendukung kebutuhan pengunjung",,,,"Informasi mudah diakses dan disampaikan dengan jelas kepada pengunjung",,,,"36c965bf-fbe9-4195-90ce-035c9e629e93","Completed","New","04-11-2025 14:11:23","Anonymous","60398",,"cab97c1f-67b4-11f0-a847-0a0cda9789f2","1eb4a3f0-5e3d-4ac9-b813-8b1a562e7235",,,"true","False","QrCode","Bahasa","2025-11-04T07:10:22.5588Z",,,,,,,,,,,,,,,"68b5aaf51f3cc3c03afa57ae"
"535","IDM","TMII","PUSAT INFORMASI","Antrian Shuttle","IDM-TMII-PUSAT INFORMASI-Antrian Shuttle-01","5","Satisfied","5","Saran udah oke sih. Petugan bantu informasi dengan jelas, lingkungan bersih",,"Positive","5","5","5","5","5","5","Melakukan layanan secara profesional dan ramah (menjaga kontak mata, tersenyum tulus, dan memberikan solusi dengan empati)",,,,"Fasilitas pusat informasi lengkap dan mendukung kebutuhan pengunjung",,,,"Pusat informasi bersih dan tertata dengan baik",,,,"b61f3b36-0a54-42e7-a63e-927e2731c915","Completed","New","04-11-2025 13:26:48","Anonymous","4342810",,"cab97c1f-67b4-11f0-a847-0a0cda9789f2","1eb4a3f0-5e3d-4ac9-b813-8b1a562e7235",,,"true","False","QrCode","Bahasa","2025-11-04T05:14:25.1223Z",,,,,,,,,,,,,,,"68b5aaf51f3cc3c03afa57ae"
"536","IDM","TMII","PUSAT INFORMASI","Pusat Informasi Main Lobby","IDM-TMII-PUSAT INFORMASI-Pusat Informasi Main Lobby-01","5","Satisfied","5","anak saya suka sekali aktivitas interaktif dan pertunjukan burungnya di taman burung. Kami bisa melihat burung Elang gagah terbang melintasi kepala. Ini sangat edukatif untuk anak-anak, sekaligus menghibur dan membuat takjub melihat kedekatan petugas dengan satwa.",,"Positive","5","5","5","5","5","5","Memberikan informasi dengan jelas dan akurat",,,,"Fasilitas pusat informasi lengkap dan mendukung kebutuhan pengunjung",,,,"Pusat informasi nyaman digunakan oleh pengunjung|Pusat informasi bersih dan tertata dengan baik",,,,"3cb73e9d-d7bd-4edc-8920-d1370d943f06","Completed","New","04-11-2025 12:58:56","Anonymous","152302",,"cab97c1f-67b4-11f0-a847-0a0cda9789f2","1eb4a3f0-5e3d-4ac9-b813-8b1a562e7235",,,"true","False","QrCode","Bahasa","2025-11-04T05:56:18.0049Z",,,,,,,,,,,,,,,"68b5aaf51f3cc3c03afa57ae"
"537","IDM","TMII","PUSAT INFORMASI","Pusat Informasi Main Lobby","IDM-TMII-PUSAT INFORMASI-Pusat Informasi Main Lobby-01","5","Satisfied","5","nemenin murid murid sekolah untuk liburan, ternyata bukan cuma muridnya aja yg terhibur, kami guru guru dan pembimbingnya juga terhibur",,"Positive","5","5","5","5","5","5","Melakukan layanan secara profesional dan ramah (menjaga kontak mata, tersenyum tulus, dan memberikan solusi dengan empati)|Memiliki penampilan yang bersih dan rapi|Memberikan informasi dengan jelas dan akurat|Melayani dengan cepat dan tepat|Membantu dan memastikan kesiapan fasilitas",,,,"Fasilitas pusat informasi lengkap dan mendukung kebutuhan pengunjung|Fasilitas pusat informasi tersedia dengan baik dan mudah diakses oleh pengunjung",,,,"Pusat informasi nyaman digunakan oleh pengunjung|Pusat informasi bersih dan tertata dengan baik|Informasi mudah diakses dan disampaikan dengan jelas kepada pengunjung",,,,"174573cb-aaef-4d11-81a5-d10ac7f43ce8","Completed","New","04-11-2025 10:32:35","Anonymous","75147",,"cab97c1f-67b4-11f0-a847-0a0cda9789f2","1eb4a3f0-5e3d-4ac9-b813-8b1a562e7235",,,"true","False","QrCode","Bahasa","2025-11-04T03:31:19.3211Z",,,,,,,,,,,,,,,"68b5aaf51f3cc3c03afa57ae"
"538","IDM","TMII","PUSAT INFORMASI","Pusat Informasi Main Lobby","IDM-TMII-PUSAT INFORMASI-Pusat Informasi Main Lobby-01","5","Satisfied","5","tmii sekarang sudah bagus banget, sebanyaknya museum wahana sama rumah adat begini tapi fasilitas dan kebersihannya tetap terjaga, beberapa petugas juga ada yg standby di beberapa titik jadi kalo bingung bisa langsung tanya petugasnya.",,"Positive","5","5","5","5","5","5","Melakukan layanan secara profesional dan ramah (menjaga kontak mata, tersenyum tulus, dan memberikan solusi dengan empati)|Memiliki penampilan yang bersih dan rapi|Memberikan informasi dengan jelas dan akurat|Melayani dengan cepat dan tepat|Membantu dan memastikan kesiapan fasilitas",,,,"Fasilitas pusat informasi tersedia dengan baik dan mudah diakses oleh pengunjung|Fasilitas pusat informasi lengkap dan mendukung kebutuhan pengunjung",,,,"Informasi mudah diakses dan disampaikan dengan jelas kepada pengunjung|Pusat informasi nyaman digunakan oleh pengunjung|Pusat informasi bersih dan tertata dengan baik",,,,"e7383bba-adb3-40ee-ab86-9a499cc669f0","Completed","New","04-11-2025 10:31:16","Anonymous","180334",,"cab97c1f-67b4-11f0-a847-0a0cda9789f2","1eb4a3f0-5e3d-4ac9-b813-8b1a562e7235",,,"true","False","QrCode","Bahasa","2025-11-04T03:28:15.2484Z",,,,,,,,,,,,,,,"68b5aaf51f3cc3c03afa57ae"
"539","IDM","TMII","PUSAT INFORMASI","Pusat Informasi Main Lobby","IDM-TMII-PUSAT INFORMASI-Pusat Informasi Main Lobby-01","5","Satisfied","5","Aku senang banget disuruh observasi ke Museum Indonesia buat tugas sejarah. Bangunan museumnya megah banget dan isinya keren-keren.",,"Positive","5","5","5","5","5","5","Memiliki penampilan yang bersih dan rapi|Melayani dengan cepat dan tepat|Membantu dan memastikan kesiapan fasilitas|Memberikan informasi dengan jelas dan akurat",,,,"Fasilitas pusat informasi lengkap dan mendukung kebutuhan pengunjung|Fasilitas pusat informasi tersedia dengan baik dan mudah diakses oleh pengunjung",,,,"Pusat informasi bersih dan tertata dengan baik|Pusat informasi nyaman digunakan oleh pengunjung|Informasi mudah diakses dan disampaikan dengan jelas kepada pengunjung",,,,"b710e018-a0b3-4825-ad9a-ed7ebaeea18b","Completed","New","03-11-2025 17:32:34","Anonymous","442374",,"cab97c1f-67b4-11f0-a847-0a0cda9789f2","1eb4a3f0-5e3d-4ac9-b813-8b1a562e7235",,,"true","False","QrCode","Bahasa","2025-11-03T10:25:11.7024Z",,,,,,,,,,,,,,,"68b5aaf51f3cc3c03afa57ae"
"540","IDM","TMII","PUSAT INFORMASI","Pusat Informasi Main Lobby","IDM-TMII-PUSAT INFORMASI-Pusat Informasi Main Lobby-01","5","Satisfied","5","Anak-anak saya paling heboh dengan skuter ini. Mereka jadi super aktif dan senang sekali menjelajahi. fasilitas ini cocok banget menambah excitement buat liburan bareng anak-anak",,"Positive","5","5","5","5","5","5","Melayani dengan cepat dan tepat",,,,"Fasilitas pusat informasi lengkap dan mendukung kebutuhan pengunjung",,,,"Informasi mudah diakses dan disampaikan dengan jelas kepada pengunjung",,,,"83e6767c-4ccd-496b-b7c5-b09ad376869e","Completed","New","03-11-2025 17:20:14","Anonymous","238798",,"cab97c1f-67b4-11f0-a847-0a0cda9789f2","1eb4a3f0-5e3d-4ac9-b813-8b1a562e7235",,,"true","False","QrCode","Bahasa","2025-11-03T10:16:15.2561Z",,,,,,,,,,,,,,,"68b5aaf51f3cc3c03afa57ae"
"541","IDM","TMII","PUSAT INFORMASI","Pusat Informasi Main Lobby","IDM-TMII-PUSAT INFORMASI-Pusat Informasi Main Lobby-01","4","Satisfied","4","Terimakasih untuk petugas di lobby atas arahannya untuk kami sekeluarga menikmati area tmii yg luas ini, dan juga terimakasih atas keramahan setiap petugas yg kmi temukan",,"Positive","5","5","5","5","5","5","Melakukan layanan secara profesional dan ramah (menjaga kontak mata, tersenyum tulus, dan memberikan solusi dengan empati)|Memiliki penampilan yang bersih dan rapi|Memberikan informasi dengan jelas dan akurat|Melayani dengan cepat dan tepat|Membantu dan memastikan kesiapan fasilitas",,,,"Fasilitas pusat informasi lengkap dan mendukung kebutuhan pengunjung|Fasilitas pusat informasi tersedia dengan baik dan mudah diakses oleh pengunjung",,,,"Pusat informasi bersih dan tertata dengan baik|Pusat informasi nyaman digunakan oleh pengunjung|Informasi mudah diakses dan disampaikan dengan jelas kepada pengunjung",,,,"f884f0d6-1eaf-4ea6-9d8e-8bf781f0c28e","Completed","New","03-11-2025 14:04:34","Anonymous","229385",,"cab97c1f-67b4-11f0-a847-0a0cda9789f2","1eb4a3f0-5e3d-4ac9-b813-8b1a562e7235",,,"true","False","QrCode","Bahasa","2025-11-03T07:00:40.4881Z",,,,,,,,,,,,,,,"68b5aaf51f3cc3c03afa57ae"
"542","IDM","TMII","PUSAT INFORMASI","Pusat Informasi Main Lobby","IDM-TMII-PUSAT INFORMASI-Pusat Informasi Main Lobby-01","5","Satisfied","5","Semua sudah bagus, tempat wisata sangat edukatif dan sudah eco life",,"Positive","5","5","5","5","5","5","Memiliki penampilan yang bersih dan rapi",,,,"Fasilitas pusat informasi tersedia dengan baik dan mudah diakses oleh pengunjung",,,,"Informasi mudah diakses dan disampaikan dengan jelas kepada pengunjung",,,,"0cf65fbb-07fb-450f-99ed-cca09f7ff1e3","Completed","New","02-11-2025 17:04:03","Anonymous","11761389",,"cab97c1f-67b4-11f0-a847-0a0cda9789f2","1eb4a3f0-5e3d-4ac9-b813-8b1a562e7235",,,"true","False","QrCode","Bahasa","2025-11-02T06:47:58.1350Z",,,,,,,,,,,,,,,"68b5aaf51f3cc3c03afa57ae"
"543","IDM","TMII","PUSAT INFORMASI","Pusat Informasi Main Lobby","IDM-TMII-PUSAT INFORMASI-Pusat Informasi Main Lobby-01","5","Satisfied","5","Sangat berkesan, petugas sigap melayani ketika hujan langsung diberikan payung dan kami dibantu menaikan wara wiri",,"Positive","5","5","5","5","5","5","Melakukan layanan secara profesional dan ramah (menjaga kontak mata, tersenyum tulus, dan memberikan solusi dengan empati)",,,,"Fasilitas pusat informasi lengkap dan mendukung kebutuhan pengunjung",,,,"Pusat informasi bersih dan tertata dengan baik",,,,"542bb9f3-06d7-4ce1-b609-0a16c86e4ce2","Completed","New","02-11-2025 13:47:47","Anonymous","7202191",,"cab97c1f-67b4-11f0-a847-0a0cda9789f2","1eb4a3f0-5e3d-4ac9-b813-8b1a562e7235",,,"true","False","QrCode","Bahasa","2025-11-02T04:47:44.0430Z",,,,,,,,,,,,,,,"68b5aaf51f3cc3c03afa57ae"
"544","IDM","TMII","PUSAT INFORMASI","Antrian Shuttle","IDM-TMII-PUSAT INFORMASI-Antrian Shuttle-01","3","Neutral","3","Netral",,"Neutral","4","4","4","4","4","4","Melakukan layanan secara profesional dan ramah (menjaga kontak mata, tersenyum tulus, dan memberikan solusi dengan empati)|Memiliki penampilan yang bersih dan rapi|Memberikan informasi dengan jelas dan akurat|Melayani dengan cepat dan tepat|Membantu dan memastikan kesiapan fasilitas",,,,"Fasilitas pusat informasi lengkap dan mendukung kebutuhan pengunjung",,,,"Pusat informasi bersih dan tertata dengan baik|Pusat informasi nyaman digunakan oleh pengunjung|Informasi mudah diakses dan disampaikan dengan jelas kepada pengunjung",,,,"a7b4b36f-dcd0-425b-9c69-47767ba0a1e2","Completed","New","01-11-2025 20:01:11","Anonymous","82045",,"cab97c1f-67b4-11f0-a847-0a0cda9789f2","1eb4a3f0-5e3d-4ac9-b813-8b1a562e7235",,,"true","False","QrCode","Bahasa","2025-11-01T12:59:48.8098Z",,,,,,,,,,,,,,,"68b5aaf51f3cc3c03afa57ae"
"545","IDM","TMII","PUSAT INFORMASI","Antrian Shuttle","IDM-TMII-PUSAT INFORMASI-Antrian Shuttle-01","4","Satisfied","4","Angkutan keliling mohon armadanya diperbanyak karena cenderung lama",,"Negative","4","4","4","4","3","3","Memiliki penampilan yang bersih dan rapi",,,,"Fasilitas pusat informasi tersedia dengan baik dan mudah diakses oleh pengunjung",,,,,,"Pusat informasi kurang nyaman digunakan oleh pengunjung",,"ca06ea09-c67e-44f4-92bb-75efb2d2576c","Completed","New","01-11-2025 18:51:40","Anonymous","75715",,"cab97c1f-67b4-11f0-a847-0a0cda9789f2","1eb4a3f0-5e3d-4ac9-b813-8b1a562e7235",,,"true","False","QrCode","Bahasa","2025-11-01T11:50:23.5243Z",,,,,,,,,,,,,,,"68b5aaf51f3cc3c03afa57ae"
"546","IDM","TMII","PUSAT INFORMASI","Antrian Shuttle","IDM-TMII-PUSAT INFORMASI-Antrian Shuttle-01","4","Satisfied","4","Perbanyak lagi tenant makanan terutama kuliner khas daerah, dan juga perbanyak tempat untuk berteduh dari hujan",,"Neutral","5","5","4","4","4","4","Melakukan layanan secara profesional dan ramah (menjaga kontak mata, tersenyum tulus, dan memberikan solusi dengan empati)|Memiliki penampilan yang bersih dan rapi|Memberikan informasi dengan jelas dan akurat|Melayani dengan cepat dan tepat|Membantu dan memastikan kesiapan fasilitas",,,,"Fasilitas pusat informasi tersedia dengan baik dan mudah diakses oleh pengunjung",,,,"Informasi mudah diakses dan disampaikan dengan jelas kepada pengunjung",,,,"fc383de8-14ed-433d-b873-13b934bafbbf","Completed","New","01-11-2025 18:42:18","Anonymous","107731",,"cab97c1f-67b4-11f0-a847-0a0cda9789f2","1eb4a3f0-5e3d-4ac9-b813-8b1a562e7235",,,"true","False","QrCode","Bahasa","2025-11-01T11:40:31.0872Z",,,,,,,,,,,,,,,"68b5aaf51f3cc3c03afa57ae"
"547","IDM","TMII","PUSAT INFORMASI","Pusat Informasi Main Lobby","IDM-TMII-PUSAT INFORMASI-Pusat Informasi Main Lobby-01","5","Satisfied","5","Fasilitas information center sudah sangat membantu dan memudahkan pengunjung terhadap tmpt wisata",,"Positive","4","4","4","4","4","4","Melakukan layanan secara profesional dan ramah (menjaga kontak mata, tersenyum tulus, dan memberikan solusi dengan empati)|Memberikan informasi dengan jelas dan akurat",,,,"Fasilitas pusat informasi tersedia dengan baik dan mudah diakses oleh pengunjung",,,,"Informasi mudah diakses dan disampaikan dengan jelas kepada pengunjung",,,,"fda6360b-004e-4b92-a2d2-72593e39cd86","Completed","New","01-11-2025 17:31:08","Anonymous","516626",,"cab97c1f-67b4-11f0-a847-0a0cda9789f2","1eb4a3f0-5e3d-4ac9-b813-8b1a562e7235",,,"true","False","QrCode","Bahasa","2025-11-01T10:22:31.2975Z",,,,,,,,,,,,,,,"68b5aaf51f3cc3c03afa57ae"
"548","IDM","TMII","PUSAT INFORMASI","Pusat Informasi Main Lobby","IDM-TMII-PUSAT INFORMASI-Pusat Informasi Main Lobby-01","5","Satisfied","5","Saya sangat suka penataan tmii yang sekarang tanpa polusi, tempat kreasi keluarga sangat berkesan ditambah suasananya syahdu",,"Positive","5","5","5","5","5","5","Melakukan layanan secara profesional dan ramah (menjaga kontak mata, tersenyum tulus, dan memberikan solusi dengan empati)|Memberikan informasi dengan jelas dan akurat",,,,"Fasilitas pusat informasi lengkap dan mendukung kebutuhan pengunjung",,,,"Informasi mudah diakses dan disampaikan dengan jelas kepada pengunjung",,,,"ecf4b3dc-8f0b-4fc0-a595-88ffc6431deb","Completed","New","01-11-2025 17:12:44","Anonymous","1255193",,"cab97c1f-67b4-11f0-a847-0a0cda9789f2","1eb4a3f0-5e3d-4ac9-b813-8b1a562e7235",,,"true","False","QrCode","Bahasa","2025-11-01T09:51:45.1109Z",,,,,,,,,,,,,,,"68b5aaf51f3cc3c03afa57ae"
"549","IDM","TMII","PUSAT INFORMASI","Pusat Informasi Main Lobby","IDM-TMII-PUSAT INFORMASI-Pusat Informasi Main Lobby-01","5","Satisfied","5","dikasih saran temen ke tmii katanya seru",,"Positive","5","5","5","5","5","5","Memiliki penampilan yang bersih dan rapi",,,,"Fasilitas pusat informasi lengkap dan mendukung kebutuhan pengunjung",,,,"Pusat informasi nyaman digunakan oleh pengunjung",,,,"73a44031-1029-4a9e-a513-7b4c7d7a8a72","Completed","New","01-11-2025 17:03:52","Anonymous","130671",,"cab97c1f-67b4-11f0-a847-0a0cda9789f2","1eb4a3f0-5e3d-4ac9-b813-8b1a562e7235",,,"true","False","QrCode","Bahasa","2025-11-01T10:01:42.8815Z",,,,,,,,,,,,,,,"68b5aaf51f3cc3c03afa57ae"
"550","IDM","TMII","PUSAT INFORMASI","Pusat Informasi Main Lobby","IDM-TMII-PUSAT INFORMASI-Pusat Informasi Main Lobby-01","5","Satisfied","5","meski harus bayar 35k tapi seru banget bisa jelajah bareng kakak guide gratis naik sepeda.",,"Positive","5","5","5","5","5","5","Melakukan layanan secara profesional dan ramah (menjaga kontak mata, tersenyum tulus, dan memberikan solusi dengan empati)",,,,"Fasilitas pusat informasi tersedia dengan baik dan mudah diakses oleh pengunjung",,,,"Pusat informasi nyaman digunakan oleh pengunjung",,,,"38f6a944-3d64-4a75-9a14-50ebf45dc36f","Completed","New","01-11-2025 16:58:12","Anonymous","91835",,"cab97c1f-67b4-11f0-a847-0a0cda9789f2","1eb4a3f0-5e3d-4ac9-b813-8b1a562e7235",,,"true","False","QrCode","Bahasa","2025-11-01T09:56:40.8432Z",,,,,,,,,,,,,,,"68b5aaf51f3cc3c03afa57ae"
"551","IDM","TMII","PUSAT INFORMASI","Pusat Informasi Main Lobby","IDM-TMII-PUSAT INFORMASI-Pusat Informasi Main Lobby-01","5","Satisfied","5","durasi keliling kurang lama soalnya kaka nya seru 👍🏻",,"Positive","5","5","5","5","5","5","Melakukan layanan secara profesional dan ramah (menjaga kontak mata, tersenyum tulus, dan memberikan solusi dengan empati)|Memiliki penampilan yang bersih dan rapi|Memberikan informasi dengan jelas dan akurat|Melayani dengan cepat dan tepat|Membantu dan memastikan kesiapan fasilitas",,,,"Fasilitas pusat informasi lengkap dan mendukung kebutuhan pengunjung|Fasilitas pusat informasi tersedia dengan baik dan mudah diakses oleh pengunjung",,,,"Pusat informasi bersih dan tertata dengan baik|Pusat informasi nyaman digunakan oleh pengunjung|Informasi mudah diakses dan disampaikan dengan jelas kepada pengunjung",,,,"4c1daaa0-0c1a-422d-9929-2c3a9852526e","Completed","New","01-11-2025 16:50:34","Anonymous","79658",,"cab97c1f-67b4-11f0-a847-0a0cda9789f2","1eb4a3f0-5e3d-4ac9-b813-8b1a562e7235",,,"true","False","QrCode","Bahasa","2025-11-01T09:49:14.4726Z",,,,,,,,,,,,,,,"68b5aaf51f3cc3c03afa57ae"
"552","IDM","TMII","PUSAT INFORMASI","Pusat Informasi Main Lobby","IDM-TMII-PUSAT INFORMASI-Pusat Informasi Main Lobby-01","5","Satisfied","5","bisa di tambahkan jam pelayanannya",,"Neutral","5","5","5","5","5","5","Melakukan layanan secara profesional dan ramah (menjaga kontak mata, tersenyum tulus, dan memberikan solusi dengan empati)|Memberikan informasi dengan jelas dan akurat|Melayani dengan cepat dan tepat|Membantu dan memastikan kesiapan fasilitas|Memiliki penampilan yang bersih dan rapi",,,,"Fasilitas pusat informasi lengkap dan mendukung kebutuhan pengunjung|Fasilitas pusat informasi tersedia dengan baik dan mudah diakses oleh pengunjung",,,,"Pusat informasi bersih dan tertata dengan baik|Pusat informasi nyaman digunakan oleh pengunjung|Informasi mudah diakses dan disampaikan dengan jelas kepada pengunjung",,,,"6c260ddf-a14a-47da-a308-4cd8a1a2babc","Completed","New","01-11-2025 16:50:33","Anonymous","89276",,"cab97c1f-67b4-11f0-a847-0a0cda9789f2","1eb4a3f0-5e3d-4ac9-b813-8b1a562e7235",,,"true","False","QrCode","Bahasa","2025-11-01T09:49:04.1061Z",,,,,,,,,,,,,,,"68b5aaf51f3cc3c03afa57ae"
"553","IDM","TMII","PUSAT INFORMASI","Pusat Informasi Main Lobby","IDM-TMII-PUSAT INFORMASI-Pusat Informasi Main Lobby-01","5","Satisfied","5","kurang lama 😄",,"Positive","5","5","5","5","5","5","Melakukan layanan secara profesional dan ramah (menjaga kontak mata, tersenyum tulus, dan memberikan solusi dengan empati)|Memiliki penampilan yang bersih dan rapi|Memberikan informasi dengan jelas dan akurat|Melayani dengan cepat dan tepat|Membantu dan memastikan kesiapan fasilitas",,,,"Fasilitas pusat informasi lengkap dan mendukung kebutuhan pengunjung|Fasilitas pusat informasi tersedia dengan baik dan mudah diakses oleh pengunjung",,,,"Pusat informasi bersih dan tertata dengan baik|Pusat informasi nyaman digunakan oleh pengunjung|Informasi mudah diakses dan disampaikan dengan jelas kepada pengunjung",,,,"db18efd9-6fad-47ee-8857-c1c43ed5b50c","Completed","New","01-11-2025 16:50:28","Anonymous","80711",,"cab97c1f-67b4-11f0-a847-0a0cda9789f2","1eb4a3f0-5e3d-4ac9-b813-8b1a562e7235",,,"true","False","QrCode","Bahasa","2025-11-01T09:49:07.2093Z",,,,,,,,,,,,,,,"68b5aaf51f3cc3c03afa57ae"
"554","IDM","TMII","PUSAT INFORMASI","Pusat Informasi Main Lobby","IDM-TMII-PUSAT INFORMASI-Pusat Informasi Main Lobby-01","5","Satisfied","5",,,,"5","5","5","5","5","5","Melakukan layanan secara profesional dan ramah (menjaga kontak mata, tersenyum tulus, dan memberikan solusi dengan empati)|Memiliki penampilan yang bersih dan rapi|Memberikan informasi dengan jelas dan akurat|Melayani dengan cepat dan tepat|Membantu dan memastikan kesiapan fasilitas",,,,"Fasilitas pusat informasi lengkap dan mendukung kebutuhan pengunjung|Fasilitas pusat informasi tersedia dengan baik dan mudah diakses oleh pengunjung",,,,"Pusat informasi bersih dan tertata dengan baik|Pusat informasi nyaman digunakan oleh pengunjung|Informasi mudah diakses dan disampaikan dengan jelas kepada pengunjung",,,,"cbf9763e-4992-4bc1-9a5a-2077cdebbf3a","Completed","New","01-11-2025 16:49:56","Anonymous","44690",,"cab97c1f-67b4-11f0-a847-0a0cda9789f2","1eb4a3f0-5e3d-4ac9-b813-8b1a562e7235",,,"true","False","QrCode","Bahasa","2025-11-01T09:49:10.6853Z",,,,,,,,,,,,,,,"68b5aaf51f3cc3c03afa57ae"
"555","IDM","TMII","PUSAT INFORMASI","Pusat Informasi Main Lobby","IDM-TMII-PUSAT INFORMASI-Pusat Informasi Main Lobby-01","5","Satisfied","5","baik, ramah",,"Positive","5","5","5","5","5","5","Melakukan layanan secara profesional dan ramah (menjaga kontak mata, tersenyum tulus, dan memberikan solusi dengan empati)|Memiliki penampilan yang bersih dan rapi|Memberikan informasi dengan jelas dan akurat|Melayani dengan cepat dan tepat|Membantu dan memastikan kesiapan fasilitas",,,,"Fasilitas pusat informasi lengkap dan mendukung kebutuhan pengunjung|Fasilitas pusat informasi tersedia dengan baik dan mudah diakses oleh pengunjung",,,,"Pusat informasi bersih dan tertata dengan baik|Pusat informasi nyaman digunakan oleh pengunjung|Informasi mudah diakses dan disampaikan dengan jelas kepada pengunjung",,,,"76ba2167-1a8c-4781-b78c-f1b4c2a1d82c","Completed","New","01-11-2025 14:23:21","Anonymous","58025",,"cab97c1f-67b4-11f0-a847-0a0cda9789f2","1eb4a3f0-5e3d-4ac9-b813-8b1a562e7235",,,"true","False","QrCode","English","2025-11-01T07:22:21.9808Z",,,,,,,,,,,,,,,"68b5aaf51f3cc3c03afa57ae"
"556","IDM","TMII","PUSAT INFORMASI","Pusat Informasi Main Lobby","IDM-TMII-PUSAT INFORMASI-Pusat Informasi Main Lobby-01","5","Satisfied","5","sudah baik",,"Positive","5","5","5","5","5","5","Melakukan layanan secara profesional dan ramah (menjaga kontak mata, tersenyum tulus, dan memberikan solusi dengan empati)|Memiliki penampilan yang bersih dan rapi|Memberikan informasi dengan jelas dan akurat|Melayani dengan cepat dan tepat|Membantu dan memastikan kesiapan fasilitas",,,,"Fasilitas pusat informasi lengkap dan mendukung kebutuhan pengunjung|Fasilitas pusat informasi tersedia dengan baik dan mudah diakses oleh pengunjung",,,,"Pusat informasi bersih dan tertata dengan baik|Pusat informasi nyaman digunakan oleh pengunjung|Informasi mudah diakses dan disampaikan dengan jelas kepada pengunjung",,,,"fedeb191-215b-4bc7-a219-800fd2e2867c","Completed","New","01-11-2025 14:22:54","Anonymous","60032",,"cab97c1f-67b4-11f0-a847-0a0cda9789f2","1eb4a3f0-5e3d-4ac9-b813-8b1a562e7235",,,"true","False","QrCode","Bahasa","2025-11-01T07:21:53.6555Z",,,,,,,,,,,,,,,"68b5aaf51f3cc3c03afa57ae"
"557","IDM","TMII","PUSAT INFORMASI","Pusat Informasi Main Lobby","IDM-TMII-PUSAT INFORMASI-Pusat Informasi Main Lobby-01","5","Satisfied","5","sudah baik",,"Positive","5","5","5","5","5","5","Melakukan layanan secara profesional dan ramah (menjaga kontak mata, tersenyum tulus, dan memberikan solusi dengan empati)|Memiliki penampilan yang bersih dan rapi|Memberikan informasi dengan jelas dan akurat|Melayani dengan cepat dan tepat|Membantu dan memastikan kesiapan fasilitas",,,,"Fasilitas pusat informasi lengkap dan mendukung kebutuhan pengunjung|Fasilitas pusat informasi tersedia dengan baik dan mudah diakses oleh pengunjung",,,,"Pusat informasi bersih dan tertata dengan baik|Pusat informasi nyaman digunakan oleh pengunjung|Informasi mudah diakses dan disampaikan dengan jelas kepada pengunjung",,,,"ef363ef3-41a7-45ca-aafa-c25cd64bbfc1","Completed","New","01-11-2025 14:22:04","Anonymous","49820",,"cab97c1f-67b4-11f0-a847-0a0cda9789f2","1eb4a3f0-5e3d-4ac9-b813-8b1a562e7235",,,"true","False","QrCode","Bahasa","2025-11-01T07:21:14.6961Z",,,,,,,,,,,,,,,"68b5aaf51f3cc3c03afa57ae"
"558","IDM","TMII","PUSAT INFORMASI","Pusat Informasi Main Lobby","IDM-TMII-PUSAT INFORMASI-Pusat Informasi Main Lobby-01","4","Satisfied","4","gg",,"Neutral","5","5","5","5","5","5","Melakukan layanan secara profesional dan ramah (menjaga kontak mata, tersenyum tulus, dan memberikan solusi dengan empati)|Memiliki penampilan yang bersih dan rapi|Memberikan informasi dengan jelas dan akurat|Melayani dengan cepat dan tepat|Membantu dan memastikan kesiapan fasilitas",,,,"Fasilitas pusat informasi lengkap dan mendukung kebutuhan pengunjung|Fasilitas pusat informasi tersedia dengan baik dan mudah diakses oleh pengunjung",,,,"Pusat informasi bersih dan tertata dengan baik|Pusat informasi nyaman digunakan oleh pengunjung|Informasi mudah diakses dan disampaikan dengan jelas kepada pengunjung",,,,"340e5546-8c65-4bdf-9ecc-52bf04f5ab36","Completed","New","01-11-2025 14:22:02","Anonymous","53046",,"cab97c1f-67b4-11f0-a847-0a0cda9789f2","1eb4a3f0-5e3d-4ac9-b813-8b1a562e7235",,,"true","False","QrCode","English","2025-11-01T07:21:09.2315Z",,,,,,,,,,,,,,,"68b5aaf51f3cc3c03afa57ae"
"559","IDM","TMII","PUSAT INFORMASI","Pusat Informasi Main Lobby","IDM-TMII-PUSAT INFORMASI-Pusat Informasi Main Lobby-01","4","Satisfied","4","Sudha bagus",,"Positive","4","4","4","4","5","5","Melakukan layanan secara profesional dan ramah (menjaga kontak mata, tersenyum tulus, dan memberikan solusi dengan empati)|Memiliki penampilan yang bersih dan rapi|Memberikan informasi dengan jelas dan akurat|Membantu dan memastikan kesiapan fasilitas|Melayani dengan cepat dan tepat",,,,"Fasilitas pusat informasi tersedia dengan baik dan mudah diakses oleh pengunjung",,,,"Informasi mudah diakses dan disampaikan dengan jelas kepada pengunjung",,,,"866e3f59-f4cb-4257-b7e6-7995af8c6801","Completed","New","01-11-2025 14:22:00","Anonymous","38758",,"cab97c1f-67b4-11f0-a847-0a0cda9789f2","1eb4a3f0-5e3d-4ac9-b813-8b1a562e7235",,,"true","False","QrCode","Bahasa","2025-11-01T07:21:21.0364Z",,,,,,,,,,,,,,,"68b5aaf51f3cc3c03afa57ae"
"560","IDM","TMII","PUSAT INFORMASI","Pusat Informasi Main Lobby","IDM-TMII-PUSAT INFORMASI-Pusat Informasi Main Lobby-01","5","Satisfied","5","this is so fun",,"Positive","5","5","5","5","5","5","Melakukan layanan secara profesional dan ramah (menjaga kontak mata, tersenyum tulus, dan memberikan solusi dengan empati)|Memiliki penampilan yang bersih dan rapi|Memberikan informasi dengan jelas dan akurat|Melayani dengan cepat dan tepat|Membantu dan memastikan kesiapan fasilitas",,,,"Fasilitas pusat informasi lengkap dan mendukung kebutuhan pengunjung|Fasilitas pusat informasi tersedia dengan baik dan mudah diakses oleh pengunjung",,,,"Informasi mudah diakses dan disampaikan dengan jelas kepada pengunjung|Pusat informasi nyaman digunakan oleh pengunjung|Pusat informasi bersih dan tertata dengan baik",,,,"8e0e2350-92ab-48da-b2a9-838bb5b4f4aa","Completed","New","01-11-2025 14:21:47","Anonymous","53323",,"cab97c1f-67b4-11f0-a847-0a0cda9789f2","1eb4a3f0-5e3d-4ac9-b813-8b1a562e7235",,,"true","False","QrCode","English","2025-11-01T07:20:53.3283Z",,,,,,,,,,,,,,,"68b5aaf51f3cc3c03afa57ae"
"561","IDM","TMII","PUSAT INFORMASI","Pusat Informasi Main Lobby","IDM-TMII-PUSAT INFORMASI-Pusat Informasi Main Lobby-01","5","Satisfied","5","pelayanan oke, customer service ramah dan fasilitas yang sangat nyaman",,"Positive","5","5","5","5","5","5","Melakukan layanan secara profesional dan ramah (menjaga kontak mata, tersenyum tulus, dan memberikan solusi dengan empati)|Memiliki penampilan yang bersih dan rapi|Memberikan informasi dengan jelas dan akurat|Melayani dengan cepat dan tepat|Membantu dan memastikan kesiapan fasilitas",,,,"Fasilitas pusat informasi lengkap dan mendukung kebutuhan pengunjung|Fasilitas pusat informasi tersedia dengan baik dan mudah diakses oleh pengunjung",,,,"Pusat informasi bersih dan tertata dengan baik|Pusat informasi nyaman digunakan oleh pengunjung|Informasi mudah diakses dan disampaikan dengan jelas kepada pengunjung",,,,"70a468f7-c72f-46ed-8827-d995bf83f957","Completed","New","01-11-2025 14:21:44","Anonymous","65967",,"cab97c1f-67b4-11f0-a847-0a0cda9789f2","1eb4a3f0-5e3d-4ac9-b813-8b1a562e7235",,,"true","False","QrCode","Bahasa","2025-11-01T07:20:38.9476Z",,,,,,,,,,,,,,,"68b5aaf51f3cc3c03afa57ae"
"562","IDM","TMII","PUSAT INFORMASI","Pusat Informasi Main Lobby","IDM-TMII-PUSAT INFORMASI-Pusat Informasi Main Lobby-01","5","Satisfied","5","Sudah kerennn bangett",,"Positive","5","5","5","5","5","5","Melakukan layanan secara profesional dan ramah (menjaga kontak mata, tersenyum tulus, dan memberikan solusi dengan empati)|Memiliki penampilan yang bersih dan rapi|Memberikan informasi dengan jelas dan akurat|Melayani dengan cepat dan tepat|Membantu dan memastikan kesiapan fasilitas",,,,"Fasilitas pusat informasi lengkap dan mendukung kebutuhan pengunjung|Fasilitas pusat informasi tersedia dengan baik dan mudah diakses oleh pengunjung",,,,"Pusat informasi bersih dan tertata dengan baik|Pusat informasi nyaman digunakan oleh pengunjung|Informasi mudah diakses dan disampaikan dengan jelas kepada pengunjung",,,,"06e322c8-330c-463d-90c5-4145a218d464","Completed","New","01-11-2025 14:21:38","Anonymous","33662",,"cab97c1f-67b4-11f0-a847-0a0cda9789f2","1eb4a3f0-5e3d-4ac9-b813-8b1a562e7235",,,"true","False","QrCode","Bahasa","2025-11-01T07:21:05.1185Z",,,,,,,,,,,,,,,"68b5aaf51f3cc3c03afa57ae"
"563","IDM","TMII","PUSAT INFORMASI","Pusat Informasi Main Lobby","IDM-TMII-PUSAT INFORMASI-Pusat Informasi Main Lobby-01","5","Satisfied","5","Pelayanan oke, customer service ramah, fasilitas nyaman.",,"Positive","5","5","5","5","5","5","Melakukan layanan secara profesional dan ramah (menjaga kontak mata, tersenyum tulus, dan memberikan solusi dengan empati)|Memiliki penampilan yang bersih dan rapi|Memberikan informasi dengan jelas dan akurat|Melayani dengan cepat dan tepat|Membantu dan memastikan kesiapan fasilitas",,,,"Fasilitas pusat informasi lengkap dan mendukung kebutuhan pengunjung|Fasilitas pusat informasi tersedia dengan baik dan mudah diakses oleh pengunjung",,,,"Pusat informasi bersih dan tertata dengan baik|Pusat informasi nyaman digunakan oleh pengunjung|Informasi mudah diakses dan disampaikan dengan jelas kepada pengunjung",,,,"212526fc-230f-44c5-aa48-217a39048d99","Completed","New","01-11-2025 14:21:31","Anonymous","58156",,"cab97c1f-67b4-11f0-a847-0a0cda9789f2","1eb4a3f0-5e3d-4ac9-b813-8b1a562e7235",,,"true","False","QrCode","Bahasa","2025-11-01T07:20:31.8217Z",,,,,,,,,,,,,,,"68b5aaf51f3cc3c03afa57ae"
"564","IDM","TMII","PUSAT INFORMASI","Pusat Informasi Main Lobby","IDM-TMII-PUSAT INFORMASI-Pusat Informasi Main Lobby-01","5","Satisfied","5",,,,"5","5","5","5","5","5","Melakukan layanan secara profesional dan ramah (menjaga kontak mata, tersenyum tulus, dan memberikan solusi dengan empati)|Memiliki penampilan yang bersih dan rapi|Memberikan informasi dengan jelas dan akurat|Melayani dengan cepat dan tepat|Membantu dan memastikan kesiapan fasilitas",,,,"Fasilitas pusat informasi lengkap dan mendukung kebutuhan pengunjung|Fasilitas pusat informasi tersedia dengan baik dan mudah diakses oleh pengunjung",,,,"Pusat informasi bersih dan tertata dengan baik|Pusat informasi nyaman digunakan oleh pengunjung|Informasi mudah diakses dan disampaikan dengan jelas kepada pengunjung",,,,"c0d91119-80cf-4f05-9e2a-626ed61b2dae","Completed","New","01-11-2025 14:21:35","Anonymous","40400",,"cab97c1f-67b4-11f0-a847-0a0cda9789f2","1eb4a3f0-5e3d-4ac9-b813-8b1a562e7235",,,"true","False","QrCode","Bahasa","2025-11-01T07:20:54.5043Z",,,,,,,,,,,,,,,"68b5aaf51f3cc3c03afa57ae"
"565","IDM","TMII","PUSAT INFORMASI","Pusat Informasi Main Lobby","IDM-TMII-PUSAT INFORMASI-Pusat Informasi Main Lobby-01","5","Satisfied","5","sudah cukup baik, responsif dan sangat membantu",,"Positive","5","5","5","5","5","5","Melakukan layanan secara profesional dan ramah (menjaga kontak mata, tersenyum tulus, dan memberikan solusi dengan empati)|Memiliki penampilan yang bersih dan rapi|Memberikan informasi dengan jelas dan akurat|Melayani dengan cepat dan tepat|Membantu dan memastikan kesiapan fasilitas",,,,"Fasilitas pusat informasi lengkap dan mendukung kebutuhan pengunjung|Fasilitas pusat informasi tersedia dengan baik dan mudah diakses oleh pengunjung",,,,"Pusat informasi bersih dan tertata dengan baik|Pusat informasi nyaman digunakan oleh pengunjung|Informasi mudah diakses dan disampaikan dengan jelas kepada pengunjung",,,,"b8a5db77-8b9d-4230-b81a-4f563407552b","Completed","New","01-11-2025 14:21:25","Anonymous","53786",,"cab97c1f-67b4-11f0-a847-0a0cda9789f2","1eb4a3f0-5e3d-4ac9-b813-8b1a562e7235",,,"true","False","QrCode","Bahasa","2025-11-01T07:20:31.0495Z",,,,,,,,,,,,,,,"68b5aaf51f3cc3c03afa57ae"
"566","IDM","TMII","PUSAT INFORMASI","Pusat Informasi Main Lobby","IDM-TMII-PUSAT INFORMASI-Pusat Informasi Main Lobby-01","4","Satisfied","4","Bagus sudah melayani dengan baik, namun mungkin diperbanyak lagi brosur untuk map tmii",,"Positive","5","5","4","4","5","5","Melakukan layanan secara profesional dan ramah (menjaga kontak mata, tersenyum tulus, dan memberikan solusi dengan empati)",,,,"Fasilitas pusat informasi lengkap dan mendukung kebutuhan pengunjung",,,,"Pusat informasi bersih dan tertata dengan baik",,,,"beed3826-4538-4e79-86db-13c29dd1e33f","Completed","New","01-11-2025 14:21:21","Anonymous","61257",,"cab97c1f-67b4-11f0-a847-0a0cda9789f2","1eb4a3f0-5e3d-4ac9-b813-8b1a562e7235",,,"true","False","QrCode","Bahasa","2025-11-01T07:20:19.7651Z",,,,,,,,,,,,,,,"68b5aaf51f3cc3c03afa57ae"
"567","IDM","TMII","PUSAT INFORMASI","Pusat Informasi Main Lobby","IDM-TMII-PUSAT INFORMASI-Pusat Informasi Main Lobby-01","5","Satisfied","5","Lebih banyak event menarik lagi",,"Positive","5","5","5","5","5","5","Melakukan layanan secara profesional dan ramah (menjaga kontak mata, tersenyum tulus, dan memberikan solusi dengan empati)",,,,"Fasilitas pusat informasi lengkap dan mendukung kebutuhan pengunjung",,,,"Pusat informasi bersih dan tertata dengan baik",,,,"9c691532-d34f-4e5a-acdb-c2f1c454c883","Completed","New","01-11-2025 14:21:20","Anonymous","27367",,"cab97c1f-67b4-11f0-a847-0a0cda9789f2","1eb4a3f0-5e3d-4ac9-b813-8b1a562e7235",,,"true","False","QrCode","Bahasa","2025-11-01T07:20:52.7583Z",,,,,,,,,,,,,,,"68b5aaf51f3cc3c03afa57ae"
"568","IDM","TMII","PUSAT INFORMASI","Pusat Informasi Main Lobby","IDM-TMII-PUSAT INFORMASI-Pusat Informasi Main Lobby-01","5","Satisfied","5","Puas sekali dengan servisnya, terima kasih.",,"Positive","5","5","5","5","5","5","Melakukan layanan secara profesional dan ramah (menjaga kontak mata, tersenyum tulus, dan memberikan solusi dengan empati)|Memiliki penampilan yang bersih dan rapi|Memberikan informasi dengan jelas dan akurat|Membantu dan memastikan kesiapan fasilitas|Melayani dengan cepat dan tepat",,,,"Fasilitas pusat informasi lengkap dan mendukung kebutuhan pengunjung|Fasilitas pusat informasi tersedia dengan baik dan mudah diakses oleh pengunjung",,,,"Pusat informasi bersih dan tertata dengan baik|Pusat informasi nyaman digunakan oleh pengunjung|Informasi mudah diakses dan disampaikan dengan jelas kepada pengunjung",,,,"c1a32cc5-2ef7-4f07-97a9-d331c18b5315","Completed","New","01-11-2025 13:01:36","Anonymous","168443",,"cab97c1f-67b4-11f0-a847-0a0cda9789f2","1eb4a3f0-5e3d-4ac9-b813-8b1a562e7235",,,"true","False","QrCode","Bahasa","2025-11-01T05:58:42.3566Z",,,,,,,,,,,,,,,"68b5aaf51f3cc3c03afa57ae"
"569","IDM","TMII","PUSAT INFORMASI","Pusat Informasi Main Lobby","IDM-TMII-PUSAT INFORMASI-Pusat Informasi Main Lobby-01","4","Satisfied","4","fasilitasnya udh oke",,"Positive","4","4","4","4","4","4","Melakukan layanan secara profesional dan ramah (menjaga kontak mata, tersenyum tulus, dan memberikan solusi dengan empati)|Memiliki penampilan yang bersih dan rapi|Memberikan informasi dengan jelas dan akurat|Melayani dengan cepat dan tepat",,,,"Fasilitas pusat informasi lengkap dan mendukung kebutuhan pengunjung|Fasilitas pusat informasi tersedia dengan baik dan mudah diakses oleh pengunjung",,,,"Informasi mudah diakses dan disampaikan dengan jelas kepada pengunjung",,,,"eb8dcc94-e740-4d3f-b620-f9ce0d7c8249","Completed","New","01-11-2025 11:23:00","Anonymous","94596",,"cab97c1f-67b4-11f0-a847-0a0cda9789f2","1eb4a3f0-5e3d-4ac9-b813-8b1a562e7235",,,"true","False","QrCode","Bahasa","2025-11-01T04:21:22.7351Z",,,,,,,,,,,,,,,"68b5aaf51f3cc3c03afa57ae"
"570","IDM","TMII","PUSAT INFORMASI","Pusat Informasi Main Lobby","IDM-TMII-PUSAT INFORMASI-Pusat Informasi Main Lobby-01","4","Satisfied","4","tidak ada bagus semua",,"Negative","5","5","4","4","5","5","Melakukan layanan secara profesional dan ramah (menjaga kontak mata, tersenyum tulus, dan memberikan solusi dengan empati)|Memiliki penampilan yang bersih dan rapi|Memberikan informasi dengan jelas dan akurat|Membantu dan memastikan kesiapan fasilitas",,,,"Fasilitas pusat informasi tersedia dengan baik dan mudah diakses oleh pengunjung",,,,"Pusat informasi nyaman digunakan oleh pengunjung|Informasi mudah diakses dan disampaikan dengan jelas kepada pengunjung",,,,"53a640e2-02f6-45ea-8668-65985e506717","Completed","New","01-11-2025 11:22:32","Anonymous","73064",,"cab97c1f-67b4-11f0-a847-0a0cda9789f2","1eb4a3f0-5e3d-4ac9-b813-8b1a562e7235",,,"true","False","QrCode","Bahasa","2025-11-01T04:21:14.7223Z",,,,,,,,,,,,,,,"68b5aaf51f3cc3c03afa57ae"
"571","IDM","TMII","PUSAT INFORMASI","Pusat Informasi Main Lobby","IDM-TMII-PUSAT INFORMASI-Pusat Informasi Main Lobby-01","4","Satisfied","4","seru keren jelas",,"Positive","5","5","5","5","5","5","Melakukan layanan secara profesional dan ramah (menjaga kontak mata, tersenyum tulus, dan memberikan solusi dengan empati)|Memberikan informasi dengan jelas dan akurat|Memiliki penampilan yang bersih dan rapi|Melayani dengan cepat dan tepat|Membantu dan memastikan kesiapan fasilitas",,,,"Fasilitas pusat informasi lengkap dan mendukung kebutuhan pengunjung|Fasilitas pusat informasi tersedia dengan baik dan mudah diakses oleh pengunjung",,,,"Pusat informasi bersih dan tertata dengan baik|Pusat informasi nyaman digunakan oleh pengunjung|Informasi mudah diakses dan disampaikan dengan jelas kepada pengunjung",,,,"a5cbe686-0e35-4acd-8701-563112542d06","Completed","New","01-11-2025 11:23:58","Anonymous","65239",,"cab97c1f-67b4-11f0-a847-0a0cda9789f2","1eb4a3f0-5e3d-4ac9-b813-8b1a562e7235",,,"true","False","QrCode","Bahasa","2025-11-01T04:21:14.2364Z",,,,,,,,,,,,,,,"68b5aaf51f3cc3c03afa57ae"
"572","IDM","TMII","PUSAT INFORMASI","Pusat Informasi Main Lobby","IDM-TMII-PUSAT INFORMASI-Pusat Informasi Main Lobby-01","5","Satisfied","5","Sudah cukup baikk",,"Positive","5","5","5","5","5","5","Melakukan layanan secara profesional dan ramah (menjaga kontak mata, tersenyum tulus, dan memberikan solusi dengan empati)|Memiliki penampilan yang bersih dan rapi|Memberikan informasi dengan jelas dan akurat|Melayani dengan cepat dan tepat|Membantu dan memastikan kesiapan fasilitas",,,,"Fasilitas pusat informasi lengkap dan mendukung kebutuhan pengunjung|Fasilitas pusat informasi tersedia dengan baik dan mudah diakses oleh pengunjung",,,,"Pusat informasi bersih dan tertata dengan baik|Pusat informasi nyaman digunakan oleh pengunjung|Informasi mudah diakses dan disampaikan dengan jelas kepada pengunjung",,,,"762ccda1-9645-41ef-b471-1ca6fc6d4555","Completed","New","01-11-2025 11:22:18","Anonymous","47720",,"cab97c1f-67b4-11f0-a847-0a0cda9789f2","1eb4a3f0-5e3d-4ac9-b813-8b1a562e7235",,,"true","False","QrCode","Bahasa","2025-11-01T04:21:29.3003Z",,,,,,,,,,,,,,,"68b5aaf51f3cc3c03afa57ae"
"573","IDM","TMII","PUSAT INFORMASI","Pusat Informasi Main Lobby","IDM-TMII-PUSAT INFORMASI-Pusat Informasi Main Lobby-01","5","Satisfied","5","diberikan kursi untuk menunggu bike tour",,"Positive","5","5","5","5","5","5","Melakukan layanan secara profesional dan ramah (menjaga kontak mata, tersenyum tulus, dan memberikan solusi dengan empati)|Memberikan informasi dengan jelas dan akurat|Melayani dengan cepat dan tepat|Membantu dan memastikan kesiapan fasilitas",,,,"Fasilitas pusat informasi lengkap dan mendukung kebutuhan pengunjung|Fasilitas pusat informasi tersedia dengan baik dan mudah diakses oleh pengunjung",,,,"Pusat informasi bersih dan tertata dengan baik|Pusat informasi nyaman digunakan oleh pengunjung|Informasi mudah diakses dan disampaikan dengan jelas kepada pengunjung",,,,"3bd3ec2d-bc8f-4182-9b9d-cd1a97239c15","Completed","New","01-11-2025 11:22:14","Anonymous","54500",,"cab97c1f-67b4-11f0-a847-0a0cda9789f2","1eb4a3f0-5e3d-4ac9-b813-8b1a562e7235",,,"true","False","QrCode","Bahasa","2025-11-01T04:21:19.6284Z",,,,,,,,,,,,,,,"68b5aaf51f3cc3c03afa57ae"
"574","IDM","TMII","PUSAT INFORMASI","Pusat Informasi Main Lobby","IDM-TMII-PUSAT INFORMASI-Pusat Informasi Main Lobby-01","5","Satisfied","5","Harua ada yang stay aja si di meja customer service",,"Neutral","5","5","5","5","5","5","Melakukan layanan secara profesional dan ramah (menjaga kontak mata, tersenyum tulus, dan memberikan solusi dengan empati)|Memiliki penampilan yang bersih dan rapi|Memberikan informasi dengan jelas dan akurat|Melayani dengan cepat dan tepat|Membantu dan memastikan kesiapan fasilitas",,,,"Fasilitas pusat informasi lengkap dan mendukung kebutuhan pengunjung|Fasilitas pusat informasi tersedia dengan baik dan mudah diakses oleh pengunjung",,,,"Pusat informasi bersih dan tertata dengan baik|Pusat informasi nyaman digunakan oleh pengunjung|Informasi mudah diakses dan disampaikan dengan jelas kepada pengunjung",,,,"9ca53201-63d8-47cc-a721-d6c0cb9d9d5c","Completed","New","01-11-2025 11:22:14","Anonymous","52967",,"cab97c1f-67b4-11f0-a847-0a0cda9789f2","1eb4a3f0-5e3d-4ac9-b813-8b1a562e7235",,,"true","False","QrCode","Bahasa","2025-11-01T04:21:21.6161Z",,,,,,,,,,,,,,,"68b5aaf51f3cc3c03afa57ae"
"575","IDM","TMII","PUSAT INFORMASI","Pusat Informasi Main Lobby","IDM-TMII-PUSAT INFORMASI-Pusat Informasi Main Lobby-01","5","Satisfied","5",,,,"5","5","5","5","5","5","Melakukan layanan secara profesional dan ramah (menjaga kontak mata, tersenyum tulus, dan memberikan solusi dengan empati)|Memiliki penampilan yang bersih dan rapi|Memberikan informasi dengan jelas dan akurat|Melayani dengan cepat dan tepat|Membantu dan memastikan kesiapan fasilitas",,,,"Fasilitas pusat informasi lengkap dan mendukung kebutuhan pengunjung|Fasilitas pusat informasi tersedia dengan baik dan mudah diakses oleh pengunjung",,,,"Pusat informasi bersih dan tertata dengan baik|Pusat informasi nyaman digunakan oleh pengunjung|Informasi mudah diakses dan disampaikan dengan jelas kepada pengunjung",,,,"af34613e-65be-4add-8145-86338469dbdc","Completed","New","01-11-2025 11:22:00","Anonymous","33629",,"cab97c1f-67b4-11f0-a847-0a0cda9789f2","1eb4a3f0-5e3d-4ac9-b813-8b1a562e7235",,,"true","False","QrCode","Bahasa","2025-11-01T04:21:26.0191Z",,,,,,,,,,,,,,,"68b5aaf51f3cc3c03afa57ae"
"576","IDM","TMII","PUSAT INFORMASI","Pusat Informasi Main Lobby","IDM-TMII-PUSAT INFORMASI-Pusat Informasi Main Lobby-01","5","Satisfied","5",,,,"5","5","5","5","5","5","Memberikan informasi dengan jelas dan akurat",,,,"Fasilitas pusat informasi tersedia dengan baik dan mudah diakses oleh pengunjung",,,,"Informasi mudah diakses dan disampaikan dengan jelas kepada pengunjung",,,,"23e44626-3d45-41ba-99ef-5c093503014d","Completed","New","01-11-2025 11:21:56","Anonymous","40256",,"cab97c1f-67b4-11f0-a847-0a0cda9789f2","1eb4a3f0-5e3d-4ac9-b813-8b1a562e7235",,,"true","False","QrCode","Bahasa","2025-11-01T04:21:14.8142Z",,,,,,,,,,,,,,,"68b5aaf51f3cc3c03afa57ae"
"577","IDM","TMII","PUSAT INFORMASI","Pusat Informasi Main Lobby","IDM-TMII-PUSAT INFORMASI-Pusat Informasi Main Lobby-01","5","Satisfied","5","sepedanya sakit",,"Negative","5","5","5","5","5","5","Memberikan informasi dengan jelas dan akurat",,,,"Fasilitas pusat informasi lengkap dan mendukung kebutuhan pengunjung",,,,"Pusat informasi bersih dan tertata dengan baik|Pusat informasi nyaman digunakan oleh pengunjung",,,,"50a7d463-d01c-4c6f-ab57-f06a88ae887c","Completed","New","01-11-2025 11:21:41","Anonymous","28035",,"cab97c1f-67b4-11f0-a847-0a0cda9789f2","1eb4a3f0-5e3d-4ac9-b813-8b1a562e7235",,,"true","False","QrCode","Bahasa","2025-11-01T04:21:12.3552Z",,,,,,,,,,,,,,,"68b5aaf51f3cc3c03afa57ae"
"578","IDM","TMII","PUSAT INFORMASI","Antrian Shuttle","IDM-TMII-PUSAT INFORMASI-Antrian Shuttle-01","5","Satisfied","5","Akses ke tmii sekarang mudah. Pakai lrt ada kendaraannya dan gratis. Makasih udah bantu saya antar jemput dari stasiun ke tmii dan juga pulangnya. Anak-anak seneng bgt keliling tmii",,"Positive","5","5","5","5","5","5","Melakukan layanan secara profesional dan ramah (menjaga kontak mata, tersenyum tulus, dan memberikan solusi dengan empati)",,,,"Fasilitas pusat informasi tersedia dengan baik dan mudah diakses oleh pengunjung",,,,"Pusat informasi nyaman digunakan oleh pengunjung",,,,"9b2baac0-7707-485a-b477-83adb2c3584e","Completed","New","31-10-2025 16:20:06","Anonymous","182667",,"cab97c1f-67b4-11f0-a847-0a0cda9789f2","1eb4a3f0-5e3d-4ac9-b813-8b1a562e7235",,,"true","False","QrCode","Bahasa","2025-10-31T09:17:03.8132Z",,,,,,,,,,,,,,,"68b5aaf51f3cc3c03afa57ae"
"579","IDM","TMII","PUSAT INFORMASI","Antrian Shuttle","IDM-TMII-PUSAT INFORMASI-Antrian Shuttle-01","5","Satisfied","5","Sangat ngebantu sekali saya meminta tolong karena murid saya ada yg sakit sakit dan petugas menyarankan untuk panggil petugas kesehatan tmii aja. Saya pun minta di antarakan juga ke klinik dan di panggilan mobil prioritas karena saya tidak mau pakai mobil ambulan tmii. Saya juga terbantu sekali boleh minta air hangat untuk murid saya. Terima kasih yaa",,"Positive","5","5","5","5","5","5","Melayani dengan cepat dan tepat|Membantu dan memastikan kesiapan fasilitas",,,,"Fasilitas pusat informasi lengkap dan mendukung kebutuhan pengunjung",,,,"Informasi mudah diakses dan disampaikan dengan jelas kepada pengunjung",,,,"ba1f6f7d-4983-4545-8b7a-dd793966dd00","Completed","New","31-10-2025 16:10:03","Anonymous","591250",,"cab97c1f-67b4-11f0-a847-0a0cda9789f2","1eb4a3f0-5e3d-4ac9-b813-8b1a562e7235",,,"true","False","QrCode","Bahasa","2025-10-31T09:00:12.1026Z",,,,,,,,,,,,,,,"68b5aaf51f3cc3c03afa57ae"
"580","IDM","TMII","PUSAT INFORMASI","Pusat Informasi Main Lobby","IDM-TMII-PUSAT INFORMASI-Pusat Informasi Main Lobby-01","1","Not Satisfied","1","Everything bad. You pay to enter the park and so expect a series of services working. We arrived and went for a coffee, they opened 30 minutes after the opening time, the order was wrong. The Indonesian museum was the only free thing, but is a smaller copy of the national museum which is way better. The art gallery door was open so we entered and there was trash all over the floors and no expo. Everything you have to pay. Very unsatisfied",,"Negative","5","5","1","1","1","1","Melakukan layanan secara profesional dan ramah (menjaga kontak mata, tersenyum tulus, dan memberikan solusi dengan empati)",,,,,,"Lainnya","All I says",,,"Pusat informasi kurang nyaman digunakan oleh pengunjung",,"6f9bde8a-484b-422f-b4e5-2c9b9418ee64","Completed","New","29-10-2025 10:36:55","Anonymous","400536",,"cab97c1f-67b4-11f0-a847-0a0cda9789f2","1eb4a3f0-5e3d-4ac9-b813-8b1a562e7235",,,"true","False","QrCode","English","2025-10-29T03:30:14.6409Z",,,,,,,,,,,,,,,"68b5aaf51f3cc3c03afa57ae"
"581","IDM","TMII","PUSAT INFORMASI","Pusat Informasi Main Lobby","IDM-TMII-PUSAT INFORMASI-Pusat Informasi Main Lobby-01","5","Satisfied","5","Hari ini tgl 29 okt 2025, sy melihat 2 mobil pemadam kebakaran TMII digunakan utk kegiatan wisata mengelilingi kompleks TMII DENGAN MENGANGKUT ORANG DEWASA DAN ANAK2 DI ATAP.  
Sy pikir ini adalah tindakan ceroboh dan berbahaya, karena mobil pemadam itu tidak dirancang utk mengangkut penumpang d atap, plus--mobil pemadam harus standby selalu d pos utk menjawab panggilan kedaruratan yang bisa datang kapan saja. 
Mohon manajemen TMII bisa melakukan peneguran.",,"Negative","5","5","5","5","5","5","Melakukan layanan secara profesional dan ramah (menjaga kontak mata, tersenyum tulus, dan memberikan solusi dengan empati)",,,,"Fasilitas pusat informasi tersedia dengan baik dan mudah diakses oleh pengunjung",,,,"Informasi mudah diakses dan disampaikan dengan jelas kepada pengunjung",,,,"65c5810a-397b-4cc6-be56-61f43ebb0a88","Completed","New","29-10-2025 10:17:43","Anonymous","278005",,"cab97c1f-67b4-11f0-a847-0a0cda9789f2","1eb4a3f0-5e3d-4ac9-b813-8b1a562e7235",,,"true","False","QrCode","Bahasa","2025-10-29T03:13:04.2985Z",,,,,,,,,,,,,,,"68b5aaf51f3cc3c03afa57ae"
"582","IDM","TMII","PUSAT INFORMASI","Pusat Informasi Main Lobby","IDM-TMII-PUSAT INFORMASI-Pusat Informasi Main Lobby-01","5","Satisfied","5","Bawa omah yg sudah tua ke tmii, dan ternyata tmii menyediakan peminjaman kursi roda, alhasil aku minjem kursi roda dipusat informasi, dan yap dibantu oleh mas mas nya yg standby, terimakasih telah membantu wisata kami lebih mudah",,"Positive","4","4","5","5","4","4","Melakukan layanan secara profesional dan ramah (menjaga kontak mata, tersenyum tulus, dan memberikan solusi dengan empati)|Memiliki penampilan yang bersih dan rapi|Memberikan informasi dengan jelas dan akurat|Melayani dengan cepat dan tepat|Membantu dan memastikan kesiapan fasilitas",,,,"Fasilitas pusat informasi lengkap dan mendukung kebutuhan pengunjung|Fasilitas pusat informasi tersedia dengan baik dan mudah diakses oleh pengunjung",,,,"Pusat informasi bersih dan tertata dengan baik|Pusat informasi nyaman digunakan oleh pengunjung|Informasi mudah diakses dan disampaikan dengan jelas kepada pengunjung",,,,"c8dff8b8-da05-45df-bb2a-659325a0eb57","Completed","New","28-10-2025 16:27:53","Anonymous","221899",,"cab97c1f-67b4-11f0-a847-0a0cda9789f2","1eb4a3f0-5e3d-4ac9-b813-8b1a562e7235",,,"true","False","QrCode","Bahasa","2025-10-28T09:24:12.1886Z",,,,,,,,,,,,,,,"68b5aaf51f3cc3c03afa57ae"
"583","IDM","TMII","PUSAT INFORMASI","Pusat Informasi Main Lobby","IDM-TMII-PUSAT INFORMASI-Pusat Informasi Main Lobby-01","4","Satisfied","4",,,,"4","4","5","5","4","4","Melakukan layanan secara profesional dan ramah (menjaga kontak mata, tersenyum tulus, dan memberikan solusi dengan empati)|Memiliki penampilan yang bersih dan rapi|Memberikan informasi dengan jelas dan akurat|Melayani dengan cepat dan tepat|Membantu dan memastikan kesiapan fasilitas",,,,"Fasilitas pusat informasi lengkap dan mendukung kebutuhan pengunjung|Fasilitas pusat informasi tersedia dengan baik dan mudah diakses oleh pengunjung",,,,"Pusat informasi bersih dan tertata dengan baik|Informasi mudah diakses dan disampaikan dengan jelas kepada pengunjung|Pusat informasi nyaman digunakan oleh pengunjung",,,,"86b34931-cdcf-4589-8741-9a8252d3021f","Completed","New","28-10-2025 16:23:51","Anonymous","81927",,"cab97c1f-67b4-11f0-a847-0a0cda9789f2","1eb4a3f0-5e3d-4ac9-b813-8b1a562e7235",,,"true","False","QrCode","Bahasa","2025-10-28T09:22:29.5873Z",,,,,,,,,,,,,,,"68b5aaf51f3cc3c03afa57ae"
"584","IDM","TMII","PUSAT INFORMASI","Pusat Informasi Main Lobby","IDM-TMII-PUSAT INFORMASI-Pusat Informasi Main Lobby-01","5","Satisfied","5","Tempat sangat luas, indah banyak hal yang dapat dipelajari, layak dikunjungi semua kalangan ini",,"Positive","5","5","5","5","5","5","Membantu dan memastikan kesiapan fasilitas",,,,"Fasilitas pusat informasi tersedia dengan baik dan mudah diakses oleh pengunjung",,,,"Informasi mudah diakses dan disampaikan dengan jelas kepada pengunjung",,,,"39278b51-ffa9-4a8f-8dcf-a97e6696a7a7","Completed","New","28-10-2025 15:12:14","Anonymous","71004",,"cab97c1f-67b4-11f0-a847-0a0cda9789f2","1eb4a3f0-5e3d-4ac9-b813-8b1a562e7235",,,"true","False","QrCode","Bahasa","2025-10-28T08:11:02.1283Z",,,,,,,,,,,,,,,"68b5aaf51f3cc3c03afa57ae"
"585","IDM","TMII","PUSAT INFORMASI","Antrian Shuttle","IDM-TMII-PUSAT INFORMASI-Antrian Shuttle-01","3","Neutral","3","ice cream gratis pengunjung tmii yang menggunakan hs",,"Neutral","4","4","4","4","2","2","Memberikan informasi dengan jelas dan akurat",,,,"Fasilitas pusat informasi tersedia dengan baik dan mudah diakses oleh pengunjung",,,,,,"Pusat informasi kotor atau kurang tertata",,"7eac0576-0d5e-4608-887b-e1b698d6f9e3","Completed","New","28-10-2025 14:44:37","Anonymous","163460",,"cab97c1f-67b4-11f0-a847-0a0cda9789f2","1eb4a3f0-5e3d-4ac9-b813-8b1a562e7235",,,"true","False","QrCode","Bahasa","2025-10-28T07:41:52.6657Z",,,,,,,,,,,,,,,"68b5aaf51f3cc3c03afa57ae"
"586","IDM","TMII","PUSAT INFORMASI","Pusat Informasi Main Lobby","IDM-TMII-PUSAT INFORMASI-Pusat Informasi Main Lobby-01","5","Satisfied","5","Taman mini skarang sangat berubah, suasana makin syahdu, tidak ada polusi, petugas sangat informatif dan ramah",,"Positive","5","5","5","5","5","5","Melakukan layanan secara profesional dan ramah (menjaga kontak mata, tersenyum tulus, dan memberikan solusi dengan empati)|Memberikan informasi dengan jelas dan akurat",,,,"Fasilitas pusat informasi lengkap dan mendukung kebutuhan pengunjung",,,,"Pusat informasi bersih dan tertata dengan baik",,,,"877aa350-88d8-469a-b893-beaa550cf790","Completed","New","28-10-2025 11:54:17","Anonymous","193804",,"cab97c1f-67b4-11f0-a847-0a0cda9789f2","1eb4a3f0-5e3d-4ac9-b813-8b1a562e7235",,,"true","False","QrCode","Bahasa","2025-10-28T04:51:03.3378Z",,,,,,,,,,,,,,,"68b5aaf51f3cc3c03afa57ae"
"587","IDM","TMII","PUSAT INFORMASI","Pusat Informasi Main Lobby","IDM-TMII-PUSAT INFORMASI-Pusat Informasi Main Lobby-01","5","Satisfied","5","Sangat puas menjelajahi taman mini, petugas sangat informatif, ramah dari kami masuk sampai pulang selalu diarahkan dan anjungan nya juga lebih hidup dari yang dulu, pertahankan",,"Positive","5","5","5","5","5","5","Melakukan layanan secara profesional dan ramah (menjaga kontak mata, tersenyum tulus, dan memberikan solusi dengan empati)|Memberikan informasi dengan jelas dan akurat",,,,"Fasilitas pusat informasi lengkap dan mendukung kebutuhan pengunjung",,,,"Pusat informasi bersih dan tertata dengan baik|Informasi mudah diakses dan disampaikan dengan jelas kepada pengunjung",,,,"fbcff871-1f4b-4a8b-b985-c40c15bd2986","Completed","New","27-10-2025 17:27:07","Anonymous","326428",,"cab97c1f-67b4-11f0-a847-0a0cda9789f2","1eb4a3f0-5e3d-4ac9-b813-8b1a562e7235",,,"true","False","QrCode","Bahasa","2025-10-27T10:21:40.2457Z",,,,,,,,,,,,,,,"68b5aaf51f3cc3c03afa57ae"
"588","IDM","TMII","PUSAT INFORMASI","Pusat Informasi Main Lobby","IDM-TMII-PUSAT INFORMASI-Pusat Informasi Main Lobby-01","5","Satisfied","5","Ternyata weekend lebih seru, bisa leluasa untuk mengunjungi semua tempat yang ada di taman mini, ditambah habis ujan jadi makin sejuk, tapi sayang gabisa lama lama🥲",,"Positive","5","5","5","5","5","5","Melakukan layanan secara profesional dan ramah (menjaga kontak mata, tersenyum tulus, dan memberikan solusi dengan empati)",,,,"Fasilitas pusat informasi tersedia dengan baik dan mudah diakses oleh pengunjung",,,,"Informasi mudah diakses dan disampaikan dengan jelas kepada pengunjung",,,,"1dd14f52-fdb4-477f-99f0-967b9e2eef99","Completed","New","27-10-2025 15:54:35","Anonymous","3516295",,"cab97c1f-67b4-11f0-a847-0a0cda9789f2","1eb4a3f0-5e3d-4ac9-b813-8b1a562e7235",,,"true","False","QrCode","Bahasa","2025-10-27T07:55:58.2759Z",,,,,,,,,,,,,,,"68b5aaf51f3cc3c03afa57ae"
"589","IDM","TMII","PUSAT INFORMASI","Pusat Informasi Main Lobby","IDM-TMII-PUSAT INFORMASI-Pusat Informasi Main Lobby-01","5","Satisfied","5","sudah baik",,"Positive","5","5","5","5","5","5","Melakukan layanan secara profesional dan ramah (menjaga kontak mata, tersenyum tulus, dan memberikan solusi dengan empati)|Memiliki penampilan yang bersih dan rapi|Memberikan informasi dengan jelas dan akurat|Melayani dengan cepat dan tepat|Membantu dan memastikan kesiapan fasilitas",,,,"Fasilitas pusat informasi lengkap dan mendukung kebutuhan pengunjung|Fasilitas pusat informasi tersedia dengan baik dan mudah diakses oleh pengunjung",,,,"Pusat informasi bersih dan tertata dengan baik|Pusat informasi nyaman digunakan oleh pengunjung|Informasi mudah diakses dan disampaikan dengan jelas kepada pengunjung",,,,"6ba48f74-8d55-4edc-a50f-2620c1688b0a","Completed","New","26-10-2025 14:35:47","Anonymous","41683",,"cab97c1f-67b4-11f0-a847-0a0cda9789f2","1eb4a3f0-5e3d-4ac9-b813-8b1a562e7235",,,"true","False","QrCode","Bahasa","2025-10-26T07:35:02.1340Z",,,,,,,,,,,,,,,"68b5aaf51f3cc3c03afa57ae"
"590","IDM","TMII","PUSAT INFORMASI","Pusat Informasi Main Lobby","IDM-TMII-PUSAT INFORMASI-Pusat Informasi Main Lobby-01","5","Satisfied","5","Seru, penjelasan yang lengkap dan mengasyikan, tour guide nyaaa seruuu bgt!!!!",,"Positive","5","5","5","5","5","5","Melakukan layanan secara profesional dan ramah (menjaga kontak mata, tersenyum tulus, dan memberikan solusi dengan empati)|Memiliki penampilan yang bersih dan rapi|Memberikan informasi dengan jelas dan akurat|Melayani dengan cepat dan tepat|Membantu dan memastikan kesiapan fasilitas",,,,"Fasilitas pusat informasi lengkap dan mendukung kebutuhan pengunjung|Fasilitas pusat informasi tersedia dengan baik dan mudah diakses oleh pengunjung",,,,"Pusat informasi bersih dan tertata dengan baik|Pusat informasi nyaman digunakan oleh pengunjung|Informasi mudah diakses dan disampaikan dengan jelas kepada pengunjung",,,,"50af90a9-1184-4ab7-9ab4-f63810e19c18","Completed","New","26-10-2025 14:35:33","Anonymous","65253",,"cab97c1f-67b4-11f0-a847-0a0cda9789f2","1eb4a3f0-5e3d-4ac9-b813-8b1a562e7235",,,"true","False","QrCode","Bahasa","2025-10-26T07:34:28.1762Z",,,,,,,,,,,,,,,"68b5aaf51f3cc3c03afa57ae"
"591","IDM","TMII","PUSAT INFORMASI","Pusat Informasi Main Lobby","IDM-TMII-PUSAT INFORMASI-Pusat Informasi Main Lobby-01","5","Satisfied","5","Sudah cukup",,"Neutral","5","5","5","5","5","5","Melakukan layanan secara profesional dan ramah (menjaga kontak mata, tersenyum tulus, dan memberikan solusi dengan empati)|Memberikan informasi dengan jelas dan akurat|Melayani dengan cepat dan tepat|Membantu dan memastikan kesiapan fasilitas",,,,"Fasilitas pusat informasi tersedia dengan baik dan mudah diakses oleh pengunjung|Fasilitas pusat informasi lengkap dan mendukung kebutuhan pengunjung",,,,"Pusat informasi bersih dan tertata dengan baik|Pusat informasi nyaman digunakan oleh pengunjung|Informasi mudah diakses dan disampaikan dengan jelas kepada pengunjung",,,,"643d54f5-730b-4139-945c-94520c877fed","Completed","New","26-10-2025 14:35:17","Anonymous","70629",,"cab97c1f-67b4-11f0-a847-0a0cda9789f2","1eb4a3f0-5e3d-4ac9-b813-8b1a562e7235",,,"true","False","QrCode","Bahasa","2025-10-26T07:34:07.5599Z",,,,,,,,,,,,,,,"68b5aaf51f3cc3c03afa57ae"
"592","IDM","TMII","PUSAT INFORMASI","Pusat Informasi Main Lobby","IDM-TMII-PUSAT INFORMASI-Pusat Informasi Main Lobby-01","5","Satisfied","5","Semua udh bagussss, seru bgttt, sangat informatifff",,"Positive","5","5","5","5","5","5","Melakukan layanan secara profesional dan ramah (menjaga kontak mata, tersenyum tulus, dan memberikan solusi dengan empati)|Memiliki penampilan yang bersih dan rapi|Memberikan informasi dengan jelas dan akurat|Melayani dengan cepat dan tepat|Membantu dan memastikan kesiapan fasilitas",,,,"Fasilitas pusat informasi lengkap dan mendukung kebutuhan pengunjung|Fasilitas pusat informasi tersedia dengan baik dan mudah diakses oleh pengunjung",,,,"Pusat informasi bersih dan tertata dengan baik|Pusat informasi nyaman digunakan oleh pengunjung|Informasi mudah diakses dan disampaikan dengan jelas kepada pengunjung",,,,"5725f2a8-9f8c-4fc2-ad4c-cccb12945b3d","Completed","New","26-10-2025 14:35:06","Anonymous","63174",,"cab97c1f-67b4-11f0-a847-0a0cda9789f2","1eb4a3f0-5e3d-4ac9-b813-8b1a562e7235",,,"true","False","QrCode","Bahasa","2025-10-26T07:34:02.7874Z",,,,,,,,,,,,,,,"68b5aaf51f3cc3c03afa57ae"
"593","IDM","TMII","PUSAT INFORMASI","Pusat Informasi Main Lobby","IDM-TMII-PUSAT INFORMASI-Pusat Informasi Main Lobby-01","5","Satisfied","5","sangat informatif",,"Positive","5","5","5","5","5","5","Melakukan layanan secara profesional dan ramah (menjaga kontak mata, tersenyum tulus, dan memberikan solusi dengan empati)|Memiliki penampilan yang bersih dan rapi|Memberikan informasi dengan jelas dan akurat|Melayani dengan cepat dan tepat|Membantu dan memastikan kesiapan fasilitas",,,,"Fasilitas pusat informasi lengkap dan mendukung kebutuhan pengunjung|Fasilitas pusat informasi tersedia dengan baik dan mudah diakses oleh pengunjung",,,,"Pusat informasi bersih dan tertata dengan baik|Pusat informasi nyaman digunakan oleh pengunjung|Informasi mudah diakses dan disampaikan dengan jelas kepada pengunjung",,,,"304cea88-0982-4998-bdfa-3394f514878f","Completed","New","26-10-2025 14:35:00","Anonymous","30847",,"cab97c1f-67b4-11f0-a847-0a0cda9789f2","1eb4a3f0-5e3d-4ac9-b813-8b1a562e7235",,,"true","False","QrCode","Bahasa","2025-10-26T07:34:29.4427Z",,,,,,,,,,,,,,,"68b5aaf51f3cc3c03afa57ae"
"594","IDM","TMII","PUSAT INFORMASI","Pusat Informasi Main Lobby","IDM-TMII-PUSAT INFORMASI-Pusat Informasi Main Lobby-01","5","Satisfied","5","Seruuuuu informatif",,"Positive","5","5","5","5","5","5","Melakukan layanan secara profesional dan ramah (menjaga kontak mata, tersenyum tulus, dan memberikan solusi dengan empati)|Memiliki penampilan yang bersih dan rapi|Memberikan informasi dengan jelas dan akurat|Melayani dengan cepat dan tepat|Membantu dan memastikan kesiapan fasilitas",,,,"Fasilitas pusat informasi lengkap dan mendukung kebutuhan pengunjung",,,,"Pusat informasi bersih dan tertata dengan baik|Pusat informasi nyaman digunakan oleh pengunjung|Informasi mudah diakses dan disampaikan dengan jelas kepada pengunjung",,,,"eb851c3d-7874-40f0-9e86-16800c7fd0c5","Completed","New","26-10-2025 14:34:56","Anonymous","31849",,"cab97c1f-67b4-11f0-a847-0a0cda9789f2","1eb4a3f0-5e3d-4ac9-b813-8b1a562e7235",,,"true","False","QrCode","Bahasa","2025-10-26T07:34:23.7860Z",,,,,,,,,,,,,,,"68b5aaf51f3cc3c03afa57ae"
"595","IDM","TMII","PUSAT INFORMASI","Pusat Informasi Main Lobby","IDM-TMII-PUSAT INFORMASI-Pusat Informasi Main Lobby-01","5","Satisfied","5","Saya ikut treasure hunt 3 minggu lalu, namun sampai saat ini hadiahnya belum diterima. Apa memang harus menunggu setahun kah? Semoga bisa lebih jelas lagi",,"Negative","4","4","3","3","5","5","Melakukan layanan secara profesional dan ramah (menjaga kontak mata, tersenyum tulus, dan memberikan solusi dengan empati)|Memiliki penampilan yang bersih dan rapi|Memberikan informasi dengan jelas dan akurat|Melayani dengan cepat dan tepat|Membantu dan memastikan kesiapan fasilitas",,,,,,"Fasilitas pusat informasi kurang lengkap dan belum mendukung kebutuhan pengunjung|Fasilitas pusat informasi tidak tersedia atau sulit diakses oleh pengunjung",,"Pusat informasi bersih dan tertata dengan baik|Pusat informasi nyaman digunakan oleh pengunjung|Informasi mudah diakses dan disampaikan dengan jelas kepada pengunjung",,,,"c4a5a8fa-0eb7-4e9d-8cf2-bc1cbf13dfaf","Completed","New","26-10-2025 13:01:18","Anonymous","181150",,"cab97c1f-67b4-11f0-a847-0a0cda9789f2","1eb4a3f0-5e3d-4ac9-b813-8b1a562e7235",,,"true","False","QrCode","Bahasa","2025-10-26T05:58:17.0625Z",,,,,,,,,,,,,,,"68b5aaf51f3cc3c03afa57ae"
"596","IDM","TMII","PUSAT INFORMASI","Pusat Informasi Main Lobby","IDM-TMII-PUSAT INFORMASI-Pusat Informasi Main Lobby-01","5","Satisfied","5","Semoga jadwal ke depannya bisa lebih pagi, sehingga tidak begitu terik. Namun dari penyampaian informasi mengenai rumah adat dan budaya sudah cukup baik",,"Positive","5","5","5","5","5","5","Melakukan layanan secara profesional dan ramah (menjaga kontak mata, tersenyum tulus, dan memberikan solusi dengan empati)|Memberikan informasi dengan jelas dan akurat|Membantu dan memastikan kesiapan fasilitas|Melayani dengan cepat dan tepat|Memiliki penampilan yang bersih dan rapi",,,,"Fasilitas pusat informasi tersedia dengan baik dan mudah diakses oleh pengunjung|Fasilitas pusat informasi lengkap dan mendukung kebutuhan pengunjung",,,,"Pusat informasi nyaman digunakan oleh pengunjung|Informasi mudah diakses dan disampaikan dengan jelas kepada pengunjung|Pusat informasi bersih dan tertata dengan baik",,,,"63cd64ca-dabc-447f-b09c-adce9bdf18a4","Completed","New","26-10-2025 11:18:46","Anonymous","140038",,"cab97c1f-67b4-11f0-a847-0a0cda9789f2","1eb4a3f0-5e3d-4ac9-b813-8b1a562e7235",,,"true","False","QrCode","Bahasa","2025-10-26T04:16:26.2632Z",,,,,,,,,,,,,,,"68b5aaf51f3cc3c03afa57ae"
"597","IDM","TMII","PUSAT INFORMASI","Pusat Informasi Main Lobby","IDM-TMII-PUSAT INFORMASI-Pusat Informasi Main Lobby-01","5","Satisfied","5","Sudah baik, cuma emang panas aja jadi makin ngos ngosan hehe",,"Positive","5","5","5","5","5","5","Melakukan layanan secara profesional dan ramah (menjaga kontak mata, tersenyum tulus, dan memberikan solusi dengan empati)|Memiliki penampilan yang bersih dan rapi|Memberikan informasi dengan jelas dan akurat|Melayani dengan cepat dan tepat|Membantu dan memastikan kesiapan fasilitas",,,,"Fasilitas pusat informasi lengkap dan mendukung kebutuhan pengunjung|Fasilitas pusat informasi tersedia dengan baik dan mudah diakses oleh pengunjung",,,,"Pusat informasi bersih dan tertata dengan baik|Pusat informasi nyaman digunakan oleh pengunjung|Informasi mudah diakses dan disampaikan dengan jelas kepada pengunjung",,,,"e90c746c-6706-4273-a858-0a0b14d844d7","Completed","New","26-10-2025 11:18:06","Anonymous","72294",,"cab97c1f-67b4-11f0-a847-0a0cda9789f2","1eb4a3f0-5e3d-4ac9-b813-8b1a562e7235",,,"true","False","QrCode","Bahasa","2025-10-26T04:16:54.0305Z",,,,,,,,,,,,,,,"68b5aaf51f3cc3c03afa57ae"
"598","IDM","TMII","PUSAT INFORMASI","Pusat Informasi Main Lobby","IDM-TMII-PUSAT INFORMASI-Pusat Informasi Main Lobby-01","5","Satisfied","5","bagus dan penyampaian dapat dimengerti",,"Positive","5","5","5","5","5","5","Melakukan layanan secara profesional dan ramah (menjaga kontak mata, tersenyum tulus, dan memberikan solusi dengan empati)|Membantu dan memastikan kesiapan fasilitas|Melayani dengan cepat dan tepat|Memberikan informasi dengan jelas dan akurat|Memiliki penampilan yang bersih dan rapi",,,,"Fasilitas pusat informasi lengkap dan mendukung kebutuhan pengunjung|Fasilitas pusat informasi tersedia dengan baik dan mudah diakses oleh pengunjung",,,,"Pusat informasi bersih dan tertata dengan baik|Pusat informasi nyaman digunakan oleh pengunjung|Informasi mudah diakses dan disampaikan dengan jelas kepada pengunjung",,,,"e0d65ca8-a838-4cbc-8e51-66e1dc6c4deb","Completed","New","26-10-2025 11:18:04","Anonymous","49433",,"cab97c1f-67b4-11f0-a847-0a0cda9789f2","1eb4a3f0-5e3d-4ac9-b813-8b1a562e7235",,,"true","False","QrCode","Bahasa","2025-10-26T04:17:14.2485Z",,,,,,,,,,,,,,,"68b5aaf51f3cc3c03afa57ae"
"599","IDM","TMII","PUSAT INFORMASI","Pusat Informasi Main Lobby","IDM-TMII-PUSAT INFORMASI-Pusat Informasi Main Lobby-01","5","Satisfied","5","baik sekali",,"Positive","5","5","5","5","5","5","Melakukan layanan secara profesional dan ramah (menjaga kontak mata, tersenyum tulus, dan memberikan solusi dengan empati)|Memiliki penampilan yang bersih dan rapi|Memberikan informasi dengan jelas dan akurat|Melayani dengan cepat dan tepat|Membantu dan memastikan kesiapan fasilitas",,,,"Fasilitas pusat informasi lengkap dan mendukung kebutuhan pengunjung|Fasilitas pusat informasi tersedia dengan baik dan mudah diakses oleh pengunjung",,,,"Pusat informasi bersih dan tertata dengan baik|Pusat informasi nyaman digunakan oleh pengunjung|Informasi mudah diakses dan disampaikan dengan jelas kepada pengunjung",,,,"56929243-8832-4b63-8c4e-1b56da242b4a","Completed","New","26-10-2025 11:17:05","Anonymous","35207",,"cab97c1f-67b4-11f0-a847-0a0cda9789f2","1eb4a3f0-5e3d-4ac9-b813-8b1a562e7235",,,"true","False","QrCode","Bahasa","2025-10-26T04:16:29.9035Z",,,,,,,,,,,,,,,"68b5aaf51f3cc3c03afa57ae"
"600","IDM","TMII","PUSAT INFORMASI","Pusat Informasi Main Lobby","IDM-TMII-PUSAT INFORMASI-Pusat Informasi Main Lobby-01","5","Satisfied","5","sudah baik",,"Positive","5","5","5","5","5","5","Melakukan layanan secara profesional dan ramah (menjaga kontak mata, tersenyum tulus, dan memberikan solusi dengan empati)",,,,"Fasilitas pusat informasi lengkap dan mendukung kebutuhan pengunjung",,,,"Pusat informasi bersih dan tertata dengan baik",,,,"ee1e3d8c-efdc-47ac-9fa5-a86b948e56cc","Completed","New","26-10-2025 11:16:56","Anonymous","26758",,"cab97c1f-67b4-11f0-a847-0a0cda9789f2","1eb4a3f0-5e3d-4ac9-b813-8b1a562e7235",,,"true","False","QrCode","Bahasa","2025-10-26T04:16:29.4052Z",,,,,,,,,,,,,,,"68b5aaf51f3cc3c03afa57ae"
"601","IDM","TMII","PUSAT INFORMASI","Pusat Informasi Main Lobby","IDM-TMII-PUSAT INFORMASI-Pusat Informasi Main Lobby-01","5","Satisfied","5","sudah baik dan informatif",,"Positive","5","5","5","5","5","5","Melakukan layanan secara profesional dan ramah (menjaga kontak mata, tersenyum tulus, dan memberikan solusi dengan empati)|Memiliki penampilan yang bersih dan rapi|Memberikan informasi dengan jelas dan akurat|Melayani dengan cepat dan tepat|Membantu dan memastikan kesiapan fasilitas",,,,"Fasilitas pusat informasi lengkap dan mendukung kebutuhan pengunjung|Fasilitas pusat informasi tersedia dengan baik dan mudah diakses oleh pengunjung",,,,"Pusat informasi bersih dan tertata dengan baik|Pusat informasi nyaman digunakan oleh pengunjung|Informasi mudah diakses dan disampaikan dengan jelas kepada pengunjung",,,,"823a724a-d9cc-4c06-99b6-d63735a532a2","Completed","New","26-10-2025 11:16:56","Anonymous","29938",,"cab97c1f-67b4-11f0-a847-0a0cda9789f2","1eb4a3f0-5e3d-4ac9-b813-8b1a562e7235",,,"true","False","QrCode","Bahasa","2025-10-26T04:16:26.0585Z",,,,,,,,,,,,,,,"68b5aaf51f3cc3c03afa57ae"
"602","IDM","TMII","PUSAT INFORMASI","Pusat Informasi Main Lobby","IDM-TMII-PUSAT INFORMASI-Pusat Informasi Main Lobby-01","5","Satisfied","5","Saran saya mungkin bisa lebih di masif kan lagi terkait informasi ini. Untuk penjelasan dan informasi nya sangat jelas dan informatif. Terima kasih",,"Positive","5","5","5","5","5","5","Melakukan layanan secara profesional dan ramah (menjaga kontak mata, tersenyum tulus, dan memberikan solusi dengan empati)|Memiliki penampilan yang bersih dan rapi|Memberikan informasi dengan jelas dan akurat|Membantu dan memastikan kesiapan fasilitas",,,,"Fasilitas pusat informasi lengkap dan mendukung kebutuhan pengunjung|Fasilitas pusat informasi tersedia dengan baik dan mudah diakses oleh pengunjung",,,,"Informasi mudah diakses dan disampaikan dengan jelas kepada pengunjung",,,,"7bcac015-6e69-412a-9abc-f11d2eefc41e","Completed","New","25-10-2025 16:36:28","Anonymous","104016",,"cab97c1f-67b4-11f0-a847-0a0cda9789f2","1eb4a3f0-5e3d-4ac9-b813-8b1a562e7235",,,"true","False","QrCode","Bahasa","2025-10-25T09:34:42.5262Z",,,,,,,,,,,,,,,"68b5aaf51f3cc3c03afa57ae"
"603","IDM","TMII","PUSAT INFORMASI","Pusat Informasi Main Lobby","IDM-TMII-PUSAT INFORMASI-Pusat Informasi Main Lobby-01","5","Satisfied","5","Kesan:
Kegiatan tour budaya di TMII sangat menyenangkan dan menambah wawasan mengenai keberagaman budaya Indonesia. Pemandu juga menjelaskan dengan menarik sehingga peserta dapat lebih memahami setiap paviliun yang dikunjungi.

Saran:
Disarankan agar penggunaan pengeras suara lebih diperhatikan, dengan memilih alat yang suaranya jelas dan jangkauannya luas, sehingga seluruh peserta dapat mendengar penjelasan dengan baik.",,"Positive","5","5","5","5","5","5","Melakukan layanan secara profesional dan ramah (menjaga kontak mata, tersenyum tulus, dan memberikan solusi dengan empati)|Memiliki penampilan yang bersih dan rapi|Memberikan informasi dengan jelas dan akurat|Melayani dengan cepat dan tepat|Membantu dan memastikan kesiapan fasilitas",,,,"Fasilitas pusat informasi lengkap dan mendukung kebutuhan pengunjung|Fasilitas pusat informasi tersedia dengan baik dan mudah diakses oleh pengunjung",,,,"Pusat informasi bersih dan tertata dengan baik|Pusat informasi nyaman digunakan oleh pengunjung|Informasi mudah diakses dan disampaikan dengan jelas kepada pengunjung",,,,"2bf53896-f79f-4a1b-9478-7a798297a60f","Completed","New","25-10-2025 16:35:20","Anonymous","188811",,"cab97c1f-67b4-11f0-a847-0a0cda9789f2","1eb4a3f0-5e3d-4ac9-b813-8b1a562e7235",,,"true","False","QrCode","Bahasa","2025-10-25T09:32:10.7151Z",,,,,,,,,,,,,,,"68b5aaf51f3cc3c03afa57ae"
"604","IDM","TMII","PUSAT INFORMASI","Pusat Informasi Main Lobby","IDM-TMII-PUSAT INFORMASI-Pusat Informasi Main Lobby-01","5","Satisfied","5","Sudah sangat baik tapi memang informasi tidak terdengar ke peserta belakang (sangat wajar)",,"Positive","5","5","5","5","5","5","Melakukan layanan secara profesional dan ramah (menjaga kontak mata, tersenyum tulus, dan memberikan solusi dengan empati)|Memiliki penampilan yang bersih dan rapi|Memberikan informasi dengan jelas dan akurat|Melayani dengan cepat dan tepat|Membantu dan memastikan kesiapan fasilitas",,,,"Fasilitas pusat informasi lengkap dan mendukung kebutuhan pengunjung|Fasilitas pusat informasi tersedia dengan baik dan mudah diakses oleh pengunjung",,,,"Pusat informasi bersih dan tertata dengan baik|Pusat informasi nyaman digunakan oleh pengunjung|Informasi mudah diakses dan disampaikan dengan jelas kepada pengunjung",,,,"640594bc-2003-4c73-a9d5-f8f08e6383cb","Completed","New","25-10-2025 16:34:54","Anonymous","72875",,"cab97c1f-67b4-11f0-a847-0a0cda9789f2","1eb4a3f0-5e3d-4ac9-b813-8b1a562e7235",,,"true","False","QrCode","Bahasa","2025-10-25T09:33:41.8413Z",,,,,,,,,,,,,,,"68b5aaf51f3cc3c03afa57ae"
"605","IDM","TMII","PUSAT INFORMASI","Pusat Informasi Main Lobby","IDM-TMII-PUSAT INFORMASI-Pusat Informasi Main Lobby-01","5","Satisfied","5","tidak ada masukan, sudah sangat puas dengan pelayanannya",,"Positive","5","5","5","5","5","5","Melakukan layanan secara profesional dan ramah (menjaga kontak mata, tersenyum tulus, dan memberikan solusi dengan empati)|Memiliki penampilan yang bersih dan rapi|Memberikan informasi dengan jelas dan akurat|Melayani dengan cepat dan tepat|Membantu dan memastikan kesiapan fasilitas",,,,"Fasilitas pusat informasi lengkap dan mendukung kebutuhan pengunjung|Fasilitas pusat informasi tersedia dengan baik dan mudah diakses oleh pengunjung",,,,"Pusat informasi bersih dan tertata dengan baik|Pusat informasi nyaman digunakan oleh pengunjung|Informasi mudah diakses dan disampaikan dengan jelas kepada pengunjung",,,,"7e62ff0a-4c6e-4ca2-8407-65ab71f46450","Completed","New","25-10-2025 16:34:12","Anonymous","66866",,"cab97c1f-67b4-11f0-a847-0a0cda9789f2","1eb4a3f0-5e3d-4ac9-b813-8b1a562e7235",,,"true","False","QrCode","Bahasa","2025-10-25T09:33:04.8812Z",,,,,,,,,,,,,,,"68b5aaf51f3cc3c03afa57ae"
"606","IDM","TMII","PUSAT INFORMASI","Pusat Informasi Main Lobby","IDM-TMII-PUSAT INFORMASI-Pusat Informasi Main Lobby-01","5","Satisfied","5","Petugas ramah, pelayanan baik, Free bike tour yang disediakan juga seru dan asik, staff menjelaskan dengan ramah dan jelas tiap anjungan yang ada. Jadi lebih mengenal budaya indonesia❤",,"Positive","5","5","5","5","5","5","Melakukan layanan secara profesional dan ramah (menjaga kontak mata, tersenyum tulus, dan memberikan solusi dengan empati)|Memiliki penampilan yang bersih dan rapi|Memberikan informasi dengan jelas dan akurat|Melayani dengan cepat dan tepat|Membantu dan memastikan kesiapan fasilitas",,,,"Fasilitas pusat informasi lengkap dan mendukung kebutuhan pengunjung|Fasilitas pusat informasi tersedia dengan baik dan mudah diakses oleh pengunjung",,,,"Pusat informasi bersih dan tertata dengan baik|Pusat informasi nyaman digunakan oleh pengunjung|Informasi mudah diakses dan disampaikan dengan jelas kepada pengunjung",,,,"b8ed62c0-39c4-4ff0-a42a-20a537743364","Completed","New","25-10-2025 16:34:02","Anonymous","115759",,"cab97c1f-67b4-11f0-a847-0a0cda9789f2","1eb4a3f0-5e3d-4ac9-b813-8b1a562e7235",,,"true","False","QrCode","Bahasa","2025-10-25T09:32:06.1179Z",,,,,,,,,,,,,,,"68b5aaf51f3cc3c03afa57ae"
"607","IDM","TMII","PUSAT INFORMASI","Pusat Informasi Main Lobby","IDM-TMII-PUSAT INFORMASI-Pusat Informasi Main Lobby-01","5","Satisfied","5",,,,"5","5","5","5","5","5","Melakukan layanan secara profesional dan ramah (menjaga kontak mata, tersenyum tulus, dan memberikan solusi dengan empati)|Memberikan informasi dengan jelas dan akurat|Membantu dan memastikan kesiapan fasilitas|Melayani dengan cepat dan tepat|Memiliki penampilan yang bersih dan rapi",,,,"Fasilitas pusat informasi lengkap dan mendukung kebutuhan pengunjung",,,,"Pusat informasi bersih dan tertata dengan baik|Pusat informasi nyaman digunakan oleh pengunjung|Informasi mudah diakses dan disampaikan dengan jelas kepada pengunjung",,,,"1ab1fe8a-b7a1-4662-a600-eb3c9a43baea","Completed","New","25-10-2025 16:33:33","Anonymous","74265",,"cab97c1f-67b4-11f0-a847-0a0cda9789f2","1eb4a3f0-5e3d-4ac9-b813-8b1a562e7235",,,"true","False","QrCode","Bahasa","2025-10-25T09:32:18.9794Z",,,,,,,,,,,,,,,"68b5aaf51f3cc3c03afa57ae"
"608","IDM","TMII","PUSAT INFORMASI","Pusat Informasi Main Lobby","IDM-TMII-PUSAT INFORMASI-Pusat Informasi Main Lobby-01","5","Satisfied","5","Info promo di website",,"Neutral","5","5","5","5","5","5","Melakukan layanan secara profesional dan ramah (menjaga kontak mata, tersenyum tulus, dan memberikan solusi dengan empati)|Melayani dengan cepat dan tepat|Memberikan informasi dengan jelas dan akurat",,,,"Fasilitas pusat informasi tersedia dengan baik dan mudah diakses oleh pengunjung",,,,"Informasi mudah diakses dan disampaikan dengan jelas kepada pengunjung",,,,"6e80c23a-1583-4604-b1c0-f2b9e49652cd","Completed","New","25-10-2025 16:33:30","Anonymous","65025",,"cab97c1f-67b4-11f0-a847-0a0cda9789f2","1eb4a3f0-5e3d-4ac9-b813-8b1a562e7235",,,"true","False","QrCode","Bahasa","2025-10-25T09:32:25.8040Z",,,,,,,,,,,,,,,"68b5aaf51f3cc3c03afa57ae"
"609","IDM","TMII","PUSAT INFORMASI","Pusat Informasi Main Lobby","IDM-TMII-PUSAT INFORMASI-Pusat Informasi Main Lobby-01","5","Satisfied","5","sudah cukupp sangat baikk",,"Positive","5","5","5","5","5","5","Melakukan layanan secara profesional dan ramah (menjaga kontak mata, tersenyum tulus, dan memberikan solusi dengan empati)|Memiliki penampilan yang bersih dan rapi|Memberikan informasi dengan jelas dan akurat|Melayani dengan cepat dan tepat|Membantu dan memastikan kesiapan fasilitas",,,,"Fasilitas pusat informasi lengkap dan mendukung kebutuhan pengunjung|Fasilitas pusat informasi tersedia dengan baik dan mudah diakses oleh pengunjung",,,,"Pusat informasi bersih dan tertata dengan baik|Pusat informasi nyaman digunakan oleh pengunjung|Informasi mudah diakses dan disampaikan dengan jelas kepada pengunjung",,,,"2f4c1e32-9742-48cb-8dd9-d55e82f61990","Completed","New","25-10-2025 14:34:22","Anonymous","40568",,"cab97c1f-67b4-11f0-a847-0a0cda9789f2","1eb4a3f0-5e3d-4ac9-b813-8b1a562e7235",,,"true","False","QrCode","Bahasa","2025-10-25T07:33:41.6135Z",,,,,,,,,,,,,,,"68b5aaf51f3cc3c03afa57ae"
"610","IDM","TMII","PUSAT INFORMASI","Pusat Informasi Main Lobby","IDM-TMII-PUSAT INFORMASI-Pusat Informasi Main Lobby-01","5","Satisfied","5","Lebih cepat",,"Positive","4","4","4","4","4","4","Melakukan layanan secara profesional dan ramah (menjaga kontak mata, tersenyum tulus, dan memberikan solusi dengan empati)|Memiliki penampilan yang bersih dan rapi|Memberikan informasi dengan jelas dan akurat|Melayani dengan cepat dan tepat|Membantu dan memastikan kesiapan fasilitas",,,,"Fasilitas pusat informasi lengkap dan mendukung kebutuhan pengunjung|Fasilitas pusat informasi tersedia dengan baik dan mudah diakses oleh pengunjung",,,,"Pusat informasi bersih dan tertata dengan baik|Informasi mudah diakses dan disampaikan dengan jelas kepada pengunjung|Pusat informasi nyaman digunakan oleh pengunjung",,,,"8c7d9988-168e-45cb-bf3e-9b89794c329c","Completed","New","25-10-2025 14:34:11","Anonymous","47328",,"cab97c1f-67b4-11f0-a847-0a0cda9789f2","1eb4a3f0-5e3d-4ac9-b813-8b1a562e7235",,,"true","False","QrCode","Bahasa","2025-10-25T07:33:24.8293Z",,,,,,,,,,,,,,,"68b5aaf51f3cc3c03afa57ae"
"611","IDM","TMII","PUSAT INFORMASI","Pusat Informasi Main Lobby","IDM-TMII-PUSAT INFORMASI-Pusat Informasi Main Lobby-01","5","Satisfied","5","speaker untuk tour bike sebaiknya lebih keras lagi, soalnya ngga kedengeran yg dibelakang. jadinya kakak seperti menjelaskan sendiri, kasihan.",,"Negative","5","5","5","5","5","5","Melakukan layanan secara profesional dan ramah (menjaga kontak mata, tersenyum tulus, dan memberikan solusi dengan empati)|Memiliki penampilan yang bersih dan rapi|Memberikan informasi dengan jelas dan akurat|Melayani dengan cepat dan tepat|Membantu dan memastikan kesiapan fasilitas",,,,"Fasilitas pusat informasi lengkap dan mendukung kebutuhan pengunjung|Fasilitas pusat informasi tersedia dengan baik dan mudah diakses oleh pengunjung",,,,"Pusat informasi bersih dan tertata dengan baik|Pusat informasi nyaman digunakan oleh pengunjung|Informasi mudah diakses dan disampaikan dengan jelas kepada pengunjung",,,,"cadda5b0-9ef6-4438-ada0-d0b94bced5a3","Completed","New","25-10-2025 14:35:07","Anonymous","99789",,"cab97c1f-67b4-11f0-a847-0a0cda9789f2","1eb4a3f0-5e3d-4ac9-b813-8b1a562e7235",,,"true","False","QrCode","Bahasa","2025-10-25T07:32:24.5140Z",,,,,,,,,,,,,,,"68b5aaf51f3cc3c03afa57ae"
"612","IDM","TMII","PUSAT INFORMASI","Pusat Informasi Main Lobby","IDM-TMII-PUSAT INFORMASI-Pusat Informasi Main Lobby-01","5","Satisfied","5","penjelasan sangat ringkas dan mudah dipahami",,"Positive","5","5","5","5","5","5","Melakukan layanan secara profesional dan ramah (menjaga kontak mata, tersenyum tulus, dan memberikan solusi dengan empati)|Memiliki penampilan yang bersih dan rapi|Memberikan informasi dengan jelas dan akurat|Melayani dengan cepat dan tepat|Membantu dan memastikan kesiapan fasilitas",,,,"Fasilitas pusat informasi lengkap dan mendukung kebutuhan pengunjung|Fasilitas pusat informasi tersedia dengan baik dan mudah diakses oleh pengunjung",,,,"Pusat informasi bersih dan tertata dengan baik|Pusat informasi nyaman digunakan oleh pengunjung|Informasi mudah diakses dan disampaikan dengan jelas kepada pengunjung",,,,"41501126-196d-4362-b191-47c50c1251c4","Completed","New","25-10-2025 14:33:59","Anonymous","67428",,"cab97c1f-67b4-11f0-a847-0a0cda9789f2","1eb4a3f0-5e3d-4ac9-b813-8b1a562e7235",,,"true","False","QrCode","Bahasa","2025-10-25T07:32:50.1454Z",,,,,,,,,,,,,,,"68b5aaf51f3cc3c03afa57ae"
"613","IDM","TMII","PUSAT INFORMASI","Pusat Informasi Main Lobby","IDM-TMII-PUSAT INFORMASI-Pusat Informasi Main Lobby-01","5","Satisfied","5","Mungkin butuh speaker yang lebih besar atau dengan bahasa asing trimakasih",,"Neutral","5","5","5","5","5","5","Melakukan layanan secara profesional dan ramah (menjaga kontak mata, tersenyum tulus, dan memberikan solusi dengan empati)",,,,"Fasilitas pusat informasi tersedia dengan baik dan mudah diakses oleh pengunjung",,,,"Pusat informasi bersih dan tertata dengan baik|Informasi mudah diakses dan disampaikan dengan jelas kepada pengunjung|Pusat informasi nyaman digunakan oleh pengunjung",,,,"35df34f6-1510-4c77-96e2-8f56950d74d8","Completed","New","25-10-2025 14:33:50","Anonymous","42987",,"cab97c1f-67b4-11f0-a847-0a0cda9789f2","1eb4a3f0-5e3d-4ac9-b813-8b1a562e7235",,,"true","False","QrCode","Bahasa","2025-10-25T07:33:07.4765Z",,,,,,,,,,,,,,,"68b5aaf51f3cc3c03afa57ae"
"614","IDM","TMII","PUSAT INFORMASI","Pusat Informasi Main Lobby","IDM-TMII-PUSAT INFORMASI-Pusat Informasi Main Lobby-01","4","Satisfied","4","Mohon ada yang stand by jaga",,"Neutral","4","4","4","4","4","4","Melakukan layanan secara profesional dan ramah (menjaga kontak mata, tersenyum tulus, dan memberikan solusi dengan empati)|Memiliki penampilan yang bersih dan rapi|Memberikan informasi dengan jelas dan akurat|Membantu dan memastikan kesiapan fasilitas",,,,"Fasilitas pusat informasi tersedia dengan baik dan mudah diakses oleh pengunjung",,,,"Informasi mudah diakses dan disampaikan dengan jelas kepada pengunjung",,,,"12c80c37-6ef2-41e8-a879-7a9627fa88a6","Completed","New","25-10-2025 14:33:27","Anonymous","71689",,"cab97c1f-67b4-11f0-a847-0a0cda9789f2","1eb4a3f0-5e3d-4ac9-b813-8b1a562e7235",,,"true","False","QrCode","Bahasa","2025-10-25T07:32:16.1515Z",,,,,,,,,,,,,,,"68b5aaf51f3cc3c03afa57ae"
"615","IDM","TMII","PUSAT INFORMASI","Pusat Informasi Main Lobby","IDM-TMII-PUSAT INFORMASI-Pusat Informasi Main Lobby-01","5","Satisfied","5","bangku duduk",,"Neutral","4","4","3","3","5","5","Melakukan layanan secara profesional dan ramah (menjaga kontak mata, tersenyum tulus, dan memberikan solusi dengan empati)",,,,,,"Fasilitas pusat informasi kurang lengkap dan belum mendukung kebutuhan pengunjung",,"Pusat informasi bersih dan tertata dengan baik",,,,"00ca24cb-dd62-483b-a70c-4b72e450ca60","Completed","New","25-10-2025 14:33:25","Anonymous","40252",,"cab97c1f-67b4-11f0-a847-0a0cda9789f2","1eb4a3f0-5e3d-4ac9-b813-8b1a562e7235",,,"true","False","QrCode","Bahasa","2025-10-25T07:32:45.1742Z",,,,,,,,,,,,,,,"68b5aaf51f3cc3c03afa57ae"
"616","IDM","TMII","PUSAT INFORMASI","Pusat Informasi Main Lobby","IDM-TMII-PUSAT INFORMASI-Pusat Informasi Main Lobby-01","5","Satisfied","5","Mantap",,"Positive","5","5","5","5","5","5","Melakukan layanan secara profesional dan ramah (menjaga kontak mata, tersenyum tulus, dan memberikan solusi dengan empati)|Memiliki penampilan yang bersih dan rapi|Memberikan informasi dengan jelas dan akurat|Melayani dengan cepat dan tepat|Membantu dan memastikan kesiapan fasilitas",,,,"Fasilitas pusat informasi lengkap dan mendukung kebutuhan pengunjung|Fasilitas pusat informasi tersedia dengan baik dan mudah diakses oleh pengunjung",,,,"Pusat informasi bersih dan tertata dengan baik|Pusat informasi nyaman digunakan oleh pengunjung|Informasi mudah diakses dan disampaikan dengan jelas kepada pengunjung",,,,"f28e57a4-fa1b-4d39-a1e0-f7446b3b0fef","Completed","New","25-10-2025 14:33:21","Anonymous","23110",,"cab97c1f-67b4-11f0-a847-0a0cda9789f2","1eb4a3f0-5e3d-4ac9-b813-8b1a562e7235",,,"true","False","QrCode","Bahasa","2025-10-25T07:32:58.4038Z",,,,,,,,,,,,,,,"68b5aaf51f3cc3c03afa57ae"
"617","IDM","TMII","PUSAT INFORMASI","Pusat Informasi Main Lobby","IDM-TMII-PUSAT INFORMASI-Pusat Informasi Main Lobby-01","5","Satisfied","5","bagus bgttt",,"Positive","5","5","5","5","5","5","Melakukan layanan secara profesional dan ramah (menjaga kontak mata, tersenyum tulus, dan memberikan solusi dengan empati)|Membantu dan memastikan kesiapan fasilitas|Melayani dengan cepat dan tepat|Memberikan informasi dengan jelas dan akurat|Memiliki penampilan yang bersih dan rapi",,,,"Fasilitas pusat informasi lengkap dan mendukung kebutuhan pengunjung|Fasilitas pusat informasi tersedia dengan baik dan mudah diakses oleh pengunjung",,,,"Pusat informasi bersih dan tertata dengan baik|Pusat informasi nyaman digunakan oleh pengunjung|Informasi mudah diakses dan disampaikan dengan jelas kepada pengunjung",,,,"a846a412-3f2c-4431-85f7-03b56413f8fb","Completed","New","25-10-2025 14:33:12","Anonymous","37900",,"cab97c1f-67b4-11f0-a847-0a0cda9789f2","1eb4a3f0-5e3d-4ac9-b813-8b1a562e7235",,,"true","False","QrCode","Bahasa","2025-10-25T07:32:33.9556Z",,,,,,,,,,,,,,,"68b5aaf51f3cc3c03afa57ae"
"618","IDM","TMII","PUSAT INFORMASI","Pusat Informasi Main Lobby","IDM-TMII-PUSAT INFORMASI-Pusat Informasi Main Lobby-01","5","Satisfied","5",,,,"5","5","5","5","5","5","Melakukan layanan secara profesional dan ramah (menjaga kontak mata, tersenyum tulus, dan memberikan solusi dengan empati)|Memiliki penampilan yang bersih dan rapi|Memberikan informasi dengan jelas dan akurat|Melayani dengan cepat dan tepat|Membantu dan memastikan kesiapan fasilitas",,,,"Fasilitas pusat informasi lengkap dan mendukung kebutuhan pengunjung|Fasilitas pusat informasi tersedia dengan baik dan mudah diakses oleh pengunjung",,,,"Pusat informasi bersih dan tertata dengan baik|Pusat informasi nyaman digunakan oleh pengunjung|Informasi mudah diakses dan disampaikan dengan jelas kepada pengunjung",,,,"a84dfe82-07e0-4653-84c1-b28bda702438","Completed","New","25-10-2025 11:15:55","Anonymous","25663",,"cab97c1f-67b4-11f0-a847-0a0cda9789f2","1eb4a3f0-5e3d-4ac9-b813-8b1a562e7235",,,"true","False","QrCode","Bahasa","2025-10-25T04:15:29.2694Z",,,,,,,,,,,,,,,"68b5aaf51f3cc3c03afa57ae"
"619","IDM","TMII","PUSAT INFORMASI","Pusat Informasi Main Lobby","IDM-TMII-PUSAT INFORMASI-Pusat Informasi Main Lobby-01","5","Satisfied","5","All service is perfect. Cheef kiss 🙌🏻🙌🏻",,"Positive","5","5","5","5","5","5","Melakukan layanan secara profesional dan ramah (menjaga kontak mata, tersenyum tulus, dan memberikan solusi dengan empati)|Memiliki penampilan yang bersih dan rapi|Membantu dan memastikan kesiapan fasilitas",,,,"Fasilitas pusat informasi lengkap dan mendukung kebutuhan pengunjung|Fasilitas pusat informasi tersedia dengan baik dan mudah diakses oleh pengunjung",,,,"Pusat informasi bersih dan tertata dengan baik|Pusat informasi nyaman digunakan oleh pengunjung",,,,"50d4e87c-a037-4955-94d8-5b6afdc84c78","Completed","New","25-10-2025 11:15:50","Anonymous","63564",,"cab97c1f-67b4-11f0-a847-0a0cda9789f2","1eb4a3f0-5e3d-4ac9-b813-8b1a562e7235",,,"true","False","QrCode","Bahasa","2025-10-25T04:14:46.3253Z",,,,,,,,,,,,,,,"68b5aaf51f3cc3c03afa57ae"
"620","IDM","TMII","PUSAT INFORMASI","Pusat Informasi Main Lobby","IDM-TMII-PUSAT INFORMASI-Pusat Informasi Main Lobby-01","5","Satisfied","5",,,,"5","5","5","5","5","5","Melakukan layanan secara profesional dan ramah (menjaga kontak mata, tersenyum tulus, dan memberikan solusi dengan empati)|Memiliki penampilan yang bersih dan rapi|Memberikan informasi dengan jelas dan akurat|Melayani dengan cepat dan tepat|Membantu dan memastikan kesiapan fasilitas",,,,"Fasilitas pusat informasi lengkap dan mendukung kebutuhan pengunjung|Fasilitas pusat informasi tersedia dengan baik dan mudah diakses oleh pengunjung",,,,"Pusat informasi bersih dan tertata dengan baik|Pusat informasi nyaman digunakan oleh pengunjung|Informasi mudah diakses dan disampaikan dengan jelas kepada pengunjung",,,,"f1617c07-2212-439d-a72b-c7c9dbd5ae81","Completed","New","25-10-2025 11:15:16","Anonymous","33070",,"cab97c1f-67b4-11f0-a847-0a0cda9789f2","1eb4a3f0-5e3d-4ac9-b813-8b1a562e7235",,,"true","False","QrCode","Bahasa","2025-10-25T04:14:42.8914Z",,,,,,,,,,,,,,,"68b5aaf51f3cc3c03afa57ae"
"621","IDM","TMII","PUSAT INFORMASI","Pusat Informasi Main Lobby","IDM-TMII-PUSAT INFORMASI-Pusat Informasi Main Lobby-01","5","Satisfied","5","Excellent person Mr.Donny
Again I will come to visit this place",,"Positive","5","5","5","5","5","5","Membantu dan memastikan kesiapan fasilitas",,,,"Fasilitas pusat informasi tersedia dengan baik dan mudah diakses oleh pengunjung",,,,"Informasi mudah diakses dan disampaikan dengan jelas kepada pengunjung",,,,"e35421b5-8f4f-4499-ad31-70ed1dc257c8","Completed","New","24-10-2025 19:46:33","Anonymous","298867",,"cab97c1f-67b4-11f0-a847-0a0cda9789f2","1eb4a3f0-5e3d-4ac9-b813-8b1a562e7235",,,"true","False","QrCode","English","2025-10-24T12:41:33.9261Z",,,,,,,,,,,,,,,"68b5aaf51f3cc3c03afa57ae"
