"sequence","SUBHOLDING","NAMA LOKASI","REGION","STAR RATE","OWNERSHIP","NAMING","NPS","Group_NPS","Numeric_NPS","Overall Satisfaction","Group_Overall Satisfaction","Numeric_Overall Satisfaction","Saran dan Masukan","Sentiment_Saran dan Masukan","People-Berikan penilaian Anda terhadap kepuasan Anda dengan hal-hal berikut di layanan kami","Numeric_People-Berikan penilaian Anda terhadap kepuasan Anda dengan hal-hal berikut di layanan kami","Product or Premises-Berikan penilaian Anda terhadap kepuasan Anda dengan hal-hal berikut di layanan kami","Numeric_Product or Premises-Berikan penilaian Anda terhadap kepuasan Anda dengan hal-hal berikut di layanan kami","Process-Berikan penilaian Anda terhadap kepuasan Anda dengan hal-hal berikut di layanan kami","Numeric_Process-Berikan penilaian Anda terhadap kepuasan Anda dengan hal-hal berikut di layanan kami","Respondent Id","Survey Status","Survey Mode","Sync On-DateTime","Sync By","Response Time","Interviewer Id","Subscription Id","Project Id","Questionnaire Version","Channel Type","Is Anonymous","Test Response","Distribution Channel","Response Language","Camp Sent On Date Time","Inapp Trigger Type","Inapp Trigger Value","Name","Email","Phone Number","ID","Client Name","Company Name","Keyword","Platform Category","Tone","Published Date","Survey Type","Trigger Time","Response Imports","Campaign Id"
"1","IJH","MERUSAKA NUSA DUA","BALI","5","HIPRO",,"1","Detractor","1","1","Not Satisfied","1","Lessen the wait times for rooms, it’s unacceptable to wait 3 hours for a room at a five star hotel just because you came early. And even then we didn’t get into the room till 3:20p. Have WhatsApp reach out to people BEFORE their stay to expedite the check-in process and give a heads up for when room is ready. Create an area specifically for people to wait with snacks/ food/ etc if you’re going to make them wait this long… among other things…",,"2","2","2","2","2","2","68617933-2559-4e57-8909-a8f3ec6be947","Completed",,"15-09-2025 00:14:11",,"269477",,"cab97c1f-67b4-11f0-a847-0a0cda9789f2","bedac312-8aeb-4657-9774-18cf5ee7342c","3",,"true",,,,,,,,,,,,,,,,,,,"3",
"2","IJH","MERUSAKA NUSA DUA","BALI","5","HIPRO",,"1","Detractor","1","1","Not Satisfied","1","The service in the restaurants was abysmal.
It was always very slow. Conservatively, over 50% of our orders were either incomplete or wron (usually no milk at breakfast or ice on the side for drinks missing). This included my wife and I ordering lunch and only my meal appearing and when we questioned we were informed that we had not ordered a meal for my wife as it was not in the system! On another occasion we ordered drinks which did not appear. After 15 minutes we questioned where were the drinks to be informed that they had been sent to another table and in any event they were wrong for our order so we would have to wait! Finally, my wife ordered a dessert which came with ice cream at the beach restaurant and no utensils were provided. The waitress acknowledged there were no utensils and stated that she would bring some . None appeared so ice cream melted!",,"1","1","3","3","2","2","e8ad97bf-7685-43f6-bf5a-fbbd5b7e4796","Completed",,"27-10-2025 09:58:05",,"554511",,"cab97c1f-67b4-11f0-a847-0a0cda9789f2","bedac312-8aeb-4657-9774-18cf5ee7342c","3",,"true",,,,,,,,,,,,,,,,,,,"3",
"3","IJH","TRUNTUM KUTA","BALI","4","HIPRO","Post Stay-TRUNTUM KUTA","1","Detractor","1","1","Not Satisfied","1","Change your management, improve your hospitality especially toward local guests. Stop bowing down to foreigners and disrespecting us Indonesians, that mentality must be gone first and foremost.",,"1","1","2","2","1","1","262628e6-03ba-4856-a640-35eef14b70b8","Completed",,"03-01-2026 10:30:24",,"276232",,"cab97c1f-67b4-11f0-a847-0a0cda9789f2","bedac312-8aeb-4657-9774-18cf5ee7342c","3",,"true",,,,,,,,,,,,,,,,,,,"3",
"4","IJH","MERUSAKA NUSA DUA","BALI","5","HIPRO","Post Stay-MERUSAKA NUSA DUA","1","Detractor","1","1","Not Satisfied","1","Quicker checkin. 
Make sure rooms are ready on time. 
Actually apologise and explain when things are not done right. 

Staff are not attentive enough in some restaurants/bars (some are fantastic though). 

Plugs and bedside tables need improving.",,"3","3","4","4","2","2","8cd9e608-eb1f-4613-9eac-a18f69877936","Completed",,"05-01-2026 07:22:32",,"251794",,"cab97c1f-67b4-11f0-a847-0a0cda9789f2","bedac312-8aeb-4657-9774-18cf5ee7342c","3",,"true",,,,,,,,,,,,,,,,,,,"3",
"5","IJH","MERUSAKA NUSA DUA","BALI","5","HIPRO","Post Stay-MERUSAKA NUSA DUA","1","Detractor","1","1","Not Satisfied","1","This was our second time staying ( first time 2023)and it will be our last. Very disappointing. We even had friends come this time and it was very underwhelming for them, given we had just stayed at the PADMA, which was outstanding.",,"1","1","3","3","3","3","5a636fbe-0b9e-4c7e-9e87-a4508c8900fb","Completed",,"15-01-2026 08:14:25",,"255132",,"cab97c1f-67b4-11f0-a847-0a0cda9789f2","bedac312-8aeb-4657-9774-18cf5ee7342c","3",,"true",,,,,,,,,,,,,,,,,,,"3",
"6","IJH","MERUSAKA NUSA DUA","BALI","5","HIPRO","Post Stay-MERUSAKA NUSA DUA","1","Detractor","1","1","Not Satisfied","1","There was no service around the pool, everything was so slow including in house dining. One night we waited 2 hours for dinner ( with kids).  When Anom was working he was outstanding . Overall very disappointing and we will not go back.",,"3","3","3","3","3","3","0597a774-8125-43be-8e11-3a5a19f1f493","Completed",,"15-01-2026 08:23:21",,"518799",,"cab97c1f-67b4-11f0-a847-0a0cda9789f2","bedac312-8aeb-4657-9774-18cf5ee7342c","3",,"true",,,,,,,,,,,,,,,,,,,"3",
"7","IJH","INNA SINDHU BEACH HOTEL & RESORT","BALI","3","HIPRO","Post Stay-INNA SINDHU BEACH HOTEL & RESORT","1","Detractor","1","1","Not Satisfied","1","Would never stay again",,"4","4","2","2","2","2","7f256476-45ae-4f83-af03-abb0a8b157fd","Completed",,"12-02-2026 19:15:43",,"357026",,"cab97c1f-67b4-11f0-a847-0a0cda9789f2","bedac312-8aeb-4657-9774-18cf5ee7342c","3",,"true",,,,,,,,,,,,,,,,,,,"3",
"8","IJH","TRUNTUM KUTA","BALI","4","HIPRO","Post Stay-TRUNTUM KUTA","1","Detractor","1","1","Not Satisfied","1","Although we felt the hotel tried to make our experience better by upgrading us, it was not upgrades. We didnt feel like the hotel properly listened to our complaints. Have a better happy hour menu, not all guests are satisfied with over sugared happy hour drinks. Staff tried their best.",,"2","2","3","3","2","2","f52bddc1-4af3-4e45-bd9a-f681edfd8938","Completed",,"25-02-2026 15:56:27",,"194086",,"cab97c1f-67b4-11f0-a847-0a0cda9789f2","bedac312-8aeb-4657-9774-18cf5ee7342c","3",,"true",,,,,,,,,,,,,,,,,,,"3",
"9","IJH","MERUSAKA NUSA DUA","BALI","5","HIPRO",,"5","Promoters","5","5","Satisfied","5","Otherwise, everything is great!",,"5","5","5","5","4","4","7d56611a-6e5c-426c-b19f-029780797939","Completed",,"05-09-2025 21:48:41",,"614771",,"cab97c1f-67b4-11f0-a847-0a0cda9789f2","bedac312-8aeb-4657-9774-18cf5ee7342c","3",,"true",,,,,,,,,,,,,,,,,,,"2",
"10","IJH","MERUSAKA NUSA DUA","BALI","5","HIPRO",,"5","Promoters","5","5","Satisfied","5","The staff were excellent, the food is spot on. We will stay again.",,"5","5","5","5","4","4","dda6c6cd-c617-4313-84e8-a450db89b140","Completed",,"06-09-2025 03:07:02",,"325845",,"cab97c1f-67b4-11f0-a847-0a0cda9789f2","bedac312-8aeb-4657-9774-18cf5ee7342c","3",,"true",,,,,,,,,,,,,,,,,,,"2",
"11","IJH","MERUSAKA NUSA DUA","BALI","5","HIPRO",,"4","Promoters","4","4","Satisfied","4","Room hygiene needs to be improved.",,"4","4","4","4","3","3","200fee5b-8d68-403f-9765-882fcc587848","Completed",,"06-09-2025 22:18:22",,"619128",,"cab97c1f-67b4-11f0-a847-0a0cda9789f2","bedac312-8aeb-4657-9774-18cf5ee7342c","3",,"true",,,,,,,,,,,,,,,,,,,"2",
"12","IJH","MERUSAKA NUSA DUA","BALI","5","HIPRO",,"5","Promoters","5","5","Satisfied","5","none",,"5","5","5","5","4","4","bdf38c49-00fd-4994-b597-0673b53e3a64","Completed",,"07-09-2025 08:13:48",,"126022",,"cab97c1f-67b4-11f0-a847-0a0cda9789f2","bedac312-8aeb-4657-9774-18cf5ee7342c","3",,"true",,,,,,,,,,,,,,,,,,,"2",
"13","IJH","MERUSAKA NUSA DUA","BALI","5","HIPRO",,"4","Promoters","4","4","Satisfied","4",,,"4","4","5","5","3","3","f249308f-7cc5-4b9a-94ff-cf8b36bef19d","Completed",,"07-09-2025 09:13:03",,"455570",,"cab97c1f-67b4-11f0-a847-0a0cda9789f2","bedac312-8aeb-4657-9774-18cf5ee7342c","3",,"true",,,,,,,,,,,,,,,,,,,"2",
"14","IJH","MERUSAKA NUSA DUA","BALI","5","HIPRO",,"5","Promoters","5","5","Satisfied","5","NO",,"5","5","5","5","4","4","12cf8dea-144c-434c-853f-f9224c7e5447","Completed",,"07-09-2025 16:48:32",,"177246",,"cab97c1f-67b4-11f0-a847-0a0cda9789f2","bedac312-8aeb-4657-9774-18cf5ee7342c","3",,"true",,,,,,,,,,,,,,,,,,,"2",
"15","IJH","MERUSAKA NUSA DUA","BALI","5","HIPRO",,"5","Promoters","5","5","Satisfied","5","It was a beautiful place and I would recommend people to go there.",,"5","5","5","5","4","4","064c7fb4-2188-4c94-a0ad-565fad06f1ab","Completed",,"07-09-2025 17:20:53",,"236106",,"cab97c1f-67b4-11f0-a847-0a0cda9789f2","bedac312-8aeb-4657-9774-18cf5ee7342c","3",,"true",,,,,,,,,,,,,,,,,,,"2",
"16","IJH","MERUSAKA NUSA DUA","BALI","5","HIPRO",,"5","Promoters","5","5","Satisfied","5",,,"5","5","5","5","4","4","1cae9d1d-2e77-4277-b549-c0f9d4e0e93e","Completed",,"07-09-2025 18:30:58",,"169493",,"cab97c1f-67b4-11f0-a847-0a0cda9789f2","bedac312-8aeb-4657-9774-18cf5ee7342c","3",,"true",,,,,,,,,,,,,,,,,,,"2",
"17","IJH","MERUSAKA NUSA DUA","BALI","5","HIPRO",,"5","Promoters","5","5","Satisfied","5","Amazing Team and Good Job for all of your staff",,"5","5","5","5","4","4","317cf08e-d34d-4060-bd8f-3cd194253a92","Completed",,"07-09-2025 23:11:20",,"171006",,"cab97c1f-67b4-11f0-a847-0a0cda9789f2","bedac312-8aeb-4657-9774-18cf5ee7342c","3",,"true",,,,,,,,,,,,,,,,,,,"2",
"18","IJH","MERUSAKA NUSA DUA","BALI","5","HIPRO",,"5","Promoters","5","5","Satisfied","5","No",,"4","4","4","4","3","3","4cf82d77-dc0c-4f14-9fff-4ff3a617be08","Completed",,"07-09-2025 23:59:03",,"214428",,"cab97c1f-67b4-11f0-a847-0a0cda9789f2","bedac312-8aeb-4657-9774-18cf5ee7342c","3",,"true",,,,,,,,,,,,,,,,,,,"2",
"19","IJH","MERUSAKA NUSA DUA","BALI","5","HIPRO",,"5","Promoters","5","5","Satisfied","5","The beer needs to be chilled. The in-room fridge did not cool drinks at all",,"5","5","4","4","4","4","463323aa-72aa-4c7d-8732-ac639b5d96f2","Completed",,"08-09-2025 04:15:48",,"172409",,"cab97c1f-67b4-11f0-a847-0a0cda9789f2","bedac312-8aeb-4657-9774-18cf5ee7342c","3",,"true",,,,,,,,,,,,,,,,,,,"2",
"20","IJH","MERUSAKA NUSA DUA","BALI","5","HIPRO",,"5","Promoters","5","5","Satisfied","5","No",,"5","5","5","5","4","4","f9cea17b-0557-413a-b94b-b04b67c5ebdd","Completed",,"08-09-2025 04:37:39",,"925189",,"cab97c1f-67b4-11f0-a847-0a0cda9789f2","bedac312-8aeb-4657-9774-18cf5ee7342c","3",,"true",,,,,,,,,,,,,,,,,,,"2",
"21","IJH","MERUSAKA NUSA DUA","BALI","5","HIPRO",,"5","Promoters","5","5","Satisfied","5",,,"5","5","5","5","4","4","90fd55c9-29d4-48ee-ae45-0872bbe91908","Completed",,"08-09-2025 06:52:57",,"368290",,"cab97c1f-67b4-11f0-a847-0a0cda9789f2","bedac312-8aeb-4657-9774-18cf5ee7342c","3",,"true",,,,,,,,,,,,,,,,,,,"2",
"22","IJH","MERUSAKA NUSA DUA","BALI","5","HIPRO",,"3","Passive","3","3","Neutral","3","Surcharges on Bintang seems strange considering this is your local beer,",,"5","5","4","4","4","4","ee0eb767-68d3-437e-a278-af96c9122bde","Completed",,"08-09-2025 11:12:52",,"772091",,"cab97c1f-67b4-11f0-a847-0a0cda9789f2","bedac312-8aeb-4657-9774-18cf5ee7342c","3",,"true",,,,,,,,,,,,,,,,,,,"2",
"23","IJH","MERUSAKA NUSA DUA","BALI","5","HIPRO",,"5","Promoters","5","5","Satisfied","5",,,"5","5","5","5","4","4","99804672-4311-4b07-a493-3f7896aaf2b7","Completed",,"08-09-2025 11:59:09",,"129535",,"cab97c1f-67b4-11f0-a847-0a0cda9789f2","bedac312-8aeb-4657-9774-18cf5ee7342c","3",,"true",,,,,,,,,,,,,,,,,,,"2",
"24","IJH","MERUSAKA NUSA DUA","BALI","5","HIPRO",,"5","Promoters","5","5","Satisfied","5","Sometimes you just want to sit and relax with a drink and something light to eat. There did not seem to be nuts or a small cheese and crackers or pretzels. Just something to nibble on.",,"5","5","5","5","4","4","f2c42d79-07b9-46ce-8010-b6dcf6d03c34","Completed",,"08-09-2025 12:31:23",,"386873",,"cab97c1f-67b4-11f0-a847-0a0cda9789f2","bedac312-8aeb-4657-9774-18cf5ee7342c","3",,"true",,,,,,,,,,,,,,,,,,,"2",
"25","IJH","MERUSAKA NUSA DUA","BALI","5","HIPRO",,"5","Promoters","5","5","Satisfied","5","Very happy and will be back",,"5","5","5","5","4","4","1c822132-d0b0-41e8-a8e2-c0df45ee1f5e","Completed",,"08-09-2025 12:41:36",,"93290",,"cab97c1f-67b4-11f0-a847-0a0cda9789f2","bedac312-8aeb-4657-9774-18cf5ee7342c","3",,"true",,,,,,,,,,,,,,,,,,,"2",
"26","IJH","MERUSAKA NUSA DUA","BALI","5","HIPRO",,"5","Promoters","5","5","Satisfied","5",,,"5","5","4","4","4","4","26641e78-1f1f-4d5b-bf16-4a5130e4fd62","Completed",,"08-09-2025 18:53:29",,"289532",,"cab97c1f-67b4-11f0-a847-0a0cda9789f2","bedac312-8aeb-4657-9774-18cf5ee7342c","3",,"true",,,,,,,,,,,,,,,,,,,"2",
"27","IJH","MERUSAKA NUSA DUA","BALI","5","HIPRO",,"5","Promoters","5","5","Satisfied","5","We thoroughly enjoyed our visit. All of your staff were friendly and helpful at all times. We look forward to staying at your beautiful resort in your beautiful country again next year",,"5","5","5","5","4","4","26141f36-628d-415c-a4e4-f2001ad62fe0","Completed",,"09-09-2025 22:05:59",,"211938",,"cab97c1f-67b4-11f0-a847-0a0cda9789f2","bedac312-8aeb-4657-9774-18cf5ee7342c","3",,"true",,,,,,,,,,,,,,,,,,,"2",
"28","IJH","MERUSAKA NUSA DUA","BALI","5","HIPRO",,"5","Promoters","5","5","Satisfied","5","This was my second stay at Merusaka and sadly although the staff were amazing the quality and variety of food on offer was very poor compared to my previous stay. The hotel does provide exceptional value for money but the food was less than favourable this time. There is a lot of repetition of menu items in the various eateries and was mostly cold when served. Unfortunately you couldn’t even toast a piece of bread because the toasters didn’t work properly. I saw guests putting their bread through the toaster five times to get even a little bit of colour on it. It is a shame because we’ve loved staying in your property and couldn’t speak more highly of the staff but feel the food let us down this time.",,"5","5","5","5","4","4","a690c65a-064f-4f04-951e-7e2f0241a667","Completed",,"10-09-2025 00:47:54",,"729383",,"cab97c1f-67b4-11f0-a847-0a0cda9789f2","bedac312-8aeb-4657-9774-18cf5ee7342c","3",,"true",,,,,,,,,,,,,,,,,,,"2",
"29","IJH","MERUSAKA NUSA DUA","BALI","5","HIPRO",,"5","Promoters","5","5","Satisfied","5","No",,"5","5","5","5","4","4","9d3d1ebb-ae10-4adf-90e9-962bf8ab498b","Completed",,"10-09-2025 06:19:30",,"175135",,"cab97c1f-67b4-11f0-a847-0a0cda9789f2","bedac312-8aeb-4657-9774-18cf5ee7342c","3",,"true",,,,,,,,,,,,,,,,,,,"2",
"30","IJH","MERUSAKA NUSA DUA","BALI","5","HIPRO",,"5","Promoters","5","5","Satisfied","5",,,"5","5","4","4","4","4","a95759f9-07fb-47a0-9cde-b90e60639556","Completed",,"10-09-2025 07:03:35",,"212560",,"cab97c1f-67b4-11f0-a847-0a0cda9789f2","bedac312-8aeb-4657-9774-18cf5ee7342c","3",,"true",,,,,,,,,,,,,,,,,,,"2",
"31","IJH","MERUSAKA NUSA DUA","BALI","5","HIPRO",,"5","Promoters","5","5","Satisfied","5","Staff lovely, friendly, food and drinks in all venues are very good",,"5","5","5","5","4","4","590a6270-bb85-4edb-8f66-540bdaed2ad1","Completed",,"10-09-2025 13:41:57",,"129394",,"cab97c1f-67b4-11f0-a847-0a0cda9789f2","bedac312-8aeb-4657-9774-18cf5ee7342c","3",,"true",,,,,,,,,,,,,,,,,,,"2",
"32","IJH","MERUSAKA NUSA DUA","BALI","5","HIPRO",,"5","Promoters","5","5","Satisfied","5","It is preferred that the Coffee and tea in the room, needs to have liquid milk with it, not powder.",,"5","5","5","5","4","4","07a402fa-94c7-43fd-aaf9-a3a1ae46fb3b","Completed",,"10-09-2025 19:42:54",,"383463",,"cab97c1f-67b4-11f0-a847-0a0cda9789f2","bedac312-8aeb-4657-9774-18cf5ee7342c","3",,"true",,,,,,,,,,,,,,,,,,,"2",
"33","IJH","MERUSAKA NUSA DUA","BALI","5","HIPRO",,"5","Promoters","5","5","Satisfied","5",,,"5","5","4","4","4","4","8fc55b18-1a60-4cd9-b7b8-d25117bd4a57","Completed",,"11-09-2025 10:00:51",,"211372",,"cab97c1f-67b4-11f0-a847-0a0cda9789f2","bedac312-8aeb-4657-9774-18cf5ee7342c","3",,"true",,,,,,,,,,,,,,,,,,,"2",
"34","IJH","MERUSAKA NUSA DUA","BALI","5","HIPRO",,"5","Promoters","5","5","Satisfied","5",,,"5","5","5","5","3","3","65d22ec6-3099-46e9-940f-6d79f0d213f1","Completed",,"11-09-2025 10:55:38",,"191432",,"cab97c1f-67b4-11f0-a847-0a0cda9789f2","bedac312-8aeb-4657-9774-18cf5ee7342c","3",,"true",,,,,,,,,,,,,,,,,,,"2",
"35","IJH","MERUSAKA NUSA DUA","BALI","5","HIPRO",,"5","Promoters","5","5","Satisfied","5","Wonderful stay !",,"5","5","5","5","4","4","75fe259c-dd2b-4335-8e1a-a50eb6c69774","Completed",,"11-09-2025 17:35:21",,"108577",,"cab97c1f-67b4-11f0-a847-0a0cda9789f2","bedac312-8aeb-4657-9774-18cf5ee7342c","3",,"true",,,,,,,,,,,,,,,,,,,"2",
"36","IJH","MERUSAKA NUSA DUA","BALI","5","HIPRO",,"5","Promoters","5","5","Satisfied","5","No",,"5","5","5","5","4","4","eba7b5c0-39bf-4874-aa93-f411bf427720","Completed",,"12-09-2025 05:35:03",,"156758",,"cab97c1f-67b4-11f0-a847-0a0cda9789f2","bedac312-8aeb-4657-9774-18cf5ee7342c","3",,"true",,,,,,,,,,,,,,,,,,,"2",
"37","IJH","MERUSAKA NUSA DUA","BALI","5","HIPRO",,"5","Promoters","5","5","Satisfied","5","No. Everything was excellent",,"5","5","5","5","4","4","bd000d50-d78d-4e0d-94cb-424fb5a4ccff","Completed",,"12-09-2025 14:14:03",,"270169",,"cab97c1f-67b4-11f0-a847-0a0cda9789f2","bedac312-8aeb-4657-9774-18cf5ee7342c","3",,"true",,,,,,,,,,,,,,,,,,,"2",
"38","IJH","MERUSAKA NUSA DUA","BALI","5","HIPRO",,"2","Detractor","2","2","Not Satisfied","2","See previous answer.",,"3","3","4","4","3","3","fc6cce3b-792c-4432-9dd1-8c76efac569c","Completed",,"13-09-2025 06:43:03",,"1555918",,"cab97c1f-67b4-11f0-a847-0a0cda9789f2","bedac312-8aeb-4657-9774-18cf5ee7342c","3",,"true",,,,,,,,,,,,,,,,,,,"2",
"39","IJH","MERUSAKA NUSA DUA","BALI","5","HIPRO",,"5","Promoters","5","5","Satisfied","5","No",,"5","5","5","5","4","4","dbc5b183-9a9e-4494-830d-1dc85c0d9416","Completed",,"13-09-2025 07:48:38",,"107780",,"cab97c1f-67b4-11f0-a847-0a0cda9789f2","bedac312-8aeb-4657-9774-18cf5ee7342c","3",,"true",,,,,,,,,,,,,,,,,,,"2",
"40","IJH","MERUSAKA NUSA DUA","BALI","5","HIPRO",,"5","Promoters","5","5","Satisfied","5",,,"5","5","4","4","4","4","3dc3820b-39dc-40f4-b1e0-8d3c36866520","Completed",,"13-09-2025 12:26:53",,"150186",,"cab97c1f-67b4-11f0-a847-0a0cda9789f2","bedac312-8aeb-4657-9774-18cf5ee7342c","3",,"true",,,,,,,,,,,,,,,,,,,"2",
"41","IJH","MERUSAKA NUSA DUA","BALI","5","HIPRO",,"5","Promoters","5","5","Satisfied","5","Better bathroom lighting. The orange light in the middle of the bathroom cabinet was annoying.",,"5","5","5","5","4","4","554ec924-fb91-425d-acde-01a66b4826e0","Completed",,"14-09-2025 08:43:53",,"281548",,"cab97c1f-67b4-11f0-a847-0a0cda9789f2","bedac312-8aeb-4657-9774-18cf5ee7342c","3",,"true",,,,,,,,,,,,,,,,,,,"2",
"42","IJH","MERUSAKA NUSA DUA","BALI","5","HIPRO",,"1","Detractor","1","1","Not Satisfied","1","Will not stay here again",,"4","4","3","3","2","2","d7b0cf20-7f62-4fb8-8d4f-36625f107d8d","Completed",,"15-09-2025 07:48:14",,"351463",,"cab97c1f-67b4-11f0-a847-0a0cda9789f2","bedac312-8aeb-4657-9774-18cf5ee7342c","3",,"true",,,,,,,,,,,,,,,,,,,"2",
"43","IJH","MERUSAKA NUSA DUA","BALI","5","HIPRO",,"5","Promoters","5","5","Satisfied","5","All staff were really helpful, but would like to mention Mulliawan who helped us plan a lovely sightseeing day. Many thanks Mulliawan",,"5","5","5","5","4","4","87dff712-1a94-441c-82da-e2e8aba3202b","Completed",,"15-09-2025 12:53:46",,"198998",,"cab97c1f-67b4-11f0-a847-0a0cda9789f2","bedac312-8aeb-4657-9774-18cf5ee7342c","3",,"true",,,,,,,,,,,,,,,,,,,"2",
"44","IJH","MERUSAKA NUSA DUA","BALI","5","HIPRO",,"5","Promoters","5","5","Satisfied","5","No l don’t as overall l think the hotel gives good value for money spent",,"5","5","5","5","4","4","8b35f3d4-c8c2-4a2e-93eb-00cb8958e5b6","Completed",,"15-09-2025 20:50:26",,"461044",,"cab97c1f-67b4-11f0-a847-0a0cda9789f2","bedac312-8aeb-4657-9774-18cf5ee7342c","3",,"true",,,,,,,,,,,,,,,,,,,"2",
"45","IJH","MERUSAKA NUSA DUA","BALI","5","HIPRO",,"5","Promoters","5","5","Satisfied","5",,,"5","5","5","5","4","4","10bdfdff-a362-430b-9006-ba7faa8b6a8d","Completed",,"16-09-2025 06:05:00",,"157345",,"cab97c1f-67b4-11f0-a847-0a0cda9789f2","bedac312-8aeb-4657-9774-18cf5ee7342c","3",,"true",,,,,,,,,,,,,,,,,,,"2",
"46","IJH","MERUSAKA NUSA DUA","BALI","5","HIPRO",,"5","Promoters","5","5","Satisfied","5","Really can't enough your level of great service",,"5","5","5","5","4","4","82f0bbef-8c2d-4713-b1a5-699e02d6fae9","Completed",,"16-09-2025 12:14:22",,"241583",,"cab97c1f-67b4-11f0-a847-0a0cda9789f2","bedac312-8aeb-4657-9774-18cf5ee7342c","3",,"true",,,,,,,,,,,,,,,,,,,"2",
"47","IJH","MERUSAKA NUSA DUA","BALI","5","HIPRO",,"5","Promoters","5","5","Satisfied","5",,,"5","5","5","5","4","4","5df80cec-f43f-4543-b16c-3ee8b30911b0","Completed",,"16-09-2025 16:00:39",,"268856",,"cab97c1f-67b4-11f0-a847-0a0cda9789f2","bedac312-8aeb-4657-9774-18cf5ee7342c","3",,"true",,,,,,,,,,,,,,,,,,,"2",
"48","IJH","MERUSAKA NUSA DUA","BALI","5","HIPRO",,"5","Promoters","5","5","Satisfied","5",,,"5","5","5","5","4","4","efb3b7d4-4d2d-450b-8a5b-d71510d0739d","Completed",,"17-09-2025 07:17:26",,"483017",,"cab97c1f-67b4-11f0-a847-0a0cda9789f2","bedac312-8aeb-4657-9774-18cf5ee7342c","3",,"true",,,,,,,,,,,,,,,,,,,"2",
"49","IJH","MERUSAKA NUSA DUA","BALI","5","HIPRO",,"5","Promoters","5","5","Satisfied","5","As I stated previously re cushion",,"5","5","5","5","4","4","f4dcc394-c74d-4868-8bdd-d646d02c7f52","Completed",,"17-09-2025 10:52:10",,"302907",,"cab97c1f-67b4-11f0-a847-0a0cda9789f2","bedac312-8aeb-4657-9774-18cf5ee7342c","3",,"true",,,,,,,,,,,,,,,,,,,"2",
"50","IJH","MERUSAKA NUSA DUA","BALI","5","HIPRO",,"5","Promoters","5","5","Satisfied","5","No",,"5","5","5","5","4","4","60de57c1-6ba4-4ac0-b0bf-78fc2f49a732","Completed",,"17-09-2025 10:56:44",,"271998",,"cab97c1f-67b4-11f0-a847-0a0cda9789f2","bedac312-8aeb-4657-9774-18cf5ee7342c","3",,"true",,,,,,,,,,,,,,,,,,,"2",
"51","IJH","MERUSAKA NUSA DUA","BALI","5","HIPRO",,"5","Promoters","5","5","Satisfied","5","More coffee and real milk in the rooms",,"5","5","4","4","4","4","4e340e7a-e3a8-4904-9b5b-05dac1c48600","Completed",,"17-09-2025 12:09:54",,"284838",,"cab97c1f-67b4-11f0-a847-0a0cda9789f2","bedac312-8aeb-4657-9774-18cf5ee7342c","3",,"true",,,,,,,,,,,,,,,,,,,"2",
"52","IJH","MERUSAKA NUSA DUA","BALI","5","HIPRO",,"4","Promoters","4","4","Satisfied","4",,,"4","4","4","4","3","3","2749e679-a1d5-4d8c-98cd-194a4857e6c4","Completed",,"17-09-2025 12:18:25",,"256716",,"cab97c1f-67b4-11f0-a847-0a0cda9789f2","bedac312-8aeb-4657-9774-18cf5ee7342c","3",,"true",,,,,,,,,,,,,,,,,,,"2",
"53","IJH","MERUSAKA NUSA DUA","BALI","5","HIPRO",,"5","Promoters","5","5","Satisfied","5",,,"4","4","4","4","3","3","77a1a0ba-c146-4512-8194-b105da04f44c","Completed",,"17-09-2025 16:52:45",,"283892",,"cab97c1f-67b4-11f0-a847-0a0cda9789f2","bedac312-8aeb-4657-9774-18cf5ee7342c","3",,"true",,,,,,,,,,,,,,,,,,,"2",
"54","IJH","MERUSAKA NUSA DUA","BALI","5","HIPRO",,"5","Promoters","5","5","Satisfied","5","No, everything it was ok",,"5","5","5","5","4","4","12ed0e69-b2f9-46a6-873f-e6e6ed4c278d","Completed",,"18-09-2025 13:38:11",,"174558",,"cab97c1f-67b4-11f0-a847-0a0cda9789f2","bedac312-8aeb-4657-9774-18cf5ee7342c","3",,"true",,,,,,,,,,,,,,,,,,,"2",
"55","IJH","MERUSAKA NUSA DUA","BALI","5","HIPRO",,"5","Promoters","5","5","Satisfied","5","The only thing we didn't enjoy was the food we got on the beach. We asked for a tuna melt and a pizza and they were ok, but not great and not the quality we expected",,"5","5","5","5","4","4","62269ae8-82dc-4de1-a1c2-e5bcaaa064d8","Completed",,"18-09-2025 19:50:24",,"222874",,"cab97c1f-67b4-11f0-a847-0a0cda9789f2","bedac312-8aeb-4657-9774-18cf5ee7342c","3",,"true",,,,,,,,,,,,,,,,,,,"2",
"56","IJH","MERUSAKA NUSA DUA","BALI","5","HIPRO",,"5","Promoters","5","5","Satisfied","5","No",,"4","4","4","4","3","3","79f492f4-2caf-493e-914d-74f1261b2daf","Completed",,"19-09-2025 08:05:36",,"190783",,"cab97c1f-67b4-11f0-a847-0a0cda9789f2","bedac312-8aeb-4657-9774-18cf5ee7342c","3",,"true",,,,,,,,,,,,,,,,,,,"2",
"57","IJH","MERUSAKA NUSA DUA","BALI","5","HIPRO",,"5","Promoters","5","5","Satisfied","5","Please ensure regular cleaning of the beach",,"5","5","5","5","4","4","1fa7287d-f76d-4939-b135-4f999b016580","Completed",,"19-09-2025 10:56:49",,"165498",,"cab97c1f-67b4-11f0-a847-0a0cda9789f2","bedac312-8aeb-4657-9774-18cf5ee7342c","3",,"true",,,,,,,,,,,,,,,,,,,"2",
"58","IJH","MERUSAKA NUSA DUA","BALI","5","HIPRO",,"5","Promoters","5","5","Satisfied","5","No, all is perfect",,"5","5","5","5","4","4","ab8c58b0-986e-46d3-8fe4-39b2b67c50a1","Completed",,"19-09-2025 11:05:34",,"304592",,"cab97c1f-67b4-11f0-a847-0a0cda9789f2","bedac312-8aeb-4657-9774-18cf5ee7342c","3",,"true",,,,,,,,,,,,,,,,,,,"2",
"59","IJH","MERUSAKA NUSA DUA","BALI","5","HIPRO",,"5","Promoters","5","5","Satisfied","5",,,"3","3","3","3","3","3","243e5d57-5826-451e-ab1a-4f34e5bfed5b","Completed",,"20-09-2025 15:32:04",,"255003",,"cab97c1f-67b4-11f0-a847-0a0cda9789f2","bedac312-8aeb-4657-9774-18cf5ee7342c","3",,"true",,,,,,,,,,,,,,,,,,,"2",
"60","IJH","MERUSAKA NUSA DUA","BALI","5","HIPRO",,"5","Promoters","5","5","Satisfied","5","We have stayed here once before as well and overall always thoroughly enjoy our stay. Check in process has been a bit slow both times we’ve visited - not sure if it is just a peak time to check in (~1pm) leading to delays but it would be good to have a quick process especially after a flight and travel. The temperature settings in the room are also a bit difficult because even on the low air con setting, it’s still quite powerful and can really dry up the air which can be uncomfortable. The fan setting is good but unfortunately does not cool the room enough so we did not have the best sleeps. Staff are always amazing and so attentive to our needs which is so lovely. Food is also amazing. We will definitely be back!",,"5","5","4","4","3","3","0889298c-edc9-4dae-8968-c73539e65785","Completed",,"20-09-2025 20:03:33",,"1190772",,"cab97c1f-67b4-11f0-a847-0a0cda9789f2","bedac312-8aeb-4657-9774-18cf5ee7342c","3",,"true",,,,,,,,,,,,,,,,,,,"2",
"61","IJH","MERUSAKA NUSA DUA","BALI","5","HIPRO",,"5","Promoters","5","5","Satisfied","5","often had to wait a long time for drinks order",,"4","4","5","5","4","4","5c5047c7-56a3-49c0-a917-4b9a0c1eca57","Completed",,"21-09-2025 06:37:26",,"173655",,"cab97c1f-67b4-11f0-a847-0a0cda9789f2","bedac312-8aeb-4657-9774-18cf5ee7342c","3",,"true",,,,,,,,,,,,,,,,,,,"2",
"62","IJH","MERUSAKA NUSA DUA","BALI","5","HIPRO",,"4","Promoters","4","4","Satisfied","4",,,"5","5","4","4","3","3","4c5ab613-d16d-4407-846b-e877d30f854c","Completed",,"21-09-2025 13:23:51",,"215233",,"cab97c1f-67b4-11f0-a847-0a0cda9789f2","bedac312-8aeb-4657-9774-18cf5ee7342c","3",,"true",,,,,,,,,,,,,,,,,,,"2",
"63","IJH","MERUSAKA NUSA DUA","BALI","5","HIPRO",,"5","Promoters","5","5","Satisfied","5",,,"5","5","5","5","4","4","7d7a00cb-e8ce-4f17-839a-1f98f6177861","Completed",,"21-09-2025 13:43:13",,"116482",,"cab97c1f-67b4-11f0-a847-0a0cda9789f2","bedac312-8aeb-4657-9774-18cf5ee7342c","3",,"true",,,,,,,,,,,,,,,,,,,"2",
"64","IJH","MERUSAKA NUSA DUA","BALI","5","HIPRO",,"5","Promoters","5","5","Satisfied","5","We are hoping to come back again next April. We would like to thank all the staff for making our short stay so enjoyable.",,"5","5","5","5","4","4","d0488391-5c9a-4ec8-a6f2-19be46097f67","Completed",,"21-09-2025 15:08:33",,"466408",,"cab97c1f-67b4-11f0-a847-0a0cda9789f2","bedac312-8aeb-4657-9774-18cf5ee7342c","3",,"true",,,,,,,,,,,,,,,,,,,"2",
"65","IJH","MERUSAKA NUSA DUA","BALI","5","HIPRO",,"5","Promoters","5","5","Satisfied","5","No",,"5","5","5","5","4","4","d25de062-ee9e-490a-9fc6-2789050f5e19","Completed",,"22-09-2025 06:58:13",,"220680",,"cab97c1f-67b4-11f0-a847-0a0cda9789f2","bedac312-8aeb-4657-9774-18cf5ee7342c","3",,"true",,,,,,,,,,,,,,,,,,,"2",
"66","IJH","MERUSAKA NUSA DUA","BALI","5","HIPRO",,"4","Promoters","4","4","Satisfied","4","I would suggest additional activities like bonfire by the beach, shisha lounge by the beach, cinema by the beach",,"5","5","4","4","4","4","efc4c475-a655-4948-a288-d8cb29504d08","Completed",,"22-09-2025 11:13:26",,"385672",,"cab97c1f-67b4-11f0-a847-0a0cda9789f2","bedac312-8aeb-4657-9774-18cf5ee7342c","3",,"true",,,,,,,,,,,,,,,,,,,"2",
"67","IJH","MERUSAKA NUSA DUA","BALI","5","HIPRO",,"5","Promoters","5","5","Satisfied","5",,,"5","5","5","5","4","4","d5e069f5-7a51-41bb-9069-fbcffac35442","Completed",,"22-09-2025 11:23:54",,"139699",,"cab97c1f-67b4-11f0-a847-0a0cda9789f2","bedac312-8aeb-4657-9774-18cf5ee7342c","3",,"true",,,,,,,,,,,,,,,,,,,"2",
"68","IJH","MERUSAKA NUSA DUA","BALI","5","HIPRO",,"5","Promoters","5","5","Satisfied","5",,,"5","5","5","5","4","4","e1583e5c-4808-4dfd-ac27-c530c9e7b2f1","Completed",,"22-09-2025 13:11:58",,"101896",,"cab97c1f-67b4-11f0-a847-0a0cda9789f2","bedac312-8aeb-4657-9774-18cf5ee7342c","3",,"true",,,,,,,,,,,,,,,,,,,"2",
"69","IJH","MERUSAKA NUSA DUA","BALI","5","HIPRO",,"5","Promoters","5","5","Satisfied","5",,,"5","5","4","4","4","4","2421ceda-f55a-4724-8406-6d398b69e29e","Completed",,"22-09-2025 15:54:25",,"124365",,"cab97c1f-67b4-11f0-a847-0a0cda9789f2","bedac312-8aeb-4657-9774-18cf5ee7342c","3",,"true",,,,,,,,,,,,,,,,,,,"2",
"70","IJH","MERUSAKA NUSA DUA","BALI","5","HIPRO",,"5","Promoters","5","5","Satisfied","5","Was absolutely amazing. Thanks for all, keep on going the hard work",,"5","5","5","5","4","4","31885618-6608-4813-bd5f-2ca2d5f9b641","Completed",,"22-09-2025 17:10:20",,"311388",,"cab97c1f-67b4-11f0-a847-0a0cda9789f2","bedac312-8aeb-4657-9774-18cf5ee7342c","3",,"true",,,,,,,,,,,,,,,,,,,"2",
"71","IJH","MERUSAKA NUSA DUA","BALI","5","HIPRO",,"5","Promoters","5","5","Satisfied","5",,,"5","5","4","4","3","3","9081ee85-8427-4f11-ad5e-2ef9068a663f","Completed",,"22-09-2025 18:00:12",,"145144",,"cab97c1f-67b4-11f0-a847-0a0cda9789f2","bedac312-8aeb-4657-9774-18cf5ee7342c","3",,"true",,,,,,,,,,,,,,,,,,,"2",
"72","IJH","MERUSAKA NUSA DUA","BALI","5","HIPRO",,"5","Promoters","5","5","Satisfied","5",,,"5","5","5","5","4","4","adef0f58-d8a5-4b4c-af85-c3712465dade","Completed",,"23-09-2025 04:53:27",,"163842",,"cab97c1f-67b4-11f0-a847-0a0cda9789f2","bedac312-8aeb-4657-9774-18cf5ee7342c","3",,"true",,,,,,,,,,,,,,,,,,,"2",
"73","IJH","MERUSAKA NUSA DUA","BALI","5","HIPRO",,"4","Promoters","4","4","Satisfied","4","Non",,"5","5","5","5","4","4","9936d5e2-9a4e-4fd9-b0f8-9db1f6244728","Completed",,"23-09-2025 09:10:33",,"186925",,"cab97c1f-67b4-11f0-a847-0a0cda9789f2","bedac312-8aeb-4657-9774-18cf5ee7342c","3",,"true",,,,,,,,,,,,,,,,,,,"2",
"74","IJH","MERUSAKA NUSA DUA","BALI","5","HIPRO",,"5","Promoters","5","5","Satisfied","5","Please add some Vegetable (cucumber, Paprika, tomato,) to your Breakfast i think its bettet in the morning then Nasi Goreng. 
And If its possible some good Mozzarella, Gouda, Emmentaler Cheese.",,"4","4","5","5","4","4","e9f66d49-b3c9-469e-b306-c342ed3cdf58","Completed",,"23-09-2025 12:39:44",,"570748",,"cab97c1f-67b4-11f0-a847-0a0cda9789f2","bedac312-8aeb-4657-9774-18cf5ee7342c","3",,"true",,,,,,,,,,,,,,,,,,,"2",
"75","IJH","MERUSAKA NUSA DUA","BALI","5","HIPRO",,"5","Promoters","5","5","Satisfied","5","No",,"5","5","5","5","4","4","9df98aef-e997-4dc1-a88e-ca415bc732c4","Completed",,"24-09-2025 20:45:08",,"193570",,"cab97c1f-67b4-11f0-a847-0a0cda9789f2","bedac312-8aeb-4657-9774-18cf5ee7342c","3",,"true",,,,,,,,,,,,,,,,,,,"2",
"76","IJH","MERUSAKA NUSA DUA","BALI","5","HIPRO",,"5","Promoters","5","5","Satisfied","5","everything was great :)",,"5","5","5","5","4","4","c8be81a5-a72c-427a-80fc-b833f5d84504","Completed",,"25-09-2025 14:14:38",,"687727",,"cab97c1f-67b4-11f0-a847-0a0cda9789f2","bedac312-8aeb-4657-9774-18cf5ee7342c","3",,"true",,,,,,,,,,,,,,,,,,,"2",
"77","IJH","MERUSAKA NUSA DUA","BALI","5","HIPRO",,"4","Promoters","4","4","Satisfied","4","Well at last day we lunch at Ja Jan Bistro and the food gets me sick!! The coconut wasn’t fresh and i don’t know if the products they use in our sandwich was good but something gets me sick after the lunch!",,"5","5","5","5","3","3","58a2eeab-d5da-43b7-bb10-ff81cec9e970","Completed",,"25-09-2025 16:19:00",,"642127",,"cab97c1f-67b4-11f0-a847-0a0cda9789f2","bedac312-8aeb-4657-9774-18cf5ee7342c","3",,"true",,,,,,,,,,,,,,,,,,,"2",
"78","IJH","MERUSAKA NUSA DUA","BALI","5","HIPRO",,"5","Promoters","5","5","Satisfied","5","None",,"5","5","5","5","4","4","fd327eca-5bf8-4687-91e1-63b34fb812b4","Completed",,"26-09-2025 06:15:49",,"92990",,"cab97c1f-67b4-11f0-a847-0a0cda9789f2","bedac312-8aeb-4657-9774-18cf5ee7342c","3",,"true",,,,,,,,,,,,,,,,,,,"2",
"79","IJH","MERUSAKA NUSA DUA","BALI","5","HIPRO",,"5","Promoters","5","5","Satisfied","5","No everything was perfect",,"5","5","5","5","4","4","f3c98ec5-d6bf-40ee-8328-a11cfd6cc730","Completed",,"26-09-2025 08:47:36",,"158893",,"cab97c1f-67b4-11f0-a847-0a0cda9789f2","bedac312-8aeb-4657-9774-18cf5ee7342c","3",,"true",,,,,,,,,,,,,,,,,,,"2",
"80","IJH","MERUSAKA NUSA DUA","BALI","5","HIPRO",,"5","Promoters","5","5","Satisfied","5","no",,"5","5","5","5","4","4","118dc533-4339-4151-8eac-ca595e086b69","Completed",,"26-09-2025 09:09:11",,"331719",,"cab97c1f-67b4-11f0-a847-0a0cda9789f2","bedac312-8aeb-4657-9774-18cf5ee7342c","3",,"true",,,,,,,,,,,,,,,,,,,"2",
"81","IJH","MERUSAKA NUSA DUA","BALI","5","HIPRO",,"4","Promoters","4","4","Satisfied","4","The hotel is looking very tired, the furniture in the bedroom needs to be dealt with, cupboard doors hanging off, wardrobe doors don’t shut,drawers don’t fit properly
had to have the coffee machine replaced because that didn’t work.
Nobody likes to have creamer in their tea, you need to supply milk cartons.
The Bluetooth speaker doesn’t work,
There are ants everywhere in the room.",,"5","5","4","4","3","3","d21e29a5-4eb3-4fd5-8987-a906eb591feb","Completed",,"26-09-2025 16:46:07",,"377907",,"cab97c1f-67b4-11f0-a847-0a0cda9789f2","bedac312-8aeb-4657-9774-18cf5ee7342c","3",,"true",,,,,,,,,,,,,,,,,,,"2",
"82","IJH","MERUSAKA NUSA DUA","BALI","5","HIPRO",,"5","Promoters","5","5","Satisfied","5",,,"5","5","4","4","4","4","399f54d3-22ef-4fde-ac0f-a3007417d224","Completed",,"27-09-2025 17:52:59",,"155794",,"cab97c1f-67b4-11f0-a847-0a0cda9789f2","bedac312-8aeb-4657-9774-18cf5ee7342c","3",,"true",,,,,,,,,,,,,,,,,,,"2",
"83","IJH","MERUSAKA NUSA DUA","BALI","5","HIPRO",,"4","Promoters","4","4","Satisfied","4","You need more choices if restaurants",,"5","5","4","4","4","4","af245285-6238-464a-b6f1-b6c425dc92a9","Completed",,"28-09-2025 08:48:42",,"197036",,"cab97c1f-67b4-11f0-a847-0a0cda9789f2","bedac312-8aeb-4657-9774-18cf5ee7342c","3",,"true",,,,,,,,,,,,,,,,,,,"2",
"84","IJH","MERUSAKA NUSA DUA","BALI","5","HIPRO",,"5","Promoters","5","5","Satisfied","5",,,"5","5","5","5","4","4","fff8483a-5d14-455f-85d3-28dc8e097864","Completed",,"28-09-2025 19:11:00",,"928077",,"cab97c1f-67b4-11f0-a847-0a0cda9789f2","bedac312-8aeb-4657-9774-18cf5ee7342c","3",,"true",,,,,,,,,,,,,,,,,,,"2",
"85","IJH","MERUSAKA NUSA DUA","BALI","5","HIPRO",,"1","Detractor","1","1","Not Satisfied","1","We won't be returning.

The last straw was the dreadful music from the foam party.",,"4","4","2","2","2","2","ee713ac0-1576-49dc-8d00-3ceb2fc09eba","Completed",,"28-09-2025 22:34:19",,"333008",,"cab97c1f-67b4-11f0-a847-0a0cda9789f2","bedac312-8aeb-4657-9774-18cf5ee7342c","3",,"true",,,,,,,,,,,,,,,,,,,"2",
"86","IJH","MERUSAKA NUSA DUA","BALI","5","HIPRO",,"5","Promoters","5","5","Satisfied","5","We have the most beautiful stay and will definitely return.",,"5","5","4","4","4","4","5a73edad-f748-472c-ac54-1226d130df68","Completed",,"29-09-2025 10:22:32",,"119151",,"cab97c1f-67b4-11f0-a847-0a0cda9789f2","bedac312-8aeb-4657-9774-18cf5ee7342c","3",,"true",,,,,,,,,,,,,,,,,,,"2",
"87","IJH","MERUSAKA NUSA DUA","BALI","5","HIPRO",,"3","Passive","3","3","Neutral","3","waktu tunggu proses checkin terlalu lama. Waktu handle/tamu terlalu lama.
Antrian checkin tidak jelas
Concierge handle 1 tamu sangat2 lama",,"3","3","4","4","2","2","7465ae07-6cfe-400a-a0de-6560e513de6c","Completed",,"29-09-2025 10:58:13",,"403932",,"cab97c1f-67b4-11f0-a847-0a0cda9789f2","bedac312-8aeb-4657-9774-18cf5ee7342c","3",,"true",,,,,,,,,,,,,,,,,,,"2",
"88","IJH","MERUSAKA NUSA DUA","BALI","5","HIPRO",,"5","Promoters","5","5","Satisfied","5",,,"5","5","5","5","3","3","897b6930-addc-4eae-89b2-ffb57ec20782","Completed",,"29-09-2025 11:59:25",,"132336",,"cab97c1f-67b4-11f0-a847-0a0cda9789f2","bedac312-8aeb-4657-9774-18cf5ee7342c","3",,"true",,,,,,,,,,,,,,,,,,,"2",
"89","IJH","MERUSAKA NUSA DUA","BALI","5","HIPRO",,"5","Promoters","5","5","Satisfied","5","No very happy",,"5","5","4","4","4","4","cc7b027a-1d16-4145-a807-7e41bd5d5cfe","Completed",,"30-09-2025 09:10:57",,"358680",,"cab97c1f-67b4-11f0-a847-0a0cda9789f2","bedac312-8aeb-4657-9774-18cf5ee7342c","3",,"true",,,,,,,,,,,,,,,,,,,"2",
"90","IJH","MERUSAKA NUSA DUA","BALI","5","HIPRO",,"5","Promoters","5","5","Satisfied","5",,,"5","5","4","4","4","4","bd349d6a-a092-4e67-8b2a-63d76eead7d8","Completed",,"30-09-2025 11:47:17",,"358547",,"cab97c1f-67b4-11f0-a847-0a0cda9789f2","bedac312-8aeb-4657-9774-18cf5ee7342c","3",,"true",,,,,,,,,,,,,,,,,,,"2",
"91","IJH","MERUSAKA NUSA DUA","BALI","5","HIPRO",,"5","Promoters","5","5","Satisfied","5","We arrived around 12:30pm and checked in early but we went to room late around 3:30pm cause we waited for someone to help us with our luggages.",,"5","5","5","5","4","4","b7c525d6-bd4c-4b08-9ba1-25b27f7a9200","Completed",,"30-09-2025 14:55:25",,"246753",,"cab97c1f-67b4-11f0-a847-0a0cda9789f2","bedac312-8aeb-4657-9774-18cf5ee7342c","3",,"true",,,,,,,,,,,,,,,,,,,"2",
"92","IJH","MERUSAKA NUSA DUA","BALI","5","HIPRO",,"5","Promoters","5","5","Satisfied","5","For the resort management I would have a suggestion and a request:
The suggestion is to consider an elegant way to spend time after the restaurants close!
A bar or a club located in a well-soundproof location that does not disturb other tourists would make the night party much more interesting, especially for Western tourists!
The (big) request is to approach a much more pro-active policy for keeping the beach and ocean water clean!
Perhaps a more technological solution than sending people with rakes and shovels should be addressed. Plastic pollution in the world's oceans is a problem for all of us and we should all get involved in reducing it to zero but that can only be done with concern, involvement and investment.
It's a piece of paradise there so any effort to keep it clean is worth it!",,"5","5","5","5","4","4","91815ff9-7fdf-4bfc-af8a-3d66cfc81334","Completed",,"30-09-2025 16:32:10",,"314308",,"cab97c1f-67b4-11f0-a847-0a0cda9789f2","bedac312-8aeb-4657-9774-18cf5ee7342c","3",,"true",,,,,,,,,,,,,,,,,,,"2",
"93","IJH","MERUSAKA NUSA DUA","BALI","5","HIPRO",,"5","Promoters","5","5","Satisfied","5",,,"5","5","4","4","4","4","7524049d-2dcc-4eb1-a0cd-6f3c40ca998b","Completed",,"01-10-2025 07:27:28",,"208804",,"cab97c1f-67b4-11f0-a847-0a0cda9789f2","bedac312-8aeb-4657-9774-18cf5ee7342c","3",,"true",,,,,,,,,,,,,,,,,,,"2",
"94","IJH","MERUSAKA NUSA DUA","BALI","5","HIPRO",,"5","Promoters","5","5","Satisfied","5",,,"5","5","5","5","4","4","3fe697f7-745e-4dd8-a966-4d4ad65d62ad","Completed",,"01-10-2025 13:23:00",,"106333",,"cab97c1f-67b4-11f0-a847-0a0cda9789f2","bedac312-8aeb-4657-9774-18cf5ee7342c","3",,"true",,,,,,,,,,,,,,,,,,,"2",
"95","IJH","MERUSAKA NUSA DUA","BALI","5","HIPRO",,"5","Promoters","5","5","Satisfied","5","Nihil",,"5","5","5","5","4","4","9daae612-6887-481a-ac1c-f64a94ffa490","Completed",,"01-10-2025 15:32:02",,"139284",,"cab97c1f-67b4-11f0-a847-0a0cda9789f2","bedac312-8aeb-4657-9774-18cf5ee7342c","3",,"true",,,,,,,,,,,,,,,,,,,"2",
"96","IJH","MERUSAKA NUSA DUA","BALI","5","HIPRO",,"4","Promoters","4","4","Satisfied","4",,,"5","5","5","5","4","4","d19df68c-97c9-45c7-853c-bc6968792c20","Completed",,"01-10-2025 16:09:15",,"404393",,"cab97c1f-67b4-11f0-a847-0a0cda9789f2","bedac312-8aeb-4657-9774-18cf5ee7342c","3",,"true",,,,,,,,,,,,,,,,,,,"2",
"97","IJH","MERUSAKA NUSA DUA","BALI","5","HIPRO",,"5","Promoters","5","5","Satisfied","5","Overall, wonderful experience, and we'd certainly come back again. Staff were excellent, just one or two minor details to improve. We'd certainly recommend to others looking at Bali for a holiday.",,"5","5","5","5","4","4","446f4851-1b9c-4612-a8b7-377698f88ef6","Completed",,"01-10-2025 16:49:35",,"747648",,"cab97c1f-67b4-11f0-a847-0a0cda9789f2","bedac312-8aeb-4657-9774-18cf5ee7342c","3",,"true",,,,,,,,,,,,,,,,,,,"2",
"98","IJH","MERUSAKA NUSA DUA","BALI","5","HIPRO",,"5","Promoters","5","5","Satisfied","5","No",,"5","5","5","5","4","4","1d8cce3e-57e1-4fa3-b6ea-4e09c883f89e","Completed",,"02-10-2025 13:49:34",,"177398",,"cab97c1f-67b4-11f0-a847-0a0cda9789f2","bedac312-8aeb-4657-9774-18cf5ee7342c","3",,"true",,,,,,,,,,,,,,,,,,,"2",
"99","IJH","MERUSAKA NUSA DUA","BALI","5","HIPRO",,"5","Promoters","5","5","Satisfied","5","Wonderful staff throughout the entire stay.",,"5","5","5","5","4","4","9fd9bb89-2222-4774-8ff5-f846f22b6d6a","Completed",,"03-10-2025 11:46:10",,"149123",,"cab97c1f-67b4-11f0-a847-0a0cda9789f2","bedac312-8aeb-4657-9774-18cf5ee7342c","3",,"true",,,,,,,,,,,,,,,,,,,"2",
"100","IJH","MERUSAKA NUSA DUA","BALI","5","HIPRO",,"5","Promoters","5","5","Satisfied","5",,,"5","5","5","5","4","4","17ddbd8c-1069-48c8-b3dd-6d2c4472c605","Completed",,"03-10-2025 12:10:05",,"109374",,"cab97c1f-67b4-11f0-a847-0a0cda9789f2","bedac312-8aeb-4657-9774-18cf5ee7342c","3",,"true",,,,,,,,,,,,,,,,,,,"2",
"101","IJH","MERUSAKA NUSA DUA","BALI","5","HIPRO",,"4","Promoters","4","4","Satisfied","4","Cold drinks and quicker service",,"3","3","5","5","4","4","a7076113-ee49-4f0f-9cab-1f0330dff775","Completed",,"03-10-2025 12:26:59",,"292750",,"cab97c1f-67b4-11f0-a847-0a0cda9789f2","bedac312-8aeb-4657-9774-18cf5ee7342c","3",,"true",,,,,,,,,,,,,,,,,,,"2",
"102","IJH","MERUSAKA NUSA DUA","BALI","5","HIPRO",,"5","Promoters","5","5","Satisfied","5",,,"5","5","5","5","4","4","00f64526-c630-4f15-89c3-f40ac0016ff7","Completed",,"03-10-2025 13:18:36",,"167129",,"cab97c1f-67b4-11f0-a847-0a0cda9789f2","bedac312-8aeb-4657-9774-18cf5ee7342c","3",,"true",,,,,,,,,,,,,,,,,,,"2",
"103","IJH","MERUSAKA NUSA DUA","BALI","5","HIPRO",,"5","Promoters","5","5","Satisfied","5","No",,"5","5","5","5","4","4","9077514f-64f1-4a31-9578-c59cb0e1aec8","Completed",,"03-10-2025 17:31:48",,"705949",,"cab97c1f-67b4-11f0-a847-0a0cda9789f2","bedac312-8aeb-4657-9774-18cf5ee7342c","3",,"true",,,,,,,,,,,,,,,,,,,"2",
"104","IJH","MERUSAKA NUSA DUA","BALI","5","HIPRO",,"5","Promoters","5","5","Satisfied","5","No all good",,"5","5","4","4","4","4","efc632ab-ab2d-464a-9638-b947a956fb3b","Completed",,"04-10-2025 06:04:37",,"212730",,"cab97c1f-67b4-11f0-a847-0a0cda9789f2","bedac312-8aeb-4657-9774-18cf5ee7342c","3",,"true",,,,,,,,,,,,,,,,,,,"2",
"105","IJH","MERUSAKA NUSA DUA","BALI","5","HIPRO",,"5","Promoters","5","5","Satisfied","5",,,"5","5","5","5","4","4","fb3f6220-4526-4b3f-964e-5b469d7f5a2d","Completed",,"04-10-2025 11:27:17",,"85408",,"cab97c1f-67b4-11f0-a847-0a0cda9789f2","bedac312-8aeb-4657-9774-18cf5ee7342c","3",,"true",,,,,,,,,,,,,,,,,,,"2",
"106","IJH","MERUSAKA NUSA DUA","BALI","5","HIPRO",,"5","Promoters","5","5","Satisfied","5","Pool Cabana area needs to be Cleaned better we moved a lounge to get a table in to play cards and it was very dirty under .Also cushions need cleaning .
We found the noise in the pool next to our room extremely loud during the day a lot of people in room next to us our whole stay, so could not use our pool during the day .We had planned to sit by our pool during day to relax this was extremely disappointing to us as we had booked a pool view room so we could relax .",,"4","4","5","5","4","4","04f999f6-4773-4c07-94d5-3eb24a423892","Completed",,"05-10-2025 07:37:51",,"485645",,"cab97c1f-67b4-11f0-a847-0a0cda9789f2","bedac312-8aeb-4657-9774-18cf5ee7342c","3",,"true",,,,,,,,,,,,,,,,,,,"2",
"107","IJH","MERUSAKA NUSA DUA","BALI","5","HIPRO",,"5","Promoters","5","5","Satisfied","5","Amazing hotel. Amazing staff. Will definetly come back",,"5","5","5","5","4","4","76321152-4068-4ae2-9420-8c5122f24e65","Completed",,"05-10-2025 12:30:21",,"152203",,"cab97c1f-67b4-11f0-a847-0a0cda9789f2","bedac312-8aeb-4657-9774-18cf5ee7342c","3",,"true",,,,,,,,,,,,,,,,,,,"2",
"108","IJH","MERUSAKA NUSA DUA","BALI","5","HIPRO",,"5","Promoters","5","5","Satisfied","5","Some shade sails on the pools would be great. The pool cabana cushions need a good clean.",,"5","5","5","5","4","4","7c9eab6f-e871-4ee5-a531-38f88182fbb1","Completed",,"05-10-2025 13:03:56",,"771562",,"cab97c1f-67b4-11f0-a847-0a0cda9789f2","bedac312-8aeb-4657-9774-18cf5ee7342c","3",,"true",,,,,,,,,,,,,,,,,,,"2",
"109","IJH","MERUSAKA NUSA DUA","BALI","5","HIPRO",,"2","Detractor","2","2","Not Satisfied","2",,,"2","2","4","4","3","3","5183b4a4-9065-43d6-8a41-dac61099d525","Completed",,"05-10-2025 13:55:14",,"165257",,"cab97c1f-67b4-11f0-a847-0a0cda9789f2","bedac312-8aeb-4657-9774-18cf5ee7342c","3",,"true",,,,,,,,,,,,,,,,,,,"2",
"110","IJH","MERUSAKA NUSA DUA","BALI","5","HIPRO",,"5","Promoters","5","5","Satisfied","5","No. Everything was perfect",,"5","5","5","5","4","4","22a09911-328e-4955-8ef0-74f01ee0c461","Completed",,"05-10-2025 14:23:56",,"202142",,"cab97c1f-67b4-11f0-a847-0a0cda9789f2","bedac312-8aeb-4657-9774-18cf5ee7342c","3",,"true",,,,,,,,,,,,,,,,,,,"2",
"111","IJH","MERUSAKA NUSA DUA","BALI","5","HIPRO",,"5","Promoters","5","5","Satisfied","5","No",,"5","5","5","5","4","4","2282a8f8-3db3-4145-ab5f-dda0811419e4","Completed",,"06-10-2025 07:57:32",,"581259",,"cab97c1f-67b4-11f0-a847-0a0cda9789f2","bedac312-8aeb-4657-9774-18cf5ee7342c","3",,"true",,,,,,,,,,,,,,,,,,,"2",
"112","IJH","MERUSAKA NUSA DUA","BALI","5","HIPRO",,"5","Promoters","5","5","Satisfied","5",,,"4","4","4","4","3","3","482a2faf-f3d7-46a6-895f-a953de0074e0","Completed",,"06-10-2025 08:04:38",,"187270",,"cab97c1f-67b4-11f0-a847-0a0cda9789f2","bedac312-8aeb-4657-9774-18cf5ee7342c","3",,"true",,,,,,,,,,,,,,,,,,,"2",
"113","IJH","MERUSAKA NUSA DUA","BALI","5","HIPRO",,"5","Promoters","5","5","Satisfied","5","Faster internet connection but this may not be possible",,"5","5","4","4","4","4","c6c85be2-e59a-47af-923b-607aa6cb92a4","Completed",,"06-10-2025 08:36:37",,"135557",,"cab97c1f-67b4-11f0-a847-0a0cda9789f2","bedac312-8aeb-4657-9774-18cf5ee7342c","3",,"true",,,,,,,,,,,,,,,,,,,"2",
"114","IJH","MERUSAKA NUSA DUA","BALI","5","HIPRO",,"4","Promoters","4","4","Satisfied","4",,,"5","5","4","4","4","4","15b4d04f-94d3-4c9d-8a1d-6027c0e66d3b","Completed",,"06-10-2025 11:46:32",,"434611",,"cab97c1f-67b4-11f0-a847-0a0cda9789f2","bedac312-8aeb-4657-9774-18cf5ee7342c","3",,"true",,,,,,,,,,,,,,,,,,,"2",
"115","IJH","MERUSAKA NUSA DUA","BALI","5","HIPRO",,"5","Promoters","5","5","Satisfied","5",,,"5","5","5","5","4","4","72753865-7d36-40de-88c3-0c9be78f1328","Completed",,"06-10-2025 13:36:10",,"253908",,"cab97c1f-67b4-11f0-a847-0a0cda9789f2","bedac312-8aeb-4657-9774-18cf5ee7342c","3",,"true",,,,,,,,,,,,,,,,,,,"2",
"116","IJH","MERUSAKA NUSA DUA","BALI","5","HIPRO",,"5","Promoters","5","5","Satisfied","5",,,"5","5","5","5","4","4","5bcb0fee-8dd1-42c5-8bc7-1c132a5959cc","Completed",,"06-10-2025 14:36:55",,"113444",,"cab97c1f-67b4-11f0-a847-0a0cda9789f2","bedac312-8aeb-4657-9774-18cf5ee7342c","3",,"true",,,,,,,,,,,,,,,,,,,"2",
"117","IJH","MERUSAKA NUSA DUA","BALI","5","HIPRO",,"5","Promoters","5","5","Satisfied","5",,,"5","5","5","5","4","4","cb8c6d29-8b93-42e3-bfe1-e573006f7ceb","Completed",,"07-10-2025 04:57:57",,"136488",,"cab97c1f-67b4-11f0-a847-0a0cda9789f2","bedac312-8aeb-4657-9774-18cf5ee7342c","3",,"true",,,,,,,,,,,,,,,,,,,"2",
"118","IJH","MERUSAKA NUSA DUA","BALI","5","HIPRO",,"5","Promoters","5","5","Satisfied","5","Improve the cleanliness of the beach if that's possible. The rest was perfect!!",,"5","5","5","5","4","4","4545d95e-081f-4180-b41c-291e23bdd408","Completed",,"07-10-2025 08:56:47",,"340173",,"cab97c1f-67b4-11f0-a847-0a0cda9789f2","bedac312-8aeb-4657-9774-18cf5ee7342c","3",,"true",,,,,,,,,,,,,,,,,,,"2",
"119","IJH","MERUSAKA NUSA DUA","BALI","5","HIPRO",,"5","Promoters","5","5","Satisfied","5","No",,"5","5","5","5","4","4","49fb4e55-a905-4bf5-8a6a-a920c265d472","Completed",,"07-10-2025 14:08:59",,"142164",,"cab97c1f-67b4-11f0-a847-0a0cda9789f2","bedac312-8aeb-4657-9774-18cf5ee7342c","3",,"true",,,,,,,,,,,,,,,,,,,"2",
"120","IJH","MERUSAKA NUSA DUA","BALI","5","HIPRO",,"5","Promoters","5","5","Satisfied","5","We loved staying at the Merusaka and hope to be back soon!",,"5","5","5","5","4","4","d248ef02-e6f4-4f7d-81c6-fd2649eed232","Completed",,"08-10-2025 05:02:01",,"100548",,"cab97c1f-67b4-11f0-a847-0a0cda9789f2","bedac312-8aeb-4657-9774-18cf5ee7342c","3",,"true",,,,,,,,,,,,,,,,,,,"2",
"121","IJH","MERUSAKA NUSA DUA","BALI","5","HIPRO",,"5","Promoters","5","5","Satisfied","5","We had a great stay. Also used the gym, aqua aerobics, yoga, etc.",,"5","5","5","5","4","4","6d1d5694-5909-460c-891f-c3d58c5f12d3","Completed",,"08-10-2025 06:32:29",,"684216",,"cab97c1f-67b4-11f0-a847-0a0cda9789f2","bedac312-8aeb-4657-9774-18cf5ee7342c","3",,"true",,,,,,,,,,,,,,,,,,,"2",
"122","IJH","MERUSAKA NUSA DUA","BALI","5","HIPRO",,"5","Promoters","5","5","Satisfied","5","Nothing. Everything was exceptional",,"5","5","5","5","4","4","c1b363d8-ac3a-453a-b8c2-76e7a285b204","Completed",,"08-10-2025 10:03:27",,"153538",,"cab97c1f-67b4-11f0-a847-0a0cda9789f2","bedac312-8aeb-4657-9774-18cf5ee7342c","3",,"true",,,,,,,,,,,,,,,,,,,"2",
"123","IJH","MERUSAKA NUSA DUA","BALI","5","HIPRO",,"3","Passive","3","3","Neutral","3",,,"5","5","3","3","3","3","84305fd3-5f56-4877-9563-99bf3afd1d7a","Completed",,"08-10-2025 13:54:44",,"318533",,"cab97c1f-67b4-11f0-a847-0a0cda9789f2","bedac312-8aeb-4657-9774-18cf5ee7342c","3",,"true",,,,,,,,,,,,,,,,,,,"2",
"124","IJH","MERUSAKA NUSA DUA","BALI","5","HIPRO",,"5","Promoters","5","5","Satisfied","5",,,"5","5","5","5","4","4","0213b031-8fc9-453e-a04e-387d25ffe5b9","Completed",,"08-10-2025 17:13:49",,"183074",,"cab97c1f-67b4-11f0-a847-0a0cda9789f2","bedac312-8aeb-4657-9774-18cf5ee7342c","3",,"true",,,,,,,,,,,,,,,,,,,"2",
"125","IJH","MERUSAKA NUSA DUA","BALI","5","HIPRO",,"5","Promoters","5","5","Satisfied","5","When we arrived it was very busy and there was a long wait in a queue where we had to stand in line. We had travelled since 2.30am (12.30 Bali time) and it was around 1.30pm here. We were very tired and thirsty. We suggest a number system so guests can sit and wait. We also suggest a water station so guests can take a drink. This would make a better welcome experience. Our room was not ready until 3.00pm. Once we entered our room everything was lovely for the rest of our stay. The welcome experience was a little disappointing. The reception staff were very helpfull. Thank you.",,"5","5","5","5","4","4","cbcf3ea2-e055-4a33-bd2b-a92c7751e626","Completed",,"10-10-2025 08:18:21",,"750182",,"cab97c1f-67b4-11f0-a847-0a0cda9789f2","bedac312-8aeb-4657-9774-18cf5ee7342c","3",,"true",,,,,,,,,,,,,,,,,,,"2",
"126","IJH","MERUSAKA NUSA DUA","BALI","5","HIPRO",,"5","Promoters","5","5","Satisfied","5",,,"5","5","5","5","4","4","1b43d181-c96e-490b-8586-e5757f80e8d7","Completed",,"10-10-2025 08:56:15",,"94352",,"cab97c1f-67b4-11f0-a847-0a0cda9789f2","bedac312-8aeb-4657-9774-18cf5ee7342c","3",,"true",,,,,,,,,,,,,,,,,,,"2",
"127","IJH","MERUSAKA NUSA DUA","BALI","5","HIPRO",,"3","Passive","3","3","Neutral","3","Cheaper Prices for Drinks. Minibar. No Conventions in the Garden.",,"4","4","4","4","3","3","c5e2102b-d58f-4836-bb1d-2299918fa43c","Completed",,"10-10-2025 13:56:39",,"267580",,"cab97c1f-67b4-11f0-a847-0a0cda9789f2","bedac312-8aeb-4657-9774-18cf5ee7342c","3",,"true",,,,,,,,,,,,,,,,,,,"2",
"128","IJH","MERUSAKA NUSA DUA","BALI","5","HIPRO",,"5","Promoters","5","5","Satisfied","5",,,"5","5","4","4","3","3","c0131819-6a62-4544-adb8-28a4bc53b921","Completed",,"10-10-2025 14:01:10",,"132163",,"cab97c1f-67b4-11f0-a847-0a0cda9789f2","bedac312-8aeb-4657-9774-18cf5ee7342c","3",,"true",,,,,,,,,,,,,,,,,,,"2",
"129","IJH","MERUSAKA NUSA DUA","BALI","5","HIPRO",,"5","Promoters","5","5","Satisfied","5",,,"5","5","4","4","4","4","904d9b67-2b85-48d3-bc47-97db9d5be55f","Completed",,"11-10-2025 18:17:31",,"198492",,"cab97c1f-67b4-11f0-a847-0a0cda9789f2","bedac312-8aeb-4657-9774-18cf5ee7342c","3",,"true",,,,,,,,,,,,,,,,,,,"2",
"130","IJH","MERUSAKA NUSA DUA","BALI","5","HIPRO",,"5","Promoters","5","5","Satisfied","5","No",,"5","5","5","5","4","4","eab94473-e1e1-4acf-ade7-de8de9f3956e","Completed",,"11-10-2025 20:25:20",,"205875",,"cab97c1f-67b4-11f0-a847-0a0cda9789f2","bedac312-8aeb-4657-9774-18cf5ee7342c","3",,"true",,,,,,,,,,,,,,,,,,,"2",
"131","IJH","MERUSAKA NUSA DUA","BALI","5","HIPRO",,"5","Promoters","5","5","Satisfied","5","None",,"5","5","4","4","3","3","f0a26982-2686-416c-bab9-9e23ad8cdab6","Completed",,"12-10-2025 11:42:58",,"125802",,"cab97c1f-67b4-11f0-a847-0a0cda9789f2","bedac312-8aeb-4657-9774-18cf5ee7342c","3",,"true",,,,,,,,,,,,,,,,,,,"2",
"132","IJH","MERUSAKA NUSA DUA","BALI","5","HIPRO",,"5","Promoters","5","5","Satisfied","5",,,"5","5","5","5","4","4","6e1b0aca-a75f-40ba-b8e0-971dfb8fb5b6","Completed",,"12-10-2025 19:31:25",,"131880",,"cab97c1f-67b4-11f0-a847-0a0cda9789f2","bedac312-8aeb-4657-9774-18cf5ee7342c","3",,"true",,,,,,,,,,,,,,,,,,,"2",
"133","IJH","MERUSAKA NUSA DUA","BALI","5","HIPRO",,"5","Promoters","5","5","Satisfied","5","No",,"5","5","5","5","4","4","1bd693fa-d83c-47a0-8030-5315e62f4c4d","Completed",,"13-10-2025 08:56:07",,"162393",,"cab97c1f-67b4-11f0-a847-0a0cda9789f2","bedac312-8aeb-4657-9774-18cf5ee7342c","3",,"true",,,,,,,,,,,,,,,,,,,"2",
"134","IJH","MERUSAKA NUSA DUA","BALI","5","HIPRO",,"5","Promoters","5","5","Satisfied","5",,,"5","5","5","5","4","4","74cee418-0fa7-486d-92c4-8f4166e13030","Completed",,"13-10-2025 09:38:34",,"312172",,"cab97c1f-67b4-11f0-a847-0a0cda9789f2","bedac312-8aeb-4657-9774-18cf5ee7342c","3",,"true",,,,,,,,,,,,,,,,,,,"2",
"135","IJH","MERUSAKA NUSA DUA","BALI","5","HIPRO",,"5","Promoters","5","5","Satisfied","5","In foyer you had a sales crew offering joining hotel chain which was misleading and not really good to be sitting down for an hour and a half to go through something that should have taken 1/2 an hour. This did leave a very bad taste with my wife particularly. The package we had was amazing and staff was brilliant and although at times slow to get drinks they did the best they could. I can give many points of areas you can improve but at the end of the day we loved our stay and would come again and only concern would be that it doesn't deteriorate too much.",,"4","4","4","4","3","3","d8da172a-ac4f-49eb-8f0a-a0ef5cfd1cd2","Completed",,"13-10-2025 14:09:34",,"583931",,"cab97c1f-67b4-11f0-a847-0a0cda9789f2","bedac312-8aeb-4657-9774-18cf5ee7342c","3",,"true",,,,,,,,,,,,,,,,,,,"2",
"136","IJH","MERUSAKA NUSA DUA","BALI","5","HIPRO",,"5","Promoters","5","5","Satisfied","5","Nothing particular comes to mind at the moment. We have seen and enjoyed enough and are very satisfied with our stay.",,"5","5","5","5","4","4","c5073a6c-085b-42de-ad2e-bb7a0a1f568d","Completed",,"13-10-2025 22:21:48",,"1975574",,"cab97c1f-67b4-11f0-a847-0a0cda9789f2","bedac312-8aeb-4657-9774-18cf5ee7342c","3",,"true",,,,,,,,,,,,,,,,,,,"2",
"137","IJH","MERUSAKA NUSA DUA","BALI","5","HIPRO",,"5","Promoters","5","5","Satisfied","5","Organisation du service hôtelier à améliorer 
(Apéro servi après le plat, prise de commande pas toujours facile quand nombre de convives élevé),signature des factures... difficultés majorées par la barrière des  langues",,"4","4","5","5","4","4","5c071585-0a55-4da8-97fe-eaadbd1b587d","Completed",,"14-10-2025 02:21:14",,"666699",,"cab97c1f-67b4-11f0-a847-0a0cda9789f2","bedac312-8aeb-4657-9774-18cf5ee7342c","3",,"true",,,,,,,,,,,,,,,,,,,"2",
"138","IJH","MERUSAKA NUSA DUA","BALI","5","HIPRO",,"5","Promoters","5","5","Satisfied","5","A brighter light over the mirror in the room bathroom as the dim lighting made applying make up very difficult",,"5","5","5","5","4","4","ccba601d-f4c5-4f3f-8275-aa370d2b1b80","Completed",,"15-10-2025 11:39:44",,"597148",,"cab97c1f-67b4-11f0-a847-0a0cda9789f2","bedac312-8aeb-4657-9774-18cf5ee7342c","3",,"true",,,,,,,,,,,,,,,,,,,"2",
"139","IJH","MERUSAKA NUSA DUA","BALI","5","HIPRO",,"5","Promoters","5","5","Satisfied","5","No",,"5","5","5","5","4","4","1af7fd36-0af0-46ca-92a6-7fd962975e47","Completed",,"16-10-2025 06:23:34",,"280623",,"cab97c1f-67b4-11f0-a847-0a0cda9789f2","bedac312-8aeb-4657-9774-18cf5ee7342c","3",,"true",,,,,,,,,,,,,,,,,,,"2",
"140","IJH","MERUSAKA NUSA DUA","BALI","5","HIPRO",,"5","Promoters","5","5","Satisfied","5","Make sure peoples rooms are ready for check in as we waited 45 minutes over our check in time and after flights and getting up at 2:30 am to go to airport for our flight we were very tired.",,"5","5","5","5","3","3","17c4ea04-f8a8-4ca5-b0a6-f7bf18b7add1","Completed",,"16-10-2025 07:28:41",,"400165",,"cab97c1f-67b4-11f0-a847-0a0cda9789f2","bedac312-8aeb-4657-9774-18cf5ee7342c","3",,"true",,,,,,,,,,,,,,,,,,,"2",
"141","IJH","MERUSAKA NUSA DUA","BALI","5","HIPRO",,"3","Passive","3","3","Neutral","3",,,"5","5","5","5","4","4","fb7ef2a9-05c9-4ac5-8569-fb16a8921fba","Completed",,"17-10-2025 14:46:36",,"265108",,"cab97c1f-67b4-11f0-a847-0a0cda9789f2","bedac312-8aeb-4657-9774-18cf5ee7342c","3",,"true",,,,,,,,,,,,,,,,,,,"2",
"142","IJH","MERUSAKA NUSA DUA","BALI","5","HIPRO",,"5","Promoters","5","5","Satisfied","5","We love your resort and we look forward to returning again soon. Thank you so much for your wonderful, friendly and excellent service.",,"5","5","5","5","4","4","d6128268-b95f-4018-8964-8d0fac8d8f59","Completed",,"18-10-2025 09:20:52",,"205788",,"cab97c1f-67b4-11f0-a847-0a0cda9789f2","bedac312-8aeb-4657-9774-18cf5ee7342c","3",,"true",,,,,,,,,,,,,,,,,,,"2",
"143","IJH","MERUSAKA NUSA DUA","BALI","5","HIPRO",,"5","Promoters","5","5","Satisfied","5","Food  could be improved",,"5","5","4","4","4","4","9447bfff-d696-4b47-a1e2-ba964dc5c813","Completed",,"18-10-2025 13:30:08",,"316333",,"cab97c1f-67b4-11f0-a847-0a0cda9789f2","bedac312-8aeb-4657-9774-18cf5ee7342c","3",,"true",,,,,,,,,,,,,,,,,,,"2",
"144","IJH","MERUSAKA NUSA DUA","BALI","5","HIPRO",,"5","Promoters","5","5","Satisfied","5","Some more lights in the bedroom and especially in the bathroom",,"5","5","4","4","4","4","a9e15f84-07f8-4dbb-a70c-c14bdaf4b47f","Completed",,"19-10-2025 04:15:54",,"632140",,"cab97c1f-67b4-11f0-a847-0a0cda9789f2","bedac312-8aeb-4657-9774-18cf5ee7342c","3",,"true",,,,,,,,,,,,,,,,,,,"2",
"145","IJH","MERUSAKA NUSA DUA","BALI","5","HIPRO",,"5","Promoters","5","5","Satisfied","5","-",,"5","5","4","4","4","4","9f298a68-95f7-4ff7-b0b8-b4cdd4f93105","Completed",,"19-10-2025 07:55:24",,"178700",,"cab97c1f-67b4-11f0-a847-0a0cda9789f2","bedac312-8aeb-4657-9774-18cf5ee7342c","3",,"true",,,,,,,,,,,,,,,,,,,"2",
"146","IJH","MERUSAKA NUSA DUA","BALI","5","HIPRO",,"5","Promoters","5","5","Satisfied","5","All staff encountered from grounds staff, housekeeping, bar staff, reception, our butler Juna and restaurant staff at all eating venues were excellent. Wonderful service. Thank you",,"5","5","5","5","4","4","11589704-5866-49ab-96b9-d90a661145c3","Completed",,"19-10-2025 13:25:57",,"452067",,"cab97c1f-67b4-11f0-a847-0a0cda9789f2","bedac312-8aeb-4657-9774-18cf5ee7342c","3",,"true",,,,,,,,,,,,,,,,,,,"2",
"147","IJH","MERUSAKA NUSA DUA","BALI","5","HIPRO",,"5","Promoters","5","5","Satisfied","5",,,"5","5","5","5","4","4","c4393fcb-1365-42ba-b850-32a2333a9dc4","Completed",,"20-10-2025 05:34:39",,"371534",,"cab97c1f-67b4-11f0-a847-0a0cda9789f2","bedac312-8aeb-4657-9774-18cf5ee7342c","3",,"true",,,,,,,,,,,,,,,,,,,"2",
"148","IJH","MERUSAKA NUSA DUA","BALI","5","HIPRO",,"5","Promoters","5","5","Satisfied","5","No",,"5","5","5","5","4","4","498f93bd-769d-4186-af3f-d446e1c760e2","Completed",,"20-10-2025 05:52:48",,"147407",,"cab97c1f-67b4-11f0-a847-0a0cda9789f2","bedac312-8aeb-4657-9774-18cf5ee7342c","3",,"true",,,,,,,,,,,,,,,,,,,"2",
"149","IJH","MERUSAKA NUSA DUA","BALI","5","HIPRO",,"4","Promoters","4","4","Satisfied","4","Service staff was helpful and friendly.  Check in experience could be improved (wait for check in was long)",,"4","4","3","3","3","3","1c8a28f7-0004-4d98-b2a6-3f6996ded851","Completed",,"20-10-2025 07:00:00",,"244613",,"cab97c1f-67b4-11f0-a847-0a0cda9789f2","bedac312-8aeb-4657-9774-18cf5ee7342c","3",,"true",,,,,,,,,,,,,,,,,,,"2",
"150","IJH","MERUSAKA NUSA DUA","BALI","5","HIPRO",,"3","Passive","3","3","Neutral","3",,,"4","4","3","3","3","3","ac5f0d0d-991a-46fe-895d-2915afddfdca","Completed",,"20-10-2025 12:52:23",,"194234",,"cab97c1f-67b4-11f0-a847-0a0cda9789f2","bedac312-8aeb-4657-9774-18cf5ee7342c","3",,"true",,,,,,,,,,,,,,,,,,,"2",
"151","IJH","MERUSAKA NUSA DUA","BALI","5","HIPRO",,"5","Promoters","5","5","Satisfied","5","The only issue I had was that people allowed to smoke around the pool on the sunbeds and where people ate.",,"5","5","5","5","4","4","f36a8647-fff5-4843-a56d-4e43a3a62fc7","Completed",,"20-10-2025 15:11:36",,"163123",,"cab97c1f-67b4-11f0-a847-0a0cda9789f2","bedac312-8aeb-4657-9774-18cf5ee7342c","3",,"true",,,,,,,,,,,,,,,,,,,"2",
"152","IJH","MERUSAKA NUSA DUA","BALI","5","HIPRO",,"5","Promoters","5","5","Satisfied","5","no",,"5","5","5","5","4","4","12e1beaf-ef74-4cb6-acbc-9ae1ef6e888f","Completed",,"21-10-2025 05:32:24",,"217731",,"cab97c1f-67b4-11f0-a847-0a0cda9789f2","bedac312-8aeb-4657-9774-18cf5ee7342c","3",,"true",,,,,,,,,,,,,,,,,,,"2",
"153","IJH","MERUSAKA NUSA DUA","BALI","5","HIPRO",,"2","Detractor","2","2","Not Satisfied","2","No one told me connecting rooms don't have option of both room being twin bed option. Only inform during check-in. Then told me no other room available as we need twin bed room. If want, we have to wait more than 1 hour. Which we waited. Then told us to wait in the initial room and when key ready will come and help us transfer. Nope it didn't happen. Just send me 1 WhatsApp message ask me collect key card from reception myself. Went to reception, told her my room number and the message. She is so blur and issue key card for same room. I have to explain few times and still don't understand that I'm there to collect the other room card. And the room smell so musty and sewage smell are bad. The aircond temperature so hot during afternoon. The water in room is complimentary but in Gading serving same water but charge us for water. Same type of water from room. I don't understand the logic. During checkout I asked for buggy service to assist. They drop us at the staircase. My mother is 80 years old and there's no option to assist her go to lobby in easier way but to climb the stairs. We're there this trip to celebrate her birthday but there's no wishes from your hotel at all. All other restaurants we went gave us nice wishes surprise like Kempinski and Mulia. Your resort nothing!",,"4","4","2","2","1","1","b6327359-b130-4197-834d-57c069c6d2fd","Completed",,"21-10-2025 09:23:24",,"1651260",,"cab97c1f-67b4-11f0-a847-0a0cda9789f2","bedac312-8aeb-4657-9774-18cf5ee7342c","3",,"true",,,,,,,,,,,,,,,,,,,"2",
"154","IJH","MERUSAKA NUSA DUA","BALI","5","HIPRO",,"5","Promoters","5","5","Satisfied","5","We absolutely loved our stay and have been recommending to our friends and family. Hoping we are able to visit again next year 🙏",,"5","5","5","5","4","4","0a0f8c73-7216-45fb-b4a3-2b6c5a52c788","Completed",,"22-10-2025 14:04:16",,"132826",,"cab97c1f-67b4-11f0-a847-0a0cda9789f2","bedac312-8aeb-4657-9774-18cf5ee7342c","3",,"true",,,,,,,,,,,,,,,,,,,"2",
"155","IJH","MERUSAKA NUSA DUA","BALI","5","HIPRO",,"5","Promoters","5","5","Satisfied","5",,,"5","5","5","5","4","4","a47424a0-0519-460b-baee-fb915e5677f0","Completed",,"23-10-2025 13:07:21",,"133563",,"cab97c1f-67b4-11f0-a847-0a0cda9789f2","bedac312-8aeb-4657-9774-18cf5ee7342c","3",,"true",,,,,,,,,,,,,,,,,,,"2",
"156","IJH","MERUSAKA NUSA DUA","BALI","5","HIPRO",,"5","Promoters","5","5","Satisfied","5","Nada",,"5","5","5","5","4","4","4daee781-7eb4-409f-b057-5d7270b0226c","Completed",,"24-10-2025 00:33:13",,"215966",,"cab97c1f-67b4-11f0-a847-0a0cda9789f2","bedac312-8aeb-4657-9774-18cf5ee7342c","3",,"true",,,,,,,,,,,,,,,,,,,"2",
"157","IJH","MERUSAKA NUSA DUA","BALI","5","HIPRO",,"5","Promoters","5","5","Satisfied","5",,,"5","5","5","5","4","4","0de5925e-b51a-49e4-839a-e56e15e597c6","Completed",,"24-10-2025 17:14:29",,"237646",,"cab97c1f-67b4-11f0-a847-0a0cda9789f2","bedac312-8aeb-4657-9774-18cf5ee7342c","3",,"true",,,,,,,,,,,,,,,,,,,"2",
"158","IJH","MERUSAKA NUSA DUA","BALI","5","HIPRO",,"5","Promoters","5","5","Satisfied","5",,,"5","5","5","5","4","4","c3fefacf-1e04-4250-b99f-e57122c27741","Completed",,"25-10-2025 14:00:52",,"153797",,"cab97c1f-67b4-11f0-a847-0a0cda9789f2","bedac312-8aeb-4657-9774-18cf5ee7342c","3",,"true",,,,,,,,,,,,,,,,,,,"2",
"159","IJH","MERUSAKA NUSA DUA","BALI","5","HIPRO",,"5","Promoters","5","5","Satisfied","5","We had a lovely stay",,"5","5","5","5","4","4","e1e41cca-f557-424d-87c6-d5638f9eb8cb","Completed",,"26-10-2025 11:12:07",,"116059",,"cab97c1f-67b4-11f0-a847-0a0cda9789f2","bedac312-8aeb-4657-9774-18cf5ee7342c","3",,"true",,,,,,,,,,,,,,,,,,,"2",
"160","IJH","MERUSAKA NUSA DUA","BALI","5","HIPRO",,"5","Promoters","5","5","Satisfied","5","The morning of the departure the key to our room has been deactivated.. but you reacted very efficiently",,"5","5","5","5","4","4","4678a906-5990-466a-a017-b231cb607716","Completed",,"26-10-2025 13:29:41",,"346981",,"cab97c1f-67b4-11f0-a847-0a0cda9789f2","bedac312-8aeb-4657-9774-18cf5ee7342c","3",,"true",,,,,,,,,,,,,,,,,,,"2",
"161","IJH","MERUSAKA NUSA DUA","BALI","5","HIPRO",,"5","Promoters","5","5","Satisfied","5","Shuttle to Jimbaran would be appreciated.",,"5","5","4","4","3","3","da83f7e8-07ba-4ffd-aef2-08c759c94937","Completed",,"26-10-2025 14:08:26",,"196096",,"cab97c1f-67b4-11f0-a847-0a0cda9789f2","bedac312-8aeb-4657-9774-18cf5ee7342c","3",,"true",,,,,,,,,,,,,,,,,,,"2",
"162","IJH","MERUSAKA NUSA DUA","BALI","5","HIPRO",,"5","Promoters","5","5","Satisfied","5",,,"5","5","5","5","4","4","4a1d5b09-131c-4ba0-826b-857ccff1cbe2","Completed",,"26-10-2025 18:32:03",,"126173",,"cab97c1f-67b4-11f0-a847-0a0cda9789f2","bedac312-8aeb-4657-9774-18cf5ee7342c","3",,"true",,,,,,,,,,,,,,,,,,,"2",
"163","IJH","MERUSAKA NUSA DUA","BALI","5","HIPRO",,"4","Promoters","4","4","Satisfied","4","Food options for Asian and Indian travellers",,"3","3","1","1","2","2","64a20904-47a0-4b77-bdd3-c9aa92f0aa27","Completed",,"26-10-2025 18:43:44",,"242957",,"cab97c1f-67b4-11f0-a847-0a0cda9789f2","bedac312-8aeb-4657-9774-18cf5ee7342c","3",,"true",,,,,,,,,,,,,,,,,,,"2",
"164","IJH","MERUSAKA NUSA DUA","BALI","5","HIPRO",,"5","Promoters","5","5","Satisfied","5",,,"5","5","5","5","4","4","df07d671-949a-48ad-aa8c-8c1c83d9c4a9","Completed",,"26-10-2025 21:17:21",,"171846",,"cab97c1f-67b4-11f0-a847-0a0cda9789f2","bedac312-8aeb-4657-9774-18cf5ee7342c","3",,"true",,,,,,,,,,,,,,,,,,,"2",
"165","IJH","MERUSAKA NUSA DUA","BALI","5","HIPRO",,"5","Promoters","5","5","Satisfied","5","No",,"5","5","5","5","4","4","92a7ca65-f680-44d4-b754-a584cdf95604","Completed",,"27-10-2025 09:30:50",,"158418",,"cab97c1f-67b4-11f0-a847-0a0cda9789f2","bedac312-8aeb-4657-9774-18cf5ee7342c","3",,"true",,,,,,,,,,,,,,,,,,,"2",
"166","IJH","MERUSAKA NUSA DUA","BALI","5","HIPRO",,"4","Promoters","4","4","Satisfied","4","Nake a seaview room sea view",,"4","4","4","4","3","3","4d9cb95b-e123-4d41-bd49-3b0ba2ea6347","Completed",,"27-10-2025 12:36:48",,"188507",,"cab97c1f-67b4-11f0-a847-0a0cda9789f2","bedac312-8aeb-4657-9774-18cf5ee7342c","3",,"true",,,,,,,,,,,,,,,,,,,"2",
"167","IJH","THE MANOHARA HOTEL YOGYAKARTA","YOGYAKARTA","4","HIPRO",,"5","Promoters","5","5","Satisfied","5","Tambahin diskon",,"5","5","5","5","4","4","4a40e52c-256d-4659-94e4-a4624f1ab77f","Completed",,"27-10-2025 13:25:16",,"93253",,"cab97c1f-67b4-11f0-a847-0a0cda9789f2","bedac312-8aeb-4657-9774-18cf5ee7342c","3",,"true",,,,,,,,,,,,,,,,,,,"2",
"168","IJH","TRUNTUM PADANG","SUMBAR","4","HIPRO",,"5","Promoters","5","5","Satisfied","5","Ganti TV dengan smart tv",,"5","5","5","5","4","4","4eb83e16-1df8-41b2-bbfa-5aad8360dac4","Completed",,"27-10-2025 17:16:33",,"141376",,"cab97c1f-67b4-11f0-a847-0a0cda9789f2","bedac312-8aeb-4657-9774-18cf5ee7342c","3",,"true",,,,,,,,,,,,,,,,,,,"2",
"169","IJH","MERUSAKA NUSA DUA","BALI","5","HIPRO",,"5","Promoters","5","5","Satisfied","5","Everything during my stay was exceptional. I would love to see even more local cultural experiences or activities during my next visit",,"5","5","5","5","4","4","d601c8c8-6eda-4ab6-a4ee-84729a6f0210","Completed",,"27-10-2025 18:32:04",,"431011",,"cab97c1f-67b4-11f0-a847-0a0cda9789f2","bedac312-8aeb-4657-9774-18cf5ee7342c","3",,"true",,,,,,,,,,,,,,,,,,,"2",
"170","IJH","GRAND INNA TUNJUNGAN","JATIM","4","HIPRO",,"5","Promoters","5","5","Satisfied","5","All it’s good",,"5","5","5","5","4","4","e7c20f34-aeb1-4e1c-b73f-55a217a5bbd8","Completed",,"28-10-2025 08:14:07",,"149594",,"cab97c1f-67b4-11f0-a847-0a0cda9789f2","bedac312-8aeb-4657-9774-18cf5ee7342c","3",,"true",,,,,,,,,,,,,,,,,,,"2",
"171","IJH","GRAND INNA TUNJUNGAN","JATIM","4","HIPRO",,"5","Promoters","5","5","Satisfied","5","Cukup bagus untuk di pertahankan semuanya",,"5","5","5","5","4","4","d1990b16-fe89-4aa6-8b07-d794a388ee39","Completed",,"28-10-2025 08:39:06",,"330697",,"cab97c1f-67b4-11f0-a847-0a0cda9789f2","bedac312-8aeb-4657-9774-18cf5ee7342c","3",,"true",,,,,,,,,,,,,,,,,,,"2",
"172","IJH","MERUSAKA NUSA DUA","BALI","5","HIPRO",,"5","Promoters","5","5","Satisfied","5",,,"5","5","5","5","4","4","79b1e1cb-a2a6-447e-9484-22374727dc93","Completed",,"28-10-2025 09:42:36",,"107231",,"cab97c1f-67b4-11f0-a847-0a0cda9789f2","bedac312-8aeb-4657-9774-18cf5ee7342c","3",,"true",,,,,,,,,,,,,,,,,,,"2",
"173","IJH","GRAND INNA TUNJUNGAN","JATIM","4","HIPRO",,"5","Promoters","5","5","Satisfied","5","Pengalaman yang sangat memuaskan, dari pelayanan, kebersihan, dan makanan sangat oke. saya kira hotel ini sangat baik & recomended buat tempat menginap dikemudian hari jika saya berkunjung kembali",,"5","5","5","5","4","4","1f7a4b62-2c7e-42ff-804b-ed2c1e0bf308","Completed",,"28-10-2025 10:49:02",,"531028",,"cab97c1f-67b4-11f0-a847-0a0cda9789f2","bedac312-8aeb-4657-9774-18cf5ee7342c","3",,"true",,,,,,,,,,,,,,,,,,,"2",
"174","IJH","GRAND INNA TUNJUNGAN","JATIM","4","HIPRO",,"5","Promoters","5","5","Satisfied","5","saya rasa sudah oke",,"5","5","5","5","4","4","e4977e0f-efb2-4591-9ff8-f3cb8d806475","Completed",,"28-10-2025 12:47:46",,"358163",,"cab97c1f-67b4-11f0-a847-0a0cda9789f2","bedac312-8aeb-4657-9774-18cf5ee7342c","3",,"true",,,,,,,,,,,,,,,,,,,"2",
"175","IJH","MERUSAKA NUSA DUA","BALI","5","HIPRO",,"5","Promoters","5","5","Satisfied","5","Nancye in the Gading Restaurant was amazing - very helpful and beautiful customer service.",,"5","5","5","5","4","4","992c0732-0da1-4115-8995-0641b218d580","Completed",,"29-10-2025 07:57:46",,"197432",,"cab97c1f-67b4-11f0-a847-0a0cda9789f2","bedac312-8aeb-4657-9774-18cf5ee7342c","3",,"true",,,,,,,,,,,,,,,,,,,"2",
"176","IJH","GRAND INNA TUNJUNGAN","JATIM","4","HIPRO",,"5","Promoters","5","5","Satisfied","5","saya rasa tidak ada, semua staff sudah profesional dalam menjalankan tugasnya",,"5","5","5","5","4","4","e95e3d8a-907b-47f2-8111-64ae5e03dde3","Completed",,"29-10-2025 08:41:36",,"332123",,"cab97c1f-67b4-11f0-a847-0a0cda9789f2","bedac312-8aeb-4657-9774-18cf5ee7342c","3",,"true",,,,,,,,,,,,,,,,,,,"2",
"177","IJH","MERUSAKA NUSA DUA","BALI","5","HIPRO",,"5","Promoters","5","5","Satisfied","5","-",,"5","5","5","5","4","4","25b8c2f4-90cf-4667-bbf8-199239ae2d1d","Completed",,"29-10-2025 09:12:56",,"108351",,"cab97c1f-67b4-11f0-a847-0a0cda9789f2","bedac312-8aeb-4657-9774-18cf5ee7342c","3",,"true",,,,,,,,,,,,,,,,,,,"2",
"178","IJH","TRUNTUM PADANG","SUMBAR","4","HIPRO",,"5","Promoters","5","5","Satisfied","5","Promonya tambahkan",,"4","4","4","4","3","3","17ead6ee-9c2f-48f7-9091-3ad37b7f118f","Completed",,"29-10-2025 12:11:06",,"263949",,"cab97c1f-67b4-11f0-a847-0a0cda9789f2","bedac312-8aeb-4657-9774-18cf5ee7342c","3",,"true",,,,,,,,,,,,,,,,,,,"2",
"179","IJH","MERUSAKA NUSA DUA","BALI","5","HIPRO",,"4","Promoters","4","4","Satisfied","4",,,"5","5","4","4","3","3","cbc417ac-347e-49a2-b344-a8e1bfddce4f","Completed",,"29-10-2025 13:42:56",,"1953113",,"cab97c1f-67b4-11f0-a847-0a0cda9789f2","bedac312-8aeb-4657-9774-18cf5ee7342c","3",,"true",,,,,,,,,,,,,,,,,,,"2",
"180","IJH","TRUNTUM PADANG","SUMBAR","4","HIPRO",,"5","Promoters","5","5","Satisfied","5","Sudah okeeee",,"5","5","4","4","3","3","42b20b1c-fb4a-4e06-bb88-f228f7adfae1","Completed",,"30-10-2025 00:35:34",,"239827",,"cab97c1f-67b4-11f0-a847-0a0cda9789f2","bedac312-8aeb-4657-9774-18cf5ee7342c","3",,"true",,,,,,,,,,,,,,,,,,,"2",
"181","IJH","MERUSAKA NUSA DUA","BALI","5","HIPRO",,"3","Passive","3","3","Neutral","3","Breakfast restaurant needs improving. Presentation, layout and quality food ordinary. Nice to see outside but so hot, needs fans and umbrellas. Inside was like a busy cafeteria with people walking everywhere.",,"5","5","5","5","4","4","390bcded-62fa-43bb-863c-f2f6c4046ea3","Completed",,"30-10-2025 13:58:33",,"290195",,"cab97c1f-67b4-11f0-a847-0a0cda9789f2","bedac312-8aeb-4657-9774-18cf5ee7342c","3",,"true",,,,,,,,,,,,,,,,,,,"2",
"182","IJH","GRAND INNA TUNJUNGAN","JATIM","4","HIPRO",,"5","Promoters","5","5","Satisfied","5","tidak ada",,"5","5","5","5","4","4","eab792a2-a724-4233-9191-e7c6ff0d52c1","Completed",,"31-10-2025 10:02:44",,"1515219",,"cab97c1f-67b4-11f0-a847-0a0cda9789f2","bedac312-8aeb-4657-9774-18cf5ee7342c","3",,"true",,,,,,,,,,,,,,,,,,,"2",
"183","IJH","GRAND INNA TUNJUNGAN","JATIM","4","HIPRO",,"5","Promoters","5","5","Satisfied","5","Belum ada, terimakasihh",,"5","5","4","4","4","4","87a3365d-bf03-4b8b-8757-9cbef5ba139d","Completed",,"31-10-2025 11:38:43",,"337445",,"cab97c1f-67b4-11f0-a847-0a0cda9789f2","bedac312-8aeb-4657-9774-18cf5ee7342c","3",,"true",,,,,,,,,,,,,,,,,,,"2",
"184","IJH","MERUSAKA NUSA DUA","BALI","5","HIPRO",,"5","Promoters","5","5","Satisfied","5","Staff are superbly helpful and friendly. Special mention for Vanni at Ja Jan beach restaurant and the guy who ran the water aerobics.",,"5","5","4","4","4","4","d22ab076-e41d-4d40-a2c6-2c55f3ae3b56","Completed",,"01-11-2025 15:22:37",,"309866",,"cab97c1f-67b4-11f0-a847-0a0cda9789f2","bedac312-8aeb-4657-9774-18cf5ee7342c","3",,"true",,,,,,,,,,,,,,,,,,,"2",
"185","IJH","MERUSAKA NUSA DUA","BALI","5","HIPRO",,"5","Promoters","5","5","Satisfied","5","Tidak ada",,"5","5","5","5","4","4","a3550a8e-075f-48ba-aed1-1932328230e9","Completed",,"01-11-2025 16:07:42",,"157367",,"cab97c1f-67b4-11f0-a847-0a0cda9789f2","bedac312-8aeb-4657-9774-18cf5ee7342c","3",,"true",,,,,,,,,,,,,,,,,,,"2",
"186","IJH","MERUSAKA NUSA DUA","BALI","5","HIPRO",,"5","Promoters","5","5","Satisfied","5","A big thank to the entire team at Merusaka and a special thanks to Pitri, Yohana, Charline, Adi, Andre, Lidia, Sudarmini, Fendik, Made, Putu, Tedi, Trisna and Agung.",,"5","5","5","5","4","4","f9c2d0ab-e001-45b0-aacf-0940ce003e55","Completed",,"01-11-2025 22:29:22",,"529064",,"cab97c1f-67b4-11f0-a847-0a0cda9789f2","bedac312-8aeb-4657-9774-18cf5ee7342c","3",,"true",,,,,,,,,,,,,,,,,,,"2",
"187","IJH","MERUSAKA NUSA DUA","BALI","5","HIPRO",,"5","Promoters","5","5","Satisfied","5","No comment",,"5","5","5","5","4","4","93a1cd32-feb1-4938-8e00-35f5c690c772","Completed",,"02-11-2025 06:21:37",,"125121",,"cab97c1f-67b4-11f0-a847-0a0cda9789f2","bedac312-8aeb-4657-9774-18cf5ee7342c","3",,"true",,,,,,,,,,,,,,,,,,,"2",
"188","IJH","MERUSAKA NUSA DUA","BALI","5","HIPRO",,"5","Promoters","5","5","Satisfied","5","No, it was perfect",,"5","5","5","5","4","4","c11a0c66-d15f-4a1f-89df-e44693e5b6ca","Completed",,"02-11-2025 16:00:39",,"182973",,"cab97c1f-67b4-11f0-a847-0a0cda9789f2","bedac312-8aeb-4657-9774-18cf5ee7342c","3",,"true",,,,,,,,,,,,,,,,,,,"2",
"189","IJH","MERUSAKA NUSA DUA","BALI","5","HIPRO",,"5","Promoters","5","5","Satisfied","5","Thoroughly enjoyed our stay. Staff are your greatest asset. They are all great ambassadors for  your hotel",,"5","5","5","5","4","4","795acf73-16ae-4317-8700-018a77595dc3","Completed",,"03-11-2025 05:36:05",,"237532",,"cab97c1f-67b4-11f0-a847-0a0cda9789f2","bedac312-8aeb-4657-9774-18cf5ee7342c","3",,"true",,,,,,,,,,,,,,,,,,,"2",
"190","IJH","MERUSAKA NUSA DUA","BALI","5","HIPRO",,"5","Promoters","5","5","Satisfied","5",,,"5","5","5","5","4","4","09a16c3c-9b95-44a6-9a5f-b68644e60dd8","Completed",,"03-11-2025 06:13:36",,"106875",,"cab97c1f-67b4-11f0-a847-0a0cda9789f2","bedac312-8aeb-4657-9774-18cf5ee7342c","3",,"true",,,,,,,,,,,,,,,,,,,"2",
"191","IJH","MERUSAKA NUSA DUA","BALI","5","HIPRO",,"5","Promoters","5","5","Satisfied","5","Accessibility",,"5","5","5","5","3","3","d716e480-8056-4e96-a54a-332797cc007d","Completed",,"03-11-2025 08:21:43",,"210526",,"cab97c1f-67b4-11f0-a847-0a0cda9789f2","bedac312-8aeb-4657-9774-18cf5ee7342c","3",,"true",,,,,,,,,,,,,,,,,,,"2",
"192","IJH","MERUSAKA NUSA DUA","BALI","5","HIPRO",,"5","Promoters","5","5","Satisfied","5","I was in room 1117, it was a long walk in the heat to get to our room without any shade… maybe get some plants growing to get some shade cover?",,"5","5","5","5","4","4","2165157d-5ced-40b8-882a-ec2a47aafcd7","Completed",,"04-11-2025 05:16:52",,"266267",,"cab97c1f-67b4-11f0-a847-0a0cda9789f2","bedac312-8aeb-4657-9774-18cf5ee7342c","3",,"true",,,,,,,,,,,,,,,,,,,"2",
"193","IJH","MERUSAKA NUSA DUA","BALI","5","HIPRO",,"4","Promoters","4","4","Satisfied","4","Thx you for all!",,"5","5","5","5","4","4","244ffaf2-4edd-49a4-9717-69249ae24975","Completed",,"04-11-2025 07:12:53",,"334146",,"cab97c1f-67b4-11f0-a847-0a0cda9789f2","bedac312-8aeb-4657-9774-18cf5ee7342c","3",,"true",,,,,,,,,,,,,,,,,,,"2",
"194","IJH","GRAND INNA TUNJUNGAN","JATIM","4","HIPRO",,"5","Promoters","5","5","Satisfied","5","sudah cukup baik semua staff oke banget",,"5","5","5","5","4","4","8e2cb84c-7afb-4d16-9426-c2bcba5a1481","Completed",,"04-11-2025 09:12:03",,"225355",,"cab97c1f-67b4-11f0-a847-0a0cda9789f2","bedac312-8aeb-4657-9774-18cf5ee7342c","3",,"true",,,,,,,,,,,,,,,,,,,"2",
"195","IJH","GRAND INNA TUNJUNGAN","JATIM","4","HIPRO",,"5","Promoters","5","5","Satisfied","5","Maju terus grand inna tunjungan, keramahan staffnya saya acungi jempol",,"5","5","5","5","4","4","528ff14f-90c5-4b42-8e10-9773cba68783","Completed",,"04-11-2025 09:21:50",,"120349",,"cab97c1f-67b4-11f0-a847-0a0cda9789f2","bedac312-8aeb-4657-9774-18cf5ee7342c","3",,"true",,,,,,,,,,,,,,,,,,,"2",
"196","IJH","GRAND INNA TUNJUNGAN","JATIM","4","HIPRO",,"5","Promoters","5","5","Satisfied","5",,,"5","5","5","5","4","4","78d39a37-d2e7-4873-90f2-a87c95622be3","Completed",,"04-11-2025 10:56:27",,"125792",,"cab97c1f-67b4-11f0-a847-0a0cda9789f2","bedac312-8aeb-4657-9774-18cf5ee7342c","3",,"true",,,,,,,,,,,,,,,,,,,"2",
"197","IJH","THE MANOHARA HOTEL YOGYAKARTA","YOGYAKARTA","4","HIPRO",,"5","Promoters","5","5","Satisfied","5","-",,"5","5","5","5","4","4","1035d7c6-f7fb-457d-a0c9-88b671876731","Completed",,"04-11-2025 12:23:11",,"95562",,"cab97c1f-67b4-11f0-a847-0a0cda9789f2","bedac312-8aeb-4657-9774-18cf5ee7342c","3",,"true",,,,,,,,,,,,,,,,,,,"2",
"198","IJH","MERUSAKA NUSA DUA","BALI","5","HIPRO",,"5","Promoters","5","5","Satisfied","5",,,"4","4","5","5","4","4","12e7a864-7347-4509-bfd4-8336635250b0","Completed",,"05-11-2025 03:23:59",,"244816",,"cab97c1f-67b4-11f0-a847-0a0cda9789f2","bedac312-8aeb-4657-9774-18cf5ee7342c","3",,"true",,,,,,,,,,,,,,,,,,,"2",
"199","IJH","MERUSAKA NUSA DUA","BALI","5","HIPRO",,"5","Promoters","5","5","Satisfied","5","Make snorkels free at watersports.  May I add that Lucas at watersports was SO EXCELLENT.  He was so great with our son and helping us choose a board to use.  Please pass on our thanks",,"5","5","5","5","4","4","2d976fa3-9c2e-454f-9248-d8af952aec3a","Completed",,"05-11-2025 08:12:33",,"183238",,"cab97c1f-67b4-11f0-a847-0a0cda9789f2","bedac312-8aeb-4657-9774-18cf5ee7342c","3",,"true",,,,,,,,,,,,,,,,,,,"2",
"200","IJH","MERUSAKA NUSA DUA","BALI","5","HIPRO",,"5","Promoters","5","5","Satisfied","5","I found the aircon in the room not to be as cold as I would like",,"5","5","4","4","4","4","5f817a52-cbfe-4ac5-9b65-a8aa5e24a0a5","Completed",,"05-11-2025 12:09:33",,"305895",,"cab97c1f-67b4-11f0-a847-0a0cda9789f2","bedac312-8aeb-4657-9774-18cf5ee7342c","3",,"true",,,,,,,,,,,,,,,,,,,"2",
"201","IJH","GRAND INNA TUNJUNGAN","JATIM","4","HIPRO",,"5","Promoters","5","5","Satisfied","5","Menu Makannya Lebih Di Tambahakan Lagi",,"5","5","5","5","4","4","4783b62d-a409-477b-869a-c040b17e4208","Completed",,"05-11-2025 13:12:19",,"289010",,"cab97c1f-67b4-11f0-a847-0a0cda9789f2","bedac312-8aeb-4657-9774-18cf5ee7342c","3",,"true",,,,,,,,,,,,,,,,,,,"2",
"202","IJH","MERUSAKA NUSA DUA","BALI","5","HIPRO",,"5","Promoters","5","5","Satisfied","5","We were extremely satisfied with everything.   Breakfast was amazing.  We dined in house a few times and very satisfied with everything.  We enjoyed our stay immensely and would recommend to our family and friends.",,"5","5","5","5","4","4","a8747799-8750-46c9-a017-738491bcc456","Completed",,"05-11-2025 13:18:57",,"358949",,"cab97c1f-67b4-11f0-a847-0a0cda9789f2","bedac312-8aeb-4657-9774-18cf5ee7342c","3",,"true",,,,,,,,,,,,,,,,,,,"2",
"203","IJH","MERUSAKA NUSA DUA","BALI","5","HIPRO",,"5","Promoters","5","5","Satisfied","5",,,"5","5","4","4","4","4","4e8b3ca7-c8f3-4ffe-b040-ccefe2bfaa4c","Completed",,"05-11-2025 16:01:10",,"70540",,"cab97c1f-67b4-11f0-a847-0a0cda9789f2","bedac312-8aeb-4657-9774-18cf5ee7342c","3",,"true",,,,,,,,,,,,,,,,,,,"2",
"204","IJH","MERUSAKA NUSA DUA","BALI","5","HIPRO",,"5","Promoters","5","5","Satisfied","5",,,"5","5","5","5","4","4","c5a0c383-28d8-49fa-b46b-8efe627e2e15","Completed",,"06-11-2025 04:32:35",,"285902",,"cab97c1f-67b4-11f0-a847-0a0cda9789f2","bedac312-8aeb-4657-9774-18cf5ee7342c","3",,"true",,,,,,,,,,,,,,,,,,,"2",
"205","IJH","GRAND INNA TUNJUNGAN","JATIM","4","HIPRO",,"5","Promoters","5","5","Satisfied","5","Tidak ada",,"5","5","5","5","4","4","62abf534-aa2a-4fc4-a070-199e96de01b7","Completed",,"06-11-2025 11:03:01",,"182004",,"cab97c1f-67b4-11f0-a847-0a0cda9789f2","bedac312-8aeb-4657-9774-18cf5ee7342c","3",,"true",,,,,,,,,,,,,,,,,,,"2",
"206","IJH","MERUSAKA NUSA DUA","BALI","5","HIPRO",,"5","Promoters","5","5","Satisfied","5","No, would like feedback with regards to the swimwear which has been ruined from the pool bar pool.",,"4","4","5","5","3","3","a8310b18-503d-43a8-9fb5-d2203957b0b0","Completed",,"06-11-2025 13:53:08",,"226245",,"cab97c1f-67b4-11f0-a847-0a0cda9789f2","bedac312-8aeb-4657-9774-18cf5ee7342c","3",,"true",,,,,,,,,,,,,,,,,,,"2",
"207","IJH","MERUSAKA NUSA DUA","BALI","5","HIPRO",,"5","Promoters","5","5","Satisfied","5",,,"5","5","5","5","4","4","d4a9acc0-1d8c-474f-9626-d0467f47af72","Completed",,"07-11-2025 05:50:34",,"99692",,"cab97c1f-67b4-11f0-a847-0a0cda9789f2","bedac312-8aeb-4657-9774-18cf5ee7342c","3",,"true",,,,,,,,,,,,,,,,,,,"2",
"208","IJH","MERUSAKA NUSA DUA","BALI","5","HIPRO",,"5","Promoters","5","5","Satisfied","5","Everything else was good, but the water quality is so bad... I'm getting yellow water...",,"5","5","4","4","3","3","54da6ca5-f5b2-466a-b6a0-9af33f0e5743","Completed",,"07-11-2025 11:00:46",,"257926",,"cab97c1f-67b4-11f0-a847-0a0cda9789f2","bedac312-8aeb-4657-9774-18cf5ee7342c","3",,"true",,,,,,,,,,,,,,,,,,,"2",
"209","IJH","MERUSAKA NUSA DUA","BALI","5","HIPRO",,"5","Promoters","5","5","Satisfied","5",,,"4","4","5","5","4","4","89b3d1e8-072f-4d3b-906b-d49d2e1a32e6","Completed",,"07-11-2025 13:03:23",,"206929",,"cab97c1f-67b4-11f0-a847-0a0cda9789f2","bedac312-8aeb-4657-9774-18cf5ee7342c","3",,"true",,,,,,,,,,,,,,,,,,,"2",
"210","IJH","GRAND INNA TUNJUNGAN","JATIM","4","HIPRO",,"4","Promoters","4","4","Satisfied","4","-",,"4","4","4","4","3","3","200a3265-1ad9-4772-8e15-d1c2139af78c","Completed",,"07-11-2025 13:45:35",,"401244",,"cab97c1f-67b4-11f0-a847-0a0cda9789f2","bedac312-8aeb-4657-9774-18cf5ee7342c","3",,"true",,,,,,,,,,,,,,,,,,,"2",
"211","IJH","MERUSAKA NUSA DUA","BALI","5","HIPRO",,"5","Promoters","5","5","Satisfied","5",,,"5","5","5","5","4","4","0ef6c10a-1d96-4ea9-932e-e70616e264d9","Completed",,"07-11-2025 14:29:38",,"520779",,"cab97c1f-67b4-11f0-a847-0a0cda9789f2","bedac312-8aeb-4657-9774-18cf5ee7342c","3",,"true",,,,,,,,,,,,,,,,,,,"2",
"212","IJH","MERUSAKA NUSA DUA","BALI","5","HIPRO",,"5","Promoters","5","5","Satisfied","5","No",,"5","5","4","4","4","4","e1aa90ed-403c-4253-b8e5-81fb9638e33d","Completed",,"08-11-2025 06:07:05",,"141989",,"cab97c1f-67b4-11f0-a847-0a0cda9789f2","bedac312-8aeb-4657-9774-18cf5ee7342c","3",,"true",,,,,,,,,,,,,,,,,,,"2",
"213","IJH","MERUSAKA NUSA DUA","BALI","5","HIPRO",,"5","Promoters","5","5","Satisfied","5",,,"5","5","5","5","4","4","398c152c-df46-457b-a77e-57bc602b49e0","Completed",,"09-11-2025 13:24:56",,"446077",,"cab97c1f-67b4-11f0-a847-0a0cda9789f2","bedac312-8aeb-4657-9774-18cf5ee7342c","3",,"true",,,,,,,,,,,,,,,,,,,"2",
"214","IJH","MERUSAKA NUSA DUA","BALI","5","HIPRO",,"5","Promoters","5","5","Satisfied","5",".",,"5","5","5","5","4","4","3e567d0e-2a1f-48b9-8d2b-67c411c55df1","Completed",,"09-11-2025 21:06:51",,"62583",,"cab97c1f-67b4-11f0-a847-0a0cda9789f2","bedac312-8aeb-4657-9774-18cf5ee7342c","3",,"true",,,,,,,,,,,,,,,,,,,"2",
"215","IJH","MERUSAKA NUSA DUA","BALI","5","HIPRO",,"5","Promoters","5","5","Satisfied","5","Just like to say a huge thank you to staff member Sagita in dining and drink service at the main area for breakfast and dinner. she was very professional and made us feel so welcome as well to other guests. She did an amazing job.",,"4","4","4","4","3","3","948d5317-4910-45a5-a976-eb7d8894cd7a","Completed",,"10-11-2025 08:38:30",,"321466",,"cab97c1f-67b4-11f0-a847-0a0cda9789f2","bedac312-8aeb-4657-9774-18cf5ee7342c","3",,"true",,,,,,,,,,,,,,,,,,,"2",
"216","IJH","MERUSAKA NUSA DUA","BALI","5","HIPRO",,"5","Promoters","5","5","Satisfied","5","I think the hotel needs to maintenance of some parts that are not clean",,"5","5","5","5","3","3","40dcbdda-6b25-4f87-b8d7-f81b3904e75f","Completed",,"10-11-2025 13:05:23",,"317404",,"cab97c1f-67b4-11f0-a847-0a0cda9789f2","bedac312-8aeb-4657-9774-18cf5ee7342c","3",,"true",,,,,,,,,,,,,,,,,,,"2",
"217","IJH","MERUSAKA NUSA DUA","BALI","5","HIPRO",,"5","Promoters","5","5","Satisfied","5","No",,"5","5","5","5","4","4","d7ded09e-984e-4d38-80e3-aae81a915824","Completed",,"10-11-2025 13:35:51",,"83437",,"cab97c1f-67b4-11f0-a847-0a0cda9789f2","bedac312-8aeb-4657-9774-18cf5ee7342c","3",,"true",,,,,,,,,,,,,,,,,,,"2",
"218","IJH","MERUSAKA NUSA DUA","BALI","5","HIPRO",,"4","Promoters","4","4","Satisfied","4","On rainy days more staff are needed in the main dining area overlooking the swimming pools. More guests eat in on rainy days and service  was very slow as there wasn't  enough staff on duty at lunch  time",,"5","5","4","4","4","4","8b1ed119-cd9b-4406-a6dc-4f2aa3050274","Completed",,"10-11-2025 18:23:34",,"272573",,"cab97c1f-67b4-11f0-a847-0a0cda9789f2","bedac312-8aeb-4657-9774-18cf5ee7342c","3",,"true",,,,,,,,,,,,,,,,,,,"2",
"219","IJH","MERUSAKA NUSA DUA","BALI","5","HIPRO",,"2","Detractor","2","2","Not Satisfied","2",,,"3","3","3","3","2","2","b33cefe3-aed5-445d-9244-51b9f31de32f","Completed",,"10-11-2025 19:16:44",,"317796",,"cab97c1f-67b4-11f0-a847-0a0cda9789f2","bedac312-8aeb-4657-9774-18cf5ee7342c","3",,"true",,,,,,,,,,,,,,,,,,,"2",
"220","IJH","MERUSAKA NUSA DUA","BALI","5","HIPRO",,"5","Promoters","5","5","Satisfied","5","Cant think of anything at the moment.",,"5","5","4","4","3","3","ece1f911-0df0-49e8-9bac-67ff7467d2f8","Completed",,"11-11-2025 13:29:27",,"352287",,"cab97c1f-67b4-11f0-a847-0a0cda9789f2","bedac312-8aeb-4657-9774-18cf5ee7342c","3",,"true",,,,,,,,,,,,,,,,,,,"2",
"221","IJH","TRUNTUM KUTA","BALI","4","HIPRO",,"5","Promoters","5","5","Satisfied","5","Perbanyak petunjuk arah menuju Lobby, Resto, atau fasilitas lain untuk mempermudah",,"5","5","4","4","4","4","51d6dcb7-5620-4d8d-b7a8-f8ff970b3877","Completed",,"11-11-2025 16:15:05",,"277802",,"cab97c1f-67b4-11f0-a847-0a0cda9789f2","bedac312-8aeb-4657-9774-18cf5ee7342c","3",,"true",,,,,,,,,,,,,,,,,,,"2",
"222","IJH","MERUSAKA NUSA DUA","BALI","5","HIPRO",,"5","Promoters","5","5","Satisfied","5","Thank you for your hospitality",,"5","5","5","5","4","4","c6e53cb2-5485-4eb4-98f3-425424fbb28e","Completed",,"11-11-2025 19:15:06",,"348295",,"cab97c1f-67b4-11f0-a847-0a0cda9789f2","bedac312-8aeb-4657-9774-18cf5ee7342c","3",,"true",,,,,,,,,,,,,,,,,,,"2",
"223","IJH","TRUNTUM KUTA","BALI","4","HIPRO",,"5","Promoters","5","5","Satisfied","5",,,"5","5","5","5","4","4","fb20bb99-52a0-4bf0-ad7c-a0b4d1135b6e","Completed",,"12-11-2025 05:10:50",,"363658",,"cab97c1f-67b4-11f0-a847-0a0cda9789f2","bedac312-8aeb-4657-9774-18cf5ee7342c","3",,"true",,,,,,,,,,,,,,,,,,,"2",
"224","IJH","TRUNTUM KUTA","BALI","4","HIPRO",,"5","Promoters","5","5","Satisfied","5",,,"5","5","5","5","4","4","0590f6f0-8145-4c33-9ae5-9e41fae3cc98","Completed",,"12-11-2025 06:20:42",,"116396",,"cab97c1f-67b4-11f0-a847-0a0cda9789f2","bedac312-8aeb-4657-9774-18cf5ee7342c","3",,"true",,,,,,,,,,,,,,,,,,,"2",
"225","IJH","MERUSAKA NUSA DUA","BALI","5","HIPRO",,"5","Promoters","5","5","Satisfied","5","0",,"5","5","5","5","4","4","5036f3a0-7fbe-4016-90d2-cbee2659f628","Completed",,"12-11-2025 08:47:00",,"139006",,"cab97c1f-67b4-11f0-a847-0a0cda9789f2","bedac312-8aeb-4657-9774-18cf5ee7342c","3",,"true",,,,,,,,,,,,,,,,,,,"2",
"226","IJH","GRAND INNA TUNJUNGAN","JATIM","4","HIPRO",,"4","Promoters","4","4","Satisfied","4","Tingkatkan layanan",,"4","4","4","4","3","3","30e9599f-f4e2-4e6c-895e-3498edc00320","Completed",,"12-11-2025 09:03:16",,"223358",,"cab97c1f-67b4-11f0-a847-0a0cda9789f2","bedac312-8aeb-4657-9774-18cf5ee7342c","3",,"true",,,,,,,,,,,,,,,,,,,"2",
"227","IJH","GRAND INNA TUNJUNGAN","JATIM","4","HIPRO",,"5","Promoters","5","5","Satisfied","5","Ga ada",,"5","5","5","5","4","4","2d479a66-96eb-404b-acb4-4e73da3b2067","Completed",,"12-11-2025 09:19:47",,"281890",,"cab97c1f-67b4-11f0-a847-0a0cda9789f2","bedac312-8aeb-4657-9774-18cf5ee7342c","3",,"true",,,,,,,,,,,,,,,,,,,"2",
"228","IJH","TRUNTUM KUTA","BALI","4","HIPRO",,"5","Promoters","5","5","Satisfied","5",,,"5","5","4","4","4","4","2784ba2b-a2bc-4349-953d-3d1252392fe5","Completed",,"12-11-2025 11:15:47",,"1613488",,"cab97c1f-67b4-11f0-a847-0a0cda9789f2","bedac312-8aeb-4657-9774-18cf5ee7342c","3",,"true",,,,,,,,,,,,,,,,,,,"2",
"229","IJH","TRUNTUM KUTA","BALI","4","HIPRO",,"5","Promoters","5","5","Satisfied","5","no",,"5","5","5","5","4","4","b1187637-01ac-4985-8245-469c15b4b754","Completed",,"12-11-2025 11:42:02",,"161510",,"cab97c1f-67b4-11f0-a847-0a0cda9789f2","bedac312-8aeb-4657-9774-18cf5ee7342c","3",,"true",,,,,,,,,,,,,,,,,,,"2",
"230","IJH","MERUSAKA NUSA DUA","BALI","5","HIPRO",,"5","Promoters","5","5","Satisfied","5","Already given",,"4","4","4","4","3","3","7b5a4296-62a5-4f40-b891-9a89ea12ff65","Completed",,"12-11-2025 13:55:03",,"557117",,"cab97c1f-67b4-11f0-a847-0a0cda9789f2","bedac312-8aeb-4657-9774-18cf5ee7342c","3",,"true",,,,,,,,,,,,,,,,,,,"2",
"231","IJH","TRUNTUM KUTA","BALI","4","HIPRO",,"5","Promoters","5","5","Satisfied","5","No",,"5","5","5","5","4","4","5932ceba-bf0a-4651-b0c8-8f7dd5d40909","Completed",,"12-11-2025 14:31:03",,"133212",,"cab97c1f-67b4-11f0-a847-0a0cda9789f2","bedac312-8aeb-4657-9774-18cf5ee7342c","3",,"true",,,,,,,,,,,,,,,,,,,"2",
"232","IJH","TRUNTUM KUTA","BALI","4","HIPRO",,"5","Promoters","5","5","Satisfied","5","no",,"5","5","5","5","4","4","3da9cf86-f6c0-4a21-86ec-2a2413984eb9","Completed",,"12-11-2025 16:02:54",,"136951",,"cab97c1f-67b4-11f0-a847-0a0cda9789f2","bedac312-8aeb-4657-9774-18cf5ee7342c","3",,"true",,,,,,,,,,,,,,,,,,,"2",
"233","IJH","TRUNTUM KUTA","BALI","4","HIPRO",,"4","Promoters","4","4","Satisfied","4","We arrived around 8.30pm after a long flight and at reception we noted the welcome was well below the norm in greeting guests,the rest of the staff were pleasant and accommodating.",,"4","4","4","4","3","3","943406e1-75e8-4ed6-9c73-b2de3d4bc61b","Completed",,"12-11-2025 21:51:07",,"1200407",,"cab97c1f-67b4-11f0-a847-0a0cda9789f2","bedac312-8aeb-4657-9774-18cf5ee7342c","3",,"true",,,,,,,,,,,,,,,,,,,"2",
"234","IJH","TRUNTUM KUTA","BALI","4","HIPRO",,"5","Promoters","5","5","Satisfied","5","No but I would like to say that every member of your team were warm and accomodating, polite and helpful",,"5","5","4","4","4","4","ab5bbbbd-83e9-4690-af4a-137c75893752","Completed",,"13-11-2025 01:39:39",,"502272",,"cab97c1f-67b4-11f0-a847-0a0cda9789f2","bedac312-8aeb-4657-9774-18cf5ee7342c","3",,"true",,,,,,,,,,,,,,,,,,,"2",
"235","IJH","TRUNTUM KUTA","BALI","4","HIPRO",,"5","Promoters","5","5","Satisfied","5","As per my amenities comment",,"5","5","4","4","4","4","74a701cb-4c2e-4817-9448-9dd98e612a1d","Completed",,"13-11-2025 07:34:51",,"227331",,"cab97c1f-67b4-11f0-a847-0a0cda9789f2","bedac312-8aeb-4657-9774-18cf5ee7342c","3",,"true",,,,,,,,,,,,,,,,,,,"2",
"236","IJH","MERUSAKA NUSA DUA","BALI","5","HIPRO",,"5","Promoters","5","5","Satisfied","5","More gluten free options 
More lighting in bathroom 
Better reception for tv movie channels as keep stopping and weird noises from sound",,"5","5","4","4","4","4","085f2699-9a9f-4b68-98cb-547684faf15f","Completed",,"13-11-2025 10:58:12",,"353600",,"cab97c1f-67b4-11f0-a847-0a0cda9789f2","bedac312-8aeb-4657-9774-18cf5ee7342c","3",,"true",,,,,,,,,,,,,,,,,,,"2",
"237","IJH","MERUSAKA NUSA DUA","BALI","5","HIPRO",,"5","Promoters","5","5","Satisfied","5",,,"5","5","5","5","4","4","dcfe5d29-d170-4a2e-a2d7-5865b5fb1c83","Completed",,"13-11-2025 11:38:54",,"153051",,"cab97c1f-67b4-11f0-a847-0a0cda9789f2","bedac312-8aeb-4657-9774-18cf5ee7342c","3",,"true",,,,,,,,,,,,,,,,,,,"2",
"238","IJH","GRAND INNA TUNJUNGAN","JATIM","4","HIPRO",,"5","Promoters","5","5","Satisfied","5","Lebih detail lg dalam pengecekan kamar sebelum tamu check in",,"5","5","4","4","3","3","412ed2ff-1e1b-43f0-bd96-1bd15ef1c2d6","Completed",,"13-11-2025 12:01:00",,"458688",,"cab97c1f-67b4-11f0-a847-0a0cda9789f2","bedac312-8aeb-4657-9774-18cf5ee7342c","3",,"true",,,,,,,,,,,,,,,,,,,"2",
"239","IJH","TRUNTUM KUTA","BALI","4","HIPRO",,"3","Passive","3","3","Neutral","3","Been here three time and find the hotel run down",,"5","5","5","5","3","3","03ef3cf4-24e2-4e3b-b98d-00ee030fc1f3","Completed",,"13-11-2025 13:11:00",,"256890",,"cab97c1f-67b4-11f0-a847-0a0cda9789f2","bedac312-8aeb-4657-9774-18cf5ee7342c","3",,"true",,,,,,,,,,,,,,,,,,,"2",
"240","IJH","TRUNTUM KUTA","BALI","4","HIPRO",,"5","Promoters","5","5","Satisfied","5","Staff knocked the door for laundry in the morning and thin wall can hear people were talking and passing by",,"4","4","4","4","3","3","15631f96-fdc2-429b-acb7-fa909066dd52","Completed",,"13-11-2025 13:51:17",,"142268",,"cab97c1f-67b4-11f0-a847-0a0cda9789f2","bedac312-8aeb-4657-9774-18cf5ee7342c","3",,"true",,,,,,,,,,,,,,,,,,,"2",
"241","IJH","MERUSAKA NUSA DUA","BALI","5","HIPRO",,"5","Promoters","5","5","Satisfied","5",,,"5","5","4","4","4","4","2465af01-13e0-4307-98e1-7fe9fa6a2099","Completed",,"13-11-2025 13:58:37",,"295365",,"cab97c1f-67b4-11f0-a847-0a0cda9789f2","bedac312-8aeb-4657-9774-18cf5ee7342c","3",,"true",,,,,,,,,,,,,,,,,,,"2",
"242","IJH","TRUNTUM KUTA","BALI","4","HIPRO",,"4","Promoters","4","4","Satisfied","4","Took a long time for dirty plates to be collected at breakfast. A drink on arrival would be nice.
Yoga more often",,"3","3","3","3","3","3","5a89ef98-a4d7-470b-a304-bef243eaca7e","Completed",,"14-11-2025 06:23:59",,"362206",,"cab97c1f-67b4-11f0-a847-0a0cda9789f2","bedac312-8aeb-4657-9774-18cf5ee7342c","3",,"true",,,,,,,,,,,,,,,,,,,"2",
"243","IJH","TRUNTUM KUTA","BALI","4","HIPRO",,"3","Passive","3","3","Neutral","3","I would encourage staff to pick up empty bottles left around the lounges (on the tables and under the chairs).  Because the staff do not walk around the pool these items make the area look messy and unclean.",,"4","4","3","3","3","3","c186e01d-de55-4116-a8af-0677795385e4","Completed",,"14-11-2025 11:32:25",,"468938",,"cab97c1f-67b4-11f0-a847-0a0cda9789f2","bedac312-8aeb-4657-9774-18cf5ee7342c","3",,"true",,,,,,,,,,,,,,,,,,,"2",
"244","IJH","THE MANOHARA HOTEL YOGYAKARTA","YOGYAKARTA","4","HIPRO",,"5","Promoters","5","5","Satisfied","5",,,"5","5","5","5","4","4","e229c391-1819-4367-bff4-031793cd656c","Completed",,"14-11-2025 11:47:05",,"97325",,"cab97c1f-67b4-11f0-a847-0a0cda9789f2","bedac312-8aeb-4657-9774-18cf5ee7342c","3",,"true",,,,,,,,,,,,,,,,,,,"2",
"245","IJH","TRUNTUM KUTA","BALI","4","HIPRO",,"5","Promoters","5","5","Satisfied","5",,,"5","5","5","5","4","4","9eff4368-d9da-45d8-8472-81c686d20b3d","Completed",,"14-11-2025 12:50:55",,"188043",,"cab97c1f-67b4-11f0-a847-0a0cda9789f2","bedac312-8aeb-4657-9774-18cf5ee7342c","3",,"true",,,,,,,,,,,,,,,,,,,"2",
"246","IJH","TRUNTUM KUTA","BALI","4","HIPRO",,"5","Promoters","5","5","Satisfied","5","No",,"5","5","5","5","4","4","eb062c3f-eaab-46f0-9238-9b113e9f61db","Completed",,"14-11-2025 13:28:59",,"343070",,"cab97c1f-67b4-11f0-a847-0a0cda9789f2","bedac312-8aeb-4657-9774-18cf5ee7342c","3",,"true",,,,,,,,,,,,,,,,,,,"2",
"247","IJH","TRUNTUM KUTA","BALI","4","HIPRO",,"5","Promoters","5","5","Satisfied","5","바퀴벌레,개미 개선 필요해요ㅠㅠ",,"5","5","4","4","3","3","afe0fa6b-019f-43f7-9345-819112713551","Completed",,"14-11-2025 14:55:08",,"223430",,"cab97c1f-67b4-11f0-a847-0a0cda9789f2","bedac312-8aeb-4657-9774-18cf5ee7342c","3",,"true",,,,,,,,,,,,,,,,,,,"2",
"248","IJH","TRUNTUM KUTA","BALI","4","HIPRO",,"4","Promoters","4","4","Satisfied","4",,,"5","5","4","4","4","4","97b4fbf3-a135-43b3-852e-d183adf0387c","Completed",,"15-11-2025 09:24:27",,"117466",,"cab97c1f-67b4-11f0-a847-0a0cda9789f2","bedac312-8aeb-4657-9774-18cf5ee7342c","3",,"true",,,,,,,,,,,,,,,,,,,"2",
"249","IJH","GRAND INNA TUNJUNGAN","JATIM","4","HIPRO",,"4","Promoters","4","4","Satisfied","4",,,"4","4","3","3","3","3","f22ee195-e6ad-4c07-861e-3d9ff519c74b","Completed",,"15-11-2025 09:45:39",,"127954",,"cab97c1f-67b4-11f0-a847-0a0cda9789f2","bedac312-8aeb-4657-9774-18cf5ee7342c","3",,"true",,,,,,,,,,,,,,,,,,,"2",
"250","IJH","MERUSAKA NUSA DUA","BALI","5","HIPRO",,"3","Passive","3","3","Neutral","3","No",,"3","3","4","4","3","3","23cd4efe-7c85-48f3-a291-9e2b7c341c41","Completed",,"15-11-2025 11:08:31",,"541449",,"cab97c1f-67b4-11f0-a847-0a0cda9789f2","bedac312-8aeb-4657-9774-18cf5ee7342c","3",,"true",,,,,,,,,,,,,,,,,,,"2",
"251","IJH","TRUNTUM KUTA","BALI","4","HIPRO",,"5","Promoters","5","5","Satisfied","5","Maybe have specials for repeat return customers like myself. That’s the 5th time we have stayed at your hotel. No special discounts apply.",,"5","5","5","5","4","4","cf33aaee-50cb-4f7b-81af-fe55973f96e4","Completed",,"15-11-2025 13:52:55",,"174195",,"cab97c1f-67b4-11f0-a847-0a0cda9789f2","bedac312-8aeb-4657-9774-18cf5ee7342c","3",,"true",,,,,,,,,,,,,,,,,,,"2",
"252","IJH","TRUNTUM KUTA","BALI","4","HIPRO",,"5","Promoters","5","5","Satisfied","5",,,"5","5","5","5","4","4","1ee739af-380b-4c86-a045-02a24926b205","Completed",,"15-11-2025 15:22:27",,"271406",,"cab97c1f-67b4-11f0-a847-0a0cda9789f2","bedac312-8aeb-4657-9774-18cf5ee7342c","3",,"true",,,,,,,,,,,,,,,,,,,"2",
"253","IJH","TRUNTUM KUTA","BALI","4","HIPRO",,"5","Promoters","5","5","Satisfied","5",,,"5","5","5","5","4","4","9eda8631-fb38-4602-89ea-88d2ee8db1ed","Completed",,"15-11-2025 21:42:13",,"105149",,"cab97c1f-67b4-11f0-a847-0a0cda9789f2","bedac312-8aeb-4657-9774-18cf5ee7342c","3",,"true",,,,,,,,,,,,,,,,,,,"2",
"254","IJH","TRUNTUM KUTA","BALI","4","HIPRO",,"3","Passive","3","3","Neutral","3","Room too far from lobby",,"3","3","3","3","3","3","96567f40-c887-4d00-8895-0a50d7bba495","Completed",,"16-11-2025 01:04:59",,"122489",,"cab97c1f-67b4-11f0-a847-0a0cda9789f2","bedac312-8aeb-4657-9774-18cf5ee7342c","3",,"true",,,,,,,,,,,,,,,,,,,"2",
"255","IJH","TRUNTUM KUTA","BALI","4","HIPRO",,"5","Promoters","5","5","Satisfied","5","All good great location",,"5","5","5","5","4","4","7742005c-cd8e-4dc8-9498-8b2efe1005a5","Completed",,"16-11-2025 05:50:53",,"196005",,"cab97c1f-67b4-11f0-a847-0a0cda9789f2","bedac312-8aeb-4657-9774-18cf5ee7342c","3",,"true",,,,,,,,,,,,,,,,,,,"2",
"256","IJH","MERUSAKA NUSA DUA","BALI","5","HIPRO",,"5","Promoters","5","5","Satisfied","5","make more breakfast to-go options for those checking out early since we werent able to use the breakfast buffet",,"5","5","4","4","4","4","022e42a7-b716-4f09-87dd-215320684f59","Completed",,"16-11-2025 10:29:06",,"218943",,"cab97c1f-67b4-11f0-a847-0a0cda9789f2","bedac312-8aeb-4657-9774-18cf5ee7342c","3",,"true",,,,,,,,,,,,,,,,,,,"2",
"257","IJH","MERUSAKA NUSA DUA","BALI","5","HIPRO",,"5","Promoters","5","5","Satisfied","5",,,"5","5","5","5","4","4","99424d4f-492a-4c91-8b35-b0a7c214ef2b","Completed",,"16-11-2025 11:49:54",,"1044964",,"cab97c1f-67b4-11f0-a847-0a0cda9789f2","bedac312-8aeb-4657-9774-18cf5ee7342c","3",,"true",,,,,,,,,,,,,,,,,,,"2",
"258","IJH","GRAND INNA TUNJUNGAN","JATIM","4","HIPRO",,"5","Promoters","5","5","Satisfied","5","Grand inna is the Best place to stay and its like my second home",,"5","5","5","5","4","4","069fc9d2-fbcd-4a00-83ed-f2193eecaa61","Completed",,"16-11-2025 15:39:20",,"477363",,"cab97c1f-67b4-11f0-a847-0a0cda9789f2","bedac312-8aeb-4657-9774-18cf5ee7342c","3",,"true",,,,,,,,,,,,,,,,,,,"2",
"259","IJH","MERUSAKA NUSA DUA","BALI","5","HIPRO",,"1","Detractor","1","1","Not Satisfied","1","The hotel has potential, but our experience was disappointing overall. We saw a rat in the restaurant twice, which was very uncomfortable and suggests a serious hygiene issue. The mattresses in our room also started to deform after the first night and were not comfortable. Some areas of the hotel are clearly worn out and need renovation.
On the positive side, the complimentary professional photoshoot was excellent — the photo studio did an amazing job. The breakfast was varied and tasty, but the area was extremely crowded, making it hard to enjoy.
Staff were polite, but the stay did not fully meet expectations.",,"4","4","3","3","3","3","b6781498-783b-462b-8c8b-6d65ac89f9ee","Completed",,"16-11-2025 17:39:22",,"115722",,"cab97c1f-67b4-11f0-a847-0a0cda9789f2","bedac312-8aeb-4657-9774-18cf5ee7342c","3",,"true",,,,,,,,,,,,,,,,,,,"2",
"260","IJH","TRUNTUM KUTA","BALI","4","HIPRO",,"5","Promoters","5","5","Satisfied","5","Diberikan voucher diskon menginap, untuk tamu yg sudah pernah menginap disana",,"5","5","5","5","4","4","61c7ee08-352b-48f1-8f9f-fc09aef69e4a","Completed",,"17-11-2025 11:19:34",,"348712",,"cab97c1f-67b4-11f0-a847-0a0cda9789f2","bedac312-8aeb-4657-9774-18cf5ee7342c","3",,"true",,,,,,,,,,,,,,,,,,,"2",
"261","IJH","MERUSAKA NUSA DUA","BALI","5","HIPRO",,"5","Promoters","5","5","Satisfied","5","I am an engineer from Australia and part of my services includes providing inspections and defects reports for building structures and finishes. As I am sure that you are aware, the external condition of Merusaka requires a lot of attention.+
Internally there were some broken and non working facilities such as the TV. The TV was slow to operate, continually cut out or froze and was difficult to address the menu. The TV system needs upgrading. The bidet broke half way through our stay. +
The room cleaning was carried out well but not at times we requested.+
The tiling in the Gadang restaurant is very dangerous and slippery when it gets wet. The tiling needs replacing before someone gets really hurt.+
+
The above are meant to be constructive comments. Overall we had a very enjoyable stay with staff who did their very best to make us feel welcome. Thank you!",,"5","5","5","5","4","4","fe3ea845-ade3-4b05-a489-1c407573b52e","Completed",,"17-11-2025 12:35:22",,"1459577",,"cab97c1f-67b4-11f0-a847-0a0cda9789f2","bedac312-8aeb-4657-9774-18cf5ee7342c","3",,"true",,,,,,,,,,,,,,,,,,,"2",
"262","IJH","TRUNTUM KUTA","BALI","4","HIPRO",,"5","Promoters","5","5","Satisfied","5",,,"5","5","5","5","4","4","be3c522b-af36-4773-94cc-9fb518dcf45f","Completed",,"17-11-2025 19:29:57",,"238182",,"cab97c1f-67b4-11f0-a847-0a0cda9789f2","bedac312-8aeb-4657-9774-18cf5ee7342c","3",,"true",,,,,,,,,,,,,,,,,,,"2",
"263","IJH","TRUNTUM PADANG","SUMBAR","4","HIPRO",,"5","Promoters","5","5","Satisfied","5","Sudah sangat menyenangkan. Saya kira Truntum is one of the best hotel in Padang.",,"5","5","5","5","4","4","abef02b6-5970-4406-9ecb-9d7dabe27ed4","Completed",,"17-11-2025 20:04:33",,"213708",,"cab97c1f-67b4-11f0-a847-0a0cda9789f2","bedac312-8aeb-4657-9774-18cf5ee7342c","3",,"true",,,,,,,,,,,,,,,,,,,"2",
"264","IJH","TRUNTUM KUTA","BALI","4","HIPRO",,"4","Promoters","4","4","Satisfied","4","See prior
Try and organise access to road to airport so don’t need to take loop to beach",,"4","4","3","3","2","2","c104d6c0-cf19-4f30-953e-582a6e0971e2","Completed",,"17-11-2025 21:19:29",,"418407",,"cab97c1f-67b4-11f0-a847-0a0cda9789f2","bedac312-8aeb-4657-9774-18cf5ee7342c","3",,"true",,,,,,,,,,,,,,,,,,,"2",
"265","IJH","TRUNTUM KUTA","BALI","4","HIPRO",,"5","Promoters","5","5","Satisfied","5","What a wonderful place to stay. Fabulous, friendly staff that were always willing to help. Fantastic buffet breakfast selection and room service offered a great variety at a very good price. Great location",,"5","5","5","5","4","4","48f50236-46cc-4022-8b8f-fdc1fbee1609","Completed",,"18-11-2025 12:56:40",,"186538",,"cab97c1f-67b4-11f0-a847-0a0cda9789f2","bedac312-8aeb-4657-9774-18cf5ee7342c","3",,"true",,,,,,,,,,,,,,,,,,,"2",
"266","IJH","MERUSAKA NUSA DUA","BALI","5","HIPRO",,"5","Promoters","5","5","Satisfied","5","As stated before, a late night lounge for those flying out late would be nice. Air conditioned room to lie in.  Get changed and shower if a swim was possible for example. 
Offer of late check out around 3pm would be another alternative.",,"5","5","5","5","4","4","17e84282-a18e-4a37-8eca-f36e92f3b54c","Completed",,"18-11-2025 15:23:15",,"483550",,"cab97c1f-67b4-11f0-a847-0a0cda9789f2","bedac312-8aeb-4657-9774-18cf5ee7342c","3",,"true",,,,,,,,,,,,,,,,,,,"2",
"267","IJH","TRUNTUM KUTA","BALI","4","HIPRO",,"5","Promoters","5","5","Satisfied","5","No",,"5","5","4","4","4","4","5571c4ac-4409-4e3f-9e1f-d6255fd7d028","Completed",,"18-11-2025 15:54:15",,"150329",,"cab97c1f-67b4-11f0-a847-0a0cda9789f2","bedac312-8aeb-4657-9774-18cf5ee7342c","3",,"true",,,,,,,,,,,,,,,,,,,"2",
"268","IJH","TRUNTUM KUTA","BALI","4","HIPRO",,"5","Promoters","5","5","Satisfied","5","We only had on issue when we were there and that was with the music at the middle pool.  It was very loud and thumping and when a number guests requested if the bar attendant could perhaps play something more appropriate for demographic at the time, he said that was all he had. Another guest phoned the duty manager and like magic, more appropriate , relaxing music was found. It was mid morning and only some older folk were trying to relax, swim and read. Keep the thumping night club music for when the young ones want to party. Please do not dismiss the requests from older patrons.",,"5","5","5","5","4","4","fa4a41ea-fa8a-42d0-94be-4ff0a6fc1785","Completed",,"19-11-2025 09:12:32",,"926870",,"cab97c1f-67b4-11f0-a847-0a0cda9789f2","bedac312-8aeb-4657-9774-18cf5ee7342c","3",,"true",,,,,,,,,,,,,,,,,,,"2",
"269","IJH","TRUNTUM KUTA","BALI","4","HIPRO",,"5","Promoters","5","5","Satisfied","5","We have stayed here many times (Grand Inna) and now Truntum and we can see that you are working to renovate and up the hotel. Keep doing what you are doing and I am sure every new visit will be an improvement to us. We were impressed with all the lovely and competent staff, especially Yani, who sorted out a few things for us.  Always professional and a very lovely lady.",,"5","5","5","5","4","4","8586ce00-0b72-430f-930b-e8ebbe5c4cca","Completed",,"19-11-2025 09:22:47",,"575609",,"cab97c1f-67b4-11f0-a847-0a0cda9789f2","bedac312-8aeb-4657-9774-18cf5ee7342c","3",,"true",,,,,,,,,,,,,,,,,,,"2",
"270","IJH","TRUNTUM KUTA","BALI","4","HIPRO",,"4","Promoters","4","4","Satisfied","4","I wanted to do Friday morning water aerobics , no one told us it was cancelled due to pool being deep cleaned , get rid of the foam party and keep pool clean",,"5","5","4","4","4","4","b9155afa-775d-4b51-b441-dcfd8855c080","Completed",,"19-11-2025 09:30:14",,"239780",,"cab97c1f-67b4-11f0-a847-0a0cda9789f2","bedac312-8aeb-4657-9774-18cf5ee7342c","3",,"true",,,,,,,,,,,,,,,,,,,"2",
"271","IJH","MERUSAKA NUSA DUA","BALI","5","HIPRO",,"5","Promoters","5","5","Satisfied","5","No",,"5","5","5","5","4","4","230b4bb6-a906-4652-a91d-e90c3dd14827","Completed",,"19-11-2025 18:17:17",,"153409",,"cab97c1f-67b4-11f0-a847-0a0cda9789f2","bedac312-8aeb-4657-9774-18cf5ee7342c","3",,"true",,,,,,,,,,,,,,,,,,,"2",
"272","IJH","MERUSAKA NUSA DUA","BALI","5","HIPRO",,"5","Promoters","5","5","Satisfied","5","Better smoking polices to protect non-smokers. Greater water supply as we ran out often and had to call reception for more.",,"5","5","5","5","4","4","34344297-a0a9-49f0-ada8-3643caad0c23","Completed",,"20-11-2025 06:39:13",,"725294",,"cab97c1f-67b4-11f0-a847-0a0cda9789f2","bedac312-8aeb-4657-9774-18cf5ee7342c","3",,"true",,,,,,,,,,,,,,,,,,,"2",
"273","IJH","TRUNTUM PADANG","SUMBAR","4","HIPRO",,"5","Promoters","5","5","Satisfied","5","Meskipun termasuk hotel tua, Hotel Truntum Padang sangat nyaman",,"4","4","5","5","4","4","d5770551-b506-46ab-8e4f-be20542825b0","Completed",,"20-11-2025 12:59:04",,"460316",,"cab97c1f-67b4-11f0-a847-0a0cda9789f2","bedac312-8aeb-4657-9774-18cf5ee7342c","3",,"true",,,,,,,,,,,,,,,,,,,"2",
"274","IJH","MERUSAKA NUSA DUA","BALI","5","HIPRO",,"5","Promoters","5","5","Satisfied","5","No",,"5","5","5","5","4","4","1020e4b8-5b75-4378-8666-b3e0f3a5c021","Completed",,"20-11-2025 17:35:15",,"179428",,"cab97c1f-67b4-11f0-a847-0a0cda9789f2","bedac312-8aeb-4657-9774-18cf5ee7342c","3",,"true",,,,,,,,,,,,,,,,,,,"2",
"275","IJH","TRUNTUM KUTA","BALI","4","HIPRO",,"5","Promoters","5","5","Satisfied","5",,,"5","5","5","5","4","4","f9e2a001-ab92-46d4-b6c3-1acd3f73b10c","Completed",,"21-11-2025 12:39:39",,"184028",,"cab97c1f-67b4-11f0-a847-0a0cda9789f2","bedac312-8aeb-4657-9774-18cf5ee7342c","3",,"true",,,,,,,,,,,,,,,,,,,"2",
"276","IJH","MERUSAKA NUSA DUA","BALI","5","HIPRO",,"5","Promoters","5","5","Satisfied","5","We appreciate your kindness, help and hospitality, thank you , you precious people 🫶 thank you for having us and makes us comfortable and relaxed.",,"5","5","5","5","4","4","3a38be8e-5964-4879-9569-53df5dc89813","Completed",,"21-11-2025 12:53:39",,"432401",,"cab97c1f-67b4-11f0-a847-0a0cda9789f2","bedac312-8aeb-4657-9774-18cf5ee7342c","3",,"true",,,,,,,,,,,,,,,,,,,"2",
"277","IJH","MERUSAKA NUSA DUA","BALI","5","HIPRO",,"5","Promoters","5","5","Satisfied","5",,,"5","5","5","5","4","4","b2151b26-a0c9-4e62-99d8-76bb5c89b838","Completed",,"21-11-2025 15:51:50",,"114603",,"cab97c1f-67b4-11f0-a847-0a0cda9789f2","bedac312-8aeb-4657-9774-18cf5ee7342c","3",,"true",,,,,,,,,,,,,,,,,,,"2",
"278","IJH","MERUSAKA NUSA DUA","BALI","5","HIPRO",,"4","Promoters","4","4","Satisfied","4","Would be good if the front desk recognised that we have stayed in Merusaka over the years since Inaya Putri days. 

Though the staff at the restaurants recognised us. Gund De, Gede, Petri served us well. 

We had a TV problem on the first night . 
And the duty manager Angga attended to it professionally. Much to our delight we were upgraded to the suite room which made the stay a more pleasant one. 

Overall , the stay was  relaxing . 
And we would come back again. 
Also thanks for the upgrade to the suite room. 

Blessings .
Bee & Brian",,"4","4","4","4","3","3","80d59f95-a2b1-439e-9950-e02a89a28bb9","Completed",,"22-11-2025 05:34:39",,"612108",,"cab97c1f-67b4-11f0-a847-0a0cda9789f2","bedac312-8aeb-4657-9774-18cf5ee7342c","3",,"true",,,,,,,,,,,,,,,,,,,"2",
"279","IJH","GRAND INNA TUNJUNGAN","JATIM","4","HIPRO",,"4","Promoters","4","4","Satisfied","4","Tidak ada",,"4","4","4","4","3","3","1c3c41df-3a64-4b5c-bd0f-c327f7a712b9","Completed",,"22-11-2025 08:04:17",,"226324",,"cab97c1f-67b4-11f0-a847-0a0cda9789f2","bedac312-8aeb-4657-9774-18cf5ee7342c","3",,"true",,,,,,,,,,,,,,,,,,,"2",
"280","IJH","GRAND INNA TUNJUNGAN","JATIM","4","HIPRO",,"5","Promoters","5","5","Satisfied","5","Sarapan menu harus lebih varian, kamar diberi aromatherapy dan smart tv",,"4","4","5","5","3","3","2bfa8f0c-5f50-48e8-af0e-24d58e8b453e","Completed",,"22-11-2025 08:13:44",,"270018",,"cab97c1f-67b4-11f0-a847-0a0cda9789f2","bedac312-8aeb-4657-9774-18cf5ee7342c","3",,"true",,,,,,,,,,,,,,,,,,,"2",
"281","IJH","GRAND INNA TUNJUNGAN","JATIM","4","HIPRO",,"5","Promoters","5","5","Satisfied","5",,,"5","5","4","4","3","3","fcf1397e-f801-4915-b6c2-a8b21a1d72c5","Completed",,"22-11-2025 09:39:19",,"270661",,"cab97c1f-67b4-11f0-a847-0a0cda9789f2","bedac312-8aeb-4657-9774-18cf5ee7342c","3",,"true",,,,,,,,,,,,,,,,,,,"2",
"282","IJH","MERUSAKA NUSA DUA","BALI","5","HIPRO",,"5","Promoters","5","5","Satisfied","5","All good",,"5","5","4","4","3","3","28a2e8a3-e400-4c54-8ebb-3af49526f893","Completed",,"22-11-2025 13:11:42",,"194221",,"cab97c1f-67b4-11f0-a847-0a0cda9789f2","bedac312-8aeb-4657-9774-18cf5ee7342c","3",,"true",,,,,,,,,,,,,,,,,,,"2",
"283","IJH","TRUNTUM KUTA","BALI","4","HIPRO",,"5","Promoters","5","5","Satisfied","5",,,"5","5","5","5","4","4","2bf359dd-009e-4081-bbe2-22dc0ea82f45","Completed",,"22-11-2025 17:49:00",,"180852",,"cab97c1f-67b4-11f0-a847-0a0cda9789f2","bedac312-8aeb-4657-9774-18cf5ee7342c","3",,"true",,,,,,,,,,,,,,,,,,,"2",
"284","IJH","MERUSAKA NUSA DUA","BALI","5","HIPRO",,"5","Promoters","5","5","Satisfied","5",,,"5","5","5","5","4","4","b974c848-5169-4b84-8d50-bb3205ef6ce0","Completed",,"22-11-2025 22:58:15",,"181049",,"cab97c1f-67b4-11f0-a847-0a0cda9789f2","bedac312-8aeb-4657-9774-18cf5ee7342c","3",,"true",,,,,,,,,,,,,,,,,,,"2",
"285","IJH","GRAND INNA TUNJUNGAN","JATIM","4","HIPRO",,"5","Promoters","5","5","Satisfied","5","Sdh puas",,"5","5","5","5","4","4","ce3141b4-a184-44e1-80a5-4e104aa95935","Completed",,"23-11-2025 09:49:46",,"991965",,"cab97c1f-67b4-11f0-a847-0a0cda9789f2","bedac312-8aeb-4657-9774-18cf5ee7342c","3",,"true",,,,,,,,,,,,,,,,,,,"2",
"286","IJH","MERUSAKA NUSA DUA","BALI","5","HIPRO",,"5","Promoters","5","5","Satisfied","5","We had the most fabulous experience celebrating my birthday. I felt super spoilt. From beginning to end everything was just perfect. All staff are so amazing, kind and helpful. Our favourite staff member was Kadek Sugiarta. He made us so happy during our stay and we feel very lucky to have met him. Thank you so much to everyone especially Sugi!!!",,"5","5","5","5","4","4","4f9a1d3e-dfce-44cc-b82e-3b636f988625","Completed",,"23-11-2025 10:06:21",,"280108",,"cab97c1f-67b4-11f0-a847-0a0cda9789f2","bedac312-8aeb-4657-9774-18cf5ee7342c","3",,"true",,,,,,,,,,,,,,,,,,,"2",
"287","IJH","GRAND INNA TUNJUNGAN","JATIM","4","HIPRO",,"5","Promoters","5","5","Satisfied","5","Sudah bagus👍👍",,"5","5","5","5","4","4","bdc1dc01-83e5-48ac-ab57-993e2de1a647","Completed",,"23-11-2025 10:14:24",,"177129",,"cab97c1f-67b4-11f0-a847-0a0cda9789f2","bedac312-8aeb-4657-9774-18cf5ee7342c","3",,"true",,,,,,,,,,,,,,,,,,,"2",
"288","IJH","GRAND INNA TUNJUNGAN","JATIM","4","HIPRO",,"5","Promoters","5","5","Satisfied","5","cukup",,"5","5","5","5","4","4","efdb9499-6c27-4480-aa76-b17ae1aee152","Completed",,"23-11-2025 10:35:37",,"325765",,"cab97c1f-67b4-11f0-a847-0a0cda9789f2","bedac312-8aeb-4657-9774-18cf5ee7342c","3",,"true",,,,,,,,,,,,,,,,,,,"2",
"289","IJH","MERUSAKA NUSA DUA","BALI","5","HIPRO",,"4","Promoters","4","4","Satisfied","4",,,"3","3","4","4","3","3","19e6c98e-9ee9-4ca5-a329-d078a17ee6d1","Completed",,"23-11-2025 13:07:38",,"667064",,"cab97c1f-67b4-11f0-a847-0a0cda9789f2","bedac312-8aeb-4657-9774-18cf5ee7342c","3",,"true",,,,,,,,,,,,,,,,,,,"2",
"290","IJH","MERUSAKA NUSA DUA","BALI","5","HIPRO",,"5","Promoters","5","5","Satisfied","5","We were extremely happy with everything and cannot fault a thing.",,"5","5","5","5","4","4","1386846b-92c3-4842-81ae-689035502684","Completed",,"23-11-2025 14:01:13",,"236593",,"cab97c1f-67b4-11f0-a847-0a0cda9789f2","bedac312-8aeb-4657-9774-18cf5ee7342c","3",,"true",,,,,,,,,,,,,,,,,,,"2",
"291","IJH","MERUSAKA NUSA DUA","BALI","5","HIPRO",,"5","Promoters","5","5","Satisfied","5","Maybe a multi-program of some sort, i.e. upgrade the package for multiple visits.",,"5","5","5","5","4","4","38e69dae-3f53-44a1-bef4-2e2ff1225dce","Completed",,"23-11-2025 14:08:41",,"625436",,"cab97c1f-67b4-11f0-a847-0a0cda9789f2","bedac312-8aeb-4657-9774-18cf5ee7342c","3",,"true",,,,,,,,,,,,,,,,,,,"2",
"292","IJH","MERUSAKA NUSA DUA","BALI","5","HIPRO",,"5","Promoters","5","5","Satisfied","5","None",,"5","5","5","5","4","4","3172f2aa-af44-44e7-8b74-3f31f086435f","Completed",,"23-11-2025 15:01:55",,"173265",,"cab97c1f-67b4-11f0-a847-0a0cda9789f2","bedac312-8aeb-4657-9774-18cf5ee7342c","3",,"true",,,,,,,,,,,,,,,,,,,"2",
"293","IJH","TRUNTUM KUTA","BALI","4","HIPRO",,"5","Promoters","5","5","Satisfied","5","Don’t let your standards drop",,"5","5","4","4","3","3","5c44bdf3-3e6b-4d4f-9e56-6ebd8e57e673","Completed",,"23-11-2025 15:09:18",,"288427",,"cab97c1f-67b4-11f0-a847-0a0cda9789f2","bedac312-8aeb-4657-9774-18cf5ee7342c","3",,"true",,,,,,,,,,,,,,,,,,,"2",
"294","IJH","MERUSAKA NUSA DUA","BALI","5","HIPRO",,"5","Promoters","5","5","Satisfied","5","Maybe have the option of total all inclusive without having to pay for some items",,"5","5","5","5","3","3","ccff3439-197b-4e84-a5e3-d0ba055d35fa","Completed",,"23-11-2025 15:27:46",,"239920",,"cab97c1f-67b4-11f0-a847-0a0cda9789f2","bedac312-8aeb-4657-9774-18cf5ee7342c","3",,"true",,,,,,,,,,,,,,,,,,,"2",
"295","IJH","TRUNTUM KUTA","BALI","4","HIPRO",,"5","Promoters","5","5","Satisfied","5","Toiletnya kalo basah, airnya sampai mengalir keluar, sebaiknya dikasih jeda atau pembatas antara toilet ke kamar",,"5","5","5","5","4","4","2728968f-56fd-42fd-8c25-5383c92d5cdc","Completed",,"23-11-2025 15:49:00",,"308869",,"cab97c1f-67b4-11f0-a847-0a0cda9789f2","bedac312-8aeb-4657-9774-18cf5ee7342c","3",,"true",,,,,,,,,,,,,,,,,,,"2",
"296","IJH","MERUSAKA NUSA DUA","BALI","5","HIPRO",,"5","Promoters","5","5","Satisfied","5","Nein es war wunderschön der Urlaub",,"5","5","5","5","4","4","86750241-cb8d-4bc4-8195-aca083d7a5e1","Completed",,"23-11-2025 17:30:28",,"157510",,"cab97c1f-67b4-11f0-a847-0a0cda9789f2","bedac312-8aeb-4657-9774-18cf5ee7342c","3",,"true",,,,,,,,,,,,,,,,,,,"2",
"297","IJH","MERUSAKA NUSA DUA","BALI","5","HIPRO",,"5","Promoters","5","5","Satisfied","5","None, we loved the Merusaka!",,"5","5","5","5","4","4","a049e40c-0558-416e-8261-25998f415f30","Completed",,"23-11-2025 22:49:57",,"155846",,"cab97c1f-67b4-11f0-a847-0a0cda9789f2","bedac312-8aeb-4657-9774-18cf5ee7342c","3",,"true",,,,,,,,,,,,,,,,,,,"2",
"298","IJH","MERUSAKA NUSA DUA","BALI","5","HIPRO",,"5","Promoters","5","5","Satisfied","5","Everything was top class, I loved the hotel and all the staff were lovely.",,"5","5","5","5","4","4","f873851f-fb98-449b-8884-062dc3fd1daa","Completed",,"24-11-2025 01:09:23",,"165272",,"cab97c1f-67b4-11f0-a847-0a0cda9789f2","bedac312-8aeb-4657-9774-18cf5ee7342c","3",,"true",,,,,,,,,,,,,,,,,,,"2",
"299","IJH","TRUNTUM KUTA","BALI","4","HIPRO",,"5","Promoters","5","5","Satisfied","5","Offer a discount for regular customers - we want to feel like we are special and our stay is valued.",,"5","5","5","5","4","4","67ea8a3f-9432-47cb-ad2f-198d2ef5f6d7","Completed",,"24-11-2025 17:46:44",,"306531",,"cab97c1f-67b4-11f0-a847-0a0cda9789f2","bedac312-8aeb-4657-9774-18cf5ee7342c","3",,"true",,,,,,,,,,,,,,,,,,,"2",
"300","IJH","TRUNTUM KUTA","BALI","4","HIPRO",,"5","Promoters","5","5","Satisfied","5",,,"5","5","5","5","4","4","884a7a6d-79fe-41bd-b2ba-7bda39b94615","Completed",,"25-11-2025 10:53:44",,"162852",,"cab97c1f-67b4-11f0-a847-0a0cda9789f2","bedac312-8aeb-4657-9774-18cf5ee7342c","3",,"true",,,,,,,,,,,,,,,,,,,"2",
"301","IJH","MERUSAKA NUSA DUA","BALI","5","HIPRO",,"5","Promoters","5","5","Satisfied","5","Thank you for a wonderful stay! The room was comfortable, the staff were incredibly welcoming, and every detail was thoughtfully taken care of. I truly enjoyed my amazing time here",,"5","5","5","5","4","4","2c358cfb-a191-4152-b794-203ad894f019","Completed",,"25-11-2025 12:14:54",,"421265",,"cab97c1f-67b4-11f0-a847-0a0cda9789f2","bedac312-8aeb-4657-9774-18cf5ee7342c","3",,"true",,,,,,,,,,,,,,,,,,,"2",
"302","IJH","GRAND INNA TUNJUNGAN","JATIM","4","HIPRO",,"5","Promoters","5","5","Satisfied","5","Sudah baik. Semua crew ramah.
Pertahankan yah",,"4","4","4","4","3","3","12e5e1bf-28db-4b02-926c-68cff5ad19d8","Completed",,"25-11-2025 13:16:25",,"251908",,"cab97c1f-67b4-11f0-a847-0a0cda9789f2","bedac312-8aeb-4657-9774-18cf5ee7342c","3",,"true",,,,,,,,,,,,,,,,,,,"2",
"303","IJH","MERUSAKA NUSA DUA","BALI","5","HIPRO",,"5","Promoters","5","5","Satisfied","5","no",,"5","5","5","5","4","4","344aa5fd-30ed-489a-a9db-2c0e27ed4393","Completed",,"25-11-2025 22:17:13",,"290196",,"cab97c1f-67b4-11f0-a847-0a0cda9789f2","bedac312-8aeb-4657-9774-18cf5ee7342c","3",,"true",,,,,,,,,,,,,,,,,,,"2",
"304","IJH","TRUNTUM KUTA","BALI","4","HIPRO",,"4","Promoters","4","4","Satisfied","4","Floors can be slippery in rooms, 
Adding flags at pool chairs to wave for drink/food services 
Creating more shaded areas to rest in.",,"4","4","3","3","3","3","7015e397-d2c0-4361-94b9-0f3b47a8b01e","Completed",,"26-11-2025 09:45:28",,"209643",,"cab97c1f-67b4-11f0-a847-0a0cda9789f2","bedac312-8aeb-4657-9774-18cf5ee7342c","3",,"true",,,,,,,,,,,,,,,,,,,"2",
"305","IJH","MERUSAKA NUSA DUA","BALI","5","HIPRO",,"5","Promoters","5","5","Satisfied","5","None",,"4","4","5","5","4","4","a7e85cfb-8d20-4ffd-9ece-02572480d9c3","Completed",,"26-11-2025 10:35:38",,"132067",,"cab97c1f-67b4-11f0-a847-0a0cda9789f2","bedac312-8aeb-4657-9774-18cf5ee7342c","3",,"true",,,,,,,,,,,,,,,,,,,"2",
"306","IJH","TRUNTUM KUTA","BALI","4","HIPRO",,"4","Promoters","4","4","Satisfied","4",,,"5","5","4","4","3","3","4464bfff-ac50-4c25-8f92-d18926239a56","Completed",,"26-11-2025 12:03:03",,"269831",,"cab97c1f-67b4-11f0-a847-0a0cda9789f2","bedac312-8aeb-4657-9774-18cf5ee7342c","3",,"true",,,,,,,,,,,,,,,,,,,"2",
"307","IJH","GRAND INNA TUNJUNGAN","JATIM","4","HIPRO",,"5","Promoters","5","5","Satisfied","5",,,"5","5","4","4","4","4","86bef822-1b8c-4ef7-b359-18a9776f7396","Completed",,"26-11-2025 12:17:59",,"347333",,"cab97c1f-67b4-11f0-a847-0a0cda9789f2","bedac312-8aeb-4657-9774-18cf5ee7342c","3",,"true",,,,,,,,,,,,,,,,,,,"2",
"308","IJH","MERUSAKA NUSA DUA","BALI","5","HIPRO",,"5","Promoters","5","5","Satisfied","5","no",,"4","4","5","5","4","4","4f186395-1231-46bf-a28b-55e3ff18132a","Completed",,"26-11-2025 21:27:48",,"269619",,"cab97c1f-67b4-11f0-a847-0a0cda9789f2","bedac312-8aeb-4657-9774-18cf5ee7342c","3",,"true",,,,,,,,,,,,,,,,,,,"2",
"309","IJH","GRAND INNA TUNJUNGAN","JATIM","4","HIPRO",,"5","Promoters","5","5","Satisfied","5","Pertahankan keramahan dan kebersihan",,"4","4","4","4","3","3","6f9eede7-bcd4-42d3-a3e9-ceff9c1c3ed8","Completed",,"27-11-2025 07:41:21",,"156374",,"cab97c1f-67b4-11f0-a847-0a0cda9789f2","bedac312-8aeb-4657-9774-18cf5ee7342c","3",,"true",,,,,,,,,,,,,,,,,,,"2",
"310","IJH","GRAND INNA TUNJUNGAN","JATIM","4","HIPRO",,"3","Passive","3","3","Neutral","3","Tidak ada",,"4","4","3","3","2","2","bf6c29b8-d027-4eaa-82c0-20def9b819fb","Completed",,"27-11-2025 09:44:07",,"376909",,"cab97c1f-67b4-11f0-a847-0a0cda9789f2","bedac312-8aeb-4657-9774-18cf5ee7342c","3",,"true",,,,,,,,,,,,,,,,,,,"2",
"311","IJH","TRUNTUM KUTA","BALI","4","HIPRO",,"4","Promoters","4","4","Satisfied","4","n/a",,"3","3","4","4","3","3","73da89ca-4cb4-4d71-8e49-ac65d5c9bc09","Completed",,"28-11-2025 07:09:15",,"181165",,"cab97c1f-67b4-11f0-a847-0a0cda9789f2","bedac312-8aeb-4657-9774-18cf5ee7342c","3",,"true",,,,,,,,,,,,,,,,,,,"2",
"312","IJH","MERUSAKA NUSA DUA","BALI","5","HIPRO",,"5","Promoters","5","5","Satisfied","5",,,"5","5","5","5","4","4","a0382321-c93f-4b51-bff1-b91afced4102","Completed",,"28-11-2025 13:45:58",,"161746",,"cab97c1f-67b4-11f0-a847-0a0cda9789f2","bedac312-8aeb-4657-9774-18cf5ee7342c","3",,"true",,,,,,,,,,,,,,,,,,,"2",
"313","IJH","TRUNTUM KUTA","BALI","4","HIPRO",,"5","Promoters","5","5","Satisfied","5",,,"5","5","4","4","3","3","f7d18a31-3dc7-49d5-9040-760eb2a0a11f","Completed",,"28-11-2025 19:21:51",,"229525",,"cab97c1f-67b4-11f0-a847-0a0cda9789f2","bedac312-8aeb-4657-9774-18cf5ee7342c","3",,"true",,,,,,,,,,,,,,,,,,,"2",
"314","IJH","GRAND INNA TUNJUNGAN","JATIM","4","HIPRO",,"5","Promoters","5","5","Satisfied","5","Staff hotel sangat ramah dan membantu, kebersihan dan wangi hotelnya memuaskan",,"5","5","4","4","3","3","203779e7-fe89-450f-9ce8-b203e34d2dff","Completed",,"29-11-2025 07:50:22",,"368546",,"cab97c1f-67b4-11f0-a847-0a0cda9789f2","bedac312-8aeb-4657-9774-18cf5ee7342c","3",,"true",,,,,,,,,,,,,,,,,,,"2",
"315","IJH","MERUSAKA NUSA DUA","BALI","5","HIPRO",,"5","Promoters","5","5","Satisfied","5",,,"5","5","5","5","4","4","c6bd283c-60cf-4c58-9d38-c25b07773fd0","Completed",,"29-11-2025 09:37:46",,"135579",,"cab97c1f-67b4-11f0-a847-0a0cda9789f2","bedac312-8aeb-4657-9774-18cf5ee7342c","3",,"true",,,,,,,,,,,,,,,,,,,"2",
"316","IJH","MERUSAKA NUSA DUA","BALI","5","HIPRO",,"5","Promoters","5","5","Satisfied","5","No",,"5","5","5","5","4","4","08234665-c663-43f6-8267-e7250f92fd03","Completed",,"30-11-2025 04:13:31",,"120911",,"cab97c1f-67b4-11f0-a847-0a0cda9789f2","bedac312-8aeb-4657-9774-18cf5ee7342c","3",,"true",,,,,,,,,,,,,,,,,,,"2",
"317","IJH","TRUNTUM KUTA","BALI","4","HIPRO",,"5","Promoters","5","5","Satisfied","5",,,"5","5","5","5","4","4","53de2052-20ce-4d24-bc93-e6ec5463a379","Completed",,"30-11-2025 11:17:59",,"217674",,"cab97c1f-67b4-11f0-a847-0a0cda9789f2","bedac312-8aeb-4657-9774-18cf5ee7342c","3",,"true",,,,,,,,,,,,,,,,,,,"2",
"318","IJH","MERUSAKA NUSA DUA","BALI","5","HIPRO",,"5","Promoters","5","5","Satisfied","5","Nil",,"5","5","5","5","4","4","a314f429-e2b4-4138-a047-e1653f530ac9","Completed",,"30-11-2025 14:30:00",,"313983",,"cab97c1f-67b4-11f0-a847-0a0cda9789f2","bedac312-8aeb-4657-9774-18cf5ee7342c","3",,"true",,,,,,,,,,,,,,,,,,,"2",
"319","IJH","TRUNTUM KUTA","BALI","4","HIPRO",,"5","Promoters","5","5","Satisfied","5","I would like to say that the staff where Just wonderful could not do enough for us.",,"5","5","5","5","4","4","28594c07-e79b-4887-9f30-a6141b51d7bd","Completed",,"30-11-2025 18:27:10",,"340415",,"cab97c1f-67b4-11f0-a847-0a0cda9789f2","bedac312-8aeb-4657-9774-18cf5ee7342c","3",,"true",,,,,,,,,,,,,,,,,,,"2",
"320","IJH","TRUNTUM KUTA","BALI","4","HIPRO",,"5","Promoters","5","5","Satisfied","5",,,"5","5","5","5","4","4","fd8b089a-2c7c-45ff-9b13-5619456ef4e5","Completed",,"01-12-2025 04:42:10",,"146362",,"cab97c1f-67b4-11f0-a847-0a0cda9789f2","bedac312-8aeb-4657-9774-18cf5ee7342c","3",,"true",,,,,,,,,,,,,,,,,,,"2",
"321","IJH","MERUSAKA NUSA DUA","BALI","5","HIPRO",,"5","Promoters","5","5","Satisfied","5",".",,"5","5","5","5","4","4","66119ee5-56c3-4bdf-9fb2-7aa0b4df8397","Completed",,"01-12-2025 09:14:28",,"167078",,"cab97c1f-67b4-11f0-a847-0a0cda9789f2","bedac312-8aeb-4657-9774-18cf5ee7342c","3",,"true",,,,,,,,,,,,,,,,,,,"2",
"322","IJH","MERUSAKA NUSA DUA","BALI","5","HIPRO",,"5","Promoters","5","5","Satisfied","5","nil",,"5","5","5","5","4","4","7ff84e3a-6095-4b29-8a78-c6f567f9bcf1","Completed",,"01-12-2025 18:20:13",,"232507",,"cab97c1f-67b4-11f0-a847-0a0cda9789f2","bedac312-8aeb-4657-9774-18cf5ee7342c","3",,"true",,,,,,,,,,,,,,,,,,,"2",
"323","IJH","MERUSAKA NUSA DUA","BALI","5","HIPRO",,"4","Promoters","4","4","Satisfied","4","On this trip to Bali we stayed in three different hotels and your staff   Were as good as any if not better than, please keep up the good work cheers",,"4","4","4","4","3","3","6c17537b-3fa6-4b2e-8cf4-12eeb96228c1","Completed",,"02-12-2025 06:25:08",,"504821",,"cab97c1f-67b4-11f0-a847-0a0cda9789f2","bedac312-8aeb-4657-9774-18cf5ee7342c","3",,"true",,,,,,,,,,,,,,,,,,,"2",
"324","IJH","MERUSAKA NUSA DUA","BALI","5","HIPRO",,"4","Promoters","4","4","Satisfied","4","A non smoking area for us to enjoy, we could not escape the bad smoke, was always a smoker next to us eating or by the pool or on the beach. We didn't enjoy having to move every time a smoker sat next to us. On the last day the temple next to the hotel had a big rubbish burning all day which meant we couldnt breath by the pool and had to leave the hotel area",,"4","4","4","4","3","3","f504960c-782e-401c-9772-ca9cb2fce9c8","Completed",,"02-12-2025 07:30:10",,"451510",,"cab97c1f-67b4-11f0-a847-0a0cda9789f2","bedac312-8aeb-4657-9774-18cf5ee7342c","3",,"true",,,,,,,,,,,,,,,,,,,"2",
"325","IJH","TRUNTUM KUTA","BALI","4","HIPRO",,"4","Promoters","4","4","Satisfied","4",,,"3","3","4","4","3","3","a37e610c-871f-4ad8-a50f-bd279960e7e9","Completed",,"02-12-2025 09:49:25",,"123272",,"cab97c1f-67b4-11f0-a847-0a0cda9789f2","bedac312-8aeb-4657-9774-18cf5ee7342c","3",,"true",,,,,,,,,,,,,,,,,,,"2",
"326","IJH","TRUNTUM PADANG","SUMBAR","4","HIPRO",,"5","Promoters","5","5","Satisfied","5","No",,"5","5","5","5","4","4","c25d7d34-c488-4e68-8669-018053f9bcc1","Completed",,"02-12-2025 11:13:54",,"180400",,"cab97c1f-67b4-11f0-a847-0a0cda9789f2","bedac312-8aeb-4657-9774-18cf5ee7342c","3",,"true",,,,,,,,,,,,,,,,,,,"2",
"327","IJH","TRUNTUM PADANG","SUMBAR","4","HIPRO",,"5","Promoters","5","5","Satisfied","5","-",,"5","5","5","5","4","4","b3151aa1-3e3e-4660-b4b8-c4112d419e28","Completed",,"02-12-2025 12:16:20",,"156078",,"cab97c1f-67b4-11f0-a847-0a0cda9789f2","bedac312-8aeb-4657-9774-18cf5ee7342c","3",,"true",,,,,,,,,,,,,,,,,,,"2",
"328","IJH","TRUNTUM PADANG","SUMBAR","4","HIPRO",,"5","Promoters","5","5","Satisfied","5",,,"5","5","3","3","3","3","5e24e8a6-da92-4502-a3ea-0ccc4323e57d","Completed",,"02-12-2025 13:01:20",,"137270",,"cab97c1f-67b4-11f0-a847-0a0cda9789f2","bedac312-8aeb-4657-9774-18cf5ee7342c","3",,"true",,,,,,,,,,,,,,,,,,,"2",
"329","IJH","MERUSAKA NUSA DUA","BALI","5","HIPRO",,"5","Promoters","5","5","Satisfied","5",,,"5","5","5","5","4","4","1d695335-7eae-444b-9e11-bb4e40af8af8","Completed",,"03-12-2025 17:40:21",,"277778",,"cab97c1f-67b4-11f0-a847-0a0cda9789f2","bedac312-8aeb-4657-9774-18cf5ee7342c","3",,"true",,,,,,,,,,,,,,,,,,,"2",
"330","IJH","MERUSAKA NUSA DUA","BALI","5","HIPRO",,"4","Promoters","4","4","Satisfied","4","You should allow for late checkout for people leaving late at night without a charge.",,"5","5","5","5","4","4","8ac66aca-94d8-4baa-b881-56d4c9b8a98d","Completed",,"03-12-2025 17:49:23",,"471248",,"cab97c1f-67b4-11f0-a847-0a0cda9789f2","bedac312-8aeb-4657-9774-18cf5ee7342c","3",,"true",,,,,,,,,,,,,,,,,,,"2",
"331","IJH","MERUSAKA NUSA DUA","BALI","5","HIPRO",,"5","Promoters","5","5","Satisfied","5","Mini bar should also include chips, chocolates, juice drinks in the all inclusive package. Photo package not necessary. Also more cultural nights, and more live bands with dance music in the evenings ( popular music NOT house or club duff duff music).",,"5","5","5","5","4","4","0b432ba0-8b5f-4f5c-8ea7-903a06db8b2a","Completed",,"04-12-2025 11:29:57",,"758678",,"cab97c1f-67b4-11f0-a847-0a0cda9789f2","bedac312-8aeb-4657-9774-18cf5ee7342c","3",,"true",,,,,,,,,,,,,,,,,,,"2",
"332","IJH","MERUSAKA NUSA DUA","BALI","5","HIPRO",,"4","Promoters","4","4","Satisfied","4","Yes. Control behaviour of loud children and adults.",,"5","5","4","4","4","4","51894f88-b927-434d-bc03-aa1d6fff6bf8","Completed",,"04-12-2025 12:20:14",,"384261",,"cab97c1f-67b4-11f0-a847-0a0cda9789f2","bedac312-8aeb-4657-9774-18cf5ee7342c","3",,"true",,,,,,,,,,,,,,,,,,,"2",
"333","IJH","TRUNTUM KUTA","BALI","4","HIPRO",,"4","Promoters","4","4","Satisfied","4","no",,"4","4","5","5","3","3","6f3d3681-bc59-4c8d-8172-ba516ec37a68","Completed",,"04-12-2025 15:43:15",,"233275",,"cab97c1f-67b4-11f0-a847-0a0cda9789f2","bedac312-8aeb-4657-9774-18cf5ee7342c","3",,"true",,,,,,,,,,,,,,,,,,,"2",
"334","IJH","TRUNTUM KUTA","BALI","4","HIPRO",,"5","Promoters","5","5","Satisfied","5","no",,"5","5","5","5","4","4","90efabca-53b0-45e1-8d63-95651eae28d1","Completed",,"04-12-2025 17:40:03",,"128987",,"cab97c1f-67b4-11f0-a847-0a0cda9789f2","bedac312-8aeb-4657-9774-18cf5ee7342c","3",,"true",,,,,,,,,,,,,,,,,,,"2",
"335","IJH","INNA TRETES HOTEL & RESORT","JATIM","3","HIPRO",,"5","Promoters","5","5","Satisfied","5",,,"5","5","5","5","4","4","8b0d047e-3089-4e17-9dc8-644b16e6cb55","Completed",,"05-12-2025 15:00:48",,"225024",,"cab97c1f-67b4-11f0-a847-0a0cda9789f2","bedac312-8aeb-4657-9774-18cf5ee7342c","3",,"true",,,,,,,,,,,,,,,,,,,"2",
"336","IJH","INNA SINDHU BEACH HOTEL & RESORT","BALI","3","HIPRO",,"4","Promoters","4","4","Satisfied","4","contoh",,"4","4","5","5","4","4","67cf9699-70e7-4796-bd8d-a7cf1b014b9b","Completed",,"05-12-2025 17:29:22",,"129621",,"cab97c1f-67b4-11f0-a847-0a0cda9789f2","bedac312-8aeb-4657-9774-18cf5ee7342c","3",,"true",,,,,,,,,,,,,,,,,,,"2",
"337","IJH","GRAND INNA SAMUDERA BEACH","JABAR","4","HIPRO",,"5","Promoters","5","5","Satisfied","5","Terus tingkatkan fasilitas dan pelayanan",,"5","5","5","5","4","4","18947594-3cfa-4dac-909a-5dd658c52e01","Completed",,"05-12-2025 17:52:30",,"1421953",,"cab97c1f-67b4-11f0-a847-0a0cda9789f2","bedac312-8aeb-4657-9774-18cf5ee7342c","3",,"true",,,,,,,,,,,,,,,,,,,"2",
"338","IJH","GRAND INNA MEDAN","SUMUT","4","HIPRO",,"5","Promoters","5","5","Satisfied","5","saya sangat puas dengan pelayanan yg diberikan & semoga tetap dipertahankan.
good job to staff",,"5","5","4","4","4","4","cfd4083f-4bc6-4c62-981c-e34b737b2b17","Completed",,"06-12-2025 09:08:42",,"408762",,"cab97c1f-67b4-11f0-a847-0a0cda9789f2","bedac312-8aeb-4657-9774-18cf5ee7342c","3",,"true",,,,,,,,,,,,,,,,,,,"2",
"339","IJH","MERUSAKA NUSA DUA","BALI","5","HIPRO",,"5","Promoters","5","5","Satisfied","5","Room curtain got some smell . Need to wash",,"5","5","5","5","4","4","e5661b51-567b-4033-b0b4-d5afb1b60722","Completed",,"06-12-2025 11:42:43",,"121702",,"cab97c1f-67b4-11f0-a847-0a0cda9789f2","bedac312-8aeb-4657-9774-18cf5ee7342c","3",,"true",,,,,,,,,,,,,,,,,,,"2",
"340","IJH","TRUNTUM KUTA","BALI","4","HIPRO",,"5","Promoters","5","5","Satisfied","5","Nothing,I like everything",,"5","5","5","5","4","4","6279f87a-8994-421b-b279-80ce467d666b","Completed",,"06-12-2025 11:45:12",,"215559",,"cab97c1f-67b4-11f0-a847-0a0cda9789f2","bedac312-8aeb-4657-9774-18cf5ee7342c","3",,"true",,,,,,,,,,,,,,,,,,,"2",
"341","IJH","MERUSAKA NUSA DUA","BALI","5","HIPRO",,"5","Promoters","5","5","Satisfied","5","No",,"5","5","5","5","4","4","7652fac6-2a5d-4dc7-9cf2-23c2841bc6bc","Completed",,"06-12-2025 18:09:22",,"142949",,"cab97c1f-67b4-11f0-a847-0a0cda9789f2","bedac312-8aeb-4657-9774-18cf5ee7342c","3",,"true",,,,,,,,,,,,,,,,,,,"2",
"342","IJH","MERUSAKA NUSA DUA","BALI","5","HIPRO",,"5","Promoters","5","5","Satisfied","5","No",,"5","5","5","5","4","4","478a1e4a-5a4d-4a3c-96c5-03b1203d3bfc","Completed",,"06-12-2025 20:20:59",,"134824",,"cab97c1f-67b4-11f0-a847-0a0cda9789f2","bedac312-8aeb-4657-9774-18cf5ee7342c","3",,"true",,,,,,,,,,,,,,,,,,,"2",
"343","IJH","GRAND INNA TUNJUNGAN","JATIM","4","HIPRO",,"5","Promoters","5","5","Satisfied","5",,,"5","5","5","5","4","4","28926d62-a366-4ff3-a40c-8a16e2a1e529","Completed",,"07-12-2025 08:45:54",,"877885",,"cab97c1f-67b4-11f0-a847-0a0cda9789f2","bedac312-8aeb-4657-9774-18cf5ee7342c","3",,"true",,,,,,,,,,,,,,,,,,,"2",
"344","IJH","GRAND INNA TUNJUNGAN","JATIM","4","HIPRO",,"5","Promoters","5","5","Satisfied","5","Tidak ada",,"5","5","5","5","4","4","29499e79-7850-4531-be1c-4437141b782d","Completed",,"07-12-2025 09:43:50",,"167080",,"cab97c1f-67b4-11f0-a847-0a0cda9789f2","bedac312-8aeb-4657-9774-18cf5ee7342c","3",,"true",,,,,,,,,,,,,,,,,,,"2",
"345","IJH","TRUNTUM KUTA","BALI","4","HIPRO",,"5","Promoters","5","5","Satisfied","5","None at all",,"5","5","5","5","4","4","02e212db-871f-4902-8c33-589525a87ba5","Completed",,"07-12-2025 11:05:27",,"255917",,"cab97c1f-67b4-11f0-a847-0a0cda9789f2","bedac312-8aeb-4657-9774-18cf5ee7342c","3",,"true",,,,,,,,,,,,,,,,,,,"2",
"346","IJH","GRAND INNA TUNJUNGAN","JATIM","4","HIPRO",,"4","Promoters","4","4","Satisfied","4","ini pengalaman kedua menginap di sini setelah akhir tahun 2023 (kalau ga salah ingat), dari sisi kualitas kamar&fasilitas sudah sangat meningkat, terus pertahankan yg sudah bagus ini.

cuma mohon untuk layanan breakfast bisa lebih ditingkatkan lagi.

terima kasih 🙏",,"5","5","4","4","4","4","e82eb81b-cc40-41af-8fac-9cad35bd6c9c","Completed",,"07-12-2025 11:11:05",,"406331",,"cab97c1f-67b4-11f0-a847-0a0cda9789f2","bedac312-8aeb-4657-9774-18cf5ee7342c","3",,"true",,,,,,,,,,,,,,,,,,,"2",
"347","IJH","GRAND INNA TUNJUNGAN","JATIM","4","HIPRO",,"5","Promoters","5","5","Satisfied","5",,,"5","5","5","5","4","4","ca3504ad-4d28-47b2-ab14-8954ca9f9434","Completed",,"07-12-2025 12:06:17",,"185392",,"cab97c1f-67b4-11f0-a847-0a0cda9789f2","bedac312-8aeb-4657-9774-18cf5ee7342c","3",,"true",,,,,,,,,,,,,,,,,,,"2",
"348","IJH","GRAND INNA TUNJUNGAN","JATIM","4","HIPRO",,"4","Promoters","4","4","Satisfied","4",,,"4","4","4","4","3","3","1ab5d702-ced3-48de-8534-ae0582937e27","Completed",,"07-12-2025 13:55:36",,"364045",,"cab97c1f-67b4-11f0-a847-0a0cda9789f2","bedac312-8aeb-4657-9774-18cf5ee7342c","3",,"true",,,,,,,,,,,,,,,,,,,"2",
"349","IJH","GRAND INNA TUNJUNGAN","JATIM","4","HIPRO",,"5","Promoters","5","5","Satisfied","5",,,"5","5","4","4","4","4","a8e30253-470b-4e5d-bbac-10834a5b81e6","Completed",,"07-12-2025 14:42:44",,"107462",,"cab97c1f-67b4-11f0-a847-0a0cda9789f2","bedac312-8aeb-4657-9774-18cf5ee7342c","3",,"true",,,,,,,,,,,,,,,,,,,"2",
"350","IJH","INNA SINDHU BEACH HOTEL & RESORT","BALI","3","HIPRO",,"5","Promoters","5","5","Satisfied","5","Agar menambah arena bermain untuk anak di garden",,"5","5","4","4","4","4","ccb5fb0c-f6ed-472a-963f-83be7952db97","Completed",,"08-12-2025 08:39:49",,"263425",,"cab97c1f-67b4-11f0-a847-0a0cda9789f2","bedac312-8aeb-4657-9774-18cf5ee7342c","3",,"true",,,,,,,,,,,,,,,,,,,"2",
"351","IJH","GRAND INNA TUNJUNGAN","JATIM","4","HIPRO",,"4","Promoters","4","4","Satisfied","4","Menunya utama perlu di tambah",,"4","4","5","5","4","4","aedef671-9f4c-4e38-98bd-1d1533bf7011","Completed",,"08-12-2025 09:56:11",,"173012",,"cab97c1f-67b4-11f0-a847-0a0cda9789f2","bedac312-8aeb-4657-9774-18cf5ee7342c","3",,"true",,,,,,,,,,,,,,,,,,,"2",
"352","IJH","MERUSAKA NUSA DUA","BALI","5","HIPRO",,"5","Promoters","5","5","Satisfied","5","Good experience",,"5","5","5","5","4","4","91294997-8d20-4748-889f-7ee958fe5542","Completed",,"08-12-2025 13:33:30",,"83795",,"cab97c1f-67b4-11f0-a847-0a0cda9789f2","bedac312-8aeb-4657-9774-18cf5ee7342c","3",,"true",,,,,,,,,,,,,,,,,,,"2",
"353","IJH","MERUSAKA NUSA DUA","BALI","5","HIPRO",,"5","Promoters","5","5","Satisfied","5",,,"4","4","4","4","3","3","405bcad7-6a26-4550-bf0e-c261b2b031be","Completed",,"08-12-2025 13:50:21",,"147102",,"cab97c1f-67b4-11f0-a847-0a0cda9789f2","bedac312-8aeb-4657-9774-18cf5ee7342c","3",,"true",,,,,,,,,,,,,,,,,,,"2",
"354","IJH","TRUNTUM KUTA","BALI","4","HIPRO",,"5","Promoters","5","5","Satisfied","5","No,  it was very much on point ✔️",,"5","5","4","4","3","3","3d5b8681-2a28-4c9a-a0f6-878bc601b542","Completed",,"08-12-2025 16:03:08",,"234164",,"cab97c1f-67b4-11f0-a847-0a0cda9789f2","bedac312-8aeb-4657-9774-18cf5ee7342c","3",,"true",,,,,,,,,,,,,,,,,,,"2",
"355","IJH","GRAND INNA TUNJUNGAN","JATIM","4","HIPRO",,"5","Promoters","5","5","Satisfied","5","Udh bagus",,"5","5","5","5","4","4","450bab1c-181e-4de0-8391-286ccd8ea9a6","Completed",,"08-12-2025 16:04:43",,"148026",,"cab97c1f-67b4-11f0-a847-0a0cda9789f2","bedac312-8aeb-4657-9774-18cf5ee7342c","3",,"true",,,,,,,,,,,,,,,,,,,"2",
"356","IJH","TRUNTUM KUTA","BALI","4","HIPRO",,"5","Promoters","5","5","Satisfied","5","Untuk breakfast mungkin waktunya bisa lebih lama dari jam 10.30",,"5","5","5","5","4","4","8eaa631e-a1af-4a61-b379-dd3100be7531","Completed",,"09-12-2025 10:07:20",,"295319",,"cab97c1f-67b4-11f0-a847-0a0cda9789f2","bedac312-8aeb-4657-9774-18cf5ee7342c","3",,"true",,,,,,,,,,,,,,,,,,,"2",
"357","IJH","TRUNTUM KUTA","BALI","4","HIPRO",,"5","Promoters","5","5","Satisfied","5","We had such an amazing stay at this hotel, the staff were absolutely incredible and super helpful. Would definitely recommend this hotel to anyone coming over to Bali. We’ll definitely be coming in the new year. Thank you for such a wonderful experience.",,"5","5","5","5","4","4","97536a65-88a1-4c81-8c92-b597d395231e","Completed",,"09-12-2025 11:16:08",,"242377",,"cab97c1f-67b4-11f0-a847-0a0cda9789f2","bedac312-8aeb-4657-9774-18cf5ee7342c","3",,"true",,,,,,,,,,,,,,,,,,,"2",
"358","IJH","TRUNTUM PADANG","SUMBAR","4","HIPRO",,"4","Promoters","4","4","Satisfied","4","di Fasilitas lebih ditingkatkan lagi",,"5","5","4","4","3","3","abef942f-d498-478f-b429-1d2cbc72a5c7","Completed",,"09-12-2025 14:14:52",,"507755",,"cab97c1f-67b4-11f0-a847-0a0cda9789f2","bedac312-8aeb-4657-9774-18cf5ee7342c","3",,"true",,,,,,,,,,,,,,,,,,,"2",
"359","IJH","MERUSAKA NUSA DUA","BALI","5","HIPRO",,"5","Promoters","5","5","Satisfied","5","there was a long line during the checkout time - not sure if something could be done about this.",,"5","5","5","5","4","4","9e688948-9c90-4038-b35b-0790b083d791","Completed",,"09-12-2025 16:44:58",,"187035",,"cab97c1f-67b4-11f0-a847-0a0cda9789f2","bedac312-8aeb-4657-9774-18cf5ee7342c","3",,"true",,,,,,,,,,,,,,,,,,,"2",
"360","IJH","MERUSAKA NUSA DUA","BALI","5","HIPRO",,"5","Promoters","5","5","Satisfied","5","Exceeded all expectations. Delighted with room, staff, food. No complaints at all. Excellent service all round. Thank you",,"5","5","5","5","4","4","353d72a4-d965-4151-a35b-acbfa2ad9f57","Completed",,"09-12-2025 22:04:15",,"360007",,"cab97c1f-67b4-11f0-a847-0a0cda9789f2","bedac312-8aeb-4657-9774-18cf5ee7342c","3",,"true",,,,,,,,,,,,,,,,,,,"2",
"361","IJH","MERUSAKA NUSA DUA","BALI","5","HIPRO",,"5","Promoters","5","5","Satisfied","5","see my feedback report; lowering the room prices will certainly attract more customers, however, there will be no income left for repairs, ongoing maintenance, and regular deep cleaning, etc",,"5","5","4","4","3","3","c25cd9e9-d76c-4a8e-965e-064cdca23587","Completed",,"10-12-2025 01:40:56",,"364922",,"cab97c1f-67b4-11f0-a847-0a0cda9789f2","bedac312-8aeb-4657-9774-18cf5ee7342c","3",,"true",,,,,,,,,,,,,,,,,,,"2",
"362","IJH","TRUNTUM PADANG","SUMBAR","4","HIPRO",,"5","Promoters","5","5","Satisfied","5",,,"5","5","5","5","4","4","e95579eb-f4a3-4728-b9b0-fa64e64d8e36","Completed",,"10-12-2025 10:30:31",,"164441",,"cab97c1f-67b4-11f0-a847-0a0cda9789f2","bedac312-8aeb-4657-9774-18cf5ee7342c","3",,"true",,,,,,,,,,,,,,,,,,,"2",
"363","IJH","TRUNTUM PADANG","SUMBAR","4","HIPRO",,"4","Promoters","4","4","Satisfied","4","Tidak ada",,"4","4","4","4","3","3","957fc508-43e1-46c7-b85c-518b3e1aa33a","Completed",,"10-12-2025 12:13:19",,"172799",,"cab97c1f-67b4-11f0-a847-0a0cda9789f2","bedac312-8aeb-4657-9774-18cf5ee7342c","3",,"true",,,,,,,,,,,,,,,,,,,"2",
"364","IJH","THE MANOHARA HOTEL YOGYAKARTA","YOGYAKARTA","4","HIPRO",,"5","Promoters","5","5","Satisfied","5",,,"4","4","4","4","3","3","f95b18b2-ffd7-4f93-b3d1-083d7cbf6829","Completed",,"10-12-2025 12:32:54",,"270490",,"cab97c1f-67b4-11f0-a847-0a0cda9789f2","bedac312-8aeb-4657-9774-18cf5ee7342c","3",,"true",,,,,,,,,,,,,,,,,,,"2",
"365","IJH","MERUSAKA NUSA DUA","BALI","5","HIPRO",,"5","Promoters","5","5","Satisfied","5","Maybe to include hotel transfers. The Taxi drivers are not easy to deal with because they try over charge first.",,"5","5","5","5","4","4","19a5c8ef-2aa1-4ddf-9b7e-e37c3ad8be09","Completed",,"10-12-2025 15:43:49",,"272120",,"cab97c1f-67b4-11f0-a847-0a0cda9789f2","bedac312-8aeb-4657-9774-18cf5ee7342c","3",,"true",,,,,,,,,,,,,,,,,,,"2",
"366","IJH","TRUNTUM KUTA","BALI","4","HIPRO",,"5","Promoters","5","5","Satisfied","5",,,"5","5","5","5","4","4","ef89d121-ba7b-4162-9b35-15cc1ac2bf54","Completed",,"10-12-2025 19:49:42",,"144050",,"cab97c1f-67b4-11f0-a847-0a0cda9789f2","bedac312-8aeb-4657-9774-18cf5ee7342c","3",,"true",,,,,,,,,,,,,,,,,,,"2",
"367","IJH","TRUNTUM KUTA","BALI","4","HIPRO",,"5","Promoters","5","5","Satisfied","5","no",,"4","4","4","4","3","3","85492966-d21a-48c7-8c3c-d703553ef8b2","Completed",,"11-12-2025 11:53:28",,"119771",,"cab97c1f-67b4-11f0-a847-0a0cda9789f2","bedac312-8aeb-4657-9774-18cf5ee7342c","3",,"true",,,,,,,,,,,,,,,,,,,"2",
"368","IJH","TRUNTUM KUTA","BALI","4","HIPRO",,"5","Promoters","5","5","Satisfied","5","More pool family pool activities  or kids club.
Clear directory on map to choose rooms booking",,"5","5","4","4","4","4","4dcce472-620c-4c73-bcef-bff058b0fc60","Completed",,"11-12-2025 12:24:01",,"418484",,"cab97c1f-67b4-11f0-a847-0a0cda9789f2","bedac312-8aeb-4657-9774-18cf5ee7342c","3",,"true",,,,,,,,,,,,,,,,,,,"2",
"369","IJH","MERUSAKA NUSA DUA","BALI","5","HIPRO",,"5","Promoters","5","5","Satisfied","5",,,"5","5","5","5","4","4","71945951-4bfb-41da-b2da-d96e70f7d457","Completed",,"11-12-2025 15:03:55",,"2566958",,"cab97c1f-67b4-11f0-a847-0a0cda9789f2","bedac312-8aeb-4657-9774-18cf5ee7342c","3",,"true",,,,,,,,,,,,,,,,,,,"2",
"370","IJH","MERUSAKA NUSA DUA","BALI","5","HIPRO",,"5","Promoters","5","5","Satisfied","5","Our stay was fabulous and we enjoyed all aspects of our stay. In particular, ALL STAFF were amazingly friendly, polite and knowledgeable which left us feelling wanted, happy and keen to return soon.
Congratulations and thank you Merusaka & staff.",,"5","5","5","5","4","4","889c7947-4053-410f-b136-790fa3865c3d","Completed",,"11-12-2025 19:51:55",,"846010",,"cab97c1f-67b4-11f0-a847-0a0cda9789f2","bedac312-8aeb-4657-9774-18cf5ee7342c","3",,"true",,,,,,,,,,,,,,,,,,,"2",
"371","IJH","GRAND INNA TUNJUNGAN","JATIM","4","HIPRO",,"5","Promoters","5","5","Satisfied","5","Kolam renang harap ditingkatkan",,"5","5","5","5","4","4","4bf90e89-7772-473e-bab9-6813459f1ada","Completed",,"11-12-2025 21:10:31",,"115764",,"cab97c1f-67b4-11f0-a847-0a0cda9789f2","bedac312-8aeb-4657-9774-18cf5ee7342c","3",,"true",,,,,,,,,,,,,,,,,,,"2",
"372","IJH","TRUNTUM KUTA","BALI","4","HIPRO",,"5","Promoters","5","5","Satisfied","5",,,"5","5","5","5","4","4","0db82e75-adda-4f63-82a7-86ef2e092184","Completed",,"12-12-2025 01:06:29",,"150192",,"cab97c1f-67b4-11f0-a847-0a0cda9789f2","bedac312-8aeb-4657-9774-18cf5ee7342c","3",,"true",,,,,,,,,,,,,,,,,,,"2",
"373","IJH","MERUSAKA NUSA DUA","BALI","5","HIPRO",,"5","Promoters","5","5","Satisfied","5",,,"5","5","5","5","4","4","24051b0e-e21c-4152-ba40-82ca453a51ea","Completed",,"12-12-2025 09:18:14",,"99847",,"cab97c1f-67b4-11f0-a847-0a0cda9789f2","bedac312-8aeb-4657-9774-18cf5ee7342c","3",,"true",,,,,,,,,,,,,,,,,,,"2",
"374","IJH","GRAND INNA TUNJUNGAN","JATIM","4","HIPRO",,"5","Promoters","5","5","Satisfied","5","-",,"4","4","4","4","3","3","1b1e6cf5-7b2b-4339-acae-2e3bca3c69f6","Completed",,"12-12-2025 16:06:07",,"216848",,"cab97c1f-67b4-11f0-a847-0a0cda9789f2","bedac312-8aeb-4657-9774-18cf5ee7342c","3",,"true",,,,,,,,,,,,,,,,,,,"2",
"375","IJH","TRUNTUM KUTA","BALI","4","HIPRO",,"4","Promoters","4","4","Satisfied","4","lift, dispenser, smart tv (netflix/ youtube)",,"5","5","4","4","4","4","ee2f06cb-f025-4578-8dff-1c29ef398a17","Completed",,"12-12-2025 16:10:22",,"355267",,"cab97c1f-67b4-11f0-a847-0a0cda9789f2","bedac312-8aeb-4657-9774-18cf5ee7342c","3",,"true",,,,,,,,,,,,,,,,,,,"2",
"376","IJH","GRAND INNA TUNJUNGAN","JATIM","4","HIPRO",,"5","Promoters","5","5","Satisfied","5",,,"5","5","4","4","4","4","840c8f0a-8f84-406a-80b5-e70f0ade2371","Completed",,"13-12-2025 08:58:39",,"98692",,"cab97c1f-67b4-11f0-a847-0a0cda9789f2","bedac312-8aeb-4657-9774-18cf5ee7342c","3",,"true",,,,,,,,,,,,,,,,,,,"2",
"377","IJH","TRUNTUM KUTA","BALI","4","HIPRO",,"4","Promoters","4","4","Satisfied","4","No",,"4","4","4","4","3","3","95e88b8b-5930-473b-a75c-89308686957f","Completed",,"13-12-2025 18:18:08",,"162362",,"cab97c1f-67b4-11f0-a847-0a0cda9789f2","bedac312-8aeb-4657-9774-18cf5ee7342c","3",,"true",,,,,,,,,,,,,,,,,,,"2",
"378","IJH","GRAND INNA TUNJUNGAN","JATIM","4","HIPRO",,"5","Promoters","5","5","Satisfied","5",,,"5","5","5","5","4","4","5ac033bb-7fa9-4c76-b5ce-95ecfe7fae56","Completed",,"13-12-2025 20:05:10",,"154832",,"cab97c1f-67b4-11f0-a847-0a0cda9789f2","bedac312-8aeb-4657-9774-18cf5ee7342c","3",,"true",,,,,,,,,,,,,,,,,,,"2",
"379","IJH","GRAND INNA TUNJUNGAN","JATIM","4","HIPRO",,"5","Promoters","5","5","Satisfied","5","Cukup",,"5","5","5","5","4","4","1f050ea8-3313-43cc-9b6f-59f1242cba74","Completed",,"13-12-2025 20:07:26",,"380522",,"cab97c1f-67b4-11f0-a847-0a0cda9789f2","bedac312-8aeb-4657-9774-18cf5ee7342c","3",,"true",,,,,,,,,,,,,,,,,,,"2",
"380","IJH","GRAND INNA TUNJUNGAN","JATIM","4","HIPRO",,"4","Promoters","4","4","Satisfied","4",,,"5","5","4","4","3","3","3b6faa97-29bd-4b91-86a9-42f48b387ba6","Completed",,"13-12-2025 20:28:27",,"295168",,"cab97c1f-67b4-11f0-a847-0a0cda9789f2","bedac312-8aeb-4657-9774-18cf5ee7342c","3",,"true",,,,,,,,,,,,,,,,,,,"2",
"381","IJH","TRUNTUM KUTA","BALI","4","HIPRO",,"5","Promoters","5","5","Satisfied","5","One of our rooms air conditioners was loud and didn’t seem to hold the temperature very well. Was on 16 most of the time but the room felt hot sometimes. Room 2136.",,"5","5","5","5","4","4","e879eb6f-b276-4217-8772-b814c8687d30","Completed",,"14-12-2025 12:47:21",,"357661",,"cab97c1f-67b4-11f0-a847-0a0cda9789f2","bedac312-8aeb-4657-9774-18cf5ee7342c","3",,"true",,,,,,,,,,,,,,,,,,,"2",
"382","IJH","MERUSAKA NUSA DUA","BALI","5","HIPRO",,"5","Promoters","5","5","Satisfied","5","None",,"5","5","5","5","4","4","c20a9710-bc2a-4e9a-b9b9-4472d80f31cd","Completed",,"15-12-2025 03:45:23",,"195057",,"cab97c1f-67b4-11f0-a847-0a0cda9789f2","bedac312-8aeb-4657-9774-18cf5ee7342c","3",,"true",,,,,,,,,,,,,,,,,,,"2",
"383","IJH","THE MANOHARA HOTEL YOGYAKARTA","YOGYAKARTA","4","HIPRO",,"5","Promoters","5","5","Satisfied","5","Belum ada",,"5","5","5","5","4","4","3cc0f80b-afda-4311-87ad-4d5d613cb491","Completed",,"15-12-2025 09:02:51",,"367986",,"cab97c1f-67b4-11f0-a847-0a0cda9789f2","bedac312-8aeb-4657-9774-18cf5ee7342c","3",,"true",,,,,,,,,,,,,,,,,,,"2",
"384","IJH","TRUNTUM KUTA","BALI","4","HIPRO",,"4","Promoters","4","4","Satisfied","4",,,"4","4","4","4","3","3","405ccf8c-544b-405a-9749-8f840b8cc3fb","Completed",,"15-12-2025 12:43:30",,"165564",,"cab97c1f-67b4-11f0-a847-0a0cda9789f2","bedac312-8aeb-4657-9774-18cf5ee7342c","3",,"true",,,,,,,,,,,,,,,,,,,"2",
"385","IJH","MERUSAKA NUSA DUA","BALI","5","HIPRO",,"5","Promoters","5","5","Satisfied","5","Perlu perhatian saat hujan krn air menggenang di jalan sehingga sepatu mudah basah",,"5","5","5","5","4","4","307e43f4-c3d4-4e91-8a0f-1b879fa25f9f","Completed",,"15-12-2025 13:49:51",,"214463",,"cab97c1f-67b4-11f0-a847-0a0cda9789f2","bedac312-8aeb-4657-9774-18cf5ee7342c","3",,"true",,,,,,,,,,,,,,,,,,,"2",
"386","IJH","MERUSAKA NUSA DUA","BALI","5","HIPRO",,"5","Promoters","5","5","Satisfied","5",,,"5","5","5","5","4","4","d19be1f8-b57b-4674-8115-a367c5cc051a","Completed",,"15-12-2025 14:05:26",,"77840",,"cab97c1f-67b4-11f0-a847-0a0cda9789f2","bedac312-8aeb-4657-9774-18cf5ee7342c","3",,"true",,,,,,,,,,,,,,,,,,,"2",
"387","IJH","GRAND INNA TUNJUNGAN","JATIM","4","HIPRO",,"5","Promoters","5","5","Satisfied","5","Breakfast tambahan indomie rebus",,"5","5","4","4","4","4","54ba3777-2865-45d8-8b6f-7064778e74e0","Completed",,"15-12-2025 14:31:43",,"181481",,"cab97c1f-67b4-11f0-a847-0a0cda9789f2","bedac312-8aeb-4657-9774-18cf5ee7342c","3",,"true",,,,,,,,,,,,,,,,,,,"2",
"388","IJH","MERUSAKA NUSA DUA","BALI","5","HIPRO",,"5","Promoters","5","5","Satisfied","5","Just the rain lol but that is out of your control. Appreciate the umbrellas tho",,"5","5","4","4","4","4","a8c8a4d0-b346-479d-afb2-a3744d8932f1","Completed",,"15-12-2025 14:33:40",,"201141",,"cab97c1f-67b4-11f0-a847-0a0cda9789f2","bedac312-8aeb-4657-9774-18cf5ee7342c","3",,"true",,,,,,,,,,,,,,,,,,,"2",
"389","IJH","THE MANOHARA HOTEL YOGYAKARTA","YOGYAKARTA","4","HIPRO",,"4","Promoters","4","4","Satisfied","4","overall ok",,"4","4","4","4","3","3","64876f19-9eda-4b9b-88e5-92706fd1edfb","Completed",,"16-12-2025 09:20:50",,"139503",,"cab97c1f-67b4-11f0-a847-0a0cda9789f2","bedac312-8aeb-4657-9774-18cf5ee7342c","3",,"true",,,,,,,,,,,,,,,,,,,"2",
"390","IJH","TRUNTUM KUTA","BALI","4","HIPRO",,"5","Promoters","5","5","Satisfied","5","Menu variasi di restoran bisa ditingkatkan",,"5","5","4","4","4","4","e4046f75-acf9-477f-96c6-94ee4ebd3d94","Completed",,"16-12-2025 10:25:20",,"140219",,"cab97c1f-67b4-11f0-a847-0a0cda9789f2","bedac312-8aeb-4657-9774-18cf5ee7342c","3",,"true",,,,,,,,,,,,,,,,,,,"2",
"391","IJH","MERUSAKA NUSA DUA","BALI","5","HIPRO",,"5","Promoters","5","5","Satisfied","5","Merusaka Nusa Dua is simply magnificient. Everthing is outstanding-from the perfct facilities and elegant atmosphere to every detail thoughfully designed. The staff is attentive, friendly and always helpul. The food is excellent, and there are activities for every taste. The location is spectacular, making the whole experience even more special. Whithout a doubt, I want to return many times.",,"5","5","5","5","4","4","709848b8-04df-402c-8e17-038936d5bade","Completed",,"16-12-2025 20:18:38",,"540204",,"cab97c1f-67b4-11f0-a847-0a0cda9789f2","bedac312-8aeb-4657-9774-18cf5ee7342c","3",,"true",,,,,,,,,,,,,,,,,,,"2",
"392","IJH","TRUNTUM KUTA","BALI","4","HIPRO",,"4","Promoters","4","4","Satisfied","4","The couch in the room was aged and not in a good shape",,"5","5","4","4","4","4","e4696294-9e19-43fb-bb6d-25c6162dbffe","Completed",,"16-12-2025 21:48:35",,"340986",,"cab97c1f-67b4-11f0-a847-0a0cda9789f2","bedac312-8aeb-4657-9774-18cf5ee7342c","3",,"true",,,,,,,,,,,,,,,,,,,"2",
"393","IJH","TRUNTUM KUTA","BALI","4","HIPRO",,"5","Promoters","5","5","Satisfied","5","First night i was given a room that i personally would be embarrassed to give to a guest with sofa having blood stains and head boards dirty. Sheets and pillow cases were yellowish in colour. Mad a bad fist impression but the room was promptly change the next day and my wife and i were very happy after that. First impressions are very important and i think management should pay more attention to to that.",,"5","5","5","5","3","3","096ab6b4-925f-440c-aa63-12ae3e278bd7","Completed",,"17-12-2025 12:15:59",,"591173",,"cab97c1f-67b4-11f0-a847-0a0cda9789f2","bedac312-8aeb-4657-9774-18cf5ee7342c","3",,"true",,,,,,,,,,,,,,,,,,,"2",
"394","IJH","GRAND INNA TUNJUNGAN","JATIM","4","HIPRO",,"5","Promoters","5","5","Satisfied","5","Tidak ada",,"5","5","4","4","3","3","d8fb9b7b-b046-4a4e-ae38-927b191b97f0","Completed",,"17-12-2025 21:32:46",,"245821",,"cab97c1f-67b4-11f0-a847-0a0cda9789f2","bedac312-8aeb-4657-9774-18cf5ee7342c","3",,"true",,,,,,,,,,,,,,,,,,,"2",
"395","IJH","MERUSAKA NUSA DUA","BALI","5","HIPRO",,"5","Promoters","5","5","Satisfied","5","nein",,"5","5","4","4","3","3","c6241a14-f835-4899-a9f1-af1d3c9d47ca","Completed",,"19-12-2025 00:27:11",,"284571",,"cab97c1f-67b4-11f0-a847-0a0cda9789f2","bedac312-8aeb-4657-9774-18cf5ee7342c","3",,"true",,,,,,,,,,,,,,,,,,,"2",
"396","IJH","TRUNTUM KUTA","BALI","4","HIPRO",,"5","Promoters","5","5","Satisfied","5","Conditions of the room. Everything works well, but needs updating. 1. USB points would be useful. 
2. Shower drainage was very poor 3. Chrome fittings around the shower taps/ hose could do with a spring clean, it looked rather brown. 

External - excellent breakfast area set up and food layout.",,"5","5","5","5","4","4","fb997dad-63cf-42e3-82df-d9adec501766","Completed",,"19-12-2025 05:29:03",,"501271",,"cab97c1f-67b4-11f0-a847-0a0cda9789f2","bedac312-8aeb-4657-9774-18cf5ee7342c","3",,"true",,,,,,,,,,,,,,,,,,,"2",
"397","IJH","MERUSAKA NUSA DUA","BALI","5","HIPRO",,"5","Promoters","5","5","Satisfied","5","amazing experience",,"5","5","5","5","4","4","928f6e65-2c11-4c11-8b45-2f53b88327af","Completed",,"19-12-2025 10:14:14",,"76959",,"cab97c1f-67b4-11f0-a847-0a0cda9789f2","bedac312-8aeb-4657-9774-18cf5ee7342c","3",,"true",,,,,,,,,,,,,,,,,,,"2",
"398","IJH","GRAND INNA TUNJUNGAN","JATIM","4","HIPRO",,"5","Promoters","5","5","Satisfied","5","Dari kami sudah cukup",,"5","5","5","5","4","4","75446a34-b02f-455b-8e7c-3ec11296de23","Completed",,"19-12-2025 11:41:02",,"455768",,"cab97c1f-67b4-11f0-a847-0a0cda9789f2","bedac312-8aeb-4657-9774-18cf5ee7342c","3",,"true",,,,,,,,,,,,,,,,,,,"2",
"399","IJH","GRAND INNA TUNJUNGAN","JATIM","4","HIPRO",,"5","Promoters","5","5","Satisfied","5","tidak",,"5","5","3","3","4","4","53f01d22-a14b-4559-a198-e96ec60a29fe","Completed",,"19-12-2025 11:50:44",,"111280",,"cab97c1f-67b4-11f0-a847-0a0cda9789f2","bedac312-8aeb-4657-9774-18cf5ee7342c","3",,"true",,,,,,,,,,,,,,,,,,,"2",
"400","IJH","GRAND INNA TUNJUNGAN","JATIM","4","HIPRO",,"5","Promoters","5","5","Satisfied","5","perfect",,"5","5","5","5","4","4","46e287d0-5f61-47fc-81f4-39c2065927ea","Completed",,"19-12-2025 12:23:54",,"253134",,"cab97c1f-67b4-11f0-a847-0a0cda9789f2","bedac312-8aeb-4657-9774-18cf5ee7342c","3",,"true",,,,,,,,,,,,,,,,,,,"2",
"401","IJH","GRAND INNA TUNJUNGAN","JATIM","4","HIPRO",,"5","Promoters","5","5","Satisfied","5",,,"5","5","5","5","3","3","2c789061-3e86-4033-84ef-d78e5d7caccc","Completed",,"19-12-2025 13:25:44",,"233890",,"cab97c1f-67b4-11f0-a847-0a0cda9789f2","bedac312-8aeb-4657-9774-18cf5ee7342c","3",,"true",,,,,,,,,,,,,,,,,,,"2",
"402","IJH","MERUSAKA NUSA DUA","BALI","5","HIPRO",,"2","Detractor","2","2","Not Satisfied","2","Tidak ada",,"4","4","4","4","3","3","cd4ddfcd-16d7-4453-8c93-ef6a0d9ff2f3","Completed",,"20-12-2025 05:07:37",,"194305",,"cab97c1f-67b4-11f0-a847-0a0cda9789f2","bedac312-8aeb-4657-9774-18cf5ee7342c","3",,"true",,,,,,,,,,,,,,,,,,,"2",
"403","IJH","TRUNTUM KUTA","BALI","4","HIPRO",,"5","Promoters","5","5","Satisfied","5","It would be a great time if I could stay here again next time.",,"5","5","5","5","4","4","8bfe3b3e-08d1-4f4e-b2f5-35a8a8fa210a","Completed",,"20-12-2025 13:34:52",,"840581",,"cab97c1f-67b4-11f0-a847-0a0cda9789f2","bedac312-8aeb-4657-9774-18cf5ee7342c","3",,"true",,,,,,,,,,,,,,,,,,,"2",
"404","IJH","GRAND INNA TUNJUNGAN","JATIM","4","HIPRO",,"4","Promoters","4","4","Satisfied","4","Cukup kebersihan kamar di perbaikin Dan kualitas wifinya. Sisanya overall sudah baik semua. Soalnya saya menginap sendiri Dan seorang cowo di kamar ada rambut wanita di tempat yang Sama ga di bersih²kan.",,"4","4","3","3","3","3","68917ed1-1a13-4edf-b19e-6d34d17c8afc","Completed",,"20-12-2025 15:54:18",,"388556",,"cab97c1f-67b4-11f0-a847-0a0cda9789f2","bedac312-8aeb-4657-9774-18cf5ee7342c","3",,"true",,,,,,,,,,,,,,,,,,,"2",
"405","IJH","MERUSAKA NUSA DUA","BALI","5","HIPRO",,"5","Promoters","5","5","Satisfied","5",,,"5","5","4","4","4","4","229b0d15-a398-49f1-92b9-c3158b3e3774","Completed",,"20-12-2025 17:04:49",,"535235",,"cab97c1f-67b4-11f0-a847-0a0cda9789f2","bedac312-8aeb-4657-9774-18cf5ee7342c","3",,"true",,,,,,,,,,,,,,,,,,,"2",
"406","IJH","MERUSAKA NUSA DUA","BALI","5","HIPRO",,"5","Promoters","5","5","Satisfied","5","No overall we had a beautiful stay with wonderful staff",,"5","5","4","4","4","4","005aec30-c767-4ac6-b674-63e276932a4a","Completed",,"20-12-2025 17:17:41",,"287738",,"cab97c1f-67b4-11f0-a847-0a0cda9789f2","bedac312-8aeb-4657-9774-18cf5ee7342c","3",,"true",,,,,,,,,,,,,,,,,,,"2",
"407","IJH","GRAND INNA TUNJUNGAN","JATIM","4","HIPRO",,"5","Promoters","5","5","Satisfied","5",,,"4","4","4","4","3","3","2b1ec910-3405-471f-bcc5-0d17de77c763","Completed",,"21-12-2025 10:05:43",,"95831",,"cab97c1f-67b4-11f0-a847-0a0cda9789f2","bedac312-8aeb-4657-9774-18cf5ee7342c","3",,"true",,,,,,,,,,,,,,,,,,,"2",
"408","IJH","GRAND INNA TUNJUNGAN","JATIM","4","HIPRO",,"5","Promoters","5","5","Satisfied","5",,,"5","5","5","5","4","4","4932ebc3-ecb2-4d35-8932-3a2e8e5015f4","Completed",,"21-12-2025 10:11:46",,"300084",,"cab97c1f-67b4-11f0-a847-0a0cda9789f2","bedac312-8aeb-4657-9774-18cf5ee7342c","3",,"true",,,,,,,,,,,,,,,,,,,"2",
"409","IJH","GRAND INNA TUNJUNGAN","JATIM","4","HIPRO",,"5","Promoters","5","5","Satisfied","5","Jaga kualitas pelayanan agar  selalu tetap dapat bersaing dalam pesatnya pertumbuhan hotel budget murah atau villa staycation dengan konsep kekinian dan aestetik",,"4","4","4","4","3","3","1324bc72-a9a9-425b-80b8-3598adf3a64d","Completed",,"21-12-2025 10:20:06",,"658724",,"cab97c1f-67b4-11f0-a847-0a0cda9789f2","bedac312-8aeb-4657-9774-18cf5ee7342c","3",,"true",,,,,,,,,,,,,,,,,,,"2",
"410","IJH","GRAND INNA TUNJUNGAN","JATIM","4","HIPRO",,"5","Promoters","5","5","Satisfied","5","Tidak ada",,"4","4","4","4","4","4","16c1e045-0097-4c86-a05e-65f0d6ee627c","Completed",,"21-12-2025 11:23:07",,"91555",,"cab97c1f-67b4-11f0-a847-0a0cda9789f2","bedac312-8aeb-4657-9774-18cf5ee7342c","3",,"true",,,,,,,,,,,,,,,,,,,"2",
"411","IJH","MERUSAKA NUSA DUA","BALI","5","HIPRO",,"5","Promoters","5","5","Satisfied","5","Being given clear information about benefits.
The check in process was rushed and our check in persons English was a bit difficult to understand at times.",,"5","5","5","5","4","4","d134e6f9-8f28-4c58-94b9-7f6df0b52823","Completed",,"21-12-2025 11:46:42",,"464895",,"cab97c1f-67b4-11f0-a847-0a0cda9789f2","bedac312-8aeb-4657-9774-18cf5ee7342c","3",,"true",,,,,,,,,,,,,,,,,,,"2",
"412","IJH","MERUSAKA NUSA DUA","BALI","5","HIPRO",,"5","Promoters","5","5","Satisfied","5",,,"5","5","5","5","4","4","de7f72b1-cd46-4865-8340-17284d9e338f","Completed",,"21-12-2025 12:02:37",,"86473",,"cab97c1f-67b4-11f0-a847-0a0cda9789f2","bedac312-8aeb-4657-9774-18cf5ee7342c","3",,"true",,,,,,,,,,,,,,,,,,,"2",
"413","IJH","MERUSAKA NUSA DUA","BALI","5","HIPRO",,"4","Promoters","4","4","Satisfied","4",,,"4","4","3","3","3","3","4fefe6ec-05db-4c4f-9faa-52831ddf5708","Completed",,"21-12-2025 18:26:21",,"850678",,"cab97c1f-67b4-11f0-a847-0a0cda9789f2","bedac312-8aeb-4657-9774-18cf5ee7342c","3",,"true",,,,,,,,,,,,,,,,,,,"2",
"414","IJH","GRAND INNA TUNJUNGAN","JATIM","4","HIPRO",,"5","Promoters","5","5","Satisfied","5",,,"5","5","4","4","4","4","b69bfd83-204c-450f-8ed9-9db3cd044dbe","Completed",,"22-12-2025 09:12:21",,"103423",,"cab97c1f-67b4-11f0-a847-0a0cda9789f2","bedac312-8aeb-4657-9774-18cf5ee7342c","3",,"true",,,,,,,,,,,,,,,,,,,"2",
"415","IJH","THE MANOHARA HOTEL YOGYAKARTA","YOGYAKARTA","4","HIPRO",,"5","Promoters","5","5","Satisfied","5","sudah cukup baik",,"5","5","5","5","4","4","f7c1f3c3-03c5-41d0-9671-c0f5cf0183c8","Completed",,"22-12-2025 10:50:08",,"203127",,"cab97c1f-67b4-11f0-a847-0a0cda9789f2","bedac312-8aeb-4657-9774-18cf5ee7342c","3",,"true",,,,,,,,,,,,,,,,,,,"2",
"416","IJH","TRUNTUM KUTA","BALI","4","HIPRO",,"5","Promoters","5","5","Satisfied","5","No was happy with everything & looking forward to returning",,"5","5","5","5","4","4","254f306f-81c1-48e5-acff-de78143aea39","Completed",,"23-12-2025 06:12:44",,"882662",,"cab97c1f-67b4-11f0-a847-0a0cda9789f2","bedac312-8aeb-4657-9774-18cf5ee7342c","3",,"true",,,,,,,,,,,,,,,,,,,"2",
"417","IJH","MERUSAKA NUSA DUA","BALI","5","HIPRO",,"5","Promoters","5","5","Satisfied","5",,,"5","5","4","4","4","4","1e71bb78-5d64-42e4-84e4-4bde6a4faab5","Completed",,"23-12-2025 07:47:22",,"223548",,"cab97c1f-67b4-11f0-a847-0a0cda9789f2","bedac312-8aeb-4657-9774-18cf5ee7342c","3",,"true",,,,,,,,,,,,,,,,,,,"2",
"418","IJH","THE MANOHARA HOTEL YOGYAKARTA","YOGYAKARTA","4","HIPRO",,"5","Promoters","5","5","Satisfied","5","Udah keren bangeettt. Kalo bisa ruangan kamarnya ditambah. Soalnya penuh terusss",,"5","5","5","5","4","4","1efdc210-47eb-41fb-938d-03c972b91e4a","Completed",,"23-12-2025 11:37:04",,"111683",,"cab97c1f-67b4-11f0-a847-0a0cda9789f2","bedac312-8aeb-4657-9774-18cf5ee7342c","3",,"true",,,,,,,,,,,,,,,,,,,"2",
"419","IJH","GRAND INNA TUNJUNGAN","JATIM","4","HIPRO",,"5","Promoters","5","5","Satisfied","5","Tidak",,"5","5","4","4","4","4","15907287-c6e5-4e0e-aa8b-df267e7d8605","Completed",,"23-12-2025 16:01:45",,"178954",,"cab97c1f-67b4-11f0-a847-0a0cda9789f2","bedac312-8aeb-4657-9774-18cf5ee7342c","3",,"true",,,,,,,,,,,,,,,,,,,"2",
"420","IJH","THE MANOHARA HOTEL YOGYAKARTA","YOGYAKARTA","4","HIPRO",,"5","Promoters","5","5","Satisfied","5","Mungkin dgn di adakanya shuttle kendaraan berjadwal ke marioboro atau tempat lainnya akan menjadi nilai tambah buat the manohara hotel",,"5","5","5","5","4","4","24f1b954-9468-4340-89e8-0b49d61545f3","Completed",,"24-12-2025 14:32:29",,"324133",,"cab97c1f-67b4-11f0-a847-0a0cda9789f2","bedac312-8aeb-4657-9774-18cf5ee7342c","3",,"true",,,,,,,,,,,,,,,,,,,"2",
"421","IJH","TRUNTUM KUTA","BALI","4","HIPRO",,"2","Detractor","2","2","Not Satisfied","2","I booked a balcony room but was given a ground floor which created more delays in finding another room. After traveling for almost 36 hours we really wanted a hot bath and a sleep,not having to move luggage around.Thanks to the staff on duty who assisted in resolving the issue",,"5","5","4","4","3","3","a486a703-24a7-441b-9e7b-a6116ad60de9","Completed",,"24-12-2025 14:46:38",,"1043135",,"cab97c1f-67b4-11f0-a847-0a0cda9789f2","bedac312-8aeb-4657-9774-18cf5ee7342c","3",,"true",,,,,,,,,,,,,,,,,,,"2",
"422","IJH","GRAND INNA TUNJUNGAN","JATIM","4","HIPRO",,"5","Promoters","5","5","Satisfied","5","Kamarnya luas, bersih, fasilitas lumayan lengkap. Hanya sedikit berisik lalu lalang kendaraan didepan hotel",,"4","4","4","4","3","3","36e544b0-0c3e-4dcd-aa16-2de64e898e2b","Completed",,"24-12-2025 19:15:15",,"216699",,"cab97c1f-67b4-11f0-a847-0a0cda9789f2","bedac312-8aeb-4657-9774-18cf5ee7342c","3",,"true",,,,,,,,,,,,,,,,,,,"2",
"423","IJH","GRAND INNA TUNJUNGAN","JATIM","4","HIPRO",,"5","Promoters","5","5","Satisfied","5","saya akan memginap lagi di grand inna tunjungan",,"5","5","5","5","4","4","dea077b5-fb15-4160-b6aa-9c8fa0308376","Completed",,"25-12-2025 02:43:27",,"137127",,"cab97c1f-67b4-11f0-a847-0a0cda9789f2","bedac312-8aeb-4657-9774-18cf5ee7342c","3",,"true",,,,,,,,,,,,,,,,,,,"2",
"424","IJH","GRAND INNA TUNJUNGAN","JATIM","4","HIPRO",,"5","Promoters","5","5","Satisfied","5","Semuanya sudah memuaskan",,"5","5","5","5","4","4","08a827fa-e253-4f72-a090-60d0ffc6bcd0","Completed",,"25-12-2025 05:55:55",,"131423",,"cab97c1f-67b4-11f0-a847-0a0cda9789f2","bedac312-8aeb-4657-9774-18cf5ee7342c","3",,"true",,,,,,,,,,,,,,,,,,,"2",
"425","IJH","TRUNTUM KUTA","BALI","4","HIPRO",,"5","Promoters","5","5","Satisfied","5",,,"4","4","4","4","2","2","26d0a006-b632-4dfa-be78-4adbf255a82f","Completed",,"25-12-2025 10:31:40",,"81361",,"cab97c1f-67b4-11f0-a847-0a0cda9789f2","bedac312-8aeb-4657-9774-18cf5ee7342c","3",,"true",,,,,,,,,,,,,,,,,,,"2",
"426","IJH","MERUSAKA NUSA DUA","BALI","5","HIPRO",,"5","Promoters","5","5","Satisfied","5",,,"5","5","4","4","4","4","0d63afeb-2211-429c-8bb0-2bcda6d806b5","Completed",,"25-12-2025 14:44:36",,"148515",,"cab97c1f-67b4-11f0-a847-0a0cda9789f2","bedac312-8aeb-4657-9774-18cf5ee7342c","3",,"true",,,,,,,,,,,,,,,,,,,"2",
"427","IJH","MERUSAKA NUSA DUA","BALI","5","HIPRO",,"4","Promoters","4","4","Satisfied","4","Handuk towel untuk area kolam renang agar selalu tersedia. Terima kasih",,"4","4","4","4","3","3","d5d28b77-3465-4e54-87a8-e78311a1cd26","Completed",,"25-12-2025 16:09:00",,"358193",,"cab97c1f-67b4-11f0-a847-0a0cda9789f2","bedac312-8aeb-4657-9774-18cf5ee7342c","3",,"true",,,,,,,,,,,,,,,,,,,"2",
"428","IJH","MERUSAKA NUSA DUA","BALI","5","HIPRO",,"5","Promoters","5","5","Satisfied","5","No",,"5","5","5","5","4","4","80cb26d1-5e23-45cc-ad5e-531de37c697f","Completed",,"25-12-2025 18:36:52",,"216912",,"cab97c1f-67b4-11f0-a847-0a0cda9789f2","bedac312-8aeb-4657-9774-18cf5ee7342c","3",,"true",,,,,,,,,,,,,,,,,,,"2",
"429","IJH","GRAND INNA TUNJUNGAN","JATIM","4","HIPRO",,"5","Promoters","5","5","Satisfied","5","Parkir yang lebih proper",,"5","5","4","4","3","3","9cc9836b-5c38-4e32-a6db-f7a756b9b886","Completed",,"25-12-2025 19:17:17",,"129800",,"cab97c1f-67b4-11f0-a847-0a0cda9789f2","bedac312-8aeb-4657-9774-18cf5ee7342c","3",,"true",,,,,,,,,,,,,,,,,,,"2",
"430","IJH","MERUSAKA NUSA DUA","BALI","5","HIPRO",,"3","Passive","3","3","Neutral","3",,,"5","5","5","5","3","3","e438c960-af9b-4ac2-b1b6-20d355774dec","Completed",,"25-12-2025 23:24:51",,"193254",,"cab97c1f-67b4-11f0-a847-0a0cda9789f2","bedac312-8aeb-4657-9774-18cf5ee7342c","3",,"true",,,,,,,,,,,,,,,,,,,"2",
"431","IJH","GRAND INNA SAMUDERA BEACH","JABAR","4","HIPRO",,"5","Promoters","5","5","Satisfied","5","View bagus",,"5","5","5","5","4","4","84d2ecd2-6b13-4604-a1b9-752e71f7f523","Completed",,"26-12-2025 11:09:21",,"146344",,"cab97c1f-67b4-11f0-a847-0a0cda9789f2","bedac312-8aeb-4657-9774-18cf5ee7342c","3",,"true",,,,,,,,,,,,,,,,,,,"2",
"432","IJH","MERUSAKA NUSA DUA","BALI","5","HIPRO",,"5","Promoters","5","5","Satisfied","5",,,"5","5","5","5","4","4","7afddfca-8c5b-452f-95d1-df8432824a60","Completed",,"26-12-2025 15:50:07",,"116614",,"cab97c1f-67b4-11f0-a847-0a0cda9789f2","bedac312-8aeb-4657-9774-18cf5ee7342c","3",,"true",,,,,,,,,,,,,,,,,,,"2",
"433","IJH","GRAND INNA TUNJUNGAN","JATIM","4","HIPRO",,"5","Promoters","5","5","Satisfied","5","Segala aspek menyangkut safety (contoh di kami : pengunci jendela) mohon lebih diperhatikan.",,"5","5","5","5","4","4","a7f5375b-16d4-4863-a8b3-ee968f8149bd","Completed",,"26-12-2025 20:06:30",,"358618",,"cab97c1f-67b4-11f0-a847-0a0cda9789f2","bedac312-8aeb-4657-9774-18cf5ee7342c","3",,"true",,,,,,,,,,,,,,,,,,,"2",
"434","IJH","GRAND INNA TUNJUNGAN","JATIM","4","HIPRO",,"5","Promoters","5","5","Satisfied","5","Mungkin bisa ditambah info tempat-tempat atau destinasi yang menarik di surabaya yg mungkin belum banyak pengunjung luar kota yang mengetahuinya",,"5","5","4","4","4","4","6f07a369-32ae-44f7-8b83-14741c6115a1","Completed",,"26-12-2025 20:42:38",,"457136",,"cab97c1f-67b4-11f0-a847-0a0cda9789f2","bedac312-8aeb-4657-9774-18cf5ee7342c","3",,"true",,,,,,,,,,,,,,,,,,,"2",
"435","IJH","MERUSAKA NUSA DUA","BALI","5","HIPRO",,"3","Passive","3","3","Neutral","3","Your hotel caters to a large clientele. We typically prefer smaller, more intimate surroundings. This was our first trip to Bali, and this is not the beach experience we were hoping for. I felt more like it was a cruise ship on land. I spent one of my afternoons on the beach picking up trash along the waterfront. I know it’s mainly from thoughtless guests, but it was very disappointing to me to see litter strewn around, where I anticipated a pristine beachfront. The chaise lounge cushions were also stained and unappealing to rest on. This resort is catering to a different group of tourists than we are accustomed to.",,"3","3","3","3","2","2","f20df528-f6e9-4324-b1d9-864b75b42889","Completed",,"27-12-2025 02:02:07",,"1093458",,"cab97c1f-67b4-11f0-a847-0a0cda9789f2","bedac312-8aeb-4657-9774-18cf5ee7342c","3",,"true",,,,,,,,,,,,,,,,,,,"2",
"436","IJH","MERUSAKA NUSA DUA","BALI","5","HIPRO",,"5","Promoters","5","5","Satisfied","5","It was all great again thanks. See you again next year.",,"5","5","5","5","4","4","4e79c74b-d3dc-41cf-99b0-61ec691d225f","Completed",,"27-12-2025 08:09:59",,"221297",,"cab97c1f-67b4-11f0-a847-0a0cda9789f2","bedac312-8aeb-4657-9774-18cf5ee7342c","3",,"true",,,,,,,,,,,,,,,,,,,"2",
"437","IJH","MERUSAKA NUSA DUA","BALI","5","HIPRO",,"5","Promoters","5","5","Satisfied","5","Air conditioning in restaurants",,"5","5","5","5","4","4","f26392b2-2b4c-4f2c-afe5-f4d28b0c930b","Completed",,"27-12-2025 09:34:33",,"347787",,"cab97c1f-67b4-11f0-a847-0a0cda9789f2","bedac312-8aeb-4657-9774-18cf5ee7342c","3",,"true",,,,,,,,,,,,,,,,,,,"2",
"438","IJH","THE MANOHARA HOTEL YOGYAKARTA","YOGYAKARTA","4","HIPRO",,"5","Promoters","5","5","Satisfied","5","Ada discount utk harga makanan khusus tamu yg menginap. Ada bundling paket wisata ke tpt wisata dg hrg kamar, atau bundling tiket ke borobudur/keraton/prambanan dg transportasinya dg harga kamar.",,"4","4","5","5","4","4","23c1602c-16b8-4e3d-b4f6-626aaaa7e929","Completed",,"27-12-2025 15:14:14",,"8578028",,"cab97c1f-67b4-11f0-a847-0a0cda9789f2","bedac312-8aeb-4657-9774-18cf5ee7342c","3",,"true",,,,,,,,,,,,,,,,,,,"2",
"439","IJH","MERUSAKA NUSA DUA","BALI","5","HIPRO",,"4","Promoters","4","4","Satisfied","4","Trash can should be bsside the toilet and make sure all the rooms have charging outlets and room keys are working",,"5","5","4","4","3","3","26cd25e6-9e18-4be4-a6b6-ddeda7c48de4","Completed",,"28-12-2025 05:19:32",,"502912",,"cab97c1f-67b4-11f0-a847-0a0cda9789f2","bedac312-8aeb-4657-9774-18cf5ee7342c","3",,"true",,,,,,,,,,,,,,,,,,,"2",
"440","IJH","GRAND INNA TUNJUNGAN","JATIM","4","HIPRO",,"5","Promoters","5","5","Satisfied","5",,,"5","5","5","5","4","4","ecf55c30-a4f7-4e40-8b45-bf3f21d572ba","Completed",,"28-12-2025 08:16:48",,"146899",,"cab97c1f-67b4-11f0-a847-0a0cda9789f2","bedac312-8aeb-4657-9774-18cf5ee7342c","3",,"true",,,,,,,,,,,,,,,,,,,"2",
"441","IJH","GRAND INNA TUNJUNGAN","JATIM","4","HIPRO",,"4","Promoters","4","4","Satisfied","4","Tempat duduk saat breakfes terbatas akhirnya dapat di luar padahal banyak yg merokok, piring tidak selalu tersedia di setiap hidangan makanan",,"4","4","5","5","4","4","b931a601-a065-4c56-89f1-ac12276056d3","Completed",,"28-12-2025 09:10:28",,"373728",,"cab97c1f-67b4-11f0-a847-0a0cda9789f2","bedac312-8aeb-4657-9774-18cf5ee7342c","3",,"true",,,,,,,,,,,,,,,,,,,"2",
"442","IJH","GRAND INNA TUNJUNGAN","JATIM","4","HIPRO",,"5","Promoters","5","5","Satisfied","5","Pengalaman yang menyenangkan selama menginap di grand Inna Tunjungan.",,"5","5","5","5","4","4","1cd4c23d-8765-401f-9f97-985d2315d51f","Completed",,"28-12-2025 09:11:50",,"639288",,"cab97c1f-67b4-11f0-a847-0a0cda9789f2","bedac312-8aeb-4657-9774-18cf5ee7342c","3",,"true",,,,,,,,,,,,,,,,,,,"2",
"443","IJH","GRAND INNA TUNJUNGAN","JATIM","4","HIPRO",,"5","Promoters","5","5","Satisfied","5","Mungkin untuk TV bisa beralih ke smart TV...",,"5","5","5","5","4","4","4b54bddb-c594-4393-99ab-e757f45ba050","Completed",,"28-12-2025 09:15:36",,"349994",,"cab97c1f-67b4-11f0-a847-0a0cda9789f2","bedac312-8aeb-4657-9774-18cf5ee7342c","3",,"true",,,,,,,,,,,,,,,,,,,"2",
"444","IJH","GRAND INNA TUNJUNGAN","JATIM","4","HIPRO",,"4","Promoters","4","4","Satisfied","4","Kami berharap bisa istirahat dg nyaman, tdk terganggu bisingnya kendaraan sesuai request..",,"5","5","3","3","4","4","871ef921-3213-4eea-b464-f543905b62bb","Completed",,"28-12-2025 09:24:21",,"721262",,"cab97c1f-67b4-11f0-a847-0a0cda9789f2","bedac312-8aeb-4657-9774-18cf5ee7342c","3",,"true",,,,,,,,,,,,,,,,,,,"2",
"445","IJH","TRUNTUM KUTA","BALI","4","HIPRO",,"4","Promoters","4","4","Satisfied","4",,,"4","4","4","4","3","3","75e3388f-7b8b-429d-ae41-e577174f70ec","Completed",,"28-12-2025 10:18:12",,"85548",,"cab97c1f-67b4-11f0-a847-0a0cda9789f2","bedac312-8aeb-4657-9774-18cf5ee7342c","3",,"true",,,,,,,,,,,,,,,,,,,"2",
"446","IJH","GRAND INNA TUNJUNGAN","JATIM","4","HIPRO",,"5","Promoters","5","5","Satisfied","5","TV bisa diupgrade ke android",,"4","4","4","4","3","3","354eb429-1378-49c8-9a96-5b41e4758b52","Completed",,"28-12-2025 11:17:26",,"159885",,"cab97c1f-67b4-11f0-a847-0a0cda9789f2","bedac312-8aeb-4657-9774-18cf5ee7342c","3",,"true",,,,,,,,,,,,,,,,,,,"2",
"447","IJH","THE MANOHARA HOTEL YOGYAKARTA","YOGYAKARTA","4","HIPRO",,"5","Promoters","5","5","Satisfied","5",,,"5","5","5","5","4","4","373dbe9c-e7e1-4283-a540-40d2d6370b09","Completed",,"28-12-2025 11:44:53",,"129418",,"cab97c1f-67b4-11f0-a847-0a0cda9789f2","bedac312-8aeb-4657-9774-18cf5ee7342c","3",,"true",,,,,,,,,,,,,,,,,,,"2",
"448","IJH","MERUSAKA NUSA DUA","BALI","5","HIPRO",,"5","Promoters","5","5","Satisfied","5","Tidak",,"5","5","5","5","4","4","8040086f-d9ae-4d47-932c-f54945e8290a","Completed",,"28-12-2025 12:56:24",,"129153",,"cab97c1f-67b4-11f0-a847-0a0cda9789f2","bedac312-8aeb-4657-9774-18cf5ee7342c","3",,"true",,,,,,,,,,,,,,,,,,,"2",
"449","IJH","GRAND INNA TUNJUNGAN","JATIM","4","HIPRO",,"5","Promoters","5","5","Satisfied","5",,,"5","5","4","4","4","4","d765d584-2f23-4d1c-aa38-d98add032f9c","Completed",,"28-12-2025 13:19:59",,"139829",,"cab97c1f-67b4-11f0-a847-0a0cda9789f2","bedac312-8aeb-4657-9774-18cf5ee7342c","3",,"true",,,,,,,,,,,,,,,,,,,"2",
"450","IJH","MERUSAKA NUSA DUA","BALI","5","HIPRO",,"4","Promoters","4","4","Satisfied","4","Unfortunately our bags were never collected on check out so we had to carry them ourselves.
Also other guests were smoking in the restaurant area where our children were eating, this was disappointing and unhealthy",,"4","4","5","5","3","3","154f5e24-f9bd-41fb-8684-65e31a97b8ae","Completed",,"28-12-2025 14:12:02",,"301323",,"cab97c1f-67b4-11f0-a847-0a0cda9789f2","bedac312-8aeb-4657-9774-18cf5ee7342c","3",,"true",,,,,,,,,,,,,,,,,,,"2",
"451","IJH","MERUSAKA NUSA DUA","BALI","5","HIPRO",,"5","Promoters","5","5","Satisfied","5","Perfect service and helpful Crew.",,"5","5","5","5","4","4","0c56564a-d08b-4cab-8d97-f35ba3ff1c0d","Completed",,"28-12-2025 16:27:34",,"144942",,"cab97c1f-67b4-11f0-a847-0a0cda9789f2","bedac312-8aeb-4657-9774-18cf5ee7342c","3",,"true",,,,,,,,,,,,,,,,,,,"2",
"452","IJH","TRUNTUM KUTA","BALI","4","HIPRO",,"4","Promoters","4","4","Satisfied","4","Earlier check in would be an advantage !",,"5","5","5","5","4","4","45bf1230-725a-4ba9-81d9-88c402c9a77b","Completed",,"28-12-2025 17:11:00",,"1379823",,"cab97c1f-67b4-11f0-a847-0a0cda9789f2","bedac312-8aeb-4657-9774-18cf5ee7342c","3",,"true",,,,,,,,,,,,,,,,,,,"2",
"453","IJH","INNA SINDHU BEACH HOTEL & RESORT","BALI","3","HIPRO",,"4","Promoters","4","4","Satisfied","4","The facilities are old, but they are kept clean. The smell of the pillows is bothersome. The lack of hot water is a problem.",,"5","5","3","3","3","3","8239849b-9aa7-42f0-adea-fc237022e5ce","Completed",,"29-12-2025 07:49:36",,"854173",,"cab97c1f-67b4-11f0-a847-0a0cda9789f2","bedac312-8aeb-4657-9774-18cf5ee7342c","3",,"true",,,,,,,,,,,,,,,,,,,"2",
"454","IJH","MERUSAKA NUSA DUA","BALI","5","HIPRO",,"4","Promoters","4","4","Satisfied","4","We paid extra for villa and still had to pay extra for another room for a mere 4 hours. We should have been allowed to stay in at least one of the villas we had paid for for the remaining of our stay. The room we stayed in for the last few hours did not even have water. Seriously, very stingy.",,"4","4","3","3","2","2","e1192ebc-1200-419e-b6ab-83a81c726528","Completed",,"29-12-2025 07:54:29",,"527442",,"cab97c1f-67b4-11f0-a847-0a0cda9789f2","bedac312-8aeb-4657-9774-18cf5ee7342c","3",,"true",,,,,,,,,,,,,,,,,,,"2",
"455","IJH","MERUSAKA NUSA DUA","BALI","5","HIPRO",,"5","Promoters","5","5","Satisfied","5","The staff at Checkin were great, however we arrived early at 11.30am and couldn’t check in until 3pm. The Checkin process took a few minutes and because the reception was busy,  we had to wait until 3.45pm when our luggage came and we could go to our room. 
After a tiring day travelling we would have liked to have been contacted a little earlier and able to get into our room at say 2.30pm. Some guests were being given their keys prior to 3pm but our room was not ready. It was no one’s fault, just that after a tiring day we just wanted to get into our room.  We were offered the free welcome drink but it would have been nice to have had our free inclusions straight away and until our room was ready.  Other than this we were very happy with our stay.",,"5","5","5","5","3","3","87390d55-8c9d-482d-b147-009298284e34","Completed",,"29-12-2025 16:14:19",,"466087",,"cab97c1f-67b4-11f0-a847-0a0cda9789f2","bedac312-8aeb-4657-9774-18cf5ee7342c","3",,"true",,,,,,,,,,,,,,,,,,,"2",
"456","IJH","MERUSAKA NUSA DUA","BALI","5","HIPRO",,"5","Promoters","5","5","Satisfied","5","Kids Club and Nanik were amazing. My children loved it. Pool access room was the best.",,"5","5","5","5","4","4","aae4be81-3cab-4bbb-8aae-6a5572dc4530","Completed",,"29-12-2025 17:47:55",,"198497",,"cab97c1f-67b4-11f0-a847-0a0cda9789f2","bedac312-8aeb-4657-9774-18cf5ee7342c","3",,"true",,,,,,,,,,,,,,,,,,,"2",
"457","IJH","THE MANOHARA HOTEL YOGYAKARTA","YOGYAKARTA","4","HIPRO",,"5","Promoters","5","5","Satisfied","5",,,"4","4","4","4","3","3","e1e658be-9412-4238-b536-f71ae367911e","Completed",,"30-12-2025 10:48:11",,"10856623",,"cab97c1f-67b4-11f0-a847-0a0cda9789f2","bedac312-8aeb-4657-9774-18cf5ee7342c","3",,"true",,,,,,,,,,,,,,,,,,,"2",
"458","IJH","THE MANOHARA HOTEL YOGYAKARTA","YOGYAKARTA","4","HIPRO",,"4","Promoters","4","4","Satisfied","4","-",,"3","3","5","5","3","3","34c80aac-6694-4c9c-aa0c-e7c6fc55c5c8","Completed",,"30-12-2025 10:48:56",,"159804",,"cab97c1f-67b4-11f0-a847-0a0cda9789f2","bedac312-8aeb-4657-9774-18cf5ee7342c","3",,"true",,,,,,,,,,,,,,,,,,,"2",
"459","IJH","THE MANOHARA HOTEL YOGYAKARTA","YOGYAKARTA","4","HIPRO",,"4","Promoters","4","4","Satisfied","4",,,"3","3","3","3","3","3","53017046-b1be-477e-b406-d8a02f07e0bf","Completed",,"31-12-2025 09:52:42",,"128888",,"cab97c1f-67b4-11f0-a847-0a0cda9789f2","bedac312-8aeb-4657-9774-18cf5ee7342c","3",,"true",,,,,,,,,,,,,,,,,,,"2",
"460","IJH","TRUNTUM KUTA","BALI","4","HIPRO",,"5","Promoters","5","5","Satisfied","5","Late check out bila ada kendala jemputan atau delay pesawat",,"5","5","5","5","4","4","0ee58f00-8b56-42a6-8efd-607d703a6f3f","Completed",,"31-12-2025 11:45:57",,"201805",,"cab97c1f-67b4-11f0-a847-0a0cda9789f2","bedac312-8aeb-4657-9774-18cf5ee7342c","3",,"true",,,,,,,,,,,,,,,,,,,"2",
"461","IJH","INNA SINDHU BEACH HOTEL & RESORT","BALI","3","HIPRO",,"5","Promoters","5","5","Satisfied","5","No",,"5","5","5","5","4","4","35f51666-a0aa-46e2-9385-e529582060bc","Completed",,"31-12-2025 12:49:21",,"202166",,"cab97c1f-67b4-11f0-a847-0a0cda9789f2","bedac312-8aeb-4657-9774-18cf5ee7342c","3",,"true",,,,,,,,,,,,,,,,,,,"2",
"462","IJH","GRAND INNA TUNJUNGAN","JATIM","4","HIPRO",,"5","Promoters","5","5","Satisfied","5","More discount",,"5","5","5","5","4","4","01552c18-4056-4a38-b4ef-dea1153ec9b3","Completed",,"31-12-2025 16:26:54",,"227387",,"cab97c1f-67b4-11f0-a847-0a0cda9789f2","bedac312-8aeb-4657-9774-18cf5ee7342c","3",,"true",,,,,,,,,,,,,,,,,,,"2",
"463","IJH","THE MANOHARA HOTEL YOGYAKARTA","YOGYAKARTA","4","HIPRO",,"5","Promoters","5","5","Satisfied","5","Sudah baik",,"5","5","5","5","4","4","230dbdb0-b32d-4ca0-a21a-33b2de3acc17","Completed",,"31-12-2025 20:43:09",,"211832",,"cab97c1f-67b4-11f0-a847-0a0cda9789f2","bedac312-8aeb-4657-9774-18cf5ee7342c","3",,"true",,,,,,,,,,,,,,,,,,,"2",
"464","IJH","TRUNTUM KUTA","BALI","4","HIPRO",,"5","Promoters","5","5","Satisfied","5","Tidak ada",,"5","5","5","5","4","4","f30ee7fd-2c52-4cbd-8509-98efb7bb8832","Completed",,"31-12-2025 21:00:17",,"122973",,"cab97c1f-67b4-11f0-a847-0a0cda9789f2","bedac312-8aeb-4657-9774-18cf5ee7342c","3",,"true",,,,,,,,,,,,,,,,,,,"2",
"465","IJH","MERUSAKA NUSA DUA","BALI","5","HIPRO",,"4","Promoters","4","4","Satisfied","4","I’m not sure about the other rooms, but the corners of the desk in my room are scratched, the paint has come off, and it feels quite old. The “Deluxe Ocean View” room only offers a very limited, so-called ocean view. Please consider not advertising it as a Deluxe Ocean View — perhaps only the ocean suites are worthy of using the word “deluxe.”",,"5","5","4","4","3","3","dac4446c-d687-4aa2-bccd-3dfe1b9013c2","Completed",,"02-01-2026 05:41:59",,"638557",,"cab97c1f-67b4-11f0-a847-0a0cda9789f2","bedac312-8aeb-4657-9774-18cf5ee7342c","3",,"true",,,,,,,,,,,,,,,,,,,"2",
"466","IJH","GRAND INNA TUNJUNGAN","JATIM","4","HIPRO",,"4","Promoters","4","4","Satisfied","4","mungkin kasurnya di perbesar lagi",,"5","5","4","4","3","3","761b54c8-f375-4875-b048-06ea4f3658ae","Completed",,"02-01-2026 10:18:05",,"266211",,"cab97c1f-67b4-11f0-a847-0a0cda9789f2","bedac312-8aeb-4657-9774-18cf5ee7342c","3",,"true",,,,,,,,,,,,,,,,,,,"2",
"467","IJH","GRAND INNA TUNJUNGAN","JATIM","4","HIPRO",,"5","Promoters","5","5","Satisfied","5","tidak",,"5","5","4","4","3","3","3dcc9105-4caf-49d1-9c08-3ed2e6f213bb","Completed",,"02-01-2026 10:40:03",,"111217",,"cab97c1f-67b4-11f0-a847-0a0cda9789f2","bedac312-8aeb-4657-9774-18cf5ee7342c","3",,"true",,,,,,,,,,,,,,,,,,,"2",
"468","IJH","GRAND INNA TUNJUNGAN","JATIM",,,,"5","Promoters","5","5","Satisfied","5","nyaman",,"5","5","5","5","4","4","9ce1ac9a-d18c-483b-80ec-6dad8ebcbc7d","Completed",,"02-01-2026 10:44:04",,"462456",,"cab97c1f-67b4-11f0-a847-0a0cda9789f2","bedac312-8aeb-4657-9774-18cf5ee7342c","3",,"true",,,,,,,,,,,,,,,,,,,"2",
"469","IJH","GRAND INNA TUNJUNGAN","JATIM","4","HIPRO","Post Stay-GRAND INNA TUNJUNGAN","5","Promoters","5","5","Satisfied","5","Semua layanannya sudah bagus. Bila memungkinkan untuk menambah areal Tempat Parkir",,"5","5","5","5","4","4","24e2f307-da79-49cc-b9b3-fa032965a13b","Completed",,"02-01-2026 11:04:45",,"514396",,"cab97c1f-67b4-11f0-a847-0a0cda9789f2","bedac312-8aeb-4657-9774-18cf5ee7342c","3",,"true",,,,,,,,,,,,,,,,,,,"2",
"470","IJH","MERUSAKA NUSA DUA","BALI","5","HIPRO","Post Stay-MERUSAKA NUSA DUA","5","Promoters","5","5","Satisfied","5","Advertise better the new year party and dinner, until the day of the NYE party we didn’t know what to expect and I have been told that the menu at the restaurant will be a la carte not a buffet. REALLY DISAPPOINTING. We have paid the mandatory full price for it and haven’t been able to eat much from the buffet as everything was with dairy and/or spices.",,"5","5","4","4","3","3","6b971e05-05db-4401-bfcf-111a777ebee7","Completed",,"02-01-2026 11:25:20",,"544453",,"cab97c1f-67b4-11f0-a847-0a0cda9789f2","bedac312-8aeb-4657-9774-18cf5ee7342c","3",,"true",,,,,,,,,,,,,,,,,,,"2",
"471","IJH","GRAND INNA TUNJUNGAN","JATIM","4","HIPRO","Post Stay-GRAND INNA TUNJUNGAN","5","Promoters","5","5","Satisfied","5","Toilet dibantu dibetulin flushnya biar sat set hahah",,"5","5","4","4","4","4","35c8e263-804a-472d-b7cd-b9224b71cb32","Completed",,"02-01-2026 11:56:41",,"158923",,"cab97c1f-67b4-11f0-a847-0a0cda9789f2","bedac312-8aeb-4657-9774-18cf5ee7342c","3",,"true",,,,,,,,,,,,,,,,,,,"2",
"472","IJH","GRAND INNA TUNJUNGAN","JATIM","4","HIPRO","Post Stay-GRAND INNA TUNJUNGAN","5","Promoters","5","5","Satisfied","5",,,"5","5","5","5","4","4","393025ca-6649-40d6-a685-733b267afe02","Completed",,"02-01-2026 12:44:19",,"241587",,"cab97c1f-67b4-11f0-a847-0a0cda9789f2","bedac312-8aeb-4657-9774-18cf5ee7342c","3",,"true",,,,,,,,,,,,,,,,,,,"2",
"473","IJH","MERUSAKA NUSA DUA","BALI","5","HIPRO","Post Stay-MERUSAKA NUSA DUA","4","Promoters","4","4","Satisfied","4","The food quality at breakfast and room service / snacking is not good",,"5","5","4","4","4","4","c9a1406f-e046-4e26-924a-6d5f78fab08e","Completed",,"02-01-2026 13:14:12",,"234140",,"cab97c1f-67b4-11f0-a847-0a0cda9789f2","bedac312-8aeb-4657-9774-18cf5ee7342c","3",,"true",,,,,,,,,,,,,,,,,,,"2",
"474","IJH","GRAND INNA TUNJUNGAN","JATIM","4","HIPRO","Post Stay-GRAND INNA TUNJUNGAN","5","Promoters","5","5","Satisfied","5",,,"5","5","4","4","4","4","ffd4ccf1-c0bc-4de6-83ba-f1763d02d7fa","Completed",,"02-01-2026 13:29:33",,"198103",,"cab97c1f-67b4-11f0-a847-0a0cda9789f2","bedac312-8aeb-4657-9774-18cf5ee7342c","3",,"true",,,,,,,,,,,,,,,,,,,"2",
"475","IJH","MERUSAKA NUSA DUA","BALI","5","HIPRO","Post Stay-MERUSAKA NUSA DUA","5","Promoters","5","5","Satisfied","5","We totally enjoyed our first Bali holiday and we're so happy that we chose your resort. We would love to come again. Thank you.",,"5","5","4","4","4","4","cbad46d5-28ee-42d3-b5d6-056138681d7b","Completed",,"02-01-2026 14:13:35",,"249814",,"cab97c1f-67b4-11f0-a847-0a0cda9789f2","bedac312-8aeb-4657-9774-18cf5ee7342c","3",,"true",,,,,,,,,,,,,,,,,,,"2",
"476","IJH","GRAND INNA TUNJUNGAN","JATIM","4","HIPRO","Post Stay-GRAND INNA TUNJUNGAN","5","Promoters","5","5","Satisfied","5","Tidak ada",,"5","5","5","5","4","4","49f4e2c1-d1c1-4ba7-b0dc-c059fbf2d498","Completed",,"02-01-2026 16:01:09",,"206270",,"cab97c1f-67b4-11f0-a847-0a0cda9789f2","bedac312-8aeb-4657-9774-18cf5ee7342c","3",,"true",,,,,,,,,,,,,,,,,,,"2",
"477","IJH","GRAND INNA TUNJUNGAN","JATIM","4","HIPRO","Post Stay-GRAND INNA TUNJUNGAN","3","Passive","3","3","Neutral","3","tidak ada",,"3","3","3","3","2","2","a31bf8ee-2425-4240-b29f-8f1e8636138a","Completed",,"02-01-2026 16:08:37",,"181796",,"cab97c1f-67b4-11f0-a847-0a0cda9789f2","bedac312-8aeb-4657-9774-18cf5ee7342c","3",,"true",,,,,,,,,,,,,,,,,,,"2",
"478","IJH","GRAND INNA TUNJUNGAN","JATIM","4","HIPRO","Post Stay-GRAND INNA TUNJUNGAN","5","Promoters","5","5","Satisfied","5",,,"5","5","4","4","4","4","d132640d-db6a-43aa-beec-8b51c7f8f182","Completed",,"02-01-2026 17:26:24",,"3777055",,"cab97c1f-67b4-11f0-a847-0a0cda9789f2","bedac312-8aeb-4657-9774-18cf5ee7342c","3",,"true",,,,,,,,,,,,,,,,,,,"2",
"479","IJH","TRUNTUM KUTA","BALI","4","HIPRO","Post Stay-TRUNTUM KUTA","5","Promoters","5","5","Satisfied","5","All are good, hotel dekat pantai and di pusat kuta, breakfast was excellant, staff are friendly and kind, the bedroom clean and big enough",,"5","5","5","5","4","4","07f1e84b-ae56-48ab-9694-f0add05844f3","Completed",,"02-01-2026 19:54:17",,"388797",,"cab97c1f-67b4-11f0-a847-0a0cda9789f2","bedac312-8aeb-4657-9774-18cf5ee7342c","3",,"true",,,,,,,,,,,,,,,,,,,"2",
"480","IJH","MERUSAKA NUSA DUA","BALI","5","HIPRO","Post Stay-MERUSAKA NUSA DUA","5","Promoters","5","5","Satisfied","5",,,"5","5","5","5","4","4","4bd2c316-149a-4533-8b76-35857b919db2","Completed",,"03-01-2026 10:12:28",,"106226",,"cab97c1f-67b4-11f0-a847-0a0cda9789f2","bedac312-8aeb-4657-9774-18cf5ee7342c","3",,"true",,,,,,,,,,,,,,,,,,,"2",
"481","IJH","TRUNTUM KUTA","BALI","4","HIPRO","Post Stay-TRUNTUM KUTA","5","Promoters","5","5","Satisfied","5","nothing bad to say! absolutely amazing!",,"5","5","4","4","4","4","ecdd238f-7114-4a1a-bf10-5b837c12648a","Completed",,"03-01-2026 11:23:31",,"110581",,"cab97c1f-67b4-11f0-a847-0a0cda9789f2","bedac312-8aeb-4657-9774-18cf5ee7342c","3",,"true",,,,,,,,,,,,,,,,,,,"2",
"482","IJH","MERUSAKA NUSA DUA","BALI","5","HIPRO","Post Stay-MERUSAKA NUSA DUA","5","Promoters","5","5","Satisfied","5",,,"5","5","5","5","4","4","252ccb2e-8643-408a-86f4-c300ccd38093","Completed",,"03-01-2026 15:35:34",,"122498",,"cab97c1f-67b4-11f0-a847-0a0cda9789f2","bedac312-8aeb-4657-9774-18cf5ee7342c","3",,"true",,,,,,,,,,,,,,,,,,,"2",
"483","IJH","MERUSAKA NUSA DUA","BALI","5","HIPRO","Post Stay-MERUSAKA NUSA DUA","4","Promoters","4","4","Satisfied","4",,,"5","5","5","5","3","3","80c0fa92-3bb7-4a62-b5f0-60d39027aa50","Completed",,"03-01-2026 16:19:05",,"150348",,"cab97c1f-67b4-11f0-a847-0a0cda9789f2","bedac312-8aeb-4657-9774-18cf5ee7342c","3",,"true",,,,,,,,,,,,,,,,,,,"2",
"484","IJH","THE MANOHARA HOTEL YOGYAKARTA","YOGYAKARTA","4","HIPRO","Post Stay-THE MANOHARA HOTEL YOGYAKARTA","5","Promoters","5","5","Satisfied","5","Tidak ada",,"5","5","5","5","4","4","cfc997b1-69c4-46fd-97e1-c6ccb10f97c2","Completed",,"03-01-2026 17:11:38",,"208275",,"cab97c1f-67b4-11f0-a847-0a0cda9789f2","bedac312-8aeb-4657-9774-18cf5ee7342c","3",,"true",,,,,,,,,,,,,,,,,,,"2",
"485","IJH","TRUNTUM KUTA","BALI","4","HIPRO","Post Stay-TRUNTUM KUTA","1","Detractor","1","1","Not Satisfied","1","We won't be staying at this hotel again. Very bad experience. We have stayed before and recommended to heaps of my family will not be doing this again",,"2","2","3","3","2","2","50a172d9-b547-443f-899d-54bda287dd1a","Completed",,"04-01-2026 09:43:35",,"207736",,"cab97c1f-67b4-11f0-a847-0a0cda9789f2","bedac312-8aeb-4657-9774-18cf5ee7342c","3",,"true",,,,,,,,,,,,,,,,,,,"2",
"486","IJH","TRUNTUM KUTA","BALI","4","HIPRO","Post Stay-TRUNTUM KUTA","5","Promoters","5","5","Satisfied","5","None",,"5","5","5","5","4","4","4bfc177b-bd49-427c-83c6-6ff0a624970d","Completed",,"04-01-2026 10:02:35",,"148130",,"cab97c1f-67b4-11f0-a847-0a0cda9789f2","bedac312-8aeb-4657-9774-18cf5ee7342c","3",,"true",,,,,,,,,,,,,,,,,,,"2",
"487","IJH","GRAND INNA TUNJUNGAN","JATIM","4","HIPRO","Post Stay-GRAND INNA TUNJUNGAN","5","Promoters","5","5","Satisfied","5","Suara bising dari kendaraan di luar 
Cukup terdengar jelas di kamar di jam dini hari",,"5","5","4","4","3","3","87e9523f-42b1-45d2-bf8e-e71f4924e876","Completed",,"04-01-2026 10:33:19",,"180566",,"cab97c1f-67b4-11f0-a847-0a0cda9789f2","bedac312-8aeb-4657-9774-18cf5ee7342c","3",,"true",,,,,,,,,,,,,,,,,,,"2",
"488","IJH","MERUSAKA NUSA DUA","BALI","5","HIPRO","Post Stay-MERUSAKA NUSA DUA","5","Promoters","5","5","Satisfied","5","provide clear nonsmoking/smoking  zones",,"5","5","5","5","4","4","5a1b8a26-0a9a-4e38-93fd-1f1233bb75be","Completed",,"04-01-2026 10:50:23",,"248335",,"cab97c1f-67b4-11f0-a847-0a0cda9789f2","bedac312-8aeb-4657-9774-18cf5ee7342c","3",,"true",,,,,,,,,,,,,,,,,,,"2",
"489","IJH","GRAND INNA TUNJUNGAN","JATIM","4","HIPRO","Post Stay-GRAND INNA TUNJUNGAN","5","Promoters","5","5","Satisfied","5","Pengalaman menyenangkan menginap di Grand Inna Tunjungan",,"5","5","5","5","4","4","9d8e862d-ee2f-40e9-8227-4fd66ea2078f","Completed",,"04-01-2026 11:01:42",,"115129",,"cab97c1f-67b4-11f0-a847-0a0cda9789f2","bedac312-8aeb-4657-9774-18cf5ee7342c","3",,"true",,,,,,,,,,,,,,,,,,,"2",
"490","IJH","GRAND INNA TUNJUNGAN","JATIM","4","HIPRO","Post Stay-GRAND INNA TUNJUNGAN","5","Promoters","5","5","Satisfied","5","Ok",,"5","5","5","5","4","4","5c1c415f-6642-47f3-92b3-11f9a8bfe7a3","Completed",,"04-01-2026 11:06:53",,"128960",,"cab97c1f-67b4-11f0-a847-0a0cda9789f2","bedac312-8aeb-4657-9774-18cf5ee7342c","3",,"true",,,,,,,,,,,,,,,,,,,"2",
"491","IJH","GRAND INNA TUNJUNGAN","JATIM","4","HIPRO","Post Stay-GRAND INNA TUNJUNGAN","5","Promoters","5","5","Satisfied","5","Parkir nya cepat dikerjakan biar parkir lebih lega",,"5","5","5","5","4","4","e2d88646-cc9c-40e7-9c3e-2ad074a37fc1","Completed",,"04-01-2026 11:38:45",,"197207",,"cab97c1f-67b4-11f0-a847-0a0cda9789f2","bedac312-8aeb-4657-9774-18cf5ee7342c","3",,"true",,,,,,,,,,,,,,,,,,,"2",
"492","IJH","MERUSAKA NUSA DUA","BALI","5","HIPRO","Post Stay-MERUSAKA NUSA DUA","4","Promoters","4","4","Satisfied","4","1. Welcome refreshing drink like lemongrass tea can be served upon guest checking-in or waiting to be checked-in
2. Tea bags and vanity kits in-room should be replaced everyday.  During our stay of 4 days, never refill these daily items. Kinda strange.",,"5","5","3","3","3","3","619acf35-4421-4214-ad2b-cf4fef1bf0ae","Completed",,"04-01-2026 12:18:53",,"256278",,"cab97c1f-67b4-11f0-a847-0a0cda9789f2","bedac312-8aeb-4657-9774-18cf5ee7342c","3",,"true",,,,,,,,,,,,,,,,,,,"2",
"493","IJH","TRUNTUM KUTA","BALI","4","HIPRO","Post Stay-TRUNTUM KUTA","5","Promoters","5","5","Satisfied","5","Ari 1 was amazing very welcoming and friendly. Anything we needed he was always willing to help. Could not fault anything",,"5","5","5","5","4","4","caff46a3-df9d-4a7a-91ec-1f17c3ef82d1","Completed",,"04-01-2026 13:55:21",,"271352",,"cab97c1f-67b4-11f0-a847-0a0cda9789f2","bedac312-8aeb-4657-9774-18cf5ee7342c","3",,"true",,,,,,,,,,,,,,,,,,,"2",
"494","IJH","MERUSAKA NUSA DUA","BALI","5","HIPRO","Post Stay-MERUSAKA NUSA DUA","5","Promoters","5","5","Satisfied","5",,,"5","5","4","4","4","4","48f773bb-eba9-4eb3-8125-e1280a2ec418","Completed",,"04-01-2026 16:30:09",,"525166",,"cab97c1f-67b4-11f0-a847-0a0cda9789f2","bedac312-8aeb-4657-9774-18cf5ee7342c","3",,"true",,,,,,,,,,,,,,,,,,,"2",
"495","IJH","MERUSAKA NUSA DUA","BALI","5","HIPRO","Post Stay-MERUSAKA NUSA DUA","5","Promoters","5","5","Satisfied","5","Larger variation in the pre-ordered breakfast boxes (when leaving early for activities or airport)",,"5","5","5","5","4","4","56ca9bb1-8bf1-4b95-9bc5-a78f68451287","Completed",,"04-01-2026 16:38:23",,"452814",,"cab97c1f-67b4-11f0-a847-0a0cda9789f2","bedac312-8aeb-4657-9774-18cf5ee7342c","3",,"true",,,,,,,,,,,,,,,,,,,"2",
"496","IJH","GRAND INNA TUNJUNGAN","JATIM","4","HIPRO","Post Stay-GRAND INNA TUNJUNGAN","5","Promoters","5","5","Satisfied","5","Semua staf sangat ramah. Dari datang sampai pulang. Semoga tetap bisa dipertahankan kualitas pelayanannya",,"5","5","5","5","4","4","fff05689-f579-4a05-8d25-e988e06ebbb6","Completed",,"04-01-2026 16:46:14",,"334404",,"cab97c1f-67b4-11f0-a847-0a0cda9789f2","bedac312-8aeb-4657-9774-18cf5ee7342c","3",,"true",,,,,,,,,,,,,,,,,,,"2",
"497","IJH","MERUSAKA NUSA DUA","BALI","5","HIPRO","Post Stay-MERUSAKA NUSA DUA","5","Promoters","5","5","Satisfied","5",,,"5","5","5","5","4","4","2544162d-f691-45e0-bab8-cff6cdbb91f6","Completed",,"05-01-2026 06:13:28",,"262517",,"cab97c1f-67b4-11f0-a847-0a0cda9789f2","bedac312-8aeb-4657-9774-18cf5ee7342c","3",,"true",,,,,,,,,,,,,,,,,,,"2",
"498","IJH","MERUSAKA NUSA DUA","BALI","5","HIPRO","Post Stay-MERUSAKA NUSA DUA","5","Promoters","5","5","Satisfied","5","Better facilities to be able to change / shower to use facilities such as pool etc on early arrival or late departure. The showers in the toilets near the pool are not really suitable for people needing to change for the airport.",,"5","5","4","4","4","4","d1d5c474-acb1-4c4f-8f51-2cb8db7493e7","Completed",,"05-01-2026 07:39:35",,"330902",,"cab97c1f-67b4-11f0-a847-0a0cda9789f2","bedac312-8aeb-4657-9774-18cf5ee7342c","3",,"true",,,,,,,,,,,,,,,,,,,"2",
"499","IJH","TRUNTUM KUTA","BALI","4","HIPRO","Post Stay-TRUNTUM KUTA","5","Promoters","5","5","Satisfied","5","No",,"5","5","5","5","4","4","f41df37a-eed5-42d5-abb2-2326b3a52e81","Completed",,"05-01-2026 08:32:31",,"233710",,"cab97c1f-67b4-11f0-a847-0a0cda9789f2","bedac312-8aeb-4657-9774-18cf5ee7342c","3",,"true",,,,,,,,,,,,,,,,,,,"2",
"500","IJH","THE MANOHARA HOTEL YOGYAKARTA","YOGYAKARTA","4","HIPRO","Post Stay-THE MANOHARA HOTEL YOGYAKARTA","5","Promoters","5","5","Satisfied","5",,,"5","5","5","5","4","4","c02d5609-bdf4-4480-af54-f8f7a12dff89","Completed",,"05-01-2026 10:25:26",,"132485",,"cab97c1f-67b4-11f0-a847-0a0cda9789f2","bedac312-8aeb-4657-9774-18cf5ee7342c","3",,"true",,,,,,,,,,,,,,,,,,,"2",
"501","IJH","GRAND INNA TUNJUNGAN","JATIM","4","HIPRO","Post Stay-GRAND INNA TUNJUNGAN","5","Promoters","5","5","Satisfied","5","Sangat bagus dan lokasi di tengah kota
Saran saya penambahan kunci dr dlm kamar agar lebih privasi selebihnya terbaik",,"5","5","5","5","4","4","b6522f35-486c-4ead-ab90-c32b6d927e48","Completed",,"05-01-2026 11:33:31",,"196837",,"cab97c1f-67b4-11f0-a847-0a0cda9789f2","bedac312-8aeb-4657-9774-18cf5ee7342c","3",,"true",,,,,,,,,,,,,,,,,,,"2",
"502","IJH","GRAND INNA TUNJUNGAN","JATIM","4","HIPRO","Post Stay-GRAND INNA TUNJUNGAN","4","Promoters","4","4","Satisfied","4","Saya hanya menyampaikan kekurangan saja ya, selain ini semuanya sudah bagus. Pertama, AC kamar yang susah diatur suhunya. Padahal sudah saya ganti low tapi tetap terlalu dingin. Kedua, service yang kurang saat saya pulang. Saat datang, saya disambut oleh staf dan dibawakan barang2nya. Saat pulang saya diabaikan. Seakan akan karena masa stay saya selesai, service kalian juga selesai. Tolong diperbaiki lagi ya pelayanannya. Ada staf di pintu masuk tapi tidak bergerak untuk membantu membawa koper ke mobil",,"4","4","4","4","3","3","911245c3-5ab0-46c9-bf6c-bb19b0b4c5eb","Completed",,"05-01-2026 12:12:55",,"196504",,"cab97c1f-67b4-11f0-a847-0a0cda9789f2","bedac312-8aeb-4657-9774-18cf5ee7342c","3",,"true",,,,,,,,,,,,,,,,,,,"2",
"503","IJH","GRAND INNA TUNJUNGAN","JATIM","4","HIPRO","Post Stay-GRAND INNA TUNJUNGAN","5","Promoters","5","5","Satisfied","5","Belum",,"5","5","5","5","4","4","3bf29c54-ad1f-45ac-868c-083a8b86db7e","Completed",,"05-01-2026 14:14:08",,"157203",,"cab97c1f-67b4-11f0-a847-0a0cda9789f2","bedac312-8aeb-4657-9774-18cf5ee7342c","3",,"true",,,,,,,,,,,,,,,,,,,"2",
"504","IJH","THE MANOHARA HOTEL YOGYAKARTA","YOGYAKARTA","4","HIPRO","Post Stay-THE MANOHARA HOTEL YOGYAKARTA","5","Promoters","5","5","Satisfied","5","Sudah cukup",,"4","4","5","5","4","4","793447fd-644d-48b5-9554-053382a6d29f","Completed",,"05-01-2026 15:14:36",,"230289",,"cab97c1f-67b4-11f0-a847-0a0cda9789f2","bedac312-8aeb-4657-9774-18cf5ee7342c","3",,"true",,,,,,,,,,,,,,,,,,,"2",
"505","IJH","TRUNTUM KUTA","BALI","4","HIPRO","Post Stay-TRUNTUM KUTA","4","Promoters","4","4","Satisfied","4",,,"4","4","3","3","3","3","43b91ca5-f6a1-43c5-893b-4dd68bd5a1bc","Completed",,"05-01-2026 15:29:49",,"114344",,"cab97c1f-67b4-11f0-a847-0a0cda9789f2","bedac312-8aeb-4657-9774-18cf5ee7342c","3",,"true",,,,,,,,,,,,,,,,,,,"2",
"506","IJH","MERUSAKA NUSA DUA","BALI","5","HIPRO","Post Stay-MERUSAKA NUSA DUA","5","Promoters","5","5","Satisfied","5","Would like the all inclusive to continue until we leave the premises.",,"5","5","5","5","3","3","e3335e4c-d857-4db0-b0f0-713c26238ad7","Completed",,"05-01-2026 17:30:13",,"720947",,"cab97c1f-67b4-11f0-a847-0a0cda9789f2","bedac312-8aeb-4657-9774-18cf5ee7342c","3",,"true",,,,,,,,,,,,,,,,,,,"2",
"507","IJH","INNA TRETES HOTEL & RESORT","JATIM","3","HIPRO","Post Stay-INNA TRETES HOTEL & RESORT","5","Promoters","5","5","Satisfied","5",,,"5","5","5","5","4","4","10567773-cccd-4c67-bacb-4e48788c5592","Completed",,"05-01-2026 19:03:35",,"399817",,"cab97c1f-67b4-11f0-a847-0a0cda9789f2","bedac312-8aeb-4657-9774-18cf5ee7342c","3",,"true",,,,,,,,,,,,,,,,,,,"2",
"508","IJH","TRUNTUM KUTA","BALI","4","HIPRO","Post Stay-TRUNTUM KUTA","5","Promoters","5","5","Satisfied","5","For me, next time I will stay again at Truntum but in a poolside room. Maybe leave long-life milk in the fridge, as I didn't make a coffee each morning as there was no milk (I probably should have asked).",,"5","5","4","4","4","4","9ce2eb42-69ac-425a-afdf-eb17b3163a87","Completed",,"06-01-2026 06:45:31",,"353164",,"cab97c1f-67b4-11f0-a847-0a0cda9789f2","bedac312-8aeb-4657-9774-18cf5ee7342c","3",,"true",,,,,,,,,,,,,,,,,,,"2",
"509","IJH","TRUNTUM KUTA","BALI","4","HIPRO","Post Stay-TRUNTUM KUTA","4","Promoters","4","4","Satisfied","4","no",,"5","5","5","5","4","4","1baa192d-e8af-4c7a-a6b3-2319bd92216b","Completed",,"06-01-2026 09:13:04",,"168198",,"cab97c1f-67b4-11f0-a847-0a0cda9789f2","bedac312-8aeb-4657-9774-18cf5ee7342c","3",,"true",,,,,,,,,,,,,,,,,,,"2",
"510","IJH","INNA TRETES HOTEL & RESORT","JATIM","3","HIPRO","Post Stay-INNA TRETES HOTEL & RESORT","5","Promoters","5","5","Satisfied","5","Sinyal wifi diperbaiki, telepon kamar juga. Kasih buku menu untuk layanan makan di kamar. Yang lain jos lah untuk kamar deluxe.",,"5","5","4","4","4","4","554e41f5-c2ce-4e22-93e0-39b5b29e532b","Completed",,"06-01-2026 11:07:21",,"317925",,"cab97c1f-67b4-11f0-a847-0a0cda9789f2","bedac312-8aeb-4657-9774-18cf5ee7342c","3",,"true",,,,,,,,,,,,,,,,,,,"2",
"511","IJH","TRUNTUM KUTA","BALI","4","HIPRO","Post Stay-TRUNTUM KUTA","5","Promoters","5","5","Satisfied","5","Was awesome staying at hotel, staff were great and  very helpful and friendly.",,"5","5","4","4","4","4","00d2f0ec-493d-4d8a-83ee-abd1d49b4a5b","Completed",,"06-01-2026 11:18:30",,"374307",,"cab97c1f-67b4-11f0-a847-0a0cda9789f2","bedac312-8aeb-4657-9774-18cf5ee7342c","3",,"true",,,,,,,,,,,,,,,,,,,"2",
"512","IJH","INNA TRETES HOTEL & RESORT","JATIM","3","HIPRO","Post Stay-INNA TRETES HOTEL & RESORT","5","Promoters","5","5","Satisfied","5","Snack corner yg deket resepsionis harap menjual pembalut juga biar yang butuh darurat tidak perlu keluar hotel untuk membeli pembalut",,"4","4","4","4","3","3","dbf3d62a-835d-4c11-b841-f70858b59a02","Completed",,"06-01-2026 11:19:45",,"447086",,"cab97c1f-67b4-11f0-a847-0a0cda9789f2","bedac312-8aeb-4657-9774-18cf5ee7342c","3",,"true",,,,,,,,,,,,,,,,,,,"2",
"513","IJH","INNA TRETES HOTEL & RESORT","JATIM","3","HIPRO","Post Stay-INNA TRETES HOTEL & RESORT","4","Promoters","4","4","Satisfied","4","Sudah sangat memuaskan",,"5","5","5","5","4","4","f8a501a3-5aa8-43a6-869b-7337e34f0042","Completed",,"06-01-2026 11:23:38",,"320379",,"cab97c1f-67b4-11f0-a847-0a0cda9789f2","bedac312-8aeb-4657-9774-18cf5ee7342c","3",,"true",,,,,,,,,,,,,,,,,,,"2",
"514","IJH","INNA TRETES HOTEL & RESORT","JATIM","3","HIPRO","Post Stay-INNA TRETES HOTEL & RESORT","5","Promoters","5","5","Satisfied","5",,,"5","5","5","5","4","4","9719d4d5-0ed1-43cc-99f7-b95b19968a42","Completed",,"06-01-2026 12:48:07",,"168724",,"cab97c1f-67b4-11f0-a847-0a0cda9789f2","bedac312-8aeb-4657-9774-18cf5ee7342c","3",,"true",,,,,,,,,,,,,,,,,,,"2",
"515","IJH","TRUNTUM KUTA","BALI","4","HIPRO","Post Stay-TRUNTUM KUTA","5","Promoters","5","5","Satisfied","5",,,"4","4","4","4","4","4","664010a5-cbe3-4af2-8d89-978ec04c654f","Completed",,"06-01-2026 13:05:46",,"168673",,"cab97c1f-67b4-11f0-a847-0a0cda9789f2","bedac312-8aeb-4657-9774-18cf5ee7342c","3",,"true",,,,,,,,,,,,,,,,,,,"2",
"516","IJH","MERUSAKA NUSA DUA","BALI","5","HIPRO","Post Stay-MERUSAKA NUSA DUA","4","Promoters","4","4","Satisfied","4","shuttle bus to BALI COLLECTION?",,"5","5","4","4","3","3","dec81c8f-5f9d-4e01-b578-add058927172","Completed",,"06-01-2026 13:57:55",,"328150",,"cab97c1f-67b4-11f0-a847-0a0cda9789f2","bedac312-8aeb-4657-9774-18cf5ee7342c","3",,"true",,,,,,,,,,,,,,,,,,,"2",
"517","IJH","MERUSAKA NUSA DUA","BALI","5","HIPRO","Post Stay-MERUSAKA NUSA DUA","3","Passive","3","3","Neutral","3","Restaurant menus pretty similar",,"5","5","5","5","4","4","437363b5-c39c-458a-bf73-3aa463051db3","Completed",,"06-01-2026 14:42:11",,"227991",,"cab97c1f-67b4-11f0-a847-0a0cda9789f2","bedac312-8aeb-4657-9774-18cf5ee7342c","3",,"true",,,,,,,,,,,,,,,,,,,"2",
"518","IJH","MERUSAKA NUSA DUA","BALI","5","HIPRO","Post Stay-MERUSAKA NUSA DUA","5","Promoters","5","5","Satisfied","5","Wonderful stay, so kind and welcoming",,"5","5","5","5","4","4","88cf4581-6db0-4ad8-94ba-3d206f4091fd","Completed",,"06-01-2026 19:17:33",,"141675",,"cab97c1f-67b4-11f0-a847-0a0cda9789f2","bedac312-8aeb-4657-9774-18cf5ee7342c","3",,"true",,,,,,,,,,,,,,,,,,,"2",
"519","IJH","GRAND INNA TUNJUNGAN","JATIM","4","HIPRO","Post Stay-GRAND INNA TUNJUNGAN","5","Promoters","5","5","Satisfied","5","Sangat baik",,"5","5","5","5","4","4","8ea33674-408d-4153-addf-a6a2ae25be21","Completed",,"07-01-2026 11:56:24",,"281660",,"cab97c1f-67b4-11f0-a847-0a0cda9789f2","bedac312-8aeb-4657-9774-18cf5ee7342c","3",,"true",,,,,,,,,,,,,,,,,,,"2",
"520","IJH","THE MANOHARA HOTEL YOGYAKARTA","YOGYAKARTA","4","HIPRO","Post Stay-THE MANOHARA HOTEL YOGYAKARTA","5","Promoters","5","5","Satisfied","5","Sudah oke",,"5","5","4","4","3","3","c3cd4a81-f4e8-4941-a4c7-ce92719859eb","Completed",,"07-01-2026 12:22:24",,"340202",,"cab97c1f-67b4-11f0-a847-0a0cda9789f2","bedac312-8aeb-4657-9774-18cf5ee7342c","3",,"true",,,,,,,,,,,,,,,,,,,"2",
"521","IJH","TRUNTUM KUTA","BALI","4","HIPRO","Post Stay-TRUNTUM KUTA","4","Promoters","4","4","Satisfied","4","N",,"4","4","4","4","4","4","afb63a95-5720-4169-ba18-471b85a2a5dc","Completed",,"07-01-2026 13:42:46",,"126758",,"cab97c1f-67b4-11f0-a847-0a0cda9789f2","bedac312-8aeb-4657-9774-18cf5ee7342c","3",,"true",,,,,,,,,,,,,,,,,,,"2",
"522","IJH","TRUNTUM KUTA","BALI","4","HIPRO","Post Stay-TRUNTUM KUTA","4","Promoters","4","4","Satisfied","4","No",,"5","5","3","3","3","3","cc775a65-4ecb-46ba-94f0-e05da2a64e2a","Completed",,"07-01-2026 14:28:53",,"148081",,"cab97c1f-67b4-11f0-a847-0a0cda9789f2","bedac312-8aeb-4657-9774-18cf5ee7342c","3",,"true",,,,,,,,,,,,,,,,,,,"2",
"523","IJH","THE MANOHARA HOTEL YOGYAKARTA","YOGYAKARTA","4","HIPRO","Post Stay-THE MANOHARA HOTEL YOGYAKARTA","5","Promoters","5","5","Satisfied","5","Pokoknya terbaik, mba adisty ramaaaah polllll",,"5","5","5","5","4","4","b5eeedbf-4b6e-4db9-b5ba-d5574f4167f6","Completed",,"07-01-2026 17:09:10",,"158715",,"cab97c1f-67b4-11f0-a847-0a0cda9789f2","bedac312-8aeb-4657-9774-18cf5ee7342c","3",,"true",,,,,,,,,,,,,,,,,,,"2",
"524","IJH","MERUSAKA NUSA DUA","BALI","5","HIPRO","Post Stay-MERUSAKA NUSA DUA","5","Promoters","5","5","Satisfied","5","Slower check in process",,"5","5","5","5","4","4","ad8379c1-10b7-4f8e-aab1-5d9fc7ac41f8","Completed",,"08-01-2026 05:17:29",,"238436",,"cab97c1f-67b4-11f0-a847-0a0cda9789f2","bedac312-8aeb-4657-9774-18cf5ee7342c","3",,"true",,,,,,,,,,,,,,,,,,,"2",
"525","IJH","THE MANOHARA HOTEL YOGYAKARTA","YOGYAKARTA","4","HIPRO","Post Stay-THE MANOHARA HOTEL YOGYAKARTA","5","Promoters","5","5","Satisfied","5","Untuk Bathroom mungkin bisa diminimalisir aroma tidak sedap dari closet yang masih sedikit membekas setelah digunakan😄 dengan pengharum atau lain sebagainya. Untuk selebihnya sudah sangat baik dan sangat memuaskan pengalaman menginap di Manohara Hotel. Kami ucapkan terima kasih banyak atas pelayanannya bapak/ibu 🙏🏻",,"5","5","5","5","4","4","e67ca6f3-2dc7-4ff9-87d1-7a87c476f6a4","Completed",,"08-01-2026 20:30:19",,"851080",,"cab97c1f-67b4-11f0-a847-0a0cda9789f2","bedac312-8aeb-4657-9774-18cf5ee7342c","3",,"true",,,,,,,,,,,,,,,,,,,"2",
"526","IJH","MERUSAKA NUSA DUA","BALI","5","HIPRO","Post Stay-MERUSAKA NUSA DUA","5","Promoters","5","5","Satisfied","5",,,"5","5","4","4","4","4","b425b94c-7027-4850-b2e2-d60a97c35aa9","Completed",,"08-01-2026 20:58:45",,"189222",,"cab97c1f-67b4-11f0-a847-0a0cda9789f2","bedac312-8aeb-4657-9774-18cf5ee7342c","3",,"true",,,,,,,,,,,,,,,,,,,"2",
"527","IJH","MERUSAKA NUSA DUA","BALI","5","HIPRO","Post Stay-MERUSAKA NUSA DUA","5","Promoters","5","5","Satisfied","5",,,"5","5","5","5","4","4","e6f37ba8-801f-4bcb-ab98-34d2bb808c4e","Completed",,"08-01-2026 21:31:25",,"1271075",,"cab97c1f-67b4-11f0-a847-0a0cda9789f2","bedac312-8aeb-4657-9774-18cf5ee7342c","3",,"true",,,,,,,,,,,,,,,,,,,"2",
"528","IJH","MERUSAKA NUSA DUA","BALI","5","HIPRO","Post Stay-MERUSAKA NUSA DUA","5","Promoters","5","5","Satisfied","5",,,"5","5","5","5","4","4","9611d077-41b9-4fec-824a-93e1925ada03","Completed",,"09-01-2026 08:36:17",,"305602",,"cab97c1f-67b4-11f0-a847-0a0cda9789f2","bedac312-8aeb-4657-9774-18cf5ee7342c","3",,"true",,,,,,,,,,,,,,,,,,,"2",
"529","IJH","GRAND INNA TUNJUNGAN","JATIM","4","HIPRO","Post Stay-GRAND INNA TUNJUNGAN","5","Promoters","5","5","Satisfied","5","Cukup",,"5","5","4","4","3","3","50f11b1a-e98f-41f3-afcd-da5b1eec60d9","Completed",,"09-01-2026 11:10:44",,"606420",,"cab97c1f-67b4-11f0-a847-0a0cda9789f2","bedac312-8aeb-4657-9774-18cf5ee7342c","3",,"true",,,,,,,,,,,,,,,,,,,"2",
"530","IJH","MERUSAKA NUSA DUA","BALI","5","HIPRO","Post Stay-MERUSAKA NUSA DUA","4","Promoters","4","4","Satisfied","4","Improve the taste of breakfast dishes and avoid watering down fresh juices. Also, organize accommodations for tourists for breakfast without queues. Breakfasts generally don't meet 5-star standards.",,"4","4","5","5","4","4","ab33ee14-4e04-4985-9b77-4741340095f3","Completed",,"09-01-2026 15:45:22",,"630793",,"cab97c1f-67b4-11f0-a847-0a0cda9789f2","bedac312-8aeb-4657-9774-18cf5ee7342c","3",,"true",,,,,,,,,,,,,,,,,,,"2",
"531","IJH","THE MANOHARA HOTEL YOGYAKARTA","YOGYAKARTA","4","HIPRO","Post Stay-THE MANOHARA HOTEL YOGYAKARTA","5","Promoters","5","5","Satisfied","5","Tidak ada",,"5","5","4","4","3","3","0a213a18-4539-454b-9392-090affffa3ce","Completed",,"09-01-2026 15:59:01",,"148628",,"cab97c1f-67b4-11f0-a847-0a0cda9789f2","bedac312-8aeb-4657-9774-18cf5ee7342c","3",,"true",,,,,,,,,,,,,,,,,,,"2",
"532","IJH","INNA TRETES HOTEL & RESORT","JATIM","3","HIPRO","Post Stay-INNA TRETES HOTEL & RESORT","5","Promoters","5","5","Satisfied","5","Mukenah di mushola nya supaya nyaman beribadah dicuci Krn waktu dipakai dari wanginya kurang enak.terima kasih",,"5","5","4","4","3","3","e851e628-4cc1-4e71-a605-1c6444cb86e1","Completed",,"10-01-2026 04:32:15",,"559465",,"cab97c1f-67b4-11f0-a847-0a0cda9789f2","bedac312-8aeb-4657-9774-18cf5ee7342c","3",,"true",,,,,,,,,,,,,,,,,,,"2",
"533","IJH","MERUSAKA NUSA DUA","BALI","5","HIPRO","Post Stay-MERUSAKA NUSA DUA","5","Promoters","5","5","Satisfied","5",,,"5","5","5","5","4","4","92be9e1a-2381-4d9f-90b6-51e88f470507","Completed",,"10-01-2026 12:27:52",,"176240",,"cab97c1f-67b4-11f0-a847-0a0cda9789f2","bedac312-8aeb-4657-9774-18cf5ee7342c","3",,"true",,,,,,,,,,,,,,,,,,,"2",
"534","IJH","MERUSAKA NUSA DUA","BALI","5","HIPRO","Post Stay-MERUSAKA NUSA DUA","5","Promoters","5","5","Satisfied","5","No it’s my third time at Merusaka and I loved it",,"5","5","5","5","4","4","e1682f4b-fb43-42fb-ab1d-073141d2dbe9","Completed",,"10-01-2026 12:47:14",,"132261",,"cab97c1f-67b4-11f0-a847-0a0cda9789f2","bedac312-8aeb-4657-9774-18cf5ee7342c","3",,"true",,,,,,,,,,,,,,,,,,,"2",
"535","IJH","TRUNTUM KUTA","BALI","4","HIPRO","Post Stay-TRUNTUM KUTA","5","Promoters","5","5","Satisfied","5","No",,"5","5","5","5","4","4","b9c1434c-0fe4-4d01-acb2-d326bba82103","Completed",,"11-01-2026 11:48:14",,"215531",,"cab97c1f-67b4-11f0-a847-0a0cda9789f2","bedac312-8aeb-4657-9774-18cf5ee7342c","3",,"true",,,,,,,,,,,,,,,,,,,"2",
"536","IJH","MERUSAKA NUSA DUA","BALI","5","HIPRO","Post Stay-MERUSAKA NUSA DUA","5","Promoters","5","5","Satisfied","5",,,"5","5","5","5","4","4","48102899-16f9-4b86-8e87-97a5b016e110","Completed",,"11-01-2026 12:22:02",,"107095",,"cab97c1f-67b4-11f0-a847-0a0cda9789f2","bedac312-8aeb-4657-9774-18cf5ee7342c","3",,"true",,,,,,,,,,,,,,,,,,,"2",
"537","IJH","THE MANOHARA HOTEL YOGYAKARTA","YOGYAKARTA","4","HIPRO","Post Stay-THE MANOHARA HOTEL YOGYAKARTA","4","Promoters","4","4","Satisfied","4",,,"5","5","5","5","4","4","620e735c-e63e-443e-ab17-3120b5548e25","Completed",,"11-01-2026 12:48:30",,"1121182",,"cab97c1f-67b4-11f0-a847-0a0cda9789f2","bedac312-8aeb-4657-9774-18cf5ee7342c","3",,"true",,,,,,,,,,,,,,,,,,,"2",
"538","IJH","THE MANOHARA HOTEL YOGYAKARTA","YOGYAKARTA","4","HIPRO","Post Stay-THE MANOHARA HOTEL YOGYAKARTA","5","Promoters","5","5","Satisfied","5",,,"5","5","5","5","4","4","df4e363d-4888-4c84-ae18-59873e9baa34","Completed",,"12-01-2026 07:15:44",,"102647",,"cab97c1f-67b4-11f0-a847-0a0cda9789f2","bedac312-8aeb-4657-9774-18cf5ee7342c","3",,"true",,,,,,,,,,,,,,,,,,,"2",
"539","IJH","TRUNTUM KUTA","BALI","4","HIPRO","Post Stay-TRUNTUM KUTA","5","Promoters","5","5","Satisfied","5","great staff thank you for a pleasant stay",,"5","5","5","5","4","4","55504254-f64a-491b-ad04-5efeb5b40f3d","Completed",,"12-01-2026 07:37:17",,"199806",,"cab97c1f-67b4-11f0-a847-0a0cda9789f2","bedac312-8aeb-4657-9774-18cf5ee7342c","3",,"true",,,,,,,,,,,,,,,,,,,"2",
"540","IJH","THE MANOHARA HOTEL YOGYAKARTA","YOGYAKARTA","4","HIPRO","Post Stay-THE MANOHARA HOTEL YOGYAKARTA","4","Promoters","4","4","Satisfied","4","Tidak",,"5","5","5","5","4","4","be195156-17ec-40be-ab6b-d728a7197741","Completed",,"12-01-2026 08:25:07",,"132878",,"cab97c1f-67b4-11f0-a847-0a0cda9789f2","bedac312-8aeb-4657-9774-18cf5ee7342c","3",,"true",,,,,,,,,,,,,,,,,,,"2",
"541","IJH","TRUNTUM KUTA","BALI","4","HIPRO","Post Stay-TRUNTUM KUTA","3","Passive","3","3","Neutral","3","The wifi connection should be improved and be strong from guests rooms and not just the lobby",,"3","3","3","3","3","3","06466804-e094-4834-a7ee-7e74b43d7cee","Completed",,"12-01-2026 10:03:53",,"151432",,"cab97c1f-67b4-11f0-a847-0a0cda9789f2","bedac312-8aeb-4657-9774-18cf5ee7342c","3",,"true",,,,,,,,,,,,,,,,,,,"2",
"542","IJH","THE MANOHARA HOTEL YOGYAKARTA","YOGYAKARTA","4","HIPRO","Post Stay-THE MANOHARA HOTEL YOGYAKARTA","5","Promoters","5","5","Satisfied","5",,,"5","5","5","5","4","4","401923c1-479c-43f2-a56a-2cdf3c44c25d","Completed",,"13-01-2026 10:49:40",,"66168",,"cab97c1f-67b4-11f0-a847-0a0cda9789f2","bedac312-8aeb-4657-9774-18cf5ee7342c","3",,"true",,,,,,,,,,,,,,,,,,,"2",
"543","IJH","MERUSAKA NUSA DUA","BALI","5","HIPRO","Post Stay-MERUSAKA NUSA DUA","5","Promoters","5","5","Satisfied","5","No",,"5","5","4","4","4","4","53ff74d6-04b3-4448-a848-77a078b315ce","Completed",,"13-01-2026 12:00:07",,"247318",,"cab97c1f-67b4-11f0-a847-0a0cda9789f2","bedac312-8aeb-4657-9774-18cf5ee7342c","3",,"true",,,,,,,,,,,,,,,,,,,"2",
"544","IJH","MERUSAKA NUSA DUA","BALI","5","HIPRO","Post Stay-MERUSAKA NUSA DUA","5","Promoters","5","5","Satisfied","5",,,"5","5","5","5","4","4","12f4a460-a5d5-4fbf-b507-e60376f21f87","Completed",,"13-01-2026 19:12:15",,"1649948",,"cab97c1f-67b4-11f0-a847-0a0cda9789f2","bedac312-8aeb-4657-9774-18cf5ee7342c","3",,"true",,,,,,,,,,,,,,,,,,,"2",
"545","IJH","MERUSAKA NUSA DUA","BALI","5","HIPRO","Post Stay-MERUSAKA NUSA DUA","4","Promoters","4","4","Satisfied","4","Restaurant lighting too dark as well",,"5","5","4","4","4","4","ceddc4ff-0fab-4eba-80c9-1f0e0435daa5","Completed",,"14-01-2026 07:09:25",,"287191",,"cab97c1f-67b4-11f0-a847-0a0cda9789f2","bedac312-8aeb-4657-9774-18cf5ee7342c","3",,"true",,,,,,,,,,,,,,,,,,,"2",
"546","IJH","TRUNTUM KUTA","BALI","4","HIPRO","Post Stay-TRUNTUM KUTA","5","Promoters","5","5","Satisfied","5","Wellness centre needs to improve their bookings and keeping control of large bookings. This is suppose to be a calming area for stress relief and relaxation. Noise needs to be kept to a minimum. Quest need to be reminded this is a quiet place. I returned to find one of my guest very distressed after her treatment that she walked out on. I also went to my booking to find it was not booked. I missed a family activity as I was booked for a massage that never happened",,"5","5","5","5","4","4","c5f75829-5674-48d8-a08b-b9d8663baf54","Completed",,"14-01-2026 07:16:16",,"566419",,"cab97c1f-67b4-11f0-a847-0a0cda9789f2","bedac312-8aeb-4657-9774-18cf5ee7342c","3",,"true",,,,,,,,,,,,,,,,,,,"2",
"547","IJH","TRUNTUM KUTA","BALI","4","HIPRO","Post Stay-TRUNTUM KUTA","5","Promoters","5","5","Satisfied","5","All good",,"5","5","5","5","4","4","ef5f4eac-8254-46cc-b0f5-bf033ab1ce25","Completed",,"14-01-2026 08:15:02",,"153129",,"cab97c1f-67b4-11f0-a847-0a0cda9789f2","bedac312-8aeb-4657-9774-18cf5ee7342c","3",,"true",,,,,,,,,,,,,,,,,,,"2",
"548","IJH","THE MANOHARA HOTEL YOGYAKARTA","YOGYAKARTA","4","HIPRO","Post Stay-THE MANOHARA HOTEL YOGYAKARTA","5","Promoters","5","5","Satisfied","5","Wifi dipercepat",,"5","5","5","5","4","4","555111cc-0fc4-44ff-b038-cf56760ffe3b","Completed",,"14-01-2026 08:45:43",,"270223",,"cab97c1f-67b4-11f0-a847-0a0cda9789f2","bedac312-8aeb-4657-9774-18cf5ee7342c","3",,"true",,,,,,,,,,,,,,,,,,,"2",
"549","IJH","THE MANOHARA HOTEL YOGYAKARTA","YOGYAKARTA","4","HIPRO","Post Stay-THE MANOHARA HOTEL YOGYAKARTA","5","Promoters","5","5","Satisfied","5",,,"5","5","5","5","4","4","052d07f5-68e6-409a-8226-7de8d4129341","Completed",,"14-01-2026 12:19:37",,"250757",,"cab97c1f-67b4-11f0-a847-0a0cda9789f2","bedac312-8aeb-4657-9774-18cf5ee7342c","3",,"true",,,,,,,,,,,,,,,,,,,"2",
"550","IJH","MERUSAKA NUSA DUA","BALI","5","HIPRO","Post Stay-MERUSAKA NUSA DUA","5","Promoters","5","5","Satisfied","5","More variety of gluten and dairy free options",,"5","5","5","5","4","4","fc59862e-a5c9-467b-84eb-1614ed542e4e","Completed",,"15-01-2026 08:37:44",,"197132",,"cab97c1f-67b4-11f0-a847-0a0cda9789f2","bedac312-8aeb-4657-9774-18cf5ee7342c","3",,"true",,,,,,,,,,,,,,,,,,,"2",
"551","IJH","THE MANOHARA HOTEL YOGYAKARTA","YOGYAKARTA","4","HIPRO","Post Stay-THE MANOHARA HOTEL YOGYAKARTA","5","Promoters","5","5","Satisfied","5",,,"5","5","5","5","4","4","1b203f46-2e66-49f0-9b3c-af21a2ede1e7","Completed",,"15-01-2026 08:42:15",,"337570",,"cab97c1f-67b4-11f0-a847-0a0cda9789f2","bedac312-8aeb-4657-9774-18cf5ee7342c","3",,"true",,,,,,,,,,,,,,,,,,,"2",
"552","IJH","MERUSAKA NUSA DUA","BALI","5","HIPRO","Post Stay-MERUSAKA NUSA DUA","5","Promoters","5","5","Satisfied","5",,,"5","5","5","5","4","4","3dc6a63b-9fc5-4bbe-91fd-8e898f08df83","Completed",,"15-01-2026 09:22:05",,"102556",,"cab97c1f-67b4-11f0-a847-0a0cda9789f2","bedac312-8aeb-4657-9774-18cf5ee7342c","3",,"true",,,,,,,,,,,,,,,,,,,"2",
"553","IJH","TRUNTUM KUTA","BALI","4","HIPRO","Post Stay-TRUNTUM KUTA","5","Promoters","5","5","Satisfied","5",,,"5","5","5","5","4","4","b6e23750-c90b-4232-9905-360c3c00efa8","Completed",,"15-01-2026 12:31:27",,"165347",,"cab97c1f-67b4-11f0-a847-0a0cda9789f2","bedac312-8aeb-4657-9774-18cf5ee7342c","3",,"true",,,,,,,,,,,,,,,,,,,"2",
"554","IJH","GRAND INNA TUNJUNGAN","JATIM","4","HIPRO","Post Stay-GRAND INNA TUNJUNGAN","4","Promoters","4","4","Satisfied","4","Pekerjaan renovasi sebaiknya diawasi lebih ketat karena sudah melewati batas jam bekerja sesuai pengumuman tetapi masih menimbulkan suara bising dari pekerjaan renov setelah batas waktu.",,"5","5","3","3","3","3","6abb41e4-4bf0-41aa-9830-b36ce00fd9e7","Completed",,"15-01-2026 14:35:23",,"196771",,"cab97c1f-67b4-11f0-a847-0a0cda9789f2","bedac312-8aeb-4657-9774-18cf5ee7342c","3",,"true",,,,,,,,,,,,,,,,,,,"2",
"555","IJH","MERUSAKA NUSA DUA","BALI","5","HIPRO","Post Stay-MERUSAKA NUSA DUA","5","Promoters","5","5","Satisfied","5","None",,"5","5","5","5","4","4","c148ce9e-1d92-4fa7-b776-50ae765a44d7","Completed",,"15-01-2026 16:05:39",,"341811",,"cab97c1f-67b4-11f0-a847-0a0cda9789f2","bedac312-8aeb-4657-9774-18cf5ee7342c","3",,"true",,,,,,,,,,,,,,,,,,,"2",
"556","IJH","THE MANOHARA HOTEL YOGYAKARTA","YOGYAKARTA","4","HIPRO","Post Stay-THE MANOHARA HOTEL YOGYAKARTA","5","Promoters","5","5","Satisfied","5","Mungkin untuk timing room service,karna waktu kita menginap operator room service tidak memberi kita estimasi waktu dan akhirnya kita menunggu makanan datang lama",,"5","5","4","4","4","4","7ce535fb-4bb6-44d8-9c90-170d853d505e","Completed",,"15-01-2026 17:35:41",,"209628",,"cab97c1f-67b4-11f0-a847-0a0cda9789f2","bedac312-8aeb-4657-9774-18cf5ee7342c","3",,"true",,,,,,,,,,,,,,,,,,,"2",
"557","IJH","MERUSAKA NUSA DUA","BALI","5","HIPRO","Post Stay-MERUSAKA NUSA DUA","5","Promoters","5","5","Satisfied","5",,,"5","5","5","5","4","4","beb85f13-6d4c-42de-a55b-70d9f1d3f1fa","Completed",,"15-01-2026 19:29:09",,"76917",,"cab97c1f-67b4-11f0-a847-0a0cda9789f2","bedac312-8aeb-4657-9774-18cf5ee7342c","3",,"true",,,,,,,,,,,,,,,,,,,"2",
"558","IJH","MERUSAKA NUSA DUA","BALI","5","HIPRO","Post Stay-MERUSAKA NUSA DUA","5","Promoters","5","5","Satisfied","5","None",,"5","5","5","5","4","4","84553d5e-2e18-45a9-8be6-9c25ee15dd26","Completed",,"16-01-2026 17:28:49",,"165837",,"cab97c1f-67b4-11f0-a847-0a0cda9789f2","bedac312-8aeb-4657-9774-18cf5ee7342c","3",,"true",,,,,,,,,,,,,,,,,,,"2",
"559","IJH","TRUNTUM KUTA","BALI","4","HIPRO","Post Stay-TRUNTUM KUTA","5","Promoters","5","5","Satisfied","5",,,"5","5","4","4","3","3","aee1e479-76f5-43eb-af86-0ace3b10e772","Completed",,"16-01-2026 19:46:26",,"538502",,"cab97c1f-67b4-11f0-a847-0a0cda9789f2","bedac312-8aeb-4657-9774-18cf5ee7342c","3",,"true",,,,,,,,,,,,,,,,,,,"2",
"560","IJH","THE MANOHARA HOTEL YOGYAKARTA","YOGYAKARTA","4","HIPRO","Post Stay-THE MANOHARA HOTEL YOGYAKARTA","5","Promoters","5","5","Satisfied","5","tidak ada",,"5","5","5","5","4","4","5b4af9fa-03fc-486d-9c28-6756e8dd2ffa","Completed",,"17-01-2026 09:06:39",,"150353",,"cab97c1f-67b4-11f0-a847-0a0cda9789f2","bedac312-8aeb-4657-9774-18cf5ee7342c","3",,"true",,,,,,,,,,,,,,,,,,,"2",
"561","IJH","THE MANOHARA HOTEL YOGYAKARTA","YOGYAKARTA","4","HIPRO","Post Stay-THE MANOHARA HOTEL YOGYAKARTA","5","Promoters","5","5","Satisfied","5","tidak",,"5","5","5","5","4","4","99421ac5-3778-4f89-971d-9e81027ddd3a","Completed",,"17-01-2026 10:02:27",,"178287",,"cab97c1f-67b4-11f0-a847-0a0cda9789f2","bedac312-8aeb-4657-9774-18cf5ee7342c","3",,"true",,,,,,,,,,,,,,,,,,,"2",
"562","IJH","INNA SINDHU BEACH HOTEL & RESORT","BALI","3","HIPRO","Post Stay-INNA SINDHU BEACH HOTEL & RESORT","5","Promoters","5","5","Satisfied","5","The man at the front desk helped me with my luggage when I checked out.  That was very kind.",,"5","5","5","5","4","4","1856c62a-cde0-4020-ba31-1c785fa04ef6","Completed",,"17-01-2026 13:40:24",,"238017",,"cab97c1f-67b4-11f0-a847-0a0cda9789f2","bedac312-8aeb-4657-9774-18cf5ee7342c","3",,"true",,,,,,,,,,,,,,,,,,,"2",
"563","IJH","MERUSAKA NUSA DUA","BALI","5","HIPRO","Post Stay-MERUSAKA NUSA DUA","5","Promoters","5","5","Satisfied","5","None",,"5","5","5","5","4","4","d66b1e18-d3a4-49ab-9e77-3c602106c98f","Completed",,"18-01-2026 11:01:33",,"209524",,"cab97c1f-67b4-11f0-a847-0a0cda9789f2","bedac312-8aeb-4657-9774-18cf5ee7342c","3",,"true",,,,,,,,,,,,,,,,,,,"2",
"564","IJH","TRUNTUM KUTA","BALI","4","HIPRO","Post Stay-TRUNTUM KUTA","5","Promoters","5","5","Satisfied","5",,,"5","5","5","5","3","3","b7ed37b5-5d57-400b-8551-0b084ab93315","Completed",,"18-01-2026 11:06:53",,"136960",,"cab97c1f-67b4-11f0-a847-0a0cda9789f2","bedac312-8aeb-4657-9774-18cf5ee7342c","3",,"true",,,,,,,,,,,,,,,,,,,"2",
"565","IJH","MERUSAKA NUSA DUA","BALI","5","HIPRO","Post Stay-MERUSAKA NUSA DUA","5","Promoters","5","5","Satisfied","5","disediakan sepeda / scooter untuk berkeliling hotel",,"4","4","4","4","3","3","b8435049-5548-4880-af6c-e27fbb0fe2eb","Completed",,"18-01-2026 15:41:22",,"260073",,"cab97c1f-67b4-11f0-a847-0a0cda9789f2","bedac312-8aeb-4657-9774-18cf5ee7342c","3",,"true",,,,,,,,,,,,,,,,,,,"2",
"566","IJH","THE MANOHARA HOTEL YOGYAKARTA","YOGYAKARTA","4","HIPRO","Post Stay-THE MANOHARA HOTEL YOGYAKARTA","5","Promoters","5","5","Satisfied","5",,,"4","4","4","4","3","3","24feda9d-bafb-4d27-8bb5-bc3332e41c58","Completed",,"19-01-2026 08:47:22",,"72756",,"cab97c1f-67b4-11f0-a847-0a0cda9789f2","bedac312-8aeb-4657-9774-18cf5ee7342c","3",,"true",,,,,,,,,,,,,,,,,,,"2",
"567","IJH","TRUNTUM KUTA","BALI","4","HIPRO","Post Stay-TRUNTUM KUTA","5","Promoters","5","5","Satisfied","5",,,"5","5","5","5","4","4","dcc1b017-e10b-458a-8d41-1ec9a38b22ef","Completed",,"19-01-2026 11:13:33",,"1010477",,"cab97c1f-67b4-11f0-a847-0a0cda9789f2","bedac312-8aeb-4657-9774-18cf5ee7342c","3",,"true",,,,,,,,,,,,,,,,,,,"2",
"568","IJH","MERUSAKA NUSA DUA","BALI","5","HIPRO","Post Stay-MERUSAKA NUSA DUA","5","Promoters","5","5","Satisfied","5","i have no idea...everything is beyond my expectations",,"5","5","5","5","4","4","ec1ef4ee-cc0b-43f8-8101-5e85632a7b74","Completed",,"19-01-2026 13:11:33",,"402494",,"cab97c1f-67b4-11f0-a847-0a0cda9789f2","bedac312-8aeb-4657-9774-18cf5ee7342c","3",,"true",,,,,,,,,,,,,,,,,,,"2",
"569","IJH","MERUSAKA NUSA DUA","BALI","5","HIPRO","Post Stay-MERUSAKA NUSA DUA","5","Promoters","5","5","Satisfied","5","none",,"5","5","5","5","4","4","ff5d74ba-71b4-4e00-b55b-70fc9055944f","Completed",,"19-01-2026 13:56:21",,"318543",,"cab97c1f-67b4-11f0-a847-0a0cda9789f2","bedac312-8aeb-4657-9774-18cf5ee7342c","3",,"true",,,,,,,,,,,,,,,,,,,"2",
"570","IJH","MERUSAKA NUSA DUA","BALI","5","HIPRO","Post Stay-MERUSAKA NUSA DUA","5","Promoters","5","5","Satisfied","5","Would like to call out how accommodating, educated and helpful staff were when assisting with gluten free meal options. All staff knew how to deal with this, provide alternatives and even provide off
menu alternatives. I would say much more accommodating than restaurants in Australia. My daughter felt very supported and ate delicious food.",,"5","5","5","5","4","4","c75c72b2-b89a-4472-942e-9ad95cf86836","Completed",,"19-01-2026 16:43:47",,"409246",,"cab97c1f-67b4-11f0-a847-0a0cda9789f2","bedac312-8aeb-4657-9774-18cf5ee7342c","3",,"true",,,,,,,,,,,,,,,,,,,"2",
"571","IJH","MERUSAKA NUSA DUA","BALI","5","HIPRO","Post Stay-MERUSAKA NUSA DUA","5","Promoters","5","5","Satisfied","5",,,"5","5","5","5","4","4","f6157a14-1b3b-4321-89d4-24ebfbe06b2d","Completed",,"20-01-2026 07:25:30",,"139724",,"cab97c1f-67b4-11f0-a847-0a0cda9789f2","bedac312-8aeb-4657-9774-18cf5ee7342c","3",,"true",,,,,,,,,,,,,,,,,,,"2",
"572","IJH","MERUSAKA NUSA DUA","BALI","5","HIPRO","Post Stay-MERUSAKA NUSA DUA","2","Detractor","2","2","Not Satisfied","2","I already left feedback in my room btw, but I have additional concerns. It was because I was having a terrible experience when I was about to pick up my luggage. I wrote a review right after on Google Maps, but it was deleted, why??? Because I gave a low rating? Then I tried to reach out to the contact on your website and I was left on read? What terrible services. Here I re-wrote my review, please take a deep concern: I was about to give 5 stars, but then they made me change my mind. I was bragging about this place to my friends and fam since the room and location were top notch and a plus point warm welcome during check-in and check-out with Bali music as the background. Appreciate the receptionist staff and staff in gading resto, especially during dinner time.
Anyway, it was so crowded during breakfast, but all good.
But then I experienced bad things about some staff's 'bad' attitude.
First, I met a gardener and buggy car driver, then ofc I nodded and smile but they ignored me hahah they didn’t even nod back or smile back.
Second, at 5.45 a.m I just locked my door cause I was about to go to the beach and I met someone who took care in dining room or laundry (I don't remember exactly), then I greeted them “Selamat Pagi” and he was just quiet and took a glance at me. I almost thought he was a ghost, but I can barely see him right after pushing something like a stroller for the laundry/bowl.
Third, I left my luggage in the hotel cause I have another schedule and my flight will be on 9 p.m. All was good till I went back to the hotel using a motorcycle and the security in front of the gate stopped me and looked at me from toe to head asking where I was going. I was like????? I answered I want to go to the lobby and he answered are you staying at this hotel like???? Dude, hahahah even the foreigner in front of me wasn’t treated like that and they were also using a motorcycle. I answered “ofc, I stayed there and want to get my luggage”. I was so annoyed.
Fourth (ohmygosh). The security in front of the lobby hotel was looking at me and my friend awkwardly. Then my friend asked where the motorcycle parking and he showed the direction. And at that time, I was about to get off the motorcycle and the security already asked my friend to go when I was still taking off my helmet! And my friend was about to go to the parking lot! Astaghfirullah. I stared directly at him and he said, “bisa dipercepat karna ada mobil mengantri di belakang”. Then I answered “SABAR” hahaha, and he looked at me after that. If you count the duration from when I arrived, asked the security about the parking lot, and took off my helmet, it wasn’t even 3 minutes. Very, very disappointing behavior. Don’t talk about managing the crowd, it was not even that crowded in your lobby drop-off. Previously, I arrived there using a taxi and I wasn't told to be that quick to get out of the taxi.

I used to stay in a 4-star hotel around Kuta and the service was wayyyyy better, starting from the security, the receptionist, the concierge, staffs I met in the building and resto. Shame on you for real.
If you want to treat foreigners better than locals, just block locals. As if you guys who work there aren’t local lol.
This is the longest review that I ever wrote and sadly, it was bad.",,"1","1","4","4","4","4","b1130630-a7a5-46be-a848-ea926370433c","Completed",,"20-01-2026 08:48:10",,"583856",,"cab97c1f-67b4-11f0-a847-0a0cda9789f2","bedac312-8aeb-4657-9774-18cf5ee7342c","3",,"true",,,,,,,,,,,,,,,,,,,"2",
"573","IJH","MERUSAKA NUSA DUA","BALI","5","HIPRO","Post Stay-MERUSAKA NUSA DUA","5","Promoters","5","5","Satisfied","5","Need more entertainment around the resort.  Need something to pick up the vibe, not depressing duos singing boring songs.  Hold more theme nights - Balinese, Hawaiian, etc nights with cuisine to match.  Have BBQ's (lunch or dinner) on the main lawn areas.",,"5","5","4","4","4","4","9f02ebe1-8418-45d7-81c2-e6f093be133c","Completed",,"20-01-2026 09:57:30",,"591673",,"cab97c1f-67b4-11f0-a847-0a0cda9789f2","bedac312-8aeb-4657-9774-18cf5ee7342c","3",,"true",,,,,,,,,,,,,,,,,,,"2",
"574","IJH","MERUSAKA NUSA DUA","BALI","5","HIPRO","Post Stay-MERUSAKA NUSA DUA","5","Promoters","5","5","Satisfied","5","Laundry is very expensive. Opt to have laundry included or facilitated so can wash clothes",,"5","5","5","5","4","4","a38de506-c094-4d40-bfd0-e79fa03f46f5","Completed",,"20-01-2026 10:35:20",,"208406",,"cab97c1f-67b4-11f0-a847-0a0cda9789f2","bedac312-8aeb-4657-9774-18cf5ee7342c","3",,"true",,,,,,,,,,,,,,,,,,,"2",
"575","IJH","MERUSAKA NUSA DUA","BALI","5","HIPRO","Post Stay-MERUSAKA NUSA DUA","5","Promoters","5","5","Satisfied","5","None",,"5","5","5","5","4","4","3db4c6cf-2bfc-4579-8233-6cfe80a3fb07","Completed",,"20-01-2026 11:03:06",,"157760",,"cab97c1f-67b4-11f0-a847-0a0cda9789f2","bedac312-8aeb-4657-9774-18cf5ee7342c","3",,"true",,,,,,,,,,,,,,,,,,,"2",
"576","IJH","GRAND INNA TUNJUNGAN","JATIM","4","HIPRO","Post Stay-GRAND INNA TUNJUNGAN","4","Promoters","4","4","Satisfied","4",,,"4","4","4","4","3","3","1ea532fb-ac2a-45be-b799-693c8eb656d0","Completed",,"20-01-2026 11:28:31",,"293517",,"cab97c1f-67b4-11f0-a847-0a0cda9789f2","bedac312-8aeb-4657-9774-18cf5ee7342c","3",,"true",,,,,,,,,,,,,,,,,,,"2",
"577","IJH","MERUSAKA NUSA DUA","BALI","5","HIPRO","Post Stay-MERUSAKA NUSA DUA","5","Promoters","5","5","Satisfied","5","Check in as a group was very busy with a long wait, a welcome drink or seating while waiting would have been better.",,"5","5","5","5","4","4","bfe34982-4433-4153-b5c3-ee14d9ca6612","Completed",,"20-01-2026 14:55:40",,"215896",,"cab97c1f-67b4-11f0-a847-0a0cda9789f2","bedac312-8aeb-4657-9774-18cf5ee7342c","3",,"true",,,,,,,,,,,,,,,,,,,"2",
"578","IJH","TRUNTUM KUTA","BALI","4","HIPRO","Post Stay-TRUNTUM KUTA","4","Promoters","4","4","Satisfied","4","The air conditioning needs to be updated",,"5","5","3","3","3","3","6d05ec82-aaed-4b1f-8447-bc1d5078a723","Completed",,"21-01-2026 08:58:55",,"224923",,"cab97c1f-67b4-11f0-a847-0a0cda9789f2","bedac312-8aeb-4657-9774-18cf5ee7342c","3",,"true",,,,,,,,,,,,,,,,,,,"2",
"579","IJH","THE MANOHARA HOTEL YOGYAKARTA","YOGYAKARTA","4","HIPRO","Post Stay-THE MANOHARA HOTEL YOGYAKARTA","5","Promoters","5","5","Satisfied","5","Overall was good",,"5","5","5","5","4","4","58524f95-5955-4a0f-962a-b721ae0a3353","Completed",,"21-01-2026 09:58:52",,"106905",,"cab97c1f-67b4-11f0-a847-0a0cda9789f2","bedac312-8aeb-4657-9774-18cf5ee7342c","3",,"true",,,,,,,,,,,,,,,,,,,"2",
"580","IJH","TRUNTUM KUTA","BALI","4","HIPRO","Post Stay-TRUNTUM KUTA","5","Promoters","5","5","Satisfied","5","No",,"5","5","5","5","4","4","0c0b5a3f-7385-4a6f-ab35-c772c86d0aa7","Completed",,"21-01-2026 11:09:10",,"175859",,"cab97c1f-67b4-11f0-a847-0a0cda9789f2","bedac312-8aeb-4657-9774-18cf5ee7342c","3",,"true",,,,,,,,,,,,,,,,,,,"2",
"581","IJH","MERUSAKA NUSA DUA","BALI","5","HIPRO","Post Stay-MERUSAKA NUSA DUA","4","Promoters","4","4","Satisfied","4",,,"5","5","5","5","4","4","9f266f30-32c9-48a6-9fda-8ae6fe3ddde3","Completed",,"21-01-2026 18:30:12",,"202171",,"cab97c1f-67b4-11f0-a847-0a0cda9789f2","bedac312-8aeb-4657-9774-18cf5ee7342c","3",,"true",,,,,,,,,,,,,,,,,,,"2",
"582","IJH","TRUNTUM KUTA","BALI","4","HIPRO","Post Stay-TRUNTUM KUTA","5","Promoters","5","5","Satisfied","5","Beach is good now, no hut anymore..hope the beach will get reclamation soon",,"5","5","5","5","4","4","0d2cadad-79a4-4322-91d8-7ca142b5f49b","Completed",,"21-01-2026 19:25:40",,"416900",,"cab97c1f-67b4-11f0-a847-0a0cda9789f2","bedac312-8aeb-4657-9774-18cf5ee7342c","3",,"true",,,,,,,,,,,,,,,,,,,"2",
"583","IJH","MERUSAKA NUSA DUA","BALI","5","HIPRO","Post Stay-MERUSAKA NUSA DUA","5","Promoters","5","5","Satisfied","5","None, as the overall experience was impeccable. Every staff member, including our butler, Pande, offered us exceptional service throughout our stay. Customer service is key and at Merusaka, this aspect gets 🌟🌟🌟🌟🌟",,"5","5","5","5","4","4","43b353a1-f313-48c3-aab0-6b1cddce811f","Completed",,"22-01-2026 09:58:02",,"512490",,"cab97c1f-67b4-11f0-a847-0a0cda9789f2","bedac312-8aeb-4657-9774-18cf5ee7342c","3",,"true",,,,,,,,,,,,,,,,,,,"2",
"584","IJH","TRUNTUM KUTA","BALI","4","HIPRO","Post Stay-TRUNTUM KUTA","5","Promoters","5","5","Satisfied","5",,,"5","5","5","5","4","4","7beae907-c0b7-4013-9dc4-ce7297ffd43f","Completed",,"22-01-2026 11:27:36",,"111820",,"cab97c1f-67b4-11f0-a847-0a0cda9789f2","bedac312-8aeb-4657-9774-18cf5ee7342c","3",,"true",,,,,,,,,,,,,,,,,,,"2",
"585","IJH","TRUNTUM KUTA","BALI","4","HIPRO","Post Stay-TRUNTUM KUTA","4","Promoters","4","4","Satisfied","4","There should be a welcome drink on arrival. Breakfast menu could be improved greatly. Rooms need more storage and better a/c",,"5","5","3","3","3","3","ad875a73-c01a-4982-8a50-8ca0998de376","Completed",,"22-01-2026 11:57:45",,"398035",,"cab97c1f-67b4-11f0-a847-0a0cda9789f2","bedac312-8aeb-4657-9774-18cf5ee7342c","3",,"true",,,,,,,,,,,,,,,,,,,"2",
"586","IJH","MERUSAKA NUSA DUA","BALI","5","HIPRO","Post Stay-MERUSAKA NUSA DUA","5","Promoters","5","5","Satisfied","5","No",,"5","5","5","5","4","4","3bdf5169-39cf-4d5c-946e-6b0fe9b39c8a","Completed",,"23-01-2026 17:36:36",,"147792",,"cab97c1f-67b4-11f0-a847-0a0cda9789f2","bedac312-8aeb-4657-9774-18cf5ee7342c","3",,"true",,,,,,,,,,,,,,,,,,,"2",
"587","IJH","MERUSAKA NUSA DUA","BALI","5","HIPRO","Post Stay-MERUSAKA NUSA DUA","5","Promoters","5","5","Satisfied","5","We were quoted an amount to extend our checkout until 6:30pm, staying in our villa. We were then advised we could not stay in our two bedroom villa, having to relocate to a 1 bedroom villa and were quoted an increased amount. While this was adjusted, as we could not stay in a 2 bedroom villa, the amount charged should have been less.

The staff are incredibly friendly and helpful, of particular note is Anom working in the Gading Restaurant.",,"5","5","4","4","3","3","0ff14061-68d1-45da-8cda-57d4e2d0af05","Completed",,"24-01-2026 14:04:22",,"671736",,"cab97c1f-67b4-11f0-a847-0a0cda9789f2","bedac312-8aeb-4657-9774-18cf5ee7342c","3",,"true",,,,,,,,,,,,,,,,,,,"2",
"588","IJH","GRAND INNA TUNJUNGAN","JATIM","4","HIPRO","Post Stay-GRAND INNA TUNJUNGAN","5","Promoters","5","5","Satisfied","5",".",,"5","5","5","5","4","4","dbb36f46-bfbe-4233-8f83-36bbeb11735a","Completed",,"25-01-2026 06:56:25",,"196164",,"cab97c1f-67b4-11f0-a847-0a0cda9789f2","bedac312-8aeb-4657-9774-18cf5ee7342c","3",,"true",,,,,,,,,,,,,,,,,,,"2",
"589","IJH","TRUNTUM KUTA","BALI","4","HIPRO","Post Stay-TRUNTUM KUTA","5","Promoters","5","5","Satisfied","5","We had a great time thanks for having us",,"5","5","5","5","3","3","e30d85dc-f66e-4042-a47d-8d1396650e36","Completed",,"25-01-2026 16:16:12",,"148612",,"cab97c1f-67b4-11f0-a847-0a0cda9789f2","bedac312-8aeb-4657-9774-18cf5ee7342c","3",,"true",,,,,,,,,,,,,,,,,,,"2",
"590","IJH","MERUSAKA NUSA DUA","BALI","5","HIPRO","Post Stay-MERUSAKA NUSA DUA","5","Promoters","5","5","Satisfied","5","I think the beach needs some night time shops and lighting. It was too dark on the beach side.",,"5","5","5","5","4","4","0817dc1a-4f45-4527-897f-17c68a7f74c9","Completed",,"26-01-2026 07:16:04",,"149208",,"cab97c1f-67b4-11f0-a847-0a0cda9789f2","bedac312-8aeb-4657-9774-18cf5ee7342c","3",,"true",,,,,,,,,,,,,,,,,,,"2",
"591","IJH","MERUSAKA NUSA DUA","BALI","5","HIPRO","Post Stay-MERUSAKA NUSA DUA","5","Promoters","5","5","Satisfied","5","Thank you so much, we will definitely come again. Amazing stay at Merusaka!",,"5","5","5","5","4","4","cd44812b-8519-4235-a82d-c7072731dcd9","Completed",,"26-01-2026 08:30:01",,"316771",,"cab97c1f-67b4-11f0-a847-0a0cda9789f2","bedac312-8aeb-4657-9774-18cf5ee7342c","3",,"true",,,,,,,,,,,,,,,,,,,"2",
"592","IJH","MERUSAKA NUSA DUA","BALI","5","HIPRO","Post Stay-MERUSAKA NUSA DUA","5","Promoters","5","5","Satisfied","5","Faucet handle on the bathroom sink kept falling off and wasn't able to turn off water a lot of the time. Room 4406",,"5","5","4","4","4","4","ba311016-fdfe-4c5e-b804-226223b0d7c7","Completed",,"26-01-2026 11:15:38",,"291490",,"cab97c1f-67b4-11f0-a847-0a0cda9789f2","bedac312-8aeb-4657-9774-18cf5ee7342c","3",,"true",,,,,,,,,,,,,,,,,,,"2",
"593","IJH","TRUNTUM KUTA","BALI","4","HIPRO","Post Stay-TRUNTUM KUTA","5","Promoters","5","5","Satisfied","5",,,"5","5","5","5","4","4","949aad9a-32c2-43de-b908-ec4d05d7cf70","Completed",,"27-01-2026 05:26:11",,"201955",,"cab97c1f-67b4-11f0-a847-0a0cda9789f2","bedac312-8aeb-4657-9774-18cf5ee7342c","3",,"true",,,,,,,,,,,,,,,,,,,"2",
"594","IJH","TRUNTUM KUTA","BALI","4","HIPRO","Post Stay-TRUNTUM KUTA","5","Promoters","5","5","Satisfied","5","No …. We have stated before and enjoy the hotel",,"5","5","4","4","4","4","d265e1bd-6e8d-4cef-9aee-38348af905a3","Completed",,"27-01-2026 10:22:00",,"201681",,"cab97c1f-67b4-11f0-a847-0a0cda9789f2","bedac312-8aeb-4657-9774-18cf5ee7342c","3",,"true",,,,,,,,,,,,,,,,,,,"2",
"595","IJH","MERUSAKA NUSA DUA","BALI","5","HIPRO","Post Stay-MERUSAKA NUSA DUA","5","Promoters","5","5","Satisfied","5",,,"5","5","5","5","4","4","192541a4-725c-4a8f-8aaa-ef4738db94b3","Completed",,"27-01-2026 11:36:52",,"93066",,"cab97c1f-67b4-11f0-a847-0a0cda9789f2","bedac312-8aeb-4657-9774-18cf5ee7342c","3",,"true",,,,,,,,,,,,,,,,,,,"2",
"596","IJH","MERUSAKA NUSA DUA","BALI","5","HIPRO","Post Stay-MERUSAKA NUSA DUA","5","Promoters","5","5","Satisfied","5","No, it was an amazing stay Thankyou!",,"5","5","5","5","4","4","62c17a9d-ee9f-4d39-8eae-befc2177b26c","Completed",,"27-01-2026 15:06:59",,"111094",,"cab97c1f-67b4-11f0-a847-0a0cda9789f2","bedac312-8aeb-4657-9774-18cf5ee7342c","3",,"true",,,,,,,,,,,,,,,,,,,"2",
"597","IJH","MERUSAKA NUSA DUA","BALI","5","HIPRO","Post Stay-MERUSAKA NUSA DUA","5","Promoters","5","5","Satisfied","5","no",,"5","5","5","5","4","4","4fd78430-a878-489b-a9ca-632d11c55ef1","Completed",,"28-01-2026 06:30:15",,"167811",,"cab97c1f-67b4-11f0-a847-0a0cda9789f2","bedac312-8aeb-4657-9774-18cf5ee7342c","3",,"true",,,,,,,,,,,,,,,,,,,"2",
"598","IJH","MERUSAKA NUSA DUA","BALI","5","HIPRO","Post Stay-MERUSAKA NUSA DUA","5","Promoters","5","5","Satisfied","5","Our stay was fabulous, the staff are amazing. I would suggest perhaps some evening entertainment on the lawn/garden. Maybe some music, lights and beds/chairs. (Similar to the ayodya next door).",,"5","5","5","5","4","4","b0333fb6-36e7-4aac-b0d2-a01cb1ff56a8","Completed",,"28-01-2026 08:33:56",,"270510",,"cab97c1f-67b4-11f0-a847-0a0cda9789f2","bedac312-8aeb-4657-9774-18cf5ee7342c","3",,"true",,,,,,,,,,,,,,,,,,,"2",
"599","IJH","THE MANOHARA HOTEL YOGYAKARTA","YOGYAKARTA","4","HIPRO","Post Stay-THE MANOHARA HOTEL YOGYAKARTA","5","Promoters","5","5","Satisfied","5",,,"4","4","5","5","4","4","be056cde-7d44-44af-bfa3-513a96f569e9","Completed",,"28-01-2026 12:24:48",,"767897",,"cab97c1f-67b4-11f0-a847-0a0cda9789f2","bedac312-8aeb-4657-9774-18cf5ee7342c","3",,"true",,,,,,,,,,,,,,,,,,,"2",
"600","IJH","MERUSAKA NUSA DUA","BALI","5","HIPRO","Post Stay-MERUSAKA NUSA DUA","5","Promoters","5","5","Satisfied","5",,,"5","5","5","5","4","4","0c09a470-810e-4d4f-ba61-247da4ddf0d9","Completed",,"28-01-2026 13:58:10",,"125560",,"cab97c1f-67b4-11f0-a847-0a0cda9789f2","bedac312-8aeb-4657-9774-18cf5ee7342c","3",,"true",,,,,,,,,,,,,,,,,,,"2",
"601","IJH","MERUSAKA NUSA DUA","BALI","5","HIPRO","Post Stay-MERUSAKA NUSA DUA","5","Promoters","5","5","Satisfied","5","Very happy with the stay",,"5","5","4","4","3","3","ca132290-31ee-426f-8a2d-34abd2f05f96","Completed",,"28-01-2026 16:23:22",,"166065",,"cab97c1f-67b4-11f0-a847-0a0cda9789f2","bedac312-8aeb-4657-9774-18cf5ee7342c","3",,"true",,,,,,,,,,,,,,,,,,,"2",
"602","IJH","MERUSAKA NUSA DUA","BALI","5","HIPRO","Post Stay-MERUSAKA NUSA DUA","5","Promoters","5","5","Satisfied","5","Avoir une personne a la réception qui parle francais",,"5","5","5","5","4","4","c824da2e-45f5-433f-8d20-f828852fffc0","Completed",,"29-01-2026 02:37:56",,"194698",,"cab97c1f-67b4-11f0-a847-0a0cda9789f2","bedac312-8aeb-4657-9774-18cf5ee7342c","3",,"true",,,,,,,,,,,,,,,,,,,"2",
"603","IJH","TRUNTUM KUTA","BALI","4","HIPRO","Post Stay-TRUNTUM KUTA","4","Promoters","4","4","Satisfied","4","Great location
Friendly staff
Thankyou for a wonderful stay.",,"4","4","3","3","3","3","678e1752-aed6-4607-b20c-c35f4b781ff4","Completed",,"29-01-2026 11:24:32",,"193207",,"cab97c1f-67b4-11f0-a847-0a0cda9789f2","bedac312-8aeb-4657-9774-18cf5ee7342c","3",,"true",,,,,,,,,,,,,,,,,,,"2",
"604","IJH","TRUNTUM KUTA","BALI","4","HIPRO","Post Stay-TRUNTUM KUTA","5","Promoters","5","5","Satisfied","5",,,"5","5","4","4","3","3","966c4fee-49c9-4911-91ff-23f40b933d7b","Completed",,"29-01-2026 18:16:26",,"156942",,"cab97c1f-67b4-11f0-a847-0a0cda9789f2","bedac312-8aeb-4657-9774-18cf5ee7342c","3",,"true",,,,,,,,,,,,,,,,,,,"2",
"605","IJH","MERUSAKA NUSA DUA","BALI","5","HIPRO","Post Stay-MERUSAKA NUSA DUA","5","Promoters","5","5","Satisfied","5",,,"5","5","5","5","4","4","4c46189f-9e4a-47f3-9674-4b861f59d285","Completed",,"29-01-2026 19:48:31",,"262489",,"cab97c1f-67b4-11f0-a847-0a0cda9789f2","bedac312-8aeb-4657-9774-18cf5ee7342c","3",,"true",,,,,,,,,,,,,,,,,,,"2",
"606","IJH","GRAND INNA TUNJUNGAN","JATIM","4","HIPRO","Post Stay-GRAND INNA TUNJUNGAN","5","Promoters","5","5","Satisfied","5","Cukup",,"5","5","5","5","4","4","4e157b91-3f39-452d-ae12-7c19a69fd8b3","Completed",,"30-01-2026 10:45:57",,"161144",,"cab97c1f-67b4-11f0-a847-0a0cda9789f2","bedac312-8aeb-4657-9774-18cf5ee7342c","3",,"true",,,,,,,,,,,,,,,,,,,"2",
"607","IJH","MERUSAKA NUSA DUA","BALI","5","HIPRO","Post Stay-MERUSAKA NUSA DUA","5","Promoters","5","5","Satisfied","5","None",,"5","5","5","5","4","4","7b8684b0-2f11-4b38-8c1d-22d4a531990c","Completed",,"30-01-2026 12:43:16",,"142973",,"cab97c1f-67b4-11f0-a847-0a0cda9789f2","bedac312-8aeb-4657-9774-18cf5ee7342c","3",,"true",,,,,,,,,,,,,,,,,,,"2",
"608","IJH","MERUSAKA NUSA DUA","BALI","5","HIPRO","Post Stay-MERUSAKA NUSA DUA","5","Promoters","5","5","Satisfied","5",,,"5","5","5","5","4","4","11d14b50-630d-45a8-a29a-bc725f93e58a","Completed",,"31-01-2026 01:51:19",,"401259",,"cab97c1f-67b4-11f0-a847-0a0cda9789f2","bedac312-8aeb-4657-9774-18cf5ee7342c","3",,"true",,,,,,,,,,,,,,,,,,,"2",
"609","IJH","MERUSAKA NUSA DUA","BALI","5","HIPRO","Post Stay-MERUSAKA NUSA DUA","5","Promoters","5","5","Satisfied","5","Nothing to improve.  I was 100% satisfied",,"5","5","5","5","4","4","23bb0b07-1ecf-45e1-8614-4d5fd896c1fe","Completed",,"31-01-2026 09:18:29",,"291281",,"cab97c1f-67b4-11f0-a847-0a0cda9789f2","bedac312-8aeb-4657-9774-18cf5ee7342c","3",,"true",,,,,,,,,,,,,,,,,,,"2",
"610","IJH","MERUSAKA NUSA DUA","BALI","5","HIPRO","Post Stay-MERUSAKA NUSA DUA","5","Promoters","5","5","Satisfied","5","Nil",,"5","5","5","5","4","4","1e419084-946f-431c-bfbd-4782ffe1e410","Completed",,"31-01-2026 10:32:00",,"98891",,"cab97c1f-67b4-11f0-a847-0a0cda9789f2","bedac312-8aeb-4657-9774-18cf5ee7342c","3",,"true",,,,,,,,,,,,,,,,,,,"2",
"611","IJH","TRUNTUM KUTA","BALI","4","HIPRO","Post Stay-TRUNTUM KUTA","4","Promoters","4","4","Satisfied","4","Improve Aircond as beds felt damp too",,"5","5","3","3","3","3","696bdcba-d814-4345-8900-6f713ab6482e","Completed",,"31-01-2026 11:59:34",,"246824",,"cab97c1f-67b4-11f0-a847-0a0cda9789f2","bedac312-8aeb-4657-9774-18cf5ee7342c","3",,"true",,,,,,,,,,,,,,,,,,,"2",
"612","IJH","THE MANOHARA HOTEL YOGYAKARTA","YOGYAKARTA","4","HIPRO","Post Stay-THE MANOHARA HOTEL YOGYAKARTA","5","Promoters","5","5","Satisfied","5","Sudah bagus sih terutama interiornya.",,"5","5","4","4","4","4","6b4243aa-39eb-4acc-829f-86bb13035a52","Completed",,"31-01-2026 12:03:03",,"268332",,"cab97c1f-67b4-11f0-a847-0a0cda9789f2","bedac312-8aeb-4657-9774-18cf5ee7342c","3",,"true",,,,,,,,,,,,,,,,,,,"2",
"613","IJH","MERUSAKA NUSA DUA","BALI","5","HIPRO","Post Stay-MERUSAKA NUSA DUA","5","Promoters","5","5","Satisfied","5","NA",,"5","5","5","5","4","4","8f518011-7c10-4ea8-a74f-f97b3dc53229","Completed",,"31-01-2026 13:19:04",,"166684",,"cab97c1f-67b4-11f0-a847-0a0cda9789f2","bedac312-8aeb-4657-9774-18cf5ee7342c","3",,"true",,,,,,,,,,,,,,,,,,,"2",
"614","IJH","MERUSAKA NUSA DUA","BALI","5","HIPRO","Post Stay-MERUSAKA NUSA DUA","5","Promoters","5","5","Satisfied","5",,,"5","5","5","5","4","4","dfb3f95b-8633-4226-8141-d0d69f4626f2","Completed",,"31-01-2026 14:25:43",,"162810",,"cab97c1f-67b4-11f0-a847-0a0cda9789f2","bedac312-8aeb-4657-9774-18cf5ee7342c","3",,"true",,,,,,,,,,,,,,,,,,,"2",
"615","IJH","TRUNTUM KUTA","BALI","4","HIPRO","Post Stay-TRUNTUM KUTA","5","Promoters","5","5","Satisfied","5","I didn't feel there were any major areas for improvement. The staff members were very friendly, but I don't recall any particularly memorable activity programs offered by the hotel.",,"4","4","4","4","3","3","6845cebb-a384-41ef-8b26-6b81c6d7f81e","Completed",,"31-01-2026 15:09:51",,"963771",,"cab97c1f-67b4-11f0-a847-0a0cda9789f2","bedac312-8aeb-4657-9774-18cf5ee7342c","3",,"true",,,,,,,,,,,,,,,,,,,"2",
"616","IJH","THE MANOHARA HOTEL YOGYAKARTA","YOGYAKARTA","4","HIPRO","Post Stay-THE MANOHARA HOTEL YOGYAKARTA","5","Promoters","5","5","Satisfied","5","Sudah cukup baik, hanya perlu dipertahankan saja",,"5","5","5","5","4","4","8879dd50-2390-456e-b18a-106c23e8fda4","Completed",,"01-02-2026 09:50:24",,"308185",,"cab97c1f-67b4-11f0-a847-0a0cda9789f2","bedac312-8aeb-4657-9774-18cf5ee7342c","3",,"true",,,,,,,,,,,,,,,,,,,"2",
"617","IJH","GRAND INNA TUNJUNGAN","JATIM","4","HIPRO","Post Stay-GRAND INNA TUNJUNGAN","5","Promoters","5","5","Satisfied","5","Mungkin bisa dimaksimalkan lagi pada hiburan di tv tiap kamar. Selain dari itu, semuanya sudah sangat bagus",,"5","5","5","5","4","4","09163312-8913-4a91-9e48-26d2e823ac8b","Completed",,"01-02-2026 11:10:35",,"162175",,"cab97c1f-67b4-11f0-a847-0a0cda9789f2","bedac312-8aeb-4657-9774-18cf5ee7342c","3",,"true",,,,,,,,,,,,,,,,,,,"2",
"618","IJH","TRUNTUM KUTA","BALI","4","HIPRO","Post Stay-TRUNTUM KUTA","5","Promoters","5","5","Satisfied","5","It was a wonderful stay and I hope to return again soon.",,"5","5","5","5","4","4","69489592-8a84-417a-a6cb-85f7534ffdab","Completed",,"01-02-2026 13:37:54",,"220499",,"cab97c1f-67b4-11f0-a847-0a0cda9789f2","bedac312-8aeb-4657-9774-18cf5ee7342c","3",,"true",,,,,,,,,,,,,,,,,,,"2",
"619","IJH","MERUSAKA NUSA DUA","BALI","5","HIPRO","Post Stay-MERUSAKA NUSA DUA","5","Promoters","5","5","Satisfied","5","Staff were amazing particularly Juni, Trevor, Satia and Anganie. We spent most of our time at the beach restaurant/bar which was exellent.",,"5","5","4","4","4","4","75ebdcde-9714-4139-bfda-ccb16e51c932","Completed",,"02-02-2026 09:46:32",,"243446",,"cab97c1f-67b4-11f0-a847-0a0cda9789f2","bedac312-8aeb-4657-9774-18cf5ee7342c","3",,"true",,,,,,,,,,,,,,,,,,,"2",
"620","IJH","THE MANOHARA HOTEL YOGYAKARTA","YOGYAKARTA","4","HIPRO","Post Stay-THE MANOHARA HOTEL YOGYAKARTA","5","Promoters","5","5","Satisfied","5","tidak ada",,"5","5","5","5","4","4","3584f906-dc26-42f2-b3c0-2e97438ba293","Completed",,"02-02-2026 10:32:17",,"193458",,"cab97c1f-67b4-11f0-a847-0a0cda9789f2","bedac312-8aeb-4657-9774-18cf5ee7342c","3",,"true",,,,,,,,,,,,,,,,,,,"2",
"621","IJH","TRUNTUM KUTA","BALI","4","HIPRO","Post Stay-TRUNTUM KUTA","5","Promoters","5","5","Satisfied","5","The rooms are very good but need improvement.",,"5","5","5","5","4","4","85ad2600-61f2-402c-a592-3f1cd721d92f","Completed",,"02-02-2026 11:34:05",,"456404",,"cab97c1f-67b4-11f0-a847-0a0cda9789f2","bedac312-8aeb-4657-9774-18cf5ee7342c","3",,"true",,,,,,,,,,,,,,,,,,,"2",
"622","IJH","THE MANOHARA HOTEL YOGYAKARTA","YOGYAKARTA","4","HIPRO","Post Stay-THE MANOHARA HOTEL YOGYAKARTA","5","Promoters","5","5","Satisfied","5","tidak",,"5","5","5","5","4","4","11f670a1-0aa2-4920-b3db-e6b53ec7f0d9","Completed",,"02-02-2026 12:04:35",,"138602",,"cab97c1f-67b4-11f0-a847-0a0cda9789f2","bedac312-8aeb-4657-9774-18cf5ee7342c","3",,"true",,,,,,,,,,,,,,,,,,,"2",
"623","IJH","MERUSAKA NUSA DUA","BALI","5","HIPRO","Post Stay-MERUSAKA NUSA DUA","5","Promoters","5","5","Satisfied","5","No.",,"5","5","5","5","4","4","4ba622e0-3a37-4d74-91d9-2760e296824b","Completed",,"02-02-2026 12:25:15",,"77967",,"cab97c1f-67b4-11f0-a847-0a0cda9789f2","bedac312-8aeb-4657-9774-18cf5ee7342c","3",,"true",,,,,,,,,,,,,,,,,,,"2",
"624","IJH","MERUSAKA NUSA DUA","BALI","5","HIPRO","Post Stay-MERUSAKA NUSA DUA","5","Promoters","5","5","Satisfied","5",,,"5","5","5","5","4","4","484b2c6f-c076-4258-ac71-405dd59da199","Completed",,"02-02-2026 14:51:40",,"141863",,"cab97c1f-67b4-11f0-a847-0a0cda9789f2","bedac312-8aeb-4657-9774-18cf5ee7342c","3",,"true",,,,,,,,,,,,,,,,,,,"2",
"625","IJH","MERUSAKA NUSA DUA","BALI","5","HIPRO","Post Stay-MERUSAKA NUSA DUA","5","Promoters","5","5","Satisfied","5","No",,"5","5","5","5","4","4","24551648-39e9-42e8-bc42-b2b9495954e1","Completed",,"02-02-2026 15:17:52",,"177077",,"cab97c1f-67b4-11f0-a847-0a0cda9789f2","bedac312-8aeb-4657-9774-18cf5ee7342c","3",,"true",,,,,,,,,,,,,,,,,,,"2",
"626","IJH","TRUNTUM KUTA","BALI","4","HIPRO","Post Stay-TRUNTUM KUTA","5","Promoters","5","5","Satisfied","5","No answer",,"5","5","5","5","4","4","8bdf80f3-2d5f-48f5-8b76-9e5fec308416","Completed",,"03-02-2026 08:18:08",,"191842",,"cab97c1f-67b4-11f0-a847-0a0cda9789f2","bedac312-8aeb-4657-9774-18cf5ee7342c","3",,"true",,,,,,,,,,,,,,,,,,,"2",
"627","IJH","MERUSAKA NUSA DUA","BALI","5","HIPRO","Post Stay-MERUSAKA NUSA DUA","5","Promoters","5","5","Satisfied","5","Definitely breakfast needs improvement",,"5","5","5","5","4","4","bbb545fe-2482-422e-9137-236a92aa113e","Completed",,"03-02-2026 09:02:09",,"219124",,"cab97c1f-67b4-11f0-a847-0a0cda9789f2","bedac312-8aeb-4657-9774-18cf5ee7342c","3",,"true",,,,,,,,,,,,,,,,,,,"2",
"628","IJH","THE MANOHARA HOTEL YOGYAKARTA","YOGYAKARTA","4","HIPRO","Post Stay-THE MANOHARA HOTEL YOGYAKARTA","4","Promoters","4","4","Satisfied","4","Tidak",,"4","4","4","4","2","2","4b42a346-df48-406d-a6aa-c7cfdd82c24e","Completed",,"03-02-2026 09:46:18",,"264493",,"cab97c1f-67b4-11f0-a847-0a0cda9789f2","bedac312-8aeb-4657-9774-18cf5ee7342c","3",,"true",,,,,,,,,,,,,,,,,,,"2",
"629","IJH","THE MANOHARA HOTEL YOGYAKARTA","YOGYAKARTA","4","HIPRO","Post Stay-THE MANOHARA HOTEL YOGYAKARTA","5","Promoters","5","5","Satisfied","5",,,"5","5","5","5","4","4","16da46d1-c6f6-4fc8-be4e-9a0ecdfb46b2","Completed",,"03-02-2026 10:25:47",,"214844",,"cab97c1f-67b4-11f0-a847-0a0cda9789f2","bedac312-8aeb-4657-9774-18cf5ee7342c","3",,"true",,,,,,,,,,,,,,,,,,,"2",
"630","IJH","TRUNTUM KUTA","BALI","4","HIPRO","Post Stay-TRUNTUM KUTA","5","Promoters","5","5","Satisfied","5","Ok",,"5","5","5","5","4","4","868c0022-19ef-4647-a113-7abd79ee9864","Completed",,"03-02-2026 10:58:26",,"195253",,"cab97c1f-67b4-11f0-a847-0a0cda9789f2","bedac312-8aeb-4657-9774-18cf5ee7342c","3",,"true",,,,,,,,,,,,,,,,,,,"2",
"631","IJH","MERUSAKA NUSA DUA","BALI","5","HIPRO","Post Stay-MERUSAKA NUSA DUA","5","Promoters","5","5","Satisfied","5",,,"5","5","4","4","4","4","abfdb8d4-3540-4b27-8658-6599816b0001","Completed",,"03-02-2026 11:37:05",,"120441",,"cab97c1f-67b4-11f0-a847-0a0cda9789f2","bedac312-8aeb-4657-9774-18cf5ee7342c","3",,"true",,,,,,,,,,,,,,,,,,,"2",
"632","IJH","MERUSAKA NUSA DUA","BALI","5","HIPRO","Post Stay-MERUSAKA NUSA DUA","5","Promoters","5","5","Satisfied","5","Thorough enjoyed it.",,"4","4","4","4","3","3","5e004792-e167-4b12-b179-b8a9730dcdb6","Completed",,"04-02-2026 18:02:11",,"248537",,"cab97c1f-67b4-11f0-a847-0a0cda9789f2","bedac312-8aeb-4657-9774-18cf5ee7342c","3",,"true",,,,,,,,,,,,,,,,,,,"2",
"633","IJH","TRUNTUM KUTA","BALI","4","HIPRO","Post Stay-TRUNTUM KUTA","5","Promoters","5","5","Satisfied","5",,,"5","5","4","4","4","4","5d4c0c5c-30e0-4c12-8a1d-f005846a581b","Completed",,"04-02-2026 18:03:54",,"149189",,"cab97c1f-67b4-11f0-a847-0a0cda9789f2","bedac312-8aeb-4657-9774-18cf5ee7342c","3",,"true",,,,,,,,,,,,,,,,,,,"2",
"634","IJH","TRUNTUM KUTA","BALI","4","HIPRO","Post Stay-TRUNTUM KUTA","5","Promoters","5","5","Satisfied","5",,,"5","5","4","4","4","4","ea8996ff-afc4-4258-a000-94a3d747ac4e","Completed",,"04-02-2026 18:06:36",,"241640",,"cab97c1f-67b4-11f0-a847-0a0cda9789f2","bedac312-8aeb-4657-9774-18cf5ee7342c","3",,"true",,,,,,,,,,,,,,,,,,,"2",
"635","IJH","MERUSAKA NUSA DUA","BALI","5","HIPRO","Post Stay-MERUSAKA NUSA DUA","5","Promoters","5","5","Satisfied","5",,,"5","5","5","5","4","4","ccaf804a-4d69-4ce2-ae12-9b15e7358925","Completed",,"05-02-2026 07:54:05",,"126430",,"cab97c1f-67b4-11f0-a847-0a0cda9789f2","bedac312-8aeb-4657-9774-18cf5ee7342c","3",,"true",,,,,,,,,,,,,,,,,,,"2",
"636","IJH","MERUSAKA NUSA DUA","BALI","5","HIPRO","Post Stay-MERUSAKA NUSA DUA","4","Promoters","4","4","Satisfied","4","room 2205 shower switch to top shower not working, i cannot connect to merusaka wifi to my usernaame passwords",,"5","5","4","4","4","4","0867c72f-791f-4c75-804a-b77f77cd8881","Completed",,"05-02-2026 08:15:01",,"312764",,"cab97c1f-67b4-11f0-a847-0a0cda9789f2","bedac312-8aeb-4657-9774-18cf5ee7342c","3",,"true",,,,,,,,,,,,,,,,,,,"2",
"637","IJH","MERUSAKA NUSA DUA","BALI","5","HIPRO","Post Stay-MERUSAKA NUSA DUA","5","Promoters","5","5","Satisfied","5","Bones",,"5","5","5","5","4","4","2a374ac9-d8db-475f-903b-015cd188e246","Completed",,"05-02-2026 10:05:29",,"195856",,"cab97c1f-67b4-11f0-a847-0a0cda9789f2","bedac312-8aeb-4657-9774-18cf5ee7342c","3",,"true",,,,,,,,,,,,,,,,,,,"2",
"638","IJH","MERUSAKA NUSA DUA","BALI","5","HIPRO","Post Stay-MERUSAKA NUSA DUA","5","Promoters","5","5","Satisfied","5","Had a lovely stay. Would certainly return and would recommend the hotel to friends and family.",,"5","5","5","5","4","4","91289bfe-9a1b-42db-853a-12122b38bf21","Completed",,"06-02-2026 00:26:38",,"352174",,"cab97c1f-67b4-11f0-a847-0a0cda9789f2","bedac312-8aeb-4657-9774-18cf5ee7342c","3",,"true",,,,,,,,,,,,,,,,,,,"2",
"639","IJH","MERUSAKA NUSA DUA","BALI","5","HIPRO","Post Stay-MERUSAKA NUSA DUA","5","Promoters","5","5","Satisfied","5","We were treated by staff like king and queen and felt so comfortable with how we were looked after especially as my husband had a mobility scooter the buggy drivers were the best the waitresses and waiters were fantastic",,"5","5","5","5","4","4","207d4c94-63eb-4c01-9125-74884aef49b0","Completed",,"06-02-2026 07:59:32",,"367357",,"cab97c1f-67b4-11f0-a847-0a0cda9789f2","bedac312-8aeb-4657-9774-18cf5ee7342c","3",,"true",,,,,,,,,,,,,,,,,,,"2",
"640","IJH","MERUSAKA NUSA DUA","BALI","5","HIPRO","Post Stay-MERUSAKA NUSA DUA","5","Promoters","5","5","Satisfied","5","Nothing to add",,"5","5","5","5","4","4","4e28314a-266b-41f5-9275-f10e059f95aa","Completed",,"06-02-2026 21:02:09",,"263468",,"cab97c1f-67b4-11f0-a847-0a0cda9789f2","bedac312-8aeb-4657-9774-18cf5ee7342c","3",,"true",,,,,,,,,,,,,,,,,,,"2",
"641","IJH","INNA SINDHU BEACH HOTEL & RESORT","BALI","3","HIPRO","Post Stay-INNA SINDHU BEACH HOTEL & RESORT","5","Promoters","5","5","Satisfied","5","Grounds are immaculate and location is fantastic",,"5","5","4","4","3","3","9f11954e-7618-49a5-bd93-8092903619e9","Completed",,"07-02-2026 06:56:39",,"406488",,"cab97c1f-67b4-11f0-a847-0a0cda9789f2","bedac312-8aeb-4657-9774-18cf5ee7342c","3",,"true",,,,,,,,,,,,,,,,,,,"2",
"642","IJH","TRUNTUM KUTA","BALI","4","HIPRO","Post Stay-TRUNTUM KUTA","5","Promoters","5","5","Satisfied","5","Not sure if this is where I should put this but absolutely my only complaint of our entire trip was the rum selection. Neither the Blanco nor the Myers rum is any good.  I would suggest getting a Bacardi or Plantation rum, even just for having more selection.",,"5","5","5","5","4","4","27aa19d5-f1d7-41f8-b3ea-bbea16f5c431","Completed",,"07-02-2026 12:10:59",,"322530",,"cab97c1f-67b4-11f0-a847-0a0cda9789f2","bedac312-8aeb-4657-9774-18cf5ee7342c","3",,"true",,,,,,,,,,,,,,,,,,,"2",
"643","IJH","MERUSAKA NUSA DUA","BALI","5","HIPRO","Post Stay-MERUSAKA NUSA DUA","5","Promoters","5","5","Satisfied","5","Nothing needs changing or amending",,"5","5","5","5","4","4","ea859b3a-99a2-4286-b317-ef2e8ad5c434","Completed",,"08-02-2026 08:41:48",,"172172",,"cab97c1f-67b4-11f0-a847-0a0cda9789f2","bedac312-8aeb-4657-9774-18cf5ee7342c","3",,"true",,,,,,,,,,,,,,,,,,,"2",
"644","IJH","TRUNTUM KUTA","BALI","4","HIPRO","Post Stay-TRUNTUM KUTA","4","Promoters","4","4","Satisfied","4",,,"5","5","5","5","3","3","d5428826-ea20-4397-bc67-b248b8246494","Completed",,"08-02-2026 10:36:05",,"175234",,"cab97c1f-67b4-11f0-a847-0a0cda9789f2","bedac312-8aeb-4657-9774-18cf5ee7342c","3",,"true",,,,,,,,,,,,,,,,,,,"2",
"645","IJH","MERUSAKA NUSA DUA","BALI","5","HIPRO","Post Stay-MERUSAKA NUSA DUA","5","Promoters","5","5","Satisfied","5","No",,"5","5","5","5","4","4","46b5f9ad-5086-4705-b6a3-7951043e2eb4","Completed",,"08-02-2026 18:03:05",,"127267",,"cab97c1f-67b4-11f0-a847-0a0cda9789f2","bedac312-8aeb-4657-9774-18cf5ee7342c","3",,"true",,,,,,,,,,,,,,,,,,,"2",
"646","IJH","MERUSAKA NUSA DUA","BALI","5","HIPRO","Post Stay-MERUSAKA NUSA DUA","5","Promoters","5","5","Satisfied","5","No we were happy the only thing that we noticed which should be looked at our room smelt mouldy every time we entered",,"5","5","4","4","4","4","8ef32b53-4761-4f82-a976-807038df0288","Completed",,"09-02-2026 05:02:09",,"389469",,"cab97c1f-67b4-11f0-a847-0a0cda9789f2","bedac312-8aeb-4657-9774-18cf5ee7342c","3",,"true",,,,,,,,,,,,,,,,,,,"2",
"647","IJH","MERUSAKA NUSA DUA","BALI","5","HIPRO","Post Stay-MERUSAKA NUSA DUA","5","Promoters","5","5","Satisfied","5","All is superb. The tranquility, the hospitality.",,"5","5","5","5","4","4","d2033b59-5b0f-4a99-a9e4-e15cf8380ebe","Completed",,"09-02-2026 09:19:34",,"244336",,"cab97c1f-67b4-11f0-a847-0a0cda9789f2","bedac312-8aeb-4657-9774-18cf5ee7342c","3",,"true",,,,,,,,,,,,,,,,,,,"2",
"648","IJH","MERUSAKA NUSA DUA","BALI","5","HIPRO","Post Stay-MERUSAKA NUSA DUA","5","Promoters","5","5","Satisfied","5",,,"5","5","5","5","4","4","4a2a437d-d7f4-446a-8668-a06359c1f306","Completed",,"09-02-2026 11:22:47",,"127020",,"cab97c1f-67b4-11f0-a847-0a0cda9789f2","bedac312-8aeb-4657-9774-18cf5ee7342c","3",,"true",,,,,,,,,,,,,,,,,,,"2",
"649","IJH","TRUNTUM KUTA","BALI","4","HIPRO","Post Stay-TRUNTUM KUTA","5","Promoters","5","5","Satisfied","5","Have organized pool activities",,"5","5","5","5","4","4","126af75f-3432-4947-a27f-cf06e7ee73db","Completed",,"09-02-2026 15:02:12",,"181956",,"cab97c1f-67b4-11f0-a847-0a0cda9789f2","bedac312-8aeb-4657-9774-18cf5ee7342c","3",,"true",,,,,,,,,,,,,,,,,,,"2",
"650","IJH","MERUSAKA NUSA DUA","BALI","5","HIPRO","Post Stay-MERUSAKA NUSA DUA","5","Promoters","5","5","Satisfied","5",,,"5","5","5","5","4","4","95c052b4-f058-4213-9c7b-f940b005a7a1","Completed",,"09-02-2026 15:03:17",,"112815",,"cab97c1f-67b4-11f0-a847-0a0cda9789f2","bedac312-8aeb-4657-9774-18cf5ee7342c","3",,"true",,,,,,,,,,,,,,,,,,,"2",
"651","IJH","MERUSAKA NUSA DUA","BALI","5","HIPRO","Post Stay-MERUSAKA NUSA DUA","5","Promoters","5","5","Satisfied","5","No food great pools good grass edges need doing on large oval area",,"5","5","5","5","4","4","251d8260-68b5-4d7e-9764-31af1e8a62c9","Completed",,"09-02-2026 15:54:47",,"256569",,"cab97c1f-67b4-11f0-a847-0a0cda9789f2","bedac312-8aeb-4657-9774-18cf5ee7342c","3",,"true",,,,,,,,,,,,,,,,,,,"2",
"652","IJH","MERUSAKA NUSA DUA","BALI","5","HIPRO","Post Stay-MERUSAKA NUSA DUA","5","Promoters","5","5","Satisfied","5","Yes. New powerful hair dryer, magnifying mirror in the bathroom, more light in the bathroom",,"5","5","4","4","4","4","6cc73aa4-4555-47a0-8cc1-1868297a3140","Completed",,"09-02-2026 20:00:39",,"520095",,"cab97c1f-67b4-11f0-a847-0a0cda9789f2","bedac312-8aeb-4657-9774-18cf5ee7342c","3",,"true",,,,,,,,,,,,,,,,,,,"2",
"653","IJH","MERUSAKA NUSA DUA","BALI","5","HIPRO","Post Stay-MERUSAKA NUSA DUA","5","Promoters","5","5","Satisfied","5","will need lower level",,"5","5","5","5","4","4","9c3dcd77-562b-402f-88f0-2a53c0ff4075","Completed",,"09-02-2026 22:16:04",,"325525",,"cab97c1f-67b4-11f0-a847-0a0cda9789f2","bedac312-8aeb-4657-9774-18cf5ee7342c","3",,"true",,,,,,,,,,,,,,,,,,,"2",
"654","IJH","MERUSAKA NUSA DUA","BALI","5","HIPRO","Post Stay-MERUSAKA NUSA DUA","5","Promoters","5","5","Satisfied","5","We had a fantastic stay, the staff are beautiful and the food was delicious, our room was very clean and everything was just perfect. 
Thank you so much, we had an awesome time at the Merusaka Nusa Dua",,"5","5","5","5","4","4","d9850184-5d17-40b0-8725-c98222803f41","Completed",,"10-02-2026 06:54:36",,"372886",,"cab97c1f-67b4-11f0-a847-0a0cda9789f2","bedac312-8aeb-4657-9774-18cf5ee7342c","3",,"true",,,,,,,,,,,,,,,,,,,"2",
"655","IJH","MERUSAKA NUSA DUA","BALI","5","HIPRO","Post Stay-MERUSAKA NUSA DUA","5","Promoters","5","5","Satisfied","5","Just the manpower to listen more and if they couldn’t understand it is good to use translation to avoid any misunderstanding.",,"5","5","5","5","4","4","bc5f2961-f3db-490a-b247-1cc6b275517a","Completed",,"10-02-2026 12:13:41",,"253837",,"cab97c1f-67b4-11f0-a847-0a0cda9789f2","bedac312-8aeb-4657-9774-18cf5ee7342c","3",,"true",,,,,,,,,,,,,,,,,,,"2",
"656","IJH","MERUSAKA NUSA DUA","BALI","5","HIPRO","Post Stay-MERUSAKA NUSA DUA","5","Promoters","5","5","Satisfied","5","Our stay was memorable for all the right reasons. Your staff are exemplary and many hotels could learn a lot from following your lead.",,"5","5","5","5","4","4","b26dec84-ab8e-4e06-aee9-b99e84bff9e3","Completed",,"10-02-2026 18:23:05",,"670670",,"cab97c1f-67b4-11f0-a847-0a0cda9789f2","bedac312-8aeb-4657-9774-18cf5ee7342c","3",,"true",,,,,,,,,,,,,,,,,,,"2",
"657","IJH","INNA SINDHU BEACH HOTEL & RESORT","BALI","3","HIPRO","Post Stay-INNA SINDHU BEACH HOTEL & RESORT","3","Passive","3","3","Neutral","3",,,"3","3","3","3","2","2","30f186d7-7414-4ac6-a91c-6c25dfd08dae","Completed",,"11-02-2026 04:42:09",,"1042161",,"cab97c1f-67b4-11f0-a847-0a0cda9789f2","bedac312-8aeb-4657-9774-18cf5ee7342c","3",,"true",,,,,,,,,,,,,,,,,,,"2",
"658","IJH","TRUNTUM KUTA","BALI","4","HIPRO","Post Stay-TRUNTUM KUTA","4","Promoters","4","4","Satisfied","4",,,"5","5","4","4","4","4","4de94402-9cb8-4e31-89d0-ec5aa1884b4e","Completed",,"11-02-2026 11:09:31",,"138448",,"cab97c1f-67b4-11f0-a847-0a0cda9789f2","bedac312-8aeb-4657-9774-18cf5ee7342c","3",,"true",,,,,,,,,,,,,,,,,,,"2",
"659","IJH","TRUNTUM KUTA","BALI","4","HIPRO","Post Stay-TRUNTUM KUTA","5","Promoters","5","5","Satisfied","5","Nil",,"4","4","4","4","3","3","ec35fee3-92ba-43d9-a8c5-35dee12933a5","Completed",,"11-02-2026 13:47:22",,"313102",,"cab97c1f-67b4-11f0-a847-0a0cda9789f2","bedac312-8aeb-4657-9774-18cf5ee7342c","3",,"true",,,,,,,,,,,,,,,,,,,"2",
"660","IJH","GRAND INNA MEDAN","SUMUT","4","HIPRO","Post Stay-GRAND INNA MEDAN","5","Promoters","5","5","Satisfied","5","Pertahankan pelayanannya👍",,"5","5","5","5","4","4","3f7b1089-5aa0-4bef-9613-470d10e85729","Completed",,"11-02-2026 14:07:25",,"624870",,"cab97c1f-67b4-11f0-a847-0a0cda9789f2","bedac312-8aeb-4657-9774-18cf5ee7342c","3",,"true",,,,,,,,,,,,,,,,,,,"2",
"661","IJH","GRAND INNA MEDAN","SUMUT","4","HIPRO","Post Stay-GRAND INNA MEDAN","5","Promoters","5","5","Satisfied","5","Sudah cukup baik dari pelayanan dan untuk produk nya agar bisa dilakukan renovasi / uograde",,"5","5","4","4","3","3","ae1b755c-8981-4be9-a839-b8d82084489a","Completed",,"11-02-2026 14:14:32",,"717093",,"cab97c1f-67b4-11f0-a847-0a0cda9789f2","bedac312-8aeb-4657-9774-18cf5ee7342c","3",,"true",,,,,,,,,,,,,,,,,,,"2",
"662","IJH","TRUNTUM KUTA","BALI","4","HIPRO","Post Stay-TRUNTUM KUTA","5","Promoters","5","5","Satisfied","5","Keep up the good job",,"5","5","5","5","4","4","0f991a37-d18d-45a1-bc47-fdc3721e118a","Completed",,"11-02-2026 17:49:30",,"149658",,"cab97c1f-67b4-11f0-a847-0a0cda9789f2","bedac312-8aeb-4657-9774-18cf5ee7342c","3",,"true",,,,,,,,,,,,,,,,,,,"2",
"663","IJH","TRUNTUM KUTA","BALI","4","HIPRO","Post Stay-TRUNTUM KUTA","5","Promoters","5","5","Satisfied","5","sudah bagus",,"5","5","5","5","4","4","1d49e6fc-0479-4855-ad42-e14118a1a109","Completed",,"11-02-2026 18:00:46",,"88494",,"cab97c1f-67b4-11f0-a847-0a0cda9789f2","bedac312-8aeb-4657-9774-18cf5ee7342c","3",,"true",,,,,,,,,,,,,,,,,,,"2",
"664","IJH","TRUNTUM KUTA","BALI","4","HIPRO","Post Stay-TRUNTUM KUTA","5","Promoters","5","5","Satisfied","5","Sudah bagus",,"5","5","5","5","4","4","03725a81-1dc9-460a-bce9-610d034a3a36","Completed",,"11-02-2026 18:03:03",,"98251",,"cab97c1f-67b4-11f0-a847-0a0cda9789f2","bedac312-8aeb-4657-9774-18cf5ee7342c","3",,"true",,,,,,,,,,,,,,,,,,,"2",
"665","IJH","TRUNTUM KUTA","BALI","4","HIPRO","Post Stay-TRUNTUM KUTA","5","Promoters","5","5","Satisfied","5",,,"5","5","5","5","4","4","ce5049a8-90b7-409a-9bf5-52a6f71f6688","Completed",,"11-02-2026 20:32:18",,"168970",,"cab97c1f-67b4-11f0-a847-0a0cda9789f2","bedac312-8aeb-4657-9774-18cf5ee7342c","3",,"true",,,,,,,,,,,,,,,,,,,"2",
"666","IJH","THE MANOHARA HOTEL YOGYAKARTA","YOGYAKARTA","4","HIPRO","Post Stay-THE MANOHARA HOTEL YOGYAKARTA","5","Promoters","5","5","Satisfied","5","Tidak",,"5","5","5","5","4","4","b26bfad2-e35e-4e16-b67b-4d14bc5805d5","Completed",,"12-02-2026 08:50:28",,"136950",,"cab97c1f-67b4-11f0-a847-0a0cda9789f2","bedac312-8aeb-4657-9774-18cf5ee7342c","3",,"true",,,,,,,,,,,,,,,,,,,"2",
"667","IJH","GRAND INNA MEDAN","SUMUT","4","HIPRO","Post Stay-GRAND INNA MEDAN","4","Promoters","4","4","Satisfied","4","dari pelayanan sudah oke",,"5","5","4","4","4","4","5f8d2747-123f-4806-a1b8-97c76dc79d0e","Completed",,"12-02-2026 09:19:22",,"401779",,"cab97c1f-67b4-11f0-a847-0a0cda9789f2","bedac312-8aeb-4657-9774-18cf5ee7342c","3",,"true",,,,,,,,,,,,,,,,,,,"2",
"668","IJH","INNA SINDHU BEACH HOTEL & RESORT","BALI","3","HIPRO","Post Stay-INNA SINDHU BEACH HOTEL & RESORT","5","Promoters","5","5","Satisfied","5",,,"5","5","5","5","4","4","6916519b-f2fc-42af-946a-a9290625c2dc","Completed",,"12-02-2026 09:34:26",,"173934",,"cab97c1f-67b4-11f0-a847-0a0cda9789f2","bedac312-8aeb-4657-9774-18cf5ee7342c","3",,"true",,,,,,,,,,,,,,,,,,,"2",
"669","IJH","TRUNTUM PADANG","SUMBAR","4","HIPRO","Post Stay-TRUNTUM PADANG","4","Promoters","4","4","Satisfied","4","mungkin upgrade/maintenance tambahan untuk furniture dalam kamar, karena ada beberapa yang terlihat menggangu mata.",,"5","5","4","4","3","3","fe76d000-6e32-4343-8c8a-d6eaeac71e8f","Completed",,"12-02-2026 10:31:11",,"4474519",,"cab97c1f-67b4-11f0-a847-0a0cda9789f2","bedac312-8aeb-4657-9774-18cf5ee7342c","3",,"true",,,,,,,,,,,,,,,,,,,"2",
"670","IJH","TRUNTUM KUTA","BALI","4","HIPRO","Post Stay-TRUNTUM KUTA","5","Promoters","5","5","Satisfied","5",".",,"5","5","5","5","4","4","a701098b-7813-4b94-98c6-1378b6804557","Completed",,"12-02-2026 11:24:57",,"238262",,"cab97c1f-67b4-11f0-a847-0a0cda9789f2","bedac312-8aeb-4657-9774-18cf5ee7342c","3",,"true",,,,,,,,,,,,,,,,,,,"2",
"671","IJH","GRAND INNA MEDAN","SUMUT","4","HIPRO","Post Stay-GRAND INNA MEDAN","5","Promoters","5","5","Satisfied","5","Pak Aldo great hospitality",,"5","5","5","5","4","4","dc62d338-5083-4641-8a16-e34598184bb0","Completed",,"12-02-2026 11:52:26",,"188694",,"cab97c1f-67b4-11f0-a847-0a0cda9789f2","bedac312-8aeb-4657-9774-18cf5ee7342c","3",,"true",,,,,,,,,,,,,,,,,,,"2",
"672","IJH","GRAND INNA MEDAN","SUMUT","4","HIPRO","Post Stay-GRAND INNA MEDAN","3","Passive","3","3","Neutral","3",,,"5","5","4","4","3","3","7d7dadb7-d2ef-47bf-a328-8a2ce8450a85","Completed",,"12-02-2026 12:08:41",,"453888",,"cab97c1f-67b4-11f0-a847-0a0cda9789f2","bedac312-8aeb-4657-9774-18cf5ee7342c","3",,"true",,,,,,,,,,,,,,,,,,,"2",
"673","IJH","GRAND INNA MEDAN","SUMUT","4","HIPRO","Post Stay-GRAND INNA MEDAN","5","Promoters","5","5","Satisfied","5","Tidak",,"5","5","5","5","4","4","c4a5396a-87c4-4eac-943b-b41c844c781a","Completed",,"12-02-2026 12:38:20",,"168429",,"cab97c1f-67b4-11f0-a847-0a0cda9789f2","bedac312-8aeb-4657-9774-18cf5ee7342c","3",,"true",,,,,,,,,,,,,,,,,,,"2",
"674","IJH","GRAND INNA MEDAN","SUMUT","4","HIPRO","Post Stay-GRAND INNA MEDAN","5","Promoters","5","5","Satisfied","5","Tidak",,"5","5","5","5","4","4","8f0be3af-88b1-4f3c-b159-5ea235c3431e","Completed",,"12-02-2026 12:39:02",,"352138",,"cab97c1f-67b4-11f0-a847-0a0cda9789f2","bedac312-8aeb-4657-9774-18cf5ee7342c","3",,"true",,,,,,,,,,,,,,,,,,,"2",
"675","IJH","GRAND INNA MEDAN","SUMUT","4","HIPRO","Post Stay-GRAND INNA MEDAN","5","Promoters","5","5","Satisfied","5","Pas",,"5","5","5","5","4","4","9dabca49-30a8-4e97-a3ae-2562d15500c0","Completed",,"12-02-2026 12:47:09",,"140750",,"cab97c1f-67b4-11f0-a847-0a0cda9789f2","bedac312-8aeb-4657-9774-18cf5ee7342c","3",,"true",,,,,,,,,,,,,,,,,,,"2",
"676","IJH","GRAND INNA MEDAN","SUMUT","4","HIPRO","Post Stay-GRAND INNA MEDAN","5","Promoters","5","5","Satisfied","5",,,"5","5","5","5","4","4","56a706a9-88cf-4d62-b6d4-be6d81f43d12","Completed",,"12-02-2026 12:48:19",,"553794",,"cab97c1f-67b4-11f0-a847-0a0cda9789f2","bedac312-8aeb-4657-9774-18cf5ee7342c","3",,"true",,,,,,,,,,,,,,,,,,,"2",
"677","IJH","GRAND INNA MEDAN","SUMUT","4","HIPRO","Post Stay-GRAND INNA MEDAN","5","Promoters","5","5","Satisfied","5",,,"5","5","5","5","4","4","8cc6db50-f985-4b69-b299-a3a16e181b84","Completed",,"12-02-2026 13:14:31",,"140552",,"cab97c1f-67b4-11f0-a847-0a0cda9789f2","bedac312-8aeb-4657-9774-18cf5ee7342c","3",,"true",,,,,,,,,,,,,,,,,,,"2",
"678","IJH","INNA SINDHU BEACH HOTEL & RESORT","BALI","3","HIPRO","Post Stay-INNA SINDHU BEACH HOTEL & RESORT","5","Promoters","5","5","Satisfied","5","ini testing",,"5","5","5","5","4","4","747b30f2-0865-4b77-9c1f-fb6c1c52f19c","Completed",,"12-02-2026 13:31:35",,"201291",,"cab97c1f-67b4-11f0-a847-0a0cda9789f2","bedac312-8aeb-4657-9774-18cf5ee7342c","3",,"true",,,,,,,,,,,,,,,,,,,"2",
"679","IJH","GRAND INNA MEDAN","SUMUT","4","HIPRO","Post Stay-GRAND INNA MEDAN","5","Promoters","5","5","Satisfied","5","Buat spot photo WELCOME atau spot photo check in dan check out, jadi tamu yang datang bisa berphoto disitu..",,"4","4","5","5","4","4","95121f27-ed56-4343-b380-8a694bbe9917","Completed",,"12-02-2026 14:29:12",,"470764",,"cab97c1f-67b4-11f0-a847-0a0cda9789f2","bedac312-8aeb-4657-9774-18cf5ee7342c","3",,"true",,,,,,,,,,,,,,,,,,,"2",
"680","IJH","INNA SINDHU BEACH HOTEL & RESORT","BALI","3","HIPRO","Post Stay-INNA SINDHU BEACH HOTEL & RESORT","5","Promoters","5","5","Satisfied","5","It is oke.",,"5","5","4","4","3","3","0c8b7739-cad8-4dcc-a411-1438fbcb4f29","Completed",,"12-02-2026 15:47:25",,"523472",,"cab97c1f-67b4-11f0-a847-0a0cda9789f2","bedac312-8aeb-4657-9774-18cf5ee7342c","3",,"true",,,,,,,,,,,,,,,,,,,"2",
"681","IJH","INNA SINDHU BEACH HOTEL & RESORT","BALI","3","HIPRO","Post Stay-INNA SINDHU BEACH HOTEL & RESORT","5","Promoters","5","5","Satisfied","5","No",,"5","5","5","5","4","4","78a8f1e8-6a0c-417b-8c35-70cff19149eb","Completed",,"12-02-2026 15:55:15",,"223921",,"cab97c1f-67b4-11f0-a847-0a0cda9789f2","bedac312-8aeb-4657-9774-18cf5ee7342c","3",,"true",,,,,,,,,,,,,,,,,,,"2",
"682","IJH","INNA SINDHU BEACH HOTEL & RESORT","BALI","3","HIPRO","Post Stay-INNA SINDHU BEACH HOTEL & RESORT","4","Promoters","4","4","Satisfied","4","Regulation use beachbeds",,"4","4","5","5","3","3","1b119edb-f9bf-4b06-a675-65f79cc25f24","Completed",,"12-02-2026 16:03:15",,"286996",,"cab97c1f-67b4-11f0-a847-0a0cda9789f2","bedac312-8aeb-4657-9774-18cf5ee7342c","3",,"true",,,,,,,,,,,,,,,,,,,"2",
"683","IJH","GRAND INNA MEDAN","SUMUT","4","HIPRO","Post Stay-GRAND INNA MEDAN","5","Promoters","5","5","Satisfied","5","Tidak ada",,"5","5","5","5","4","4","e51a2478-4104-4574-804b-0c1603cd1573","Completed",,"12-02-2026 16:18:45",,"376813",,"cab97c1f-67b4-11f0-a847-0a0cda9789f2","bedac312-8aeb-4657-9774-18cf5ee7342c","3",,"true",,,,,,,,,,,,,,,,,,,"2",
"684","IJH","INNA SINDHU BEACH HOTEL & RESORT","BALI","3","HIPRO","Post Stay-INNA SINDHU BEACH HOTEL & RESORT","4","Promoters","4","4","Satisfied","4","Xx",,"4","4","3","3","3","3","0c091d11-958f-467e-a231-73ec50eca14f","Completed",,"12-02-2026 16:24:33",,"184623",,"cab97c1f-67b4-11f0-a847-0a0cda9789f2","bedac312-8aeb-4657-9774-18cf5ee7342c","3",,"true",,,,,,,,,,,,,,,,,,,"2",
"685","IJH","GRAND INNA MEDAN","SUMUT","4","HIPRO","Post Stay-GRAND INNA MEDAN","5","Promoters","5","5","Satisfied","5","Untuk pelayanan ramah ramah,termasuk di reception mohon di pertahankan",,"5","5","5","5","4","4","3ff2dfa8-9095-49f8-b3b5-6bcc7c249e35","Completed",,"12-02-2026 17:17:24",,"1451333",,"cab97c1f-67b4-11f0-a847-0a0cda9789f2","bedac312-8aeb-4657-9774-18cf5ee7342c","3",,"true",,,,,,,,,,,,,,,,,,,"2",
"686","IJH","INNA SINDHU BEACH HOTEL & RESORT","BALI","3","HIPRO","Post Stay-INNA SINDHU BEACH HOTEL & RESORT","5","Promoters","5","5","Satisfied","5","No, everything was super!",,"5","5","5","5","4","4","e74eaf97-a284-4f77-8f64-3818c2ceafa8","Completed",,"12-02-2026 18:06:28",,"305162",,"cab97c1f-67b4-11f0-a847-0a0cda9789f2","bedac312-8aeb-4657-9774-18cf5ee7342c","3",,"true",,,,,,,,,,,,,,,,,,,"2",
"687","IJH","INNA SINDHU BEACH HOTEL & RESORT","BALI","3","HIPRO","Post Stay-INNA SINDHU BEACH HOTEL & RESORT","5","Promoters","5","5","Satisfied","5",,,"5","5","4","4","4","4","1b6d243b-db59-4f3d-919c-06bac32aeea6","Completed",,"12-02-2026 18:53:43",,"210252",,"cab97c1f-67b4-11f0-a847-0a0cda9789f2","bedac312-8aeb-4657-9774-18cf5ee7342c","3",,"true",,,,,,,,,,,,,,,,,,,"2",
"688","IJH","INNA SINDHU BEACH HOTEL & RESORT","BALI","3","HIPRO","Post Stay-INNA SINDHU BEACH HOTEL & RESORT","5","Promoters","5","5","Satisfied","5","No",,"5","5","5","5","4","4","33f12069-6be2-4c63-a061-e444e125ff86","Completed",,"12-02-2026 19:01:37",,"223104",,"cab97c1f-67b4-11f0-a847-0a0cda9789f2","bedac312-8aeb-4657-9774-18cf5ee7342c","3",,"true",,,,,,,,,,,,,,,,,,,"2",
"689","IJH","INNA SINDHU BEACH HOTEL & RESORT","BALI","3","HIPRO","Post Stay-INNA SINDHU BEACH HOTEL & RESORT","5","Promoters","5","5","Satisfied","5",,,"5","5","5","5","4","4","0e4c5847-8218-4b60-a1fb-516a365c8dfe","Completed",,"12-02-2026 19:07:48",,"194862",,"cab97c1f-67b4-11f0-a847-0a0cda9789f2","bedac312-8aeb-4657-9774-18cf5ee7342c","3",,"true",,,,,,,,,,,,,,,,,,,"2",
"690","IJH","INNA SINDHU BEACH HOTEL & RESORT","BALI","3","HIPRO","Post Stay-INNA SINDHU BEACH HOTEL & RESORT","4","Promoters","4","4","Satisfied","4","No music at restsurant",,"5","5","5","5","4","4","deaeb8a3-5cee-47f1-8038-a78188a793fe","Completed",,"12-02-2026 19:24:08",,"323065",,"cab97c1f-67b4-11f0-a847-0a0cda9789f2","bedac312-8aeb-4657-9774-18cf5ee7342c","3",,"true",,,,,,,,,,,,,,,,,,,"2",
"691","IJH","TRUNTUM KUTA","BALI","4","HIPRO","Post Stay-TRUNTUM KUTA","5","Promoters","5","5","Satisfied","5","-",,"5","5","5","5","4","4","fa59c0a1-471f-4de0-9848-dc0609524adf","Completed",,"12-02-2026 20:05:22",,"147562",,"cab97c1f-67b4-11f0-a847-0a0cda9789f2","bedac312-8aeb-4657-9774-18cf5ee7342c","3",,"true",,,,,,,,,,,,,,,,,,,"2",
"692","IJH","INNA SINDHU BEACH HOTEL & RESORT","BALI","3","HIPRO","Post Stay-INNA SINDHU BEACH HOTEL & RESORT","5","Promoters","5","5","Satisfied","5","Water pressure coukd be better",,"5","5","5","5","4","4","369fd968-4a3c-4a16-9623-4b97ca7840a5","Completed",,"12-02-2026 20:15:56",,"261222",,"cab97c1f-67b4-11f0-a847-0a0cda9789f2","bedac312-8aeb-4657-9774-18cf5ee7342c","3",,"true",,,,,,,,,,,,,,,,,,,"2",
"693","IJH","INNA SINDHU BEACH HOTEL & RESORT","BALI","3","HIPRO","Post Stay-INNA SINDHU BEACH HOTEL & RESORT","5","Promoters","5","5","Satisfied","5","No",,"5","5","4","4","4","4","dc65eb37-88ce-4b44-a31e-1b72999d3d69","Completed",,"12-02-2026 20:23:17",,"213342",,"cab97c1f-67b4-11f0-a847-0a0cda9789f2","bedac312-8aeb-4657-9774-18cf5ee7342c","3",,"true",,,,,,,,,,,,,,,,,,,"2",
"694","IJH","TRUNTUM KUTA","BALI","4","HIPRO","Post Stay-TRUNTUM KUTA","5","Promoters","5","5","Satisfied","5",,,"5","5","5","5","4","4","8a88c5c3-9638-4565-9f89-08a5d64efd00","Completed",,"12-02-2026 20:50:37",,"140973",,"cab97c1f-67b4-11f0-a847-0a0cda9789f2","bedac312-8aeb-4657-9774-18cf5ee7342c","3",,"true",,,,,,,,,,,,,,,,,,,"2",
"695","IJH","INNA SINDHU BEACH HOTEL & RESORT","BALI","3","HIPRO","Post Stay-INNA SINDHU BEACH HOTEL & RESORT","5","Promoters","5","5","Satisfied","5","Non",,"5","5","5","5","4","4","980cc219-7f79-415e-a92b-a0324798eec5","Completed",,"12-02-2026 20:54:49",,"506253",,"cab97c1f-67b4-11f0-a847-0a0cda9789f2","bedac312-8aeb-4657-9774-18cf5ee7342c","3",,"true",,,,,,,,,,,,,,,,,,,"2",
"696","IJH","GRAND INNA MEDAN","SUMUT","4","HIPRO","Post Stay-GRAND INNA MEDAN","5","Promoters","5","5","Satisfied","5","Your staff the name of Rhezal is very good and friendly...",,"5","5","5","5","4","4","76521172-f8c7-433a-95dc-e52ed7b2cc14","Completed",,"12-02-2026 22:29:38",,"306940",,"cab97c1f-67b4-11f0-a847-0a0cda9789f2","bedac312-8aeb-4657-9774-18cf5ee7342c","3",,"true",,,,,,,,,,,,,,,,,,,"2",
"697","IJH","INNA SINDHU BEACH HOTEL & RESORT","BALI","3","HIPRO","Post Stay-INNA SINDHU BEACH HOTEL & RESORT","5","Promoters","5","5","Satisfied","5","None",,"5","5","4","4","4","4","72f03ea6-586c-45a8-933a-032a23011244","Completed",,"13-02-2026 08:08:25",,"219696",,"cab97c1f-67b4-11f0-a847-0a0cda9789f2","bedac312-8aeb-4657-9774-18cf5ee7342c","3",,"true",,,,,,,,,,,,,,,,,,,"2",
"698","IJH","INNA SINDHU BEACH HOTEL & RESORT","BALI","3","HIPRO","Post Stay-INNA SINDHU BEACH HOTEL & RESORT","5","Promoters","5","5","Satisfied","5","No",,"5","5","4","4","4","4","6604d596-762b-4b85-a4a7-8be7225f5a6b","Completed",,"13-02-2026 08:27:37",,"194989",,"cab97c1f-67b4-11f0-a847-0a0cda9789f2","bedac312-8aeb-4657-9774-18cf5ee7342c","3",,"true",,,,,,,,,,,,,,,,,,,"2",
"699","IJH","GRAND INNA MEDAN","SUMUT","4","HIPRO","Post Stay-GRAND INNA MEDAN","4","Promoters","4","4","Satisfied","4","Pelayanan sudah oke , saya merasa nyaman namun bisa digaris bawahi furniture dan interior serta fasilitas hotel yang perlu diperbaiki",,"5","5","4","4","4","4","ae3f78fd-44ef-4d8f-b43b-1e4cadbfd033","Completed",,"13-02-2026 08:33:37",,"236703",,"cab97c1f-67b4-11f0-a847-0a0cda9789f2","bedac312-8aeb-4657-9774-18cf5ee7342c","3",,"true",,,,,,,,,,,,,,,,,,,"2",
"700","IJH","INNA SINDHU BEACH HOTEL & RESORT","BALI","3","HIPRO","Post Stay-INNA SINDHU BEACH HOTEL & RESORT","4","Promoters","4","4","Satisfied","4","No",,"4","4","5","5","3","3","c2bdb442-76e9-4f6d-818e-b3cd6fdccf86","Completed",,"13-02-2026 08:51:18",,"453786",,"cab97c1f-67b4-11f0-a847-0a0cda9789f2","bedac312-8aeb-4657-9774-18cf5ee7342c","3",,"true",,,,,,,,,,,,,,,,,,,"2",
"701","IJH","INNA SINDHU BEACH HOTEL & RESORT","BALI","3","HIPRO","Post Stay-INNA SINDHU BEACH HOTEL & RESORT","5","Promoters","5","5","Satisfied","5",,,"5","5","5","5","4","4","ba6bbc61-0eb8-4b3a-8fb8-5f4b6a261e9c","Completed",,"13-02-2026 09:00:29",,"267120",,"cab97c1f-67b4-11f0-a847-0a0cda9789f2","bedac312-8aeb-4657-9774-18cf5ee7342c","3",,"true",,,,,,,,,,,,,,,,,,,"2",
"702","IJH","INNA SINDHU BEACH HOTEL & RESORT","BALI","3","HIPRO","Post Stay-INNA SINDHU BEACH HOTEL & RESORT","5","Promoters","5","5","Satisfied","5","No all great",,"5","5","4","4","4","4","c1dea847-a4d8-485d-bdd6-0435b849ca9c","Completed",,"13-02-2026 10:02:36",,"193090",,"cab97c1f-67b4-11f0-a847-0a0cda9789f2","bedac312-8aeb-4657-9774-18cf5ee7342c","3",,"true",,,,,,,,,,,,,,,,,,,"2",
"703","IJH","GRAND INNA MEDAN","SUMUT","4","HIPRO","Post Stay-GRAND INNA MEDAN","5","Promoters","5","5","Satisfied","5","Luaran pinggiran restoran perlu lagi nyaman waktu pagi.amat panas bila tengah hari. Lain lain sangat puas hati",,"5","5","5","5","4","4","c34467f1-b5a5-4c6f-b24d-83ed1c827ed3","Completed",,"13-02-2026 10:44:37",,"345308",,"cab97c1f-67b4-11f0-a847-0a0cda9789f2","bedac312-8aeb-4657-9774-18cf5ee7342c","3",,"true",,,,,,,,,,,,,,,,,,,"2",
"704","IJH","INNA SINDHU BEACH HOTEL & RESORT","BALI","3","HIPRO","Post Stay-INNA SINDHU BEACH HOTEL & RESORT","4","Promoters","4","4","Satisfied","4",,,"5","5","5","5","4","4","44a04b69-c253-4f4f-b6fb-a1cd73485147","Completed",,"13-02-2026 11:11:44",,"555903",,"cab97c1f-67b4-11f0-a847-0a0cda9789f2","bedac312-8aeb-4657-9774-18cf5ee7342c","3",,"true",,,,,,,,,,,,,,,,,,,"2",
"705","IJH","GRAND INNA MEDAN","SUMUT","4","HIPRO","Post Stay-GRAND INNA MEDAN","5","Promoters","5","5","Satisfied","5",,,"5","5","4","4","4","4","5a18921f-c5f2-46a4-b629-f9a7ff4d05d9","Completed",,"13-02-2026 11:42:59",,"196166",,"cab97c1f-67b4-11f0-a847-0a0cda9789f2","bedac312-8aeb-4657-9774-18cf5ee7342c","3",,"true",,,,,,,,,,,,,,,,,,,"2",
"706","IJH","INNA SINDHU BEACH HOTEL & RESORT","BALI","3","HIPRO","Post Stay-INNA SINDHU BEACH HOTEL & RESORT","3","Passive","3","3","Neutral","3",,,"5","5","4","4","4","4","bb14f33b-0a0f-4b44-b99d-a996190a7073","Completed",,"13-02-2026 13:56:33",,"434972",,"cab97c1f-67b4-11f0-a847-0a0cda9789f2","bedac312-8aeb-4657-9774-18cf5ee7342c","3",,"true",,,,,,,,,,,,,,,,,,,"2",
"707","IJH","GRAND INNA MEDAN","SUMUT","4","HIPRO","Post Stay-GRAND INNA MEDAN","5","Promoters","5","5","Satisfied","5","Cukup",,"4","4","4","4","3","3","a49e5f80-4720-4367-b51c-66b6eb89fa6c","Completed",,"13-02-2026 17:17:27",,"143332",,"cab97c1f-67b4-11f0-a847-0a0cda9789f2","bedac312-8aeb-4657-9774-18cf5ee7342c","3",,"true",,,,,,,,,,,,,,,,,,,"2",
"708","IJH","GRAND INNA MEDAN","SUMUT","4","HIPRO","Post Stay-GRAND INNA MEDAN","5","Promoters","5","5","Satisfied","5","Enak",,"5","5","4","4","3","3","0df621f3-744e-491f-951e-1e14ea6ed5a7","Completed",,"13-02-2026 21:25:29",,"229401",,"cab97c1f-67b4-11f0-a847-0a0cda9789f2","bedac312-8aeb-4657-9774-18cf5ee7342c","3",,"true",,,,,,,,,,,,,,,,,,,"2",
"709","IJH","MERUSAKA NUSA DUA","BALI","5","HIPRO","Post Stay-MERUSAKA NUSA DUA","5","Promoters","5","5","Satisfied","5","No, thoroughly enjoyed my stay and will return.",,"5","5","5","5","4","4","ace07c12-e379-4841-b021-137d31134be1","Completed",,"14-02-2026 06:34:45",,"241695",,"cab97c1f-67b4-11f0-a847-0a0cda9789f2","bedac312-8aeb-4657-9774-18cf5ee7342c","3",,"true",,,,,,,,,,,,,,,,,,,"2",
"710","IJH","TRUNTUM KUTA","BALI","4","HIPRO","Post Stay-TRUNTUM KUTA","5","Promoters","5","5","Satisfied","5","Allowing late checkout without a fee would have been good, considering we paid for 2 rooms for 9 nights. Also, some flexibility to with time, we paid until 6pm so as not to incur an additional night fee, but we had to wait at reception until 7pm.",,"4","4","4","4","3","3","77e5fa61-9e2c-483b-84d3-ae391c351325","Completed",,"14-02-2026 08:30:16",,"168481",,"cab97c1f-67b4-11f0-a847-0a0cda9789f2","bedac312-8aeb-4657-9774-18cf5ee7342c","3",,"true",,,,,,,,,,,,,,,,,,,"2",
"711","IJH","INNA SINDHU BEACH HOTEL & RESORT","BALI","3","HIPRO","Post Stay-INNA SINDHU BEACH HOTEL & RESORT","3","Passive","3","3","Neutral","3",,,"4","4","4","4","3","3","8fcf439c-1156-4e03-9083-928471393c86","Completed",,"14-02-2026 09:21:30",,"118545",,"cab97c1f-67b4-11f0-a847-0a0cda9789f2","bedac312-8aeb-4657-9774-18cf5ee7342c","3",,"true",,,,,,,,,,,,,,,,,,,"2",
"712","IJH","MERUSAKA NUSA DUA","BALI","5","HIPRO","Post Stay-MERUSAKA NUSA DUA","5","Promoters","5","5","Satisfied","5","We loved our time at Merusaka so much that we extended our stay! It's a brilliant resort.",,"5","5","5","5","4","4","188083b1-6278-4025-8571-92b74c240bfd","Completed",,"14-02-2026 21:11:22",,"166265",,"cab97c1f-67b4-11f0-a847-0a0cda9789f2","bedac312-8aeb-4657-9774-18cf5ee7342c","3",,"true",,,,,,,,,,,,,,,,,,,"2",
"713","IJH","INNA SINDHU BEACH HOTEL & RESORT","BALI","3","HIPRO","Post Stay-INNA SINDHU BEACH HOTEL & RESORT","3","Passive","3","3","Neutral","3","No",,"4","4","4","4","3","3","8284d47b-017d-4dc7-b5f7-3e7dd28b828c","Completed",,"15-02-2026 06:15:09",,"129185",,"cab97c1f-67b4-11f0-a847-0a0cda9789f2","bedac312-8aeb-4657-9774-18cf5ee7342c","3",,"true",,,,,,,,,,,,,,,,,,,"2",
"714","IJH","GRAND INNA TUNJUNGAN","JATIM","4","HIPRO","Post Stay-GRAND INNA TUNJUNGAN","5","Promoters","5","5","Satisfied","5","Puas banget nginap disini",,"5","5","5","5","4","4","102085fd-e7b3-4f76-8987-7524e1e3aaea","Completed",,"15-02-2026 09:44:43",,"340566",,"cab97c1f-67b4-11f0-a847-0a0cda9789f2","bedac312-8aeb-4657-9774-18cf5ee7342c","3",,"true",,,,,,,,,,,,,,,,,,,"2",
"715","IJH","MERUSAKA NUSA DUA","BALI","5","HIPRO","Post Stay-MERUSAKA NUSA DUA","5","Promoters","5","5","Satisfied","5","Everything was great overall. Beautiful facility and staff very friendly, helpful and attentive. Two areas where there can be some improvement are the bed could be more comfortable. Instead of 1 mattress it was 2 pushed together which made sleeping in the middle uncomfortable due to the mattress edges. Also, the breakfast depleted closer to the end of breakfast so we changed our schedule to go early to make sure we could get fruit",,"5","5","4","4","4","4","00094c17-8130-4565-8a8a-1dad73d4d1c5","Completed",,"15-02-2026 09:59:45",,"288630",,"cab97c1f-67b4-11f0-a847-0a0cda9789f2","bedac312-8aeb-4657-9774-18cf5ee7342c","3",,"true",,,,,,,,,,,,,,,,,,,"2",
"716","IJH","GRAND INNA MEDAN","SUMUT","4","HIPRO","Post Stay-GRAND INNA MEDAN","5","Promoters","5","5","Satisfied","5","Semua bagus",,"5","5","5","5","4","4","e89fbcdc-604a-4aa6-977a-108b464bbe45","Completed",,"15-02-2026 10:09:10",,"201073",,"cab97c1f-67b4-11f0-a847-0a0cda9789f2","bedac312-8aeb-4657-9774-18cf5ee7342c","3",,"true",,,,,,,,,,,,,,,,,,,"2",
"717","IJH","GRAND INNA MEDAN","SUMUT","4","HIPRO","Post Stay-GRAND INNA MEDAN","5","Promoters","5","5","Satisfied","5","Tidak, semua bagus, kamar tlng di upgrade",,"5","5","5","5","4","4","73fe6818-d2a4-4086-a67e-5de165c53e11","Completed",,"15-02-2026 10:13:43",,"231616",,"cab97c1f-67b4-11f0-a847-0a0cda9789f2","bedac312-8aeb-4657-9774-18cf5ee7342c","3",,"true",,,,,,,,,,,,,,,,,,,"2",
"718","IJH","INNA SINDHU BEACH HOTEL & RESORT","BALI","3","HIPRO","Post Stay-INNA SINDHU BEACH HOTEL & RESORT","5","Promoters","5","5","Satisfied","5",,,"5","5","5","5","4","4","3d810858-b1c8-4dff-920c-59c9ca526830","Completed",,"15-02-2026 10:51:14",,"297856",,"cab97c1f-67b4-11f0-a847-0a0cda9789f2","bedac312-8aeb-4657-9774-18cf5ee7342c","3",,"true",,,,,,,,,,,,,,,,,,,"2",
"719","IJH","INNA SINDHU BEACH HOTEL & RESORT","BALI","3","HIPRO","Post Stay-INNA SINDHU BEACH HOTEL & RESORT","4","Promoters","4","4","Satisfied","4",,,"5","5","5","5","4","4","9e2e4287-4221-4259-8cbd-1a80db4ec8a9","Completed",,"15-02-2026 11:16:43",,"120285",,"cab97c1f-67b4-11f0-a847-0a0cda9789f2","bedac312-8aeb-4657-9774-18cf5ee7342c","3",,"true",,,,,,,,,,,,,,,,,,,"2",
"720","IJH","INNA SINDHU BEACH HOTEL & RESORT","BALI","3","HIPRO","Post Stay-INNA SINDHU BEACH HOTEL & RESORT","5","Promoters","5","5","Satisfied","5","Sudah bagus semuanya, pegawainya juga sangat ramah",,"5","5","5","5","4","4","68cbb3ee-d5ee-49fe-8390-de76db3b6e67","Completed",,"15-02-2026 11:21:32",,"95863",,"cab97c1f-67b4-11f0-a847-0a0cda9789f2","bedac312-8aeb-4657-9774-18cf5ee7342c","3",,"true",,,,,,,,,,,,,,,,,,,"2",
"721","IJH","GRAND INNA MEDAN","SUMUT","4","HIPRO","Post Stay-GRAND INNA MEDAN","5","Promoters","5","5","Satisfied","5","Buatkan Nomor Kamar secara Real yang bisa untuk di pesan, agar pelanggan bisa menentukan Kamar Pilihan nya.",,"5","5","4","4","3","3","2fc077f6-d13f-48bd-a8eb-999a52b0dbe0","Completed",,"15-02-2026 13:57:29",,"493914",,"cab97c1f-67b4-11f0-a847-0a0cda9789f2","bedac312-8aeb-4657-9774-18cf5ee7342c","3",,"true",,,,,,,,,,,,,,,,,,,"2",
"722","IJH","INNA SINDHU BEACH HOTEL & RESORT","BALI","3","HIPRO","Post Stay-INNA SINDHU BEACH HOTEL & RESORT","4","Promoters","4","4","Satisfied","4","Non",,"5","5","5","5","4","4","65bb430d-c0f5-4f30-8fc1-64cf28e4867c","Completed",,"15-02-2026 14:54:52",,"190033",,"cab97c1f-67b4-11f0-a847-0a0cda9789f2","bedac312-8aeb-4657-9774-18cf5ee7342c","3",,"true",,,,,,,,,,,,,,,,,,,"2",
"723","IJH","GRAND INNA MEDAN","SUMUT","4","HIPRO","Post Stay-GRAND INNA MEDAN","5","Promoters","5","5","Satisfied","5","Sebagai tamu yang sering menginap ada baiknya diberi reward apakah berupa ucapan dana kata kata sehingga bisa menjadi penyambung lidah bagi relasi nya untuk menginap di hotel legendaris ini ( de boer) Darma Deli (Grand Ina)",,"5","5","5","5","4","4","ac3caea1-75f8-4246-9eba-f25cbb9efee0","Completed",,"15-02-2026 22:31:32",,"564968",,"cab97c1f-67b4-11f0-a847-0a0cda9789f2","bedac312-8aeb-4657-9774-18cf5ee7342c","3",,"true",,,,,,,,,,,,,,,,,,,"2",
"724","IJH","GRAND INNA MEDAN","SUMUT","4","HIPRO","Post Stay-GRAND INNA MEDAN","4","Promoters","4","4","Satisfied","4","pelayanan sudah sangat mantap, saya puas dengan pelayanan nya. sedikit masukan agar furniture bisa direnovasi sedikit agar tidak ketinggalan dengan hotel yang lain menggabungkan jaman modern dengan autentik peninggalan belanda",,"5","5","5","5","4","4","91bb79bb-d61f-4844-ad2c-d57d66994cfc","Completed",,"16-02-2026 08:38:08",,"271350",,"cab97c1f-67b4-11f0-a847-0a0cda9789f2","bedac312-8aeb-4657-9774-18cf5ee7342c","3",,"true",,,,,,,,,,,,,,,,,,,"2",
"725","IJH","INNA SINDHU BEACH HOTEL & RESORT","BALI","3","HIPRO","Post Stay-INNA SINDHU BEACH HOTEL & RESORT","5","Promoters","5","5","Satisfied","5",,,"5","5","5","5","4","4","bc1d6b47-b42d-46e0-9aab-d84cba40ef2b","Completed",,"16-02-2026 09:53:09",,"199699",,"cab97c1f-67b4-11f0-a847-0a0cda9789f2","bedac312-8aeb-4657-9774-18cf5ee7342c","3",,"true",,,,,,,,,,,,,,,,,,,"2",
"726","IJH","INNA SINDHU BEACH HOTEL & RESORT","BALI","3","HIPRO","Post Stay-INNA SINDHU BEACH HOTEL & RESORT","5","Promoters","5","5","Satisfied","5","Hot water",,"5","5","5","5","4","4","7c4ac3f4-adc7-42a4-84a2-896727652673","Completed",,"16-02-2026 10:03:49",,"253722",,"cab97c1f-67b4-11f0-a847-0a0cda9789f2","bedac312-8aeb-4657-9774-18cf5ee7342c","3",,"true",,,,,,,,,,,,,,,,,,,"2",
"727","IJH","TRUNTUM KUTA","BALI","4","HIPRO","Post Stay-TRUNTUM KUTA","5","Promoters","5","5","Satisfied","5","no",,"5","5","4","4","3","3","3dc26487-d93a-4206-8d80-543b29653637","Completed",,"16-02-2026 14:37:49",,"174992",,"cab97c1f-67b4-11f0-a847-0a0cda9789f2","bedac312-8aeb-4657-9774-18cf5ee7342c","3",,"true",,,,,,,,,,,,,,,,,,,"2",
"728","IJH","THE MANOHARA HOTEL YOGYAKARTA","YOGYAKARTA","4","HIPRO","Post Stay-THE MANOHARA HOTEL YOGYAKARTA","5","Promoters","5","5","Satisfied","5","-",,"5","5","5","5","4","4","02415200-7246-445e-8cba-1eaef9c0b7f4","Completed",,"16-02-2026 15:31:38",,"128386",,"cab97c1f-67b4-11f0-a847-0a0cda9789f2","bedac312-8aeb-4657-9774-18cf5ee7342c","3",,"true",,,,,,,,,,,,,,,,,,,"2",
"729","IJH","TRUNTUM KUTA","BALI","4","HIPRO","Post Stay-TRUNTUM KUTA","5","Promoters","5","5","Satisfied","5","Spa was amazing",,"5","5","5","5","4","4","a86554dc-8291-4a4e-bc33-b23b2f5275f6","Completed",,"16-02-2026 18:08:08",,"258904",,"cab97c1f-67b4-11f0-a847-0a0cda9789f2","bedac312-8aeb-4657-9774-18cf5ee7342c","3",,"true",,,,,,,,,,,,,,,,,,,"2",
"730","IJH","MERUSAKA NUSA DUA","BALI","5","HIPRO","Post Stay-MERUSAKA NUSA DUA","5","Promoters","5","5","Satisfied","5","No",,"5","5","4","4","4","4","b1da3565-2b9e-4dde-9fc8-75fdf8b53b37","Completed",,"16-02-2026 19:50:29",,"143348",,"cab97c1f-67b4-11f0-a847-0a0cda9789f2","bedac312-8aeb-4657-9774-18cf5ee7342c","3",,"true",,,,,,,,,,,,,,,,,,,"2",
"731","IJH","INNA SINDHU BEACH HOTEL & RESORT","BALI","3","HIPRO","Post Stay-INNA SINDHU BEACH HOTEL & RESORT","5","Promoters","5","5","Satisfied","5",,,"5","5","4","4","4","4","6749c5b4-573b-43dc-8b6a-b80d0090f0f9","Completed",,"17-02-2026 06:00:40",,"143351",,"cab97c1f-67b4-11f0-a847-0a0cda9789f2","bedac312-8aeb-4657-9774-18cf5ee7342c","3",,"true",,,,,,,,,,,,,,,,,,,"2",
"732","IJH","INNA SINDHU BEACH HOTEL & RESORT","BALI","3","HIPRO","Post Stay-INNA SINDHU BEACH HOTEL & RESORT","5","Promoters","5","5","Satisfied","5",,,"5","5","5","5","4","4","5eaf8c1e-fab1-4b60-99d6-2151302bea13","Completed",,"17-02-2026 06:03:05",,"110683",,"cab97c1f-67b4-11f0-a847-0a0cda9789f2","bedac312-8aeb-4657-9774-18cf5ee7342c","3",,"true",,,,,,,,,,,,,,,,,,,"2",
"733","IJH","MERUSAKA NUSA DUA","BALI","5","HIPRO","Post Stay-MERUSAKA NUSA DUA","5","Promoters","5","5","Satisfied","5","We will be back! Thanks",,"5","5","5","5","4","4","35b5aeef-3316-42d2-a3ce-37eb577fdb26","Completed",,"17-02-2026 11:05:59",,"177944",,"cab97c1f-67b4-11f0-a847-0a0cda9789f2","bedac312-8aeb-4657-9774-18cf5ee7342c","3",,"true",,,,,,,,,,,,,,,,,,,"2",
"734","IJH","GRAND INNA TUNJUNGAN","JATIM","4","HIPRO","Post Stay-GRAND INNA TUNJUNGAN","5","Promoters","5","5","Satisfied","5",,,"5","5","5","5","4","4","34d9ec6e-007d-49c2-b967-60632c36162b","Completed",,"17-02-2026 13:13:06",,"684275",,"cab97c1f-67b4-11f0-a847-0a0cda9789f2","bedac312-8aeb-4657-9774-18cf5ee7342c","3",,"true",,,,,,,,,,,,,,,,,,,"2",
"735","IJH","GRAND INNA TUNJUNGAN","JATIM","4","HIPRO","Post Stay-GRAND INNA TUNJUNGAN","5","Promoters","5","5","Satisfied","5","Hanya terlalu berisik krna ada suara tukang renovasi dan dikolam renang bau rokok",,"5","5","5","5","4","4","10d1ae17-cc1e-44dd-a183-c78f729ac7af","Completed",,"17-02-2026 13:17:35",,"115275",,"cab97c1f-67b4-11f0-a847-0a0cda9789f2","bedac312-8aeb-4657-9774-18cf5ee7342c","3",,"true",,,,,,,,,,,,,,,,,,,"2",
"736","IJH","MERUSAKA NUSA DUA","BALI","5","HIPRO","Post Stay-MERUSAKA NUSA DUA","4","Promoters","4","4","Satisfied","4","The bedroom aside we enjoyed our stay. The staff were polite, extremely helpful and without exception smiling & cheerful - a big asset to any hotel. The food and hospitality were excellent as were the outdoor areas around the hotel.",,"5","5","4","4","4","4","1e21a8bf-a52c-4a7c-99fb-34e9e9afa5e2","Completed",,"17-02-2026 14:55:28",,"671789",,"cab97c1f-67b4-11f0-a847-0a0cda9789f2","bedac312-8aeb-4657-9774-18cf5ee7342c","3",,"true",,,,,,,,,,,,,,,,,,,"2",
"737","IJH","GRAND INNA TUNJUNGAN","JATIM","4","HIPRO","Post Stay-GRAND INNA TUNJUNGAN","5","Promoters","5","5","Satisfied","5","Ga ada",,"5","5","5","5","3","3","c8ca3455-13a8-4cb3-8789-6376156358d9","Completed",,"17-02-2026 17:06:50",,"185522",,"cab97c1f-67b4-11f0-a847-0a0cda9789f2","bedac312-8aeb-4657-9774-18cf5ee7342c","3",,"true",,,,,,,,,,,,,,,,,,,"2",
"738","IJH","THE MANOHARA HOTEL YOGYAKARTA","YOGYAKARTA","4","HIPRO","Post Stay-THE MANOHARA HOTEL YOGYAKARTA","5","Promoters","5","5","Satisfied","5","Path for car to the lobby is too small for larger vehicle for tourist",,"4","4","5","5","3","3","2738ef36-3a4a-47ed-bd33-e634b919697d","Completed",,"18-02-2026 01:12:19",,"179657",,"cab97c1f-67b4-11f0-a847-0a0cda9789f2","bedac312-8aeb-4657-9774-18cf5ee7342c","3",,"true",,,,,,,,,,,,,,,,,,,"2",
"739","IJH","TRUNTUM KUTA","BALI","4","HIPRO","Post Stay-TRUNTUM KUTA","5","Promoters","5","5","Satisfied","5","I left an item in my room & I am very happy that it was found & placed in Lost Property & then collected by a friend to be brought home to me. Thank you for that.",,"5","5","5","5","4","4","9cc7eb2f-1fc3-405b-8d08-aa995a195acc","Completed",,"18-02-2026 11:29:55",,"629754",,"cab97c1f-67b4-11f0-a847-0a0cda9789f2","bedac312-8aeb-4657-9774-18cf5ee7342c","3",,"true",,,,,,,,,,,,,,,,,,,"2",
"740","IJH","THE MANOHARA HOTEL YOGYAKARTA","YOGYAKARTA","4","HIPRO","Post Stay-THE MANOHARA HOTEL YOGYAKARTA","5","Promoters","5","5","Satisfied","5",,,"5","5","5","5","4","4","4d6f8d79-58d4-4610-b119-a7064cda6086","Completed",,"18-02-2026 11:58:22",,"141589",,"cab97c1f-67b4-11f0-a847-0a0cda9789f2","bedac312-8aeb-4657-9774-18cf5ee7342c","3",,"true",,,,,,,,,,,,,,,,,,,"2",
"741","IJH","GRAND INNA MEDAN","SUMUT","4","HIPRO","Post Stay-GRAND INNA MEDAN","4","Promoters","4","4","Satisfied","4","sangat suka",,"5","5","5","5","4","4","0022aad6-3c08-4ed9-83b3-cd1378a89f8e","Completed",,"18-02-2026 12:17:46",,"235185",,"cab97c1f-67b4-11f0-a847-0a0cda9789f2","bedac312-8aeb-4657-9774-18cf5ee7342c","3",,"true",,,,,,,,,,,,,,,,,,,"2",
"742","IJH","MERUSAKA NUSA DUA","BALI","5","HIPRO","Post Stay-MERUSAKA NUSA DUA","5","Promoters","5","5","Satisfied","5",,,"5","5","4","4","4","4","431f2993-e281-4227-8214-f9ad7ff6074e","Completed",,"18-02-2026 14:51:33",,"384434",,"cab97c1f-67b4-11f0-a847-0a0cda9789f2","bedac312-8aeb-4657-9774-18cf5ee7342c","3",,"true",,,,,,,,,,,,,,,,,,,"2",
"743","IJH","GRAND INNA MEDAN","SUMUT","4","HIPRO","Post Stay-GRAND INNA MEDAN","4","Promoters","4","4","Satisfied","4","kamaar mandi tidak ada exhaust paint sehingga kamar mandi tetap basah dan lembab jadi kamar mandi bauk.
keran air susah tolong dong dibuat agar nyaman masuk toilet, padahal hotelnya udah strategis dan stafnya ramah",,"4","4","4","4","3","3","b08d307e-b46d-4da7-8591-166b301b5937","Completed",,"18-02-2026 16:55:07",,"314316",,"cab97c1f-67b4-11f0-a847-0a0cda9789f2","bedac312-8aeb-4657-9774-18cf5ee7342c","3",,"true",,,,,,,,,,,,,,,,,,,"2",
"744","IJH","GRAND INNA MEDAN","SUMUT","4","HIPRO","Post Stay-GRAND INNA MEDAN","4","Promoters","4","4","Satisfied","4","pelayanan staf oke & produk hotel segera si upgrade",,"4","4","4","4","3","3","8f4c3686-f0fc-4360-a095-5369c6eaac38","Completed",,"18-02-2026 17:16:13",,"257138",,"cab97c1f-67b4-11f0-a847-0a0cda9789f2","bedac312-8aeb-4657-9774-18cf5ee7342c","3",,"true",,,,,,,,,,,,,,,,,,,"2",
"745","IJH","GRAND INNA TUNJUNGAN","JATIM","4","HIPRO","Post Stay-GRAND INNA TUNJUNGAN","5","Promoters","5","5","Satisfied","5","-",,"5","5","5","5","4","4","71df59df-a139-4de7-bec9-aea794495c36","Completed",,"18-02-2026 17:48:18",,"201902",,"cab97c1f-67b4-11f0-a847-0a0cda9789f2","bedac312-8aeb-4657-9774-18cf5ee7342c","3",,"true",,,,,,,,,,,,,,,,,,,"2",
"746","IJH","TRUNTUM KUTA","BALI","4","HIPRO","Post Stay-TRUNTUM KUTA","5","Promoters","5","5","Satisfied","5","During our 5day my visit, with Family, I had a fall in the Bathroom. Heatstroke. The Hotel Staff ensured my transport to Hospital. Left flowers in my room. Had Breakfast delivered next morning. I was so appreciative of the Care and Hospitality. Staff Members, such as Nina, and other Staff, really looked after me. Their kindness and care much appreciated. Thank you so much.",,"5","5","5","5","4","4","c7c551e0-bf95-428d-8f99-948d7df3eaa8","Completed",,"18-02-2026 18:20:25",,"475212",,"cab97c1f-67b4-11f0-a847-0a0cda9789f2","bedac312-8aeb-4657-9774-18cf5ee7342c","3",,"true",,,,,,,,,,,,,,,,,,,"2",
"747","IJH","MERUSAKA NUSA DUA","BALI","5","HIPRO","Post Stay-MERUSAKA NUSA DUA","4","Promoters","4","4","Satisfied","4","covered walkways",,"5","5","4","4","4","4","d8cf2583-e8c3-4405-8f03-416f94f87296","Completed",,"19-02-2026 03:37:02",,"409308",,"cab97c1f-67b4-11f0-a847-0a0cda9789f2","bedac312-8aeb-4657-9774-18cf5ee7342c","3",,"true",,,,,,,,,,,,,,,,,,,"2",
"748","IJH","INNA SINDHU BEACH HOTEL & RESORT","BALI","3","HIPRO","Post Stay-INNA SINDHU BEACH HOTEL & RESORT","3","Passive","3","3","Neutral","3","No",,"4","4","3","3","3","3","104a9a58-981e-4116-8cef-e96794d82056","Completed",,"19-02-2026 09:08:24",,"436470",,"cab97c1f-67b4-11f0-a847-0a0cda9789f2","bedac312-8aeb-4657-9774-18cf5ee7342c","3",,"true",,,,,,,,,,,,,,,,,,,"2",
"749","IJH","INNA SINDHU BEACH HOTEL & RESORT","BALI","3","HIPRO","Post Stay-INNA SINDHU BEACH HOTEL & RESORT","5","Promoters","5","5","Satisfied","5","No",,"5","5","5","5","4","4","4294fdaf-9030-429e-94a0-b61d592c7166","Completed",,"19-02-2026 10:14:40",,"249254",,"cab97c1f-67b4-11f0-a847-0a0cda9789f2","bedac312-8aeb-4657-9774-18cf5ee7342c","3",,"true",,,,,,,,,,,,,,,,,,,"2",
"750","IJH","GRAND INNA MEDAN","SUMUT","4","HIPRO","Post Stay-GRAND INNA MEDAN","5","Promoters","5","5","Satisfied","5","Dipertahankan Pelayanan dan Fasilitas yang sekarang ada sembari menata peralatan kamar agar dapat menyesuaikan dengan teknologi yang ada sekarang.",,"5","5","5","5","4","4","26ff472a-ace6-4ce5-ab39-0034a7104dcf","Completed",,"19-02-2026 10:27:14",,"431711",,"cab97c1f-67b4-11f0-a847-0a0cda9789f2","bedac312-8aeb-4657-9774-18cf5ee7342c","3",,"true",,,,,,,,,,,,,,,,,,,"2",
"751","IJH","GRAND INNA MEDAN","SUMUT","4","HIPRO","Post Stay-GRAND INNA MEDAN","5","Promoters","5","5","Satisfied","5","Semoga ada pembaharuan untuk perabotan dalam kamar dan tempat tidurnya.",,"4","4","4","4","3","3","87f9bc81-30ac-432c-9be3-40b2301705f1","Completed",,"19-02-2026 10:31:30",,"740873",,"cab97c1f-67b4-11f0-a847-0a0cda9789f2","bedac312-8aeb-4657-9774-18cf5ee7342c","3",,"true",,,,,,,,,,,,,,,,,,,"2",
"752","IJH","INNA SINDHU BEACH HOTEL & RESORT","BALI","3","HIPRO","Post Stay-INNA SINDHU BEACH HOTEL & RESORT","5","Promoters","5","5","Satisfied","5","No",,"5","5","5","5","4","4","25a6c1bc-4e37-42e6-b4ec-e9e4fe560341","Completed",,"19-02-2026 11:15:09",,"210778",,"cab97c1f-67b4-11f0-a847-0a0cda9789f2","bedac312-8aeb-4657-9774-18cf5ee7342c","3",,"true",,,,,,,,,,,,,,,,,,,"2",
"753","IJH","GRAND INNA MEDAN","SUMUT","4","HIPRO","Post Stay-GRAND INNA MEDAN","5","Promoters","5","5","Satisfied","5","Cukup baik",,"5","5","5","5","4","4","31f204f5-ba7b-479a-abaf-3e602094348e","Completed",,"19-02-2026 11:36:23",,"151198",,"cab97c1f-67b4-11f0-a847-0a0cda9789f2","bedac312-8aeb-4657-9774-18cf5ee7342c","3",,"true",,,,,,,,,,,,,,,,,,,"2",
"754","IJH","GRAND INNA MEDAN","SUMUT","4","HIPRO","Post Stay-GRAND INNA MEDAN","5","Promoters","5","5","Satisfied","5","None",,"4","4","4","4","3","3","438fa7b8-1520-4981-a83c-a854178af21d","Completed",,"19-02-2026 12:26:47",,"207099",,"cab97c1f-67b4-11f0-a847-0a0cda9789f2","bedac312-8aeb-4657-9774-18cf5ee7342c","3",,"true",,,,,,,,,,,,,,,,,,,"2",
"755","IJH","GRAND INNA MEDAN","SUMUT","4","HIPRO","Post Stay-GRAND INNA MEDAN","5","Promoters","5","5","Satisfied","5","Tidak ada karena layanan telah sesuai standar di setiap Level",,"5","5","4","4","3","3","48bf23d1-a8cf-4155-b1e5-fd07e16c342f","Completed",,"19-02-2026 13:41:36",,"277782",,"cab97c1f-67b4-11f0-a847-0a0cda9789f2","bedac312-8aeb-4657-9774-18cf5ee7342c","3",,"true",,,,,,,,,,,,,,,,,,,"2",
"756","IJH","MERUSAKA NUSA DUA","BALI","5","HIPRO","Post Stay-MERUSAKA NUSA DUA","5","Promoters","5","5","Satisfied","5",,,"5","5","5","5","4","4","0950bebc-48a2-4bb3-b097-056385ef631c","Completed",,"19-02-2026 14:50:55",,"185359",,"cab97c1f-67b4-11f0-a847-0a0cda9789f2","bedac312-8aeb-4657-9774-18cf5ee7342c","3",,"true",,,,,,,,,,,,,,,,,,,"2",
"757","IJH","TRUNTUM KUTA","BALI","4","HIPRO","Post Stay-TRUNTUM KUTA","5","Promoters","5","5","Satisfied","5",,,"5","5","5","5","3","3","eaf51fde-2099-4a8c-864b-8045ef8028f1","Completed",,"19-02-2026 15:34:35",,"206097",,"cab97c1f-67b4-11f0-a847-0a0cda9789f2","bedac312-8aeb-4657-9774-18cf5ee7342c","3",,"true",,,,,,,,,,,,,,,,,,,"2",
"758","IJH","TRUNTUM KUTA","BALI","4","HIPRO","Post Stay-TRUNTUM KUTA","5","Promoters","5","5","Satisfied","5",,,"4","4","3","3","3","3","718856bc-15a2-4ec8-a423-1f3df71b2cd3","Completed",,"19-02-2026 15:35:32",,"192642",,"cab97c1f-67b4-11f0-a847-0a0cda9789f2","bedac312-8aeb-4657-9774-18cf5ee7342c","3",,"true",,,,,,,,,,,,,,,,,,,"2",
"759","IJH","KHAS PARAPAT","SUMUT","3","HIPRO","Post Stay-KHAS PARAPAT","5","Promoters","5","5","Satisfied","5","Semua pelayanan nya memuaskan",,"5","5","5","5","4","4","1d6fe2d1-5ab2-41d6-81f2-d29cddb8bf37","Completed",,"19-02-2026 15:55:54",,"178161",,"cab97c1f-67b4-11f0-a847-0a0cda9789f2","bedac312-8aeb-4657-9774-18cf5ee7342c","3",,"true",,,,,,,,,,,,,,,,,,,"2",
"760","IJH","KHAS PARAPAT","SUMUT","3","HIPRO","Post Stay-KHAS PARAPAT","4","Promoters","4","4","Satisfied","4","Waktu check-in agar ontime",,"4","4","4","4","3","3","8a873ab4-88d1-4b1f-b8ef-a1e36f69f6a1","Completed",,"19-02-2026 16:02:12",,"196799",,"cab97c1f-67b4-11f0-a847-0a0cda9789f2","bedac312-8aeb-4657-9774-18cf5ee7342c","3",,"true",,,,,,,,,,,,,,,,,,,"2",
"761","IJH","KHAS PARAPAT","SUMUT","3","HIPRO","Post Stay-KHAS PARAPAT","5","Promoters","5","5","Satisfied","5","Akses untuk orang tua, ke kamar naik/tangga semua",,"5","5","5","5","4","4","d0e9061a-1547-4001-828d-cb5179e85652","Completed",,"19-02-2026 16:06:41",,"186703",,"cab97c1f-67b4-11f0-a847-0a0cda9789f2","bedac312-8aeb-4657-9774-18cf5ee7342c","3",,"true",,,,,,,,,,,,,,,,,,,"2",
"762","IJH","TRUNTUM PADANG","SUMBAR","4","HIPRO","Post Stay-TRUNTUM PADANG","5","Promoters","5","5","Satisfied","5","Semoga Truntum semakin Jaya",,"5","5","4","4","3","3","9a5c6313-254c-45cf-a69f-a154def5fafd","Completed",,"19-02-2026 17:16:26",,"170940",,"cab97c1f-67b4-11f0-a847-0a0cda9789f2","bedac312-8aeb-4657-9774-18cf5ee7342c","3",,"true",,,,,,,,,,,,,,,,,,,"2",
"763","IJH","TRUNTUM KUTA","BALI","4","HIPRO","Post Stay-TRUNTUM KUTA","5","Promoters","5","5","Satisfied","5","We want to express our gratitude for the serviceability in particularly of 2 of your employees:
At first Diah, who immediately arranged another room when I told her that my wife could not handle the bathtube in room 2222 due to surgeries at both her hips. She moved us to room 2404.(This was first booking)
Later I asked her for the second booking a room in the 1st building and we were booked in room 1312.
Her collegue Liley was also very helpfull when we had questions, with answers and advice.
Thanks again. Till next time.",,"5","5","4","4","4","4","39c86948-02c1-460c-9ab7-5d17ab06fc8f","Completed",,"19-02-2026 17:25:43",,"1128881",,"cab97c1f-67b4-11f0-a847-0a0cda9789f2","bedac312-8aeb-4657-9774-18cf5ee7342c","3",,"true",,,,,,,,,,,,,,,,,,,"2",
"764","IJH","TRUNTUM PADANG","SUMBAR","4","HIPRO","Post Stay-TRUNTUM PADANG","5","Promoters","5","5","Satisfied","5","semoga dgn berkali2 nya nginap di truntum buln depan dpat gift😄😄",,"5","5","5","5","4","4","5114e5b1-9998-4b25-ad50-3d978f14ccfc","Completed",,"19-02-2026 17:35:51",,"657375",,"cab97c1f-67b4-11f0-a847-0a0cda9789f2","bedac312-8aeb-4657-9774-18cf5ee7342c","3",,"true",,,,,,,,,,,,,,,,,,,"2",
"765","IJH","TRUNTUM KUTA","BALI","4","HIPRO","Post Stay-TRUNTUM KUTA","5","Promoters","5","5","Satisfied","5","only thing was which i did know until we were waiting for our driver one day that we should have had a cool owel and a welcome drink but thats ok",,"5","5","5","5","4","4","72569e1a-2dd2-4e50-be3f-7464a181f62e","Completed",,"19-02-2026 18:38:10",,"428796",,"cab97c1f-67b4-11f0-a847-0a0cda9789f2","bedac312-8aeb-4657-9774-18cf5ee7342c","3",,"true",,,,,,,,,,,,,,,,,,,"2",
"766","IJH","TRUNTUM PADANG","SUMBAR","4","HIPRO","Post Stay-TRUNTUM PADANG","5","Promoters","5","5","Satisfied","5",,,"3","3","5","5","4","4","cf27a9ff-aa3a-45e7-a64b-aaacb7d1c8b1","Completed",,"19-02-2026 20:48:26",,"357131",,"cab97c1f-67b4-11f0-a847-0a0cda9789f2","bedac312-8aeb-4657-9774-18cf5ee7342c","3",,"true",,,,,,,,,,,,,,,,,,,"2",
"767","IJH","MERUSAKA NUSA DUA","BALI","5","HIPRO","Post Stay-MERUSAKA NUSA DUA","5","Promoters","5","5","Satisfied","5","👌",,"5","5","5","5","4","4","c4332d71-9a57-4c0f-960f-5c00b4f1428a","Completed",,"20-02-2026 00:12:09",,"195124",,"cab97c1f-67b4-11f0-a847-0a0cda9789f2","bedac312-8aeb-4657-9774-18cf5ee7342c","3",,"true",,,,,,,,,,,,,,,,,,,"2",
"768","IJH","MERUSAKA NUSA DUA","BALI","5","HIPRO","Post Stay-MERUSAKA NUSA DUA","5","Promoters","5","5","Satisfied","5","We booked side by side pool access rooms and a early check in at 1:30pm 4 months before arriving and we had to negotiate to get the rooms and then had to wait until 3:30pm for check in because our request wasn't acted upon. We have stayed at the Merusaka 5 times now and would have expected a better experience for a returning customer.",,"5","5","5","5","3","3","cc4f5ac5-cb2f-40c6-902a-e3657f45c8e8","Completed",,"20-02-2026 06:59:27",,"418232",,"cab97c1f-67b4-11f0-a847-0a0cda9789f2","bedac312-8aeb-4657-9774-18cf5ee7342c","3",,"true",,,,,,,,,,,,,,,,,,,"2",
"769","IJH","INNA SINDHU BEACH HOTEL & RESORT","BALI","3","HIPRO","Post Stay-INNA SINDHU BEACH HOTEL & RESORT","4","Promoters","4","4","Satisfied","4","No",,"5","5","5","5","4","4","a53268c9-6e03-4c5e-9d33-e9756e3a400b","Completed",,"20-02-2026 08:05:00",,"98513",,"cab97c1f-67b4-11f0-a847-0a0cda9789f2","bedac312-8aeb-4657-9774-18cf5ee7342c","3",,"true",,,,,,,,,,,,,,,,,,,"2",
"770","IJH","INNA SINDHU BEACH HOTEL & RESORT","BALI","3","HIPRO","Post Stay-INNA SINDHU BEACH HOTEL & RESORT","5","Promoters","5","5","Satisfied","5","Tambahkan hiburan buat anak-anak",,"5","5","4","4","4","4","2a302b52-730a-4133-9797-3447566fb031","Completed",,"20-02-2026 08:11:29",,"166817",,"cab97c1f-67b4-11f0-a847-0a0cda9789f2","bedac312-8aeb-4657-9774-18cf5ee7342c","3",,"true",,,,,,,,,,,,,,,,,,,"2",
"771","IJH","KHAS PARAPAT","SUMUT","3","HIPRO","Post Stay-KHAS PARAPAT","5","Promoters","5","5","Satisfied","5","Smart TV di kamar",,"5","5","5","5","4","4","9c28290e-cf29-454a-b1e8-382b53298a29","Completed",,"20-02-2026 08:17:24",,"278800",,"cab97c1f-67b4-11f0-a847-0a0cda9789f2","bedac312-8aeb-4657-9774-18cf5ee7342c","3",,"true",,,,,,,,,,,,,,,,,,,"2",
"772","IJH","KHAS PARAPAT","SUMUT","3","HIPRO","Post Stay-KHAS PARAPAT","5","Promoters","5","5","Satisfied","5","Overall, I had a pleasant stay. For my next visit, it would be wonderful to see even more personalized service touches and faster check-in/check-out processes to enhance convenience.",,"5","5","5","5","4","4","4762c533-f11b-4f6c-93b9-b8239c376e20","Completed",,"20-02-2026 09:10:56",,"319098",,"cab97c1f-67b4-11f0-a847-0a0cda9789f2","bedac312-8aeb-4657-9774-18cf5ee7342c","3",,"true",,,,,,,,,,,,,,,,,,,"2",
"773","IJH","INNA SINDHU BEACH HOTEL & RESORT","BALI","3","HIPRO","Post Stay-INNA SINDHU BEACH HOTEL & RESORT","5","Promoters","5","5","Satisfied","5","No",,"5","5","3","3","4","4","bc8d2e4e-bfa3-4251-a2a6-2d40a732ba49","Completed",,"20-02-2026 09:26:32",,"115219",,"cab97c1f-67b4-11f0-a847-0a0cda9789f2","bedac312-8aeb-4657-9774-18cf5ee7342c","3",,"true",,,,,,,,,,,,,,,,,,,"2",
"774","IJH","KHAS PARAPAT","SUMUT","3","HIPRO","Post Stay-KHAS PARAPAT","5","Promoters","5","5","Satisfied","5",,,"5","5","5","5","4","4","57ae4558-5692-4bbb-974c-73c1d56b8a62","Completed",,"20-02-2026 09:30:45",,"1182435",,"cab97c1f-67b4-11f0-a847-0a0cda9789f2","bedac312-8aeb-4657-9774-18cf5ee7342c","3",,"true",,,,,,,,,,,,,,,,,,,"2",
"775","IJH","MERUSAKA NUSA DUA","BALI","5","HIPRO","Post Stay-MERUSAKA NUSA DUA","5","Promoters","5","5","Satisfied","5",,,"5","5","5","5","4","4","5277ed06-eda2-4178-ba84-e58c2248b20a","Completed",,"20-02-2026 10:02:45",,"170605",,"cab97c1f-67b4-11f0-a847-0a0cda9789f2","bedac312-8aeb-4657-9774-18cf5ee7342c","3",,"true",,,,,,,,,,,,,,,,,,,"2",
"776","IJH","KHAS PARAPAT","SUMUT","3","HIPRO","Post Stay-KHAS PARAPAT","4","Promoters","4","4","Satisfied","4","Tidak ada",,"4","4","4","4","3","3","096a7638-146a-46ff-8d3f-b6effb7d0bf5","Completed",,"20-02-2026 10:47:28",,"173812",,"cab97c1f-67b4-11f0-a847-0a0cda9789f2","bedac312-8aeb-4657-9774-18cf5ee7342c","3",,"true",,,,,,,,,,,,,,,,,,,"2",
"777","IJH","KHAS PARAPAT","SUMUT","3","HIPRO","Post Stay-KHAS PARAPAT","4","Promoters","4","4","Satisfied","4","So far good, semoga di pertahanan pelayanan nya.",,"5","5","4","4","4","4","5f4cdd8c-9b52-4997-aa85-ff4d3927d151","Completed",,"20-02-2026 11:02:19",,"318897",,"cab97c1f-67b4-11f0-a847-0a0cda9789f2","bedac312-8aeb-4657-9774-18cf5ee7342c","3",,"true",,,,,,,,,,,,,,,,,,,"2",
"778","IJH","INNA SINDHU BEACH HOTEL & RESORT","BALI","3","HIPRO","Post Stay-INNA SINDHU BEACH HOTEL & RESORT","5","Promoters","5","5","Satisfied","5","Nope",,"5","5","4","4","3","3","92d36329-fab2-4b77-8739-e000c97fc614","Completed",,"20-02-2026 11:02:22",,"178823",,"cab97c1f-67b4-11f0-a847-0a0cda9789f2","bedac312-8aeb-4657-9774-18cf5ee7342c","3",,"true",,,,,,,,,,,,,,,,,,,"2",
"779","IJH","INNA SINDHU BEACH HOTEL & RESORT","BALI","3","HIPRO","Post Stay-INNA SINDHU BEACH HOTEL & RESORT","4","Promoters","4","4","Satisfied","4","No",,"5","5","4","4","3","3","048b2b18-5a94-4263-bc34-c19695745b91","Completed",,"20-02-2026 11:38:16",,"220157",,"cab97c1f-67b4-11f0-a847-0a0cda9789f2","bedac312-8aeb-4657-9774-18cf5ee7342c","3",,"true",,,,,,,,,,,,,,,,,,,"2",
"780","IJH","INNA SINDHU BEACH HOTEL & RESORT","BALI","3","HIPRO","Post Stay-INNA SINDHU BEACH HOTEL & RESORT","5","Promoters","5","5","Satisfied","5","Wonderful staff.",,"5","5","5","5","4","4","83565037-2266-42e2-8588-6df54f687f1c","Completed",,"20-02-2026 11:44:14",,"198437",,"cab97c1f-67b4-11f0-a847-0a0cda9789f2","bedac312-8aeb-4657-9774-18cf5ee7342c","3",,"true",,,,,,,,,,,,,,,,,,,"2",
"781","IJH","TRUNTUM KUTA","BALI","4","HIPRO","Post Stay-TRUNTUM KUTA","5","Promoters","5","5","Satisfied","5","Overall very happy.thank you",,"5","5","5","5","4","4","a7a605c7-5e76-44d6-8fb7-acba28b64f4b","Completed",,"20-02-2026 12:47:46",,"328010",,"cab97c1f-67b4-11f0-a847-0a0cda9789f2","bedac312-8aeb-4657-9774-18cf5ee7342c","3",,"true",,,,,,,,,,,,,,,,,,,"2",
"782","IJH","KHAS PARAPAT","SUMUT","3","HIPRO","Post Stay-KHAS PARAPAT","5","Promoters","5","5","Satisfied","5",,,"5","5","5","5","4","4","472135a3-c0df-4b1b-8c9c-a7a11756f026","Completed",,"20-02-2026 14:37:50",,"311074",,"cab97c1f-67b4-11f0-a847-0a0cda9789f2","bedac312-8aeb-4657-9774-18cf5ee7342c","3",,"true",,,,,,,,,,,,,,,,,,,"2",
"783","IJH","KHAS PARAPAT","SUMUT","3","HIPRO","Post Stay-KHAS PARAPAT","5","Promoters","5","5","Satisfied","5",,,"5","5","5","5","4","4","2359022c-fe3a-42d1-8de2-a794b91186fd","Completed",,"20-02-2026 15:03:30",,"610183",,"cab97c1f-67b4-11f0-a847-0a0cda9789f2","bedac312-8aeb-4657-9774-18cf5ee7342c","3",,"true",,,,,,,,,,,,,,,,,,,"2",
"784","IJH","MERUSAKA NUSA DUA","BALI","5","HIPRO","Post Stay-MERUSAKA NUSA DUA","5","Promoters","5","5","Satisfied","5","No",,"5","5","4","4","4","4","0304c91d-b2cb-45e7-babb-4ab4f93e86eb","Completed",,"20-02-2026 15:37:25",,"429745",,"cab97c1f-67b4-11f0-a847-0a0cda9789f2","bedac312-8aeb-4657-9774-18cf5ee7342c","3",,"true",,,,,,,,,,,,,,,,,,,"2",
"785","IJH","KHAS PARAPAT","SUMUT","3","HIPRO","Post Stay-KHAS PARAPAT","5","Promoters","5","5","Satisfied","5","Kalau bisa banyak potongan, terkhusus saat hari libur.",,"5","5","5","5","4","4","7381bf0d-1c98-4a09-9678-092de1771487","Completed",,"20-02-2026 18:14:57",,"315168",,"cab97c1f-67b4-11f0-a847-0a0cda9789f2","bedac312-8aeb-4657-9774-18cf5ee7342c","3",,"true",,,,,,,,,,,,,,,,,,,"2",
"786","IJH","KHAS PARAPAT","SUMUT","3","HIPRO","Post Stay-KHAS PARAPAT","5","Promoters","5","5","Satisfied","5","Jika diperbolehkan adanya kartu member untuk penginap reguler, dimana mendapatkan diskon",,"5","5","5","5","4","4","7f4c745d-51df-45a6-b590-ba7a10a2d3fe","Completed",,"20-02-2026 18:15:05",,"305245",,"cab97c1f-67b4-11f0-a847-0a0cda9789f2","bedac312-8aeb-4657-9774-18cf5ee7342c","3",,"true",,,,,,,,,,,,,,,,,,,"2",
"787","IJH","MERUSAKA NUSA DUA","BALI","5","HIPRO","Post Stay-MERUSAKA NUSA DUA","5","Promoters","5","5","Satisfied","5","None - everything was perfect! Thank you for a great stay.",,"5","5","5","5","4","4","bb6f7340-ad20-4de5-9b52-2af01d5762fc","Completed",,"20-02-2026 20:38:04",,"548352",,"cab97c1f-67b4-11f0-a847-0a0cda9789f2","bedac312-8aeb-4657-9774-18cf5ee7342c","3",,"true",,,,,,,,,,,,,,,,,,,"2",
"788","IJH","INNA SINDHU BEACH HOTEL & RESORT","BALI","3","HIPRO","Post Stay-INNA SINDHU BEACH HOTEL & RESORT","5","Promoters","5","5","Satisfied","5","No",,"5","5","5","5","4","4","3ef65912-4684-43fc-bd85-24b8a69c7cbd","Completed",,"21-02-2026 10:37:25",,"166321",,"cab97c1f-67b4-11f0-a847-0a0cda9789f2","bedac312-8aeb-4657-9774-18cf5ee7342c","3",,"true",,,,,,,,,,,,,,,,,,,"2",
"789","IJH","TRUNTUM KUTA","BALI","4","HIPRO","Post Stay-TRUNTUM KUTA","5","Promoters","5","5","Satisfied","5","No",,"5","5","5","5","4","4","b313cfe7-fdd7-4902-8042-40e6770ed536","Completed",,"21-02-2026 10:43:11",,"158910",,"cab97c1f-67b4-11f0-a847-0a0cda9789f2","bedac312-8aeb-4657-9774-18cf5ee7342c","3",,"true",,,,,,,,,,,,,,,,,,,"2",
"790","IJH","INNA SINDHU BEACH HOTEL & RESORT","BALI","3","HIPRO","Post Stay-INNA SINDHU BEACH HOTEL & RESORT","2","Detractor","2","2","Not Satisfied","2",,,"4","4","3","3","3","3","5ef2db79-9abd-49fa-99e3-4fd041ded05f","Completed",,"21-02-2026 10:47:50",,"278303",,"cab97c1f-67b4-11f0-a847-0a0cda9789f2","bedac312-8aeb-4657-9774-18cf5ee7342c","3",,"true",,,,,,,,,,,,,,,,,,,"2",
"791","IJH","GRAND INNA MEDAN","SUMUT","4","HIPRO","Post Stay-GRAND INNA MEDAN","5","Promoters","5","5","Satisfied","5","Break fast we need south indian food",,"5","5","3","3","4","4","88f6d557-f588-4fed-ace4-bb8b5bbb8302","Completed",,"21-02-2026 11:29:58",,"266982",,"cab97c1f-67b4-11f0-a847-0a0cda9789f2","bedac312-8aeb-4657-9774-18cf5ee7342c","3",,"true",,,,,,,,,,,,,,,,,,,"2",
"792","IJH","TRUNTUM KUTA","BALI","4","HIPRO","Post Stay-TRUNTUM KUTA","5","Promoters","5","5","Satisfied","5","Give option to have the room lights even brigher. Max brightness was still on the dimmer side for me",,"5","5","4","4","4","4","e592b4e8-a7a4-4dde-aebe-553fad6d0030","Completed",,"21-02-2026 12:33:28",,"219406",,"cab97c1f-67b4-11f0-a847-0a0cda9789f2","bedac312-8aeb-4657-9774-18cf5ee7342c","3",,"true",,,,,,,,,,,,,,,,,,,"2",
"793","IJH","MERUSAKA NUSA DUA","BALI","5","HIPRO","Post Stay-MERUSAKA NUSA DUA","5","Promoters","5","5","Satisfied","5","Everything was perfect",,"5","5","5","5","4","4","c230b40b-19a3-43bf-b1ec-574f628c7d99","Completed",,"21-02-2026 12:33:44",,"193065",,"cab97c1f-67b4-11f0-a847-0a0cda9789f2","bedac312-8aeb-4657-9774-18cf5ee7342c","3",,"true",,,,,,,,,,,,,,,,,,,"2",
"794","IJH","KHAS PARAPAT","SUMUT","3","HIPRO","Post Stay-KHAS PARAPAT","5","Promoters","5","5","Satisfied","5","Overall everything good",,"5","5","5","5","4","4","c2a246a2-8adb-4f3d-9e36-dc9a8750a845","Completed",,"21-02-2026 15:16:29",,"199397",,"cab97c1f-67b4-11f0-a847-0a0cda9789f2","bedac312-8aeb-4657-9774-18cf5ee7342c","3",,"true",,,,,,,,,,,,,,,,,,,"2",
"795","IJH","MERUSAKA NUSA DUA","BALI","5","HIPRO","Post Stay-MERUSAKA NUSA DUA","5","Promoters","5","5","Satisfied","5","Better air con",,"5","5","4","4","4","4","53cf7144-4e8c-4db0-819f-5ad11f733c2e","Completed",,"21-02-2026 15:22:45",,"267148",,"cab97c1f-67b4-11f0-a847-0a0cda9789f2","bedac312-8aeb-4657-9774-18cf5ee7342c","3",,"true",,,,,,,,,,,,,,,,,,,"2",
"796","IJH","KHAS PARAPAT","SUMUT","3","HIPRO","Post Stay-KHAS PARAPAT","5","Promoters","5","5","Satisfied","5",,,"4","4","4","4","3","3","86fa338f-35c6-4e63-99ca-02d082803223","Completed",,"21-02-2026 15:39:46",,"132171",,"cab97c1f-67b4-11f0-a847-0a0cda9789f2","bedac312-8aeb-4657-9774-18cf5ee7342c","3",,"true",,,,,,,,,,,,,,,,,,,"2",
"797","IJH","KHAS PARAPAT","SUMUT","3","HIPRO","Post Stay-KHAS PARAPAT","5","Promoters","5","5","Satisfied","5",,,"4","4","4","4","3","3","f4e58bae-8029-400b-a657-c2bc3b326210","Completed",,"21-02-2026 15:43:21",,"209629",,"cab97c1f-67b4-11f0-a847-0a0cda9789f2","bedac312-8aeb-4657-9774-18cf5ee7342c","3",,"true",,,,,,,,,,,,,,,,,,,"2",
"798","IJH","KHAS PARAPAT","SUMUT","3","HIPRO","Post Stay-KHAS PARAPAT","5","Promoters","5","5","Satisfied","5","Fasilitas dilengkapi seperti gym, spa, kolam",,"4","4","5","5","4","4","c51da79a-1d47-4b5b-9a05-6f27f742d7b1","Completed",,"21-02-2026 15:46:49",,"206998",,"cab97c1f-67b4-11f0-a847-0a0cda9789f2","bedac312-8aeb-4657-9774-18cf5ee7342c","3",,"true",,,,,,,,,,,,,,,,,,,"2",
"799","IJH","KHAS PARAPAT","SUMUT","3","HIPRO","Post Stay-KHAS PARAPAT","5","Promoters","5","5","Satisfied","5","Aksesnya lebih diperbaiki lagi terutama akses untuk orang tua dan disabilitas",,"5","5","4","4","3","3","6e2f9482-1589-4f40-be1d-b1b524546ee7","Completed",,"21-02-2026 15:50:47",,"337077",,"cab97c1f-67b4-11f0-a847-0a0cda9789f2","bedac312-8aeb-4657-9774-18cf5ee7342c","3",,"true",,,,,,,,,,,,,,,,,,,"2",
"800","IJH","KHAS PARAPAT","SUMUT","3","HIPRO","Post Stay-KHAS PARAPAT","5","Promoters","5","5","Satisfied","5","Tambahkan fasilitas seperti gym, kolam, spa, taman bermain anak",,"5","5","5","5","4","4","c603c441-8566-4331-8b12-99c49d7d2cc7","Completed",,"21-02-2026 15:51:21",,"225455",,"cab97c1f-67b4-11f0-a847-0a0cda9789f2","bedac312-8aeb-4657-9774-18cf5ee7342c","3",,"true",,,,,,,,,,,,,,,,,,,"2",
"801","IJH","KHAS PARAPAT","SUMUT","3","HIPRO","Post Stay-KHAS PARAPAT","5","Promoters","5","5","Satisfied","5","Kamar bersih, layanan oke, makanan enak, semoga bisa dipertahankan",,"5","5","5","5","4","4","47f47812-69db-4951-9c0f-449adbb62567","Completed",,"21-02-2026 15:55:06",,"226696",,"cab97c1f-67b4-11f0-a847-0a0cda9789f2","bedac312-8aeb-4657-9774-18cf5ee7342c","3",,"true",,,,,,,,,,,,,,,,,,,"2",
"802","IJH","MERUSAKA NUSA DUA","BALI","5","HIPRO","Post Stay-MERUSAKA NUSA DUA","5","Promoters","5","5","Satisfied","5","no",,"5","5","5","5","4","4","293c81c3-eb56-453d-b947-5204999e105d","Completed",,"22-02-2026 05:58:16",,"208407",,"cab97c1f-67b4-11f0-a847-0a0cda9789f2","bedac312-8aeb-4657-9774-18cf5ee7342c","3",,"true",,,,,,,,,,,,,,,,,,,"2",
"803","IJH","MERUSAKA NUSA DUA","BALI","5","HIPRO","Post Stay-MERUSAKA NUSA DUA","5","Promoters","5","5","Satisfied","5",,,"5","5","5","5","4","4","523da382-8586-448f-bdce-9331695ac033","Completed",,"22-02-2026 07:58:05",,"103428",,"cab97c1f-67b4-11f0-a847-0a0cda9789f2","bedac312-8aeb-4657-9774-18cf5ee7342c","3",,"true",,,,,,,,,,,,,,,,,,,"2",
"804","IJH","GRAND INNA MEDAN","SUMUT","4","HIPRO","Post Stay-GRAND INNA MEDAN","5","Promoters","5","5","Satisfied","5","I do",,"5","5","5","5","4","4","a5112708-3732-48f5-ad35-e10dc318e464","Completed",,"22-02-2026 09:00:58",,"272738",,"cab97c1f-67b4-11f0-a847-0a0cda9789f2","bedac312-8aeb-4657-9774-18cf5ee7342c","3",,"true",,,,,,,,,,,,,,,,,,,"2",
"805","IJH","MERUSAKA NUSA DUA","BALI","5","HIPRO","Post Stay-MERUSAKA NUSA DUA","5","Promoters","5","5","Satisfied","5",,,"5","5","5","5","4","4","ce014712-4009-41cf-838f-5524d76585a5","Completed",,"22-02-2026 09:14:33",,"154082",,"cab97c1f-67b4-11f0-a847-0a0cda9789f2","bedac312-8aeb-4657-9774-18cf5ee7342c","3",,"true",,,,,,,,,,,,,,,,,,,"2",
"806","IJH","KHAS PARAPAT","SUMUT","3","HIPRO","Post Stay-KHAS PARAPAT","5","Promoters","5","5","Satisfied","5","Akses naik turun tangga terlalu banyak",,"5","5","5","5","4","4","6c56c818-267a-4c0f-bcdc-16439147d372","Completed",,"22-02-2026 09:55:40",,"267800",,"cab97c1f-67b4-11f0-a847-0a0cda9789f2","bedac312-8aeb-4657-9774-18cf5ee7342c","3",,"true",,,,,,,,,,,,,,,,,,,"2",
"807","IJH","TRUNTUM KUTA","BALI","4","HIPRO","Post Stay-TRUNTUM KUTA","5","Promoters","5","5","Satisfied","5","We understand there are a lot of rooms to manage but a 3:00 pm check in is later than most properties.  Many of the flights arrive in Denpasar early in the morning. We travelled through the night without sleep to get to Bali arriving at the hotel at 9:00 am. We then had to waste the entire day trying to find some place to sit and wait 6 hours until exactly 3:00 pm to check in. Even though it is low season there was no possibility of getting into our room early. If you could somehow prioritize those guests that have early flights to allow them earlier access to their rooms it would be a much appreciated good gesture. Even if you charged for this service we would have happily paid extra for the access. It was not a happy start to an otherwise very good experience.  And we saw other guests going through the same process as us during our stay so it seems to be a regular occurrence.",,"5","5","5","5","3","3","8ee5b13a-239d-4bdd-8caa-837bca5816a6","Completed",,"22-02-2026 10:50:20",,"1341877",,"cab97c1f-67b4-11f0-a847-0a0cda9789f2","bedac312-8aeb-4657-9774-18cf5ee7342c","3",,"true",,,,,,,,,,,,,,,,,,,"2",
"808","IJH","KHAS PARAPAT","SUMUT","3","HIPRO","Post Stay-KHAS PARAPAT","5","Promoters","5","5","Satisfied","5","Udah bagus pelayanan nya",,"5","5","5","5","4","4","91c7895d-152c-46b2-8d62-faa413f40c3c","Completed",,"22-02-2026 10:52:02",,"236745",,"cab97c1f-67b4-11f0-a847-0a0cda9789f2","bedac312-8aeb-4657-9774-18cf5ee7342c","3",,"true",,,,,,,,,,,,,,,,,,,"2",
"809","IJH","TRUNTUM KUTA","BALI","4","HIPRO","Post Stay-TRUNTUM KUTA","5","Promoters","5","5","Satisfied","5","NA",,"5","5","5","5","4","4","0856715f-ad68-4552-85dc-35d4d0c7220d","Completed",,"22-02-2026 11:10:57",,"166036",,"cab97c1f-67b4-11f0-a847-0a0cda9789f2","bedac312-8aeb-4657-9774-18cf5ee7342c","3",,"true",,,,,,,,,,,,,,,,,,,"2",
"810","IJH","THE MANOHARA HOTEL YOGYAKARTA","YOGYAKARTA","4","HIPRO","Post Stay-THE MANOHARA HOTEL YOGYAKARTA","5","Promoters","5","5","Satisfied","5",,,"5","5","5","5","4","4","5a82590d-7c9f-4a2f-bdd3-c6d34e049d9d","Completed",,"22-02-2026 12:42:33",,"85570",,"cab97c1f-67b4-11f0-a847-0a0cda9789f2","bedac312-8aeb-4657-9774-18cf5ee7342c","3",,"true",,,,,,,,,,,,,,,,,,,"2",
"811","IJH","MERUSAKA NUSA DUA","BALI","5","HIPRO","Post Stay-MERUSAKA NUSA DUA","5","Promoters","5","5","Satisfied","5",,,"5","5","5","5","4","4","54b49e04-ad36-4146-9196-88caf00ac5cd","Completed",,"22-02-2026 14:58:40",,"205162",,"cab97c1f-67b4-11f0-a847-0a0cda9789f2","bedac312-8aeb-4657-9774-18cf5ee7342c","3",,"true",,,,,,,,,,,,,,,,,,,"2",
"812","IJH","TRUNTUM KUTA","BALI","4","HIPRO","Post Stay-TRUNTUM KUTA","5","Promoters","5","5","Satisfied","5","I did notice that at night some garden lights not working , very easy to trip over",,"5","5","5","5","4","4","85f5d983-e3c2-43b8-a8c4-df5af3baae04","Completed",,"22-02-2026 15:35:33",,"759672",,"cab97c1f-67b4-11f0-a847-0a0cda9789f2","bedac312-8aeb-4657-9774-18cf5ee7342c","3",,"true",,,,,,,,,,,,,,,,,,,"2",
"813","IJH","MERUSAKA NUSA DUA","BALI","5","HIPRO","Post Stay-MERUSAKA NUSA DUA","5","Promoters","5","5","Satisfied","5","None",,"5","5","5","5","4","4","63014898-2f7e-4a26-a128-d1512f703c39","Completed",,"22-02-2026 19:15:47",,"190863",,"cab97c1f-67b4-11f0-a847-0a0cda9789f2","bedac312-8aeb-4657-9774-18cf5ee7342c","3",,"true",,,,,,,,,,,,,,,,,,,"2",
"814","IJH","GRAND INNA MEDAN","SUMUT","4","HIPRO","Post Stay-GRAND INNA MEDAN","5","Promoters","5","5","Satisfied","5","Tidak",,"5","5","5","5","4","4","48667cbb-58cd-4945-91cd-cedcb3e0e1aa","Completed",,"22-02-2026 22:57:09",,"195240",,"cab97c1f-67b4-11f0-a847-0a0cda9789f2","bedac312-8aeb-4657-9774-18cf5ee7342c","3",,"true",,,,,,,,,,,,,,,,,,,"2",
"815","IJH","TRUNTUM KUTA","BALI","4","HIPRO","Post Stay-TRUNTUM KUTA","5","Promoters","5","5","Satisfied","5","We absolutely loved our holiday at Truntum, we will definitely book again when we come to bali next. The staff are amazing. Thank you for adding to our beautiful Bali holiday.",,"5","5","5","5","4","4","970d6eaf-ddf4-4787-b166-3e368e55f41d","Completed",,"23-02-2026 06:09:55",,"469382",,"cab97c1f-67b4-11f0-a847-0a0cda9789f2","bedac312-8aeb-4657-9774-18cf5ee7342c","3",,"true",,,,,,,,,,,,,,,,,,,"2",
"816","IJH","MERUSAKA NUSA DUA","BALI","5","HIPRO","Post Stay-MERUSAKA NUSA DUA","5","Promoters","5","5","Satisfied","5","We had a wonderful stay and genuinely look forward to coming back. We did note that the weekday staff seem a lot more organised and professional. The main restraunt breakfast and dinner was of much poorer quality on Saturday and Sunday. Our meals on Saturday night sat for nearly 10 meals on a table 2 seats up from us while they tried to figure out who they were for. The chicken was hard and dry and the hot platter beef had become coagulated from sitting there. This was disappointing. On Sunday our food was delivered to the wrong table as well and we also received an incorrect bill. It just seems a lot more chaotic. Apart from that we had a lovely time. Will look to stay just during the week next time.",,"4","4","4","4","3","3","0ce6425f-0cd7-4123-9218-65d14f8e0d29","Completed",,"23-02-2026 09:10:41",,"470275",,"cab97c1f-67b4-11f0-a847-0a0cda9789f2","bedac312-8aeb-4657-9774-18cf5ee7342c","3",,"true",,,,,,,,,,,,,,,,,,,"2",
"817","IJH","TRUNTUM KUTA","BALI","4","HIPRO","Post Stay-TRUNTUM KUTA","5","Promoters","5","5","Satisfied","5",,,"5","5","5","5","4","4","9739ed90-6c03-46c8-8290-8cb9e493a2b6","Completed",,"23-02-2026 09:29:10",,"111302",,"cab97c1f-67b4-11f0-a847-0a0cda9789f2","bedac312-8aeb-4657-9774-18cf5ee7342c","3",,"true",,,,,,,,,,,,,,,,,,,"2",
"818","IJH","MERUSAKA NUSA DUA","BALI","5","HIPRO","Post Stay-MERUSAKA NUSA DUA","5","Promoters","5","5","Satisfied","5",,,"5","5","4","4","4","4","cf7cefa6-de51-4617-b1b7-5331c129e152","Completed",,"23-02-2026 12:24:35",,"134518",,"cab97c1f-67b4-11f0-a847-0a0cda9789f2","bedac312-8aeb-4657-9774-18cf5ee7342c","3",,"true",,,,,,,,,,,,,,,,,,,"2",
"819","IJH","KHAS PARAPAT","SUMUT","3","HIPRO","Post Stay-KHAS PARAPAT","5","Promoters","5","5","Satisfied","5","Karna hotelnya bagus, pasti akan balik lagi kesana..",,"5","5","5","5","4","4","28eceed4-b616-4d29-a3a5-ac3922449607","Completed",,"23-02-2026 14:01:37",,"387547",,"cab97c1f-67b4-11f0-a847-0a0cda9789f2","bedac312-8aeb-4657-9774-18cf5ee7342c","3",,"true",,,,,,,,,,,,,,,,,,,"2",
"820","IJH","KHAS PARAPAT","SUMUT","3","HIPRO","Post Stay-KHAS PARAPAT","5","Promoters","5","5","Satisfied","5","Overall sudah memuaskan",,"5","5","5","5","4","4","2abcc80a-6da9-4476-bc98-7a0c60a3c3f7","Completed",,"23-02-2026 15:31:01",,"238412",,"cab97c1f-67b4-11f0-a847-0a0cda9789f2","bedac312-8aeb-4657-9774-18cf5ee7342c","3",,"true",,,,,,,,,,,,,,,,,,,"2",
"821","IJH","MERUSAKA NUSA DUA","BALI","5","HIPRO","Post Stay-MERUSAKA NUSA DUA","5","Promoters","5","5","Satisfied","5",,,"5","5","5","5","4","4","0647f33d-922f-4862-87d6-ace1e843d84a","Completed",,"23-02-2026 15:43:48",,"667730",,"cab97c1f-67b4-11f0-a847-0a0cda9789f2","bedac312-8aeb-4657-9774-18cf5ee7342c","3",,"true",,,,,,,,,,,,,,,,,,,"2",
"822","IJH","MERUSAKA NUSA DUA","BALI","5","HIPRO","Post Stay-MERUSAKA NUSA DUA","5","Promoters","5","5","Satisfied","5","🌟🌟🌟🌟🌟",,"5","5","5","5","4","4","a4f7d362-16be-4b0f-b3eb-0c8d6ca6ee5b","Completed",,"23-02-2026 16:30:44",,"371964",,"cab97c1f-67b4-11f0-a847-0a0cda9789f2","bedac312-8aeb-4657-9774-18cf5ee7342c","3",,"true",,,,,,,,,,,,,,,,,,,"2",
"823","IJH","INNA SINDHU BEACH HOTEL & RESORT","BALI","3","HIPRO","Post Stay-INNA SINDHU BEACH HOTEL & RESORT","5","Promoters","5","5","Satisfied","5","We are coming back :-)",,"4","4","4","4","3","3","9a0de941-6dad-430e-9192-8cdadf62e86d","Completed",,"24-02-2026 11:01:10",,"329044",,"cab97c1f-67b4-11f0-a847-0a0cda9789f2","bedac312-8aeb-4657-9774-18cf5ee7342c","3",,"true",,,,,,,,,,,,,,,,,,,"2",
"824","IJH","GRAND INNA MEDAN","SUMUT","4","HIPRO","Post Stay-GRAND INNA MEDAN","5","Promoters","5","5","Satisfied","5","staff reception yg ramah, dan hotel di kolam renang yg mempunyai air garam di kota Medan 🩵",,"5","5","4","4","4","4","298dd4ea-22c0-45ca-856b-0792bd783620","Completed",,"24-02-2026 11:29:57",,"267580",,"cab97c1f-67b4-11f0-a847-0a0cda9789f2","bedac312-8aeb-4657-9774-18cf5ee7342c","3",,"true",,,,,,,,,,,,,,,,,,,"2",
"825","IJH","MERUSAKA NUSA DUA","BALI","5","HIPRO","Post Stay-MERUSAKA NUSA DUA","5","Promoters","5","5","Satisfied","5",,,"5","5","5","5","4","4","72164350-e4a4-4661-8a89-f13e93bd9580","Completed",,"24-02-2026 11:58:30",,"328709",,"cab97c1f-67b4-11f0-a847-0a0cda9789f2","bedac312-8aeb-4657-9774-18cf5ee7342c","3",,"true",,,,,,,,,,,,,,,,,,,"2",
"826","IJH","GRAND INNA MEDAN","SUMUT","4","HIPRO","Post Stay-GRAND INNA MEDAN","4","Promoters","4","4","Satisfied","4","Pelayanan sudah oke, saya puas menginap disini diluar fasilitas yang cukup minim",,"5","5","4","4","4","4","53748cea-732b-4dfb-92ee-970d31ce5e03","Completed",,"24-02-2026 12:27:57",,"502603",,"cab97c1f-67b4-11f0-a847-0a0cda9789f2","bedac312-8aeb-4657-9774-18cf5ee7342c","3",,"true",,,,,,,,,,,,,,,,,,,"2",
"827","IJH","KHAS PARAPAT","SUMUT","3","HIPRO","Post Stay-KHAS PARAPAT","5","Promoters","5","5","Satisfied","5",,,"5","5","4","4","4","4","d3d26cf5-acf5-404d-9aa5-cf91dc816d08","Completed",,"24-02-2026 13:55:00",,"225244",,"cab97c1f-67b4-11f0-a847-0a0cda9789f2","bedac312-8aeb-4657-9774-18cf5ee7342c","3",,"true",,,,,,,,,,,,,,,,,,,"2",
"828","IJH","KHAS PARAPAT","SUMUT","3","HIPRO","Post Stay-KHAS PARAPAT","5","Promoters","5","5","Satisfied","5","Kalau bisa disediakan hairdryer setiap kamar",,"5","5","4","4","3","3","8ce3dc1a-680a-484d-9fef-486a6a4cc1c9","Completed",,"24-02-2026 13:58:32",,"169009",,"cab97c1f-67b4-11f0-a847-0a0cda9789f2","bedac312-8aeb-4657-9774-18cf5ee7342c","3",,"true",,,,,,,,,,,,,,,,,,,"2",
"829","IJH","KHAS PARAPAT","SUMUT","3","HIPRO","Post Stay-KHAS PARAPAT","4","Promoters","4","4","Satisfied","4","Cukup",,"4","4","4","4","3","3","dab003df-5212-4b68-8423-5b5ebc9a5deb","Completed",,"24-02-2026 14:01:38",,"150196",,"cab97c1f-67b4-11f0-a847-0a0cda9789f2","bedac312-8aeb-4657-9774-18cf5ee7342c","3",,"true",,,,,,,,,,,,,,,,,,,"2",
"830","IJH","KHAS PARAPAT","SUMUT","3","HIPRO","Post Stay-KHAS PARAPAT","5","Promoters","5","5","Satisfied","5",,,"4","4","4","4","4","4","4db43e21-206d-4a0e-8816-b5d1a2b3c2bc","Completed",,"24-02-2026 14:05:39",,"121124",,"cab97c1f-67b4-11f0-a847-0a0cda9789f2","bedac312-8aeb-4657-9774-18cf5ee7342c","3",,"true",,,,,,,,,,,,,,,,,,,"2",
"831","IJH","KHAS PARAPAT","SUMUT","3","HIPRO","Post Stay-KHAS PARAPAT","5","Promoters","5","5","Satisfied","5","Nice room clean",,"5","5","5","5","4","4","1b35fc6f-c0e0-443a-a082-d87fafe6eea2","Completed",,"24-02-2026 14:06:15",,"173870",,"cab97c1f-67b4-11f0-a847-0a0cda9789f2","bedac312-8aeb-4657-9774-18cf5ee7342c","3",,"true",,,,,,,,,,,,,,,,,,,"2",
"832","IJH","KHAS PARAPAT","SUMUT","3","HIPRO","Post Stay-KHAS PARAPAT","5","Promoters","5","5","Satisfied","5","Saya akan datang lagi,terima kasih",,"5","5","5","5","4","4","2d778165-d7b5-4f58-a0cf-f5830779ba2b","Completed",,"24-02-2026 14:20:09",,"132983",,"cab97c1f-67b4-11f0-a847-0a0cda9789f2","bedac312-8aeb-4657-9774-18cf5ee7342c","3",,"true",,,,,,,,,,,,,,,,,,,"2",
"833","IJH","MERUSAKA NUSA DUA","BALI","5","HIPRO","Post Stay-MERUSAKA NUSA DUA","1","Detractor","1","1","Not Satisfied","1","wifi登陆验证提示输入lastname，实践却要输入fullname，而且需要小写，这个错误让客户花费较多时间沟通。
另外，我在餐厅要求7成熟的牛排，却给了全熟的，餐厅不应该仅仅是一个道歉。",,"4","4","3","3","3","3","99aa5e25-00b8-41a4-8904-892ca714142d","Completed",,"24-02-2026 15:03:53",,"427378",,"cab97c1f-67b4-11f0-a847-0a0cda9789f2","bedac312-8aeb-4657-9774-18cf5ee7342c","3",,"true",,,,,,,,,,,,,,,,,,,"2",
"834","IJH","THE MANOHARA HOTEL YOGYAKARTA","YOGYAKARTA","4","HIPRO","Post Stay-THE MANOHARA HOTEL YOGYAKARTA","5","Promoters","5","5","Satisfied","5","Staff nya sangat ramah dan kamar bersih. check out dengan mba fina ramah sekali, good",,"5","5","5","5","4","4","82dbcd47-7c8d-456c-8bf4-138e7c855721","Completed",,"25-02-2026 11:09:13",,"322324",,"cab97c1f-67b4-11f0-a847-0a0cda9789f2","bedac312-8aeb-4657-9774-18cf5ee7342c","3",,"true",,,,,,,,,,,,,,,,,,,"2",
"835","IJH","TRUNTUM PADANG","SUMBAR","4","HIPRO","Post Stay-TRUNTUM PADANG","4","Promoters","4","4","Satisfied","4","cukup",,"3","3","3","3","2","2","406eb5e1-aba7-4c7d-917e-bb46ba539246","Completed",,"25-02-2026 12:21:14",,"900237",,"cab97c1f-67b4-11f0-a847-0a0cda9789f2","bedac312-8aeb-4657-9774-18cf5ee7342c","3",,"true",,,,,,,,,,,,,,,,,,,"2",
"836","IJH","TRUNTUM KUTA","BALI","4","HIPRO","Post Stay-TRUNTUM KUTA","5","Promoters","5","5","Satisfied","5","Same as facility suggestion",,"5","5","5","5","4","4","3c6d3fe4-290a-4ad8-8261-1f5d5a19b34c","Completed",,"25-02-2026 13:58:08",,"506728",,"cab97c1f-67b4-11f0-a847-0a0cda9789f2","bedac312-8aeb-4657-9774-18cf5ee7342c","3",,"true",,,,,,,,,,,,,,,,,,,"2",
"837","IJH","MERUSAKA NUSA DUA","BALI","5","HIPRO","Post Stay-MERUSAKA NUSA DUA","5","Promoters","5","5","Satisfied","5",,,"5","5","5","5","4","4","1e8b78c1-3b30-4867-8aea-78979d9d329c","Completed",,"26-02-2026 08:55:36",,"207181",,"cab97c1f-67b4-11f0-a847-0a0cda9789f2","bedac312-8aeb-4657-9774-18cf5ee7342c","3",,"true",,,,,,,,,,,,,,,,,,,"2",
"838","IJH","INNA SINDHU BEACH HOTEL & RESORT","BALI","3","HIPRO","Post Stay-INNA SINDHU BEACH HOTEL & RESORT","5","Promoters","5","5","Satisfied","5",,,"5","5","5","5","4","4","2c04f71d-a64a-4191-876e-632c0521bc8b","Completed",,"26-02-2026 09:52:12",,"215907",,"cab97c1f-67b4-11f0-a847-0a0cda9789f2","bedac312-8aeb-4657-9774-18cf5ee7342c","3",,"true",,,,,,,,,,,,,,,,,,,"2",
"839","IJH","KHAS PARAPAT","SUMUT","3","HIPRO","Post Stay-KHAS PARAPAT","5","Promoters","5","5","Satisfied","5","maunya ada spa dan swimming pool",,"5","5","5","5","4","4","4a808b9c-4a02-4f50-80d3-9f1b9f2ca415","Completed",,"26-02-2026 11:05:30",,"223198",,"cab97c1f-67b4-11f0-a847-0a0cda9789f2","bedac312-8aeb-4657-9774-18cf5ee7342c","3",,"true",,,,,,,,,,,,,,,,,,,"2",
"840","IJH","GRAND INNA MEDAN","SUMUT","4","HIPRO","Post Stay-GRAND INNA MEDAN","5","Promoters","5","5","Satisfied","5","engga ada sih",,"5","5","5","5","4","4","c011ea74-7490-4386-b05c-e3bc9a6f44ac","Completed",,"26-02-2026 11:07:39",,"137419",,"cab97c1f-67b4-11f0-a847-0a0cda9789f2","bedac312-8aeb-4657-9774-18cf5ee7342c","3",,"true",,,,,,,,,,,,,,,,,,,"2",
"841","IJH","INNA SINDHU BEACH HOTEL & RESORT","BALI","3","HIPRO","Post Stay-INNA SINDHU BEACH HOTEL & RESORT","5","Promoters","5","5","Satisfied","5","I want to thank the staff for exceptional service and friendliness",,"5","5","5","5","4","4","fa34dbdd-124a-4157-8a31-2ea0b758460c","Completed",,"26-02-2026 11:09:01",,"238361",,"cab97c1f-67b4-11f0-a847-0a0cda9789f2","bedac312-8aeb-4657-9774-18cf5ee7342c","3",,"true",,,,,,,,,,,,,,,,,,,"2",
"842","IJH","KHAS PARAPAT","SUMUT","3","HIPRO","Post Stay-KHAS PARAPAT","5","Promoters","5","5","Satisfied","5",,,"5","5","5","5","4","4","b6d70ec7-5e17-4838-9b70-4b983b6f39aa","Completed",,"26-02-2026 11:19:15",,"234132",,"cab97c1f-67b4-11f0-a847-0a0cda9789f2","bedac312-8aeb-4657-9774-18cf5ee7342c","3",,"true",,,,,,,,,,,,,,,,,,,"2",
"843","IJH","MERUSAKA NUSA DUA","BALI","5","HIPRO","Banquette-MERUSAKA NUSA DUA","5","Promoters","5","5","Satisfied","5","Yuliarta , Elma its good",,"5","5","5","5","5","5","32322840-be48-4ff7-8bcf-2961cddddef8","Completed",,"08-09-2025 10:50:53",,"1194175",,"cab97c1f-67b4-11f0-a847-0a0cda9789f2","bedac312-8aeb-4657-9774-18cf5ee7342c","3",,"true",,,,,,,,,,,,,,,,,,,"2",
"844","IJH","MERUSAKA NUSA DUA","BALI","5","HIPRO","Banquette-MERUSAKA NUSA DUA","5","Promoters","5","5","Satisfied","5",,,"5","5","5","5","5","5","02f9c7c7-6889-4477-962a-b578af0e86fa","Completed",,"11-09-2025 10:52:05",,"212875",,"cab97c1f-67b4-11f0-a847-0a0cda9789f2","bedac312-8aeb-4657-9774-18cf5ee7342c","3",,"true",,,,,,,,,,,,,,,,,,,"2",
"845","IJH","MERUSAKA NUSA DUA","BALI","5","HIPRO","Banquette-MERUSAKA NUSA DUA","5","Promoters","5","5","Satisfied","5",,,"5","5","5","5","5","5","0d94fcfd-1476-4f91-8455-3e640ad98441","Completed",,"12-09-2025 07:10:37",,"185905",,"cab97c1f-67b4-11f0-a847-0a0cda9789f2","bedac312-8aeb-4657-9774-18cf5ee7342c","3",,"true",,,,,,,,,,,,,,,,,,,"2",
"846","IJH","MERUSAKA NUSA DUA","BALI","5","HIPRO","Banquette-MERUSAKA NUSA DUA","5","Promoters","5","5","Satisfied","5","BESUT",,"5","5","5","5","5","5","a2b63d3b-47a4-4a25-809d-cd86671622f8","Completed",,"12-09-2025 10:43:56",,"222325",,"cab97c1f-67b4-11f0-a847-0a0cda9789f2","bedac312-8aeb-4657-9774-18cf5ee7342c","3",,"true",,,,,,,,,,,,,,,,,,,"2",
"847","IJH","MERUSAKA NUSA DUA","BALI","5","HIPRO","Banquette-MERUSAKA NUSA DUA","5","Promoters","5","5","Satisfied","5","Everything was fantastic. Only issue for me was the wifi in my room which was almost not functional. The staff were AMAZING. Huge thanks to Dwi and all the team for making our event a huge success.",,"5","5","5","5","5","5","a70812aa-5019-4d7e-9d2c-b9f915785295","Completed",,"13-09-2025 10:39:31",,"170279",,"cab97c1f-67b4-11f0-a847-0a0cda9789f2","bedac312-8aeb-4657-9774-18cf5ee7342c","3",,"true",,,,,,,,,,,,,,,,,,,"2",
"848","IJH","MERUSAKA NUSA DUA","BALI","5","HIPRO","Banquette-MERUSAKA NUSA DUA","5","Promoters","5","5","Satisfied","5",,,"5","5","4","4","5","5","2aa79238-f43f-470e-bbdb-4b64ed65c0ef","Completed",,"13-09-2025 11:37:20",,"197082",,"cab97c1f-67b4-11f0-a847-0a0cda9789f2","bedac312-8aeb-4657-9774-18cf5ee7342c","3",,"true",,,,,,,,,,,,,,,,,,,"2",
"849","IJH","MERUSAKA NUSA DUA","BALI","5","HIPRO","Banquette-MERUSAKA NUSA DUA","5","Promoters","5","5","Satisfied","5","Hari ini acara kami berjalan sangat lancar. di bantu Gita & Pak Wirawan, seluruh detail set up an yg di request bahkan selesai lebih awal dr waktu yang di minta. 
tidak hanya itu, detail kecil juga sangat di di perhatikan seperti request makanan pengantin, memastikan area belakang ceremony clear agar momen pengantin dapat tercapture sempurna, ruang make up, set up an meja dll. dengan kecepatan set up an ini vendor kami spt dekor juga dapat menyelesaikan lebih awal, sound check tepat waktu, seluruh acara berjalan dengan baik dari awal hingga akhir & stressless.",,"5","5","5","5","5","5","f13c1a08-f3b7-4792-94a2-4f2ac0cdc42c","Completed",,"22-09-2025 21:09:02",,"164586",,"cab97c1f-67b4-11f0-a847-0a0cda9789f2","bedac312-8aeb-4657-9774-18cf5ee7342c","3",,"true",,,,,,,,,,,,,,,,,,,"2",
"850","IJH","MERUSAKA NUSA DUA","BALI","5","HIPRO","Banquette-MERUSAKA NUSA DUA","5","Promoters","5","5","Satisfied","5","Pak Made Yuliarta, Mba Elma, Mbok Desak Maharani sangat helpful dan gercep",,"5","5","5","5","5","5","c0dc77c9-03b3-4ef4-aadf-73439504389d","Completed",,"27-09-2025 23:43:30",,"824453",,"cab97c1f-67b4-11f0-a847-0a0cda9789f2","bedac312-8aeb-4657-9774-18cf5ee7342c","3",,"true",,,,,,,,,,,,,,,,,,,"2",
"851","IJH","MERUSAKA NUSA DUA","BALI","5","HIPRO","Banquette-MERUSAKA NUSA DUA","5","Promoters","5","4","Satisfied","4","Availability buggy masih bisa dimaksimalkan",,"5","5","5","5","5","5","6863daef-f21c-41d3-bff6-f1bb91d6f17e","Completed",,"03-10-2025 13:03:52",,"241524",,"cab97c1f-67b4-11f0-a847-0a0cda9789f2","bedac312-8aeb-4657-9774-18cf5ee7342c","3",,"true",,,,,,,,,,,,,,,,,,,"2",
"852","IJH","MERUSAKA NUSA DUA","BALI","5","HIPRO","Banquette-MERUSAKA NUSA DUA","5","Promoters","5","5","Satisfied","5",,,"5","5","5","5","5","5","e7eec5a2-9ddd-4836-b7c0-9ea4bd2f8812","Completed",,"03-10-2025 16:33:43",,"206149",,"cab97c1f-67b4-11f0-a847-0a0cda9789f2","bedac312-8aeb-4657-9774-18cf5ee7342c","3",,"true",,,,,,,,,,,,,,,,,,,"2",
"853","IJH","MERUSAKA NUSA DUA","BALI","5","HIPRO","Banquette-MERUSAKA NUSA DUA","5","Promoters","5","5","Satisfied","5","Pelayanan merusaka sangat memuaskan, kami sangat terbantu oleh staff Merusaka ( Pak Made Yuliarta, Bu IA Elma, Bu Yoshida, Tim Banquet ) sehingga penyelenggaraan event kami sangat memuaskan dan berjalan lancar sampai selesai. Suksme Merusaka atas kolaborasinya 🙏",,"5","5","5","5","5","5","e66f4f9b-77fc-4f36-9875-024874d57aa1","Completed",,"07-10-2025 15:05:58",,"124341",,"cab97c1f-67b4-11f0-a847-0a0cda9789f2","bedac312-8aeb-4657-9774-18cf5ee7342c","3",,"true",,,,,,,,,,,,,,,,,,,"2",
"854","IJH","MERUSAKA NUSA DUA","BALI","5","HIPRO","Banquette-MERUSAKA NUSA DUA","5","Promoters","5","5","Satisfied","5","Dikarenakan hampir seluruh couple saya menggunakan sistem bar tab, ke depannya untuk transparansi pencatatan kita bisa melampirkan total order per glass dalam bentuk hard copy sebagai dokumen pendukung dari total bar tab yang harus ditandatangani couple. 

All good buat semuanya. Trimakasih banyak Pak Made, Bu Wiwik, Bli Anom, Bli Suta, Bli Gus, Chef Juniarta dan seluruh Merusaka team untuk bantuannya di wedding Sara & Jay",,"5","5","5","5","5","5","bfb84909-891f-4d60-ba5c-831e3f86c05f","Completed",,"10-10-2025 10:50:41",,"510167",,"cab97c1f-67b4-11f0-a847-0a0cda9789f2","bedac312-8aeb-4657-9774-18cf5ee7342c","3",,"true",,,,,,,,,,,,,,,,,,,"2",
"855","IJH","MERUSAKA NUSA DUA","BALI","5","HIPRO","Banquette-MERUSAKA NUSA DUA","5","Promoters","5","5","Satisfied","5",,,"5","5","5","5","5","5","8a469edc-ec5c-48cd-ba24-a8ca8d0c7c23","Completed",,"10-10-2025 20:58:44",,"365979",,"cab97c1f-67b4-11f0-a847-0a0cda9789f2","bedac312-8aeb-4657-9774-18cf5ee7342c","3",,"true",,,,,,,,,,,,,,,,,,,"2",
"856","IJH","MERUSAKA NUSA DUA","BALI","5","HIPRO","Banquette-MERUSAKA NUSA DUA","5","Promoters","5","5","Satisfied","5","Mohon bisa untuk lebih perhatikan menu agar bisa sesuai, dan kebersihan area supaya tidak ada lalat.

Untuk coffee break and coffee overall sudah sesuai",,"5","5","5","5","5","5","a1afda1b-10bc-4460-a0f6-78e2f24bdda7","Completed",,"17-10-2025 21:43:25",,"71414",,"cab97c1f-67b4-11f0-a847-0a0cda9789f2","bedac312-8aeb-4657-9774-18cf5ee7342c","3",,"true",,,,,,,,,,,,,,,,,,,"2",
"857","IJH","MERUSAKA NUSA DUA","BALI","5","HIPRO","Banquette-MERUSAKA NUSA DUA","4","Promoters","4","3","Neutral","3","Tidak ada, sudah bagus sekali. Pelayanan sangat ramah gercep dan sangat membantu.",,"4","4","4","4","4","4","432d7abe-dcb9-453a-8581-37ff439268c4","Completed",,"19-10-2025 20:55:29",,"503506",,"cab97c1f-67b4-11f0-a847-0a0cda9789f2","bedac312-8aeb-4657-9774-18cf5ee7342c","3",,"true",,,,,,,,,,,,,,,,,,,"2",
"858","IJH","MERUSAKA NUSA DUA","BALI","5","HIPRO","Banquette-MERUSAKA NUSA DUA","5","Promoters","5","5","Satisfied","5","Fasilitas harus lebih baik lagi",,"5","5","5","5","5","5","decdd0fb-5503-437c-8f11-e52d97618bfe","Completed",,"27-10-2025 08:59:27",,"160589",,"cab97c1f-67b4-11f0-a847-0a0cda9789f2","bedac312-8aeb-4657-9774-18cf5ee7342c","3",,"true",,,,,,,,,,,,,,,,,,,"2",
"859","IJH","TRUNTUM PADANG","SUMBAR","4","HIPRO","Banquette-TRUNTUM PADANG","5","Promoters","5","5","Satisfied","5","The food and beverage arrangements have been excellent, and any issues that came up were resolved promptly, mainly thanks to Chef Alessandro and the Big Boss Made 𝖄𝖚𝖑𝖎𝖆𝖗𝖙𝖆. Well done !!",,"5","5","4","4","5","5","c1fab24a-c0ae-4354-ad50-b51525b25c35","Completed",,"27-10-2025 11:02:43",,"124844",,"cab97c1f-67b4-11f0-a847-0a0cda9789f2","bedac312-8aeb-4657-9774-18cf5ee7342c","3",,"true",,,,,,,,,,,,,,,,,,,"2",
"860","IJH","MERUSAKA NUSA DUA","BALI","5","HIPRO","Banquette-MERUSAKA NUSA DUA","5","Promoters","5","5","Satisfied","5","We would like to extend our sincere appreciation to Merusaka Nusa Dua for the exceptional service and immaculate execution provided throughout our event. Every detail—from the venue layout and equipment to the F&B arrangements and the professionalism of the event staff—was handled with remarkable care and kindness.
A special note of gratitude goes to Pak Made Yuliarta (Event Sales), whose tireless support and dedication from the initial preparations through to the event day were instrumental to our event success. His responsiveness and commitment truly made a difference.
Thank you, Merusaka Nusa Dua, for the outstanding hospitality and unwavering service excellence.",,"5","5","5","5","5","5","1494a76b-26b9-49e9-a115-706af104b0d4","Completed",,"28-10-2025 10:09:25",,"536936",,"cab97c1f-67b4-11f0-a847-0a0cda9789f2","bedac312-8aeb-4657-9774-18cf5ee7342c","3",,"true",,,,,,,,,,,,,,,,,,,"2",
"861","IJH","MERUSAKA NUSA DUA","BALI","5","HIPRO","Banquette-MERUSAKA NUSA DUA","5","Promoters","5","4","Satisfied","4",,,"4","4","4","4","4","4","296987e6-6956-447e-804a-b5245ca98de6","Completed",,"28-10-2025 11:05:09",,"805330",,"cab97c1f-67b4-11f0-a847-0a0cda9789f2","bedac312-8aeb-4657-9774-18cf5ee7342c","3",,"true",,,,,,,,,,,,,,,,,,,"2",
"862","IJH","TRUNTUM KUTA","BALI","4","HIPRO","Banquette-TRUNTUM KUTA","5","Promoters","5","5","Satisfied","5",,,"5","5","4","4","4","4","76580b26-a28e-4510-adc8-2f3d657b5d9b","Completed",,"28-10-2025 22:40:06",,"182709",,"cab97c1f-67b4-11f0-a847-0a0cda9789f2","bedac312-8aeb-4657-9774-18cf5ee7342c","3",,"true",,,,,,,,,,,,,,,,,,,"2",
"863","IJH","TRUNTUM KUTA","BALI","4","HIPRO","Banquette-TRUNTUM KUTA","3","Passive","3","3","Neutral","3",,,"4","4","3","3","4","4","7a6f3916-aded-4171-97c4-03a4ee365bda","Completed",,"29-10-2025 13:04:45",,"220983",,"cab97c1f-67b4-11f0-a847-0a0cda9789f2","bedac312-8aeb-4657-9774-18cf5ee7342c","3",,"true",,,,,,,,,,,,,,,,,,,"2",
"864","IJH","TRUNTUM PADANG","SUMBAR","4","HIPRO","Banquette-TRUNTUM PADANG","5","Promoters","5","5","Satisfied","5",,,"5","5","5","5","5","5","893077e2-369d-4553-9007-a79611b70ebd","Completed",,"29-10-2025 16:32:16",,"225483",,"cab97c1f-67b4-11f0-a847-0a0cda9789f2","bedac312-8aeb-4657-9774-18cf5ee7342c","3",,"true",,,,,,,,,,,,,,,,,,,"2",
"865","IJH","TRUNTUM PADANG","SUMBAR","4","HIPRO","Banquette-TRUNTUM PADANG","5","Promoters","5","5","Satisfied","5",,,"5","5","5","5","5","5","0786f2e7-fb59-4a76-8626-64f52500f2f3","Completed",,"30-10-2025 12:37:46",,"1021120",,"cab97c1f-67b4-11f0-a847-0a0cda9789f2","bedac312-8aeb-4657-9774-18cf5ee7342c","3",,"true",,,,,,,,,,,,,,,,,,,"2",
"866","IJH","TRUNTUM PADANG","SUMBAR","4","HIPRO","Banquette-TRUNTUM PADANG","5","Promoters","5","5","Satisfied","5","Sarannya ketika ada even-even besar untuk parkir di bassment usahakan ada satpam yang menghandle, jadi tamunya senang ketika parkir mobil",,"5","5","5","5","5","5","6dd6a788-0185-4217-840a-669146479fb6","Completed",,"30-10-2025 19:33:42",,"215338",,"cab97c1f-67b4-11f0-a847-0a0cda9789f2","bedac312-8aeb-4657-9774-18cf5ee7342c","3",,"true",,,,,,,,,,,,,,,,,,,"2",
"867","IJH","TRUNTUM PADANG","SUMBAR","4","HIPRO","Banquette-TRUNTUM PADANG","4","Promoters","4","4","Satisfied","4",,,"5","5","4","4","4","4","fec2ea88-79f9-4be9-a7a6-8199ab61403b","Completed",,"02-11-2025 16:48:50",,"206959",,"cab97c1f-67b4-11f0-a847-0a0cda9789f2","bedac312-8aeb-4657-9774-18cf5ee7342c","3",,"true",,,,,,,,,,,,,,,,,,,"2",
"868","IJH","TRUNTUM KUTA","BALI","4","HIPRO","Banquette-TRUNTUM KUTA","5","Promoters","5","5","Satisfied","5","TIDAK",,"5","5","5","5","5","5","b11818af-fc0a-4058-9555-d5a2ee0d677b","Completed",,"03-11-2025 10:49:45",,"178742",,"cab97c1f-67b4-11f0-a847-0a0cda9789f2","bedac312-8aeb-4657-9774-18cf5ee7342c","3",,"true",,,,,,,,,,,,,,,,,,,"2",
"869","IJH","MERUSAKA NUSA DUA","BALI","5","HIPRO","Banquette-MERUSAKA NUSA DUA","5","Promoters","5","5","Satisfied","5",,,"5","5","4","4","5","5","c3043495-9fd5-48db-b2ab-87d3dab4981c","Completed",,"05-11-2025 15:45:07",,"198956",,"cab97c1f-67b4-11f0-a847-0a0cda9789f2","bedac312-8aeb-4657-9774-18cf5ee7342c","3",,"true",,,,,,,,,,,,,,,,,,,"2",
"870","IJH","TRUNTUM PADANG","SUMBAR","4","HIPRO","Banquette-TRUNTUM PADANG","5","Promoters","5","5","Satisfied","5","Mungkin pelayanan teknisnya pebih ditingkatkan lagi",,"5","5","5","5","5","5","3ad479c8-712b-41c2-98c4-68d5b3c64dbe","Completed",,"06-11-2025 14:18:02",,"369610",,"cab97c1f-67b4-11f0-a847-0a0cda9789f2","bedac312-8aeb-4657-9774-18cf5ee7342c","3",,"true",,,,,,,,,,,,,,,,,,,"2",
"871","IJH","TRUNTUM PADANG","SUMBAR","4","HIPRO","Banquette-TRUNTUM PADANG","5","Promoters","5","5","Satisfied","5","Terima kasih kepada semua team Merusaka yang sudah membantu kelancaran acara kami, terutama kepada:
Bapak Made Yuliarta - mulai dari persiapan sampai group check-out 👍
Reservation - Yoshida
FO - Prilly, Dwis, Ami
Banquet - Wirawan, Agus, Desak, Redana, Suta




Semoga Merusaka tetap bisa mempertahankan service yang bagus dan kita bisa bekerja sama kembali di acara yang lain 🙏",,"5","5","5","5","5","5","afb210ee-eada-40ec-a775-fcb9115ed709","Completed",,"07-11-2025 08:39:12",,"244875",,"cab97c1f-67b4-11f0-a847-0a0cda9789f2","bedac312-8aeb-4657-9774-18cf5ee7342c","3",,"true",,,,,,,,,,,,,,,,,,,"2",
"872","IJH","MERUSAKA NUSA DUA","BALI","5","HIPRO","Banquette-MERUSAKA NUSA DUA","5","Promoters","5","5","Satisfied","5",,,"5","5","5","5","5","5","5fee9e5c-713c-498c-a127-806710e3c5aa","Completed",,"07-11-2025 12:19:21",,"598153",,"cab97c1f-67b4-11f0-a847-0a0cda9789f2","bedac312-8aeb-4657-9774-18cf5ee7342c","3",,"true",,,,,,,,,,,,,,,,,,,"2",
"873","IJH","TRUNTUM KUTA","BALI","4","HIPRO","Banquette-TRUNTUM KUTA","4","Promoters","4","3","Neutral","3",,,"4","4","4","4","4","4","40274546-ad91-42ec-bce2-e840f9850fd4","Completed",,"09-11-2025 09:23:37",,"316950",,"cab97c1f-67b4-11f0-a847-0a0cda9789f2","bedac312-8aeb-4657-9774-18cf5ee7342c","3",,"true",,,,,,,,,,,,,,,,,,,"2",
"874","IJH","TRUNTUM PADANG","SUMBAR","4","HIPRO","Banquette-TRUNTUM PADANG","5","Promoters","5","5","Satisfied","5",,,"5","5","4","4","5","5","e08bb7ca-cf87-4a1e-bdd9-03651fb43387","Completed",,"09-11-2025 19:36:33",,"285220",,"cab97c1f-67b4-11f0-a847-0a0cda9789f2","bedac312-8aeb-4657-9774-18cf5ee7342c","3",,"true",,,,,,,,,,,,,,,,,,,"2",
"875","IJH","TRUNTUM KUTA","BALI","4","HIPRO","Banquette-TRUNTUM KUTA","5","Promoters","5","4","Satisfied","4","No",,"4","4","4","4","4","4","0541539e-5398-4b28-bcfb-084ef689d6a7","Completed",,"10-11-2025 09:01:18",,"392508",,"cab97c1f-67b4-11f0-a847-0a0cda9789f2","bedac312-8aeb-4657-9774-18cf5ee7342c","3",,"true",,,,,,,,,,,,,,,,,,,"2",
"876","IJH","TRUNTUM KUTA","BALI","4","HIPRO","Banquette-TRUNTUM KUTA","5","Promoters","5","4","Satisfied","4","I had an amazing time at truntum kuta,looking forward to my next visit the staff were amazing so friendly and helpful 😊",,"4","4","4","4","4","4","18b7aacd-b4d9-4a83-aab9-de754e3247b0","Completed",,"11-11-2025 11:31:11",,"178182",,"cab97c1f-67b4-11f0-a847-0a0cda9789f2","bedac312-8aeb-4657-9774-18cf5ee7342c","3",,"true",,,,,,,,,,,,,,,,,,,"2",
"877","IJH","TRUNTUM KUTA","BALI","4","HIPRO","Banquette-TRUNTUM KUTA","5","Promoters","5","5","Satisfied","5",,,"5","5","5","5","5","5","5cb447ba-7ce5-4559-be28-810be0a1313d","Completed",,"12-11-2025 12:43:41",,"226719",,"cab97c1f-67b4-11f0-a847-0a0cda9789f2","bedac312-8aeb-4657-9774-18cf5ee7342c","3",,"true",,,,,,,,,,,,,,,,,,,"2",
"878","IJH","TRUNTUM KUTA","BALI","4","HIPRO","Banquette-TRUNTUM KUTA","5","Promoters","5","5","Satisfied","5","Very good, comfortable stay. Very nice location, nearby areas and market. Very smiling, courteous and hard working staff. I would like to expecially appreciate snd thank Ms. Gunartini from Restaurant staff.",,"5","5","5","5","5","5","69821209-d458-4a64-a78d-72baf24ad495","Completed",,"12-11-2025 18:21:40",,"106957",,"cab97c1f-67b4-11f0-a847-0a0cda9789f2","bedac312-8aeb-4657-9774-18cf5ee7342c","3",,"true",,,,,,,,,,,,,,,,,,,"2",
"879","IJH","TRUNTUM KUTA","BALI","4","HIPRO","Banquette-TRUNTUM KUTA","5","Promoters","5","5","Satisfied","5",,,"5","5","5","5","5","5","9f4309f1-7882-4b3a-ab00-14a9a57edafa","Completed",,"12-11-2025 18:46:43",,"371656",,"cab97c1f-67b4-11f0-a847-0a0cda9789f2","bedac312-8aeb-4657-9774-18cf5ee7342c","3",,"true",,,,,,,,,,,,,,,,,,,"2",
"880","IJH","MERUSAKA NUSA DUA","BALI","5","HIPRO","Banquette-MERUSAKA NUSA DUA","5","Promoters","5","5","Satisfied","5","Terima kasih kepada Team Merusaka yang selalu membantu group JTB dari saat tamu check in sampai check out.
Terutama buat Pak Made Yuliarta dan Dayu Elma, selalu helpfull",,"5","5","5","5","5","5","de1b8d0c-3827-4468-8cb8-115772c36bdf","Completed",,"14-11-2025 13:16:10",,"241848",,"cab97c1f-67b4-11f0-a847-0a0cda9789f2","bedac312-8aeb-4657-9774-18cf5ee7342c","3",,"true",,,,,,,,,,,,,,,,,,,"2",
"881","IJH","MERUSAKA NUSA DUA","BALI","5","HIPRO","Banquette-MERUSAKA NUSA DUA","5","Promoters","5","5","Satisfied","5","Terima kasih buat Pak Made Yuliarta, team Banquet, Restaurant Bistro dan team Merusaka lainnya yang sudah membantu selama kegiatan berlangsung.",,"5","5","5","5","5","5","fda583e8-b06e-4539-8348-083e3cfdf9dc","Completed",,"14-11-2025 13:24:15",,"146851",,"cab97c1f-67b4-11f0-a847-0a0cda9789f2","bedac312-8aeb-4657-9774-18cf5ee7342c","3",,"true",,,,,,,,,,,,,,,,,,,"2",
"882","IJH","MERUSAKA NUSA DUA","BALI","5","HIPRO","Banquette-MERUSAKA NUSA DUA","5","Promoters","5","5","Satisfied","5","Merusaka Nusa Dua Bali offers excellent service and top-notch facilities. The staff are attentive, the amenities are impressive, and the overall experience is truly exceptional.",,"5","5","5","5","5","5","e273d1eb-d0c6-4506-9fe5-1d49370dbc96","Completed",,"17-11-2025 13:18:20",,"171596",,"cab97c1f-67b4-11f0-a847-0a0cda9789f2","bedac312-8aeb-4657-9774-18cf5ee7342c","3",,"true",,,,,,,,,,,,,,,,,,,"2",
"883","IJH","MERUSAKA NUSA DUA","BALI","5","HIPRO","Banquette-MERUSAKA NUSA DUA","5","Promoters","5","5","Satisfied","5","Merusaka Nusa Dua Bali offers excellent service and outstanding facilities. Special thanks to Bli Dwipa (Sales), Ms. Elma (Sales), Bli Anom (Banquet), Mr. Teddy (Room Side), and Ms. Dwi (Front Office) for their warm hospitality and exceptional service—truly an unforgettable experience.",,"5","5","5","5","5","5","dcc48a6d-3824-456e-b983-3240646ef6ca","Completed",,"17-11-2025 14:23:57",,"197319",,"cab97c1f-67b4-11f0-a847-0a0cda9789f2","bedac312-8aeb-4657-9774-18cf5ee7342c","3",,"true",,,,,,,,,,,,,,,,,,,"2",
"884","IJH","MERUSAKA NUSA DUA","BALI","5","HIPRO","Banquette-MERUSAKA NUSA DUA","5","Promoters","5","5","Satisfied","5","Agar kebersihan ditingkatkan,, ditaman banyak puntung rokok",,"5","5","5","5","5","5","93e1fa70-3e58-4130-bbcd-80d68d1425cf","Completed",,"17-11-2025 14:28:01",,"174825",,"cab97c1f-67b4-11f0-a847-0a0cda9789f2","bedac312-8aeb-4657-9774-18cf5ee7342c","3",,"true",,,,,,,,,,,,,,,,,,,"2",
"885","IJH","TRUNTUM PADANG","SUMBAR","4","HIPRO","Banquette-TRUNTUM PADANG","5","Promoters","5","5","Satisfied","5",,,"5","5","4","4","4","4","4a96332c-158b-4bfd-914b-d51283c23a01","Completed",,"18-11-2025 16:28:27",,"216210",,"cab97c1f-67b4-11f0-a847-0a0cda9789f2","bedac312-8aeb-4657-9774-18cf5ee7342c","3",,"true",,,,,,,,,,,,,,,,,,,"2",
"886","IJH","TRUNTUM PADANG","SUMBAR","4","HIPRO","Banquette-TRUNTUM PADANG","4","Promoters","4","4","Satisfied","4",,,"4","4","3","3","4","4","a150b7bc-1b8d-487d-95f9-a260c574a4d9","Completed",,"18-11-2025 17:17:00",,"148257",,"cab97c1f-67b4-11f0-a847-0a0cda9789f2","bedac312-8aeb-4657-9774-18cf5ee7342c","3",,"true",,,,,,,,,,,,,,,,,,,"2",
"887","IJH","TRUNTUM PADANG","SUMBAR","4","HIPRO","Banquette-TRUNTUM PADANG","4","Promoters","4","4","Satisfied","4",,,"5","5","3","3","4","4","5d039dca-eb4b-4597-8dfc-e5292848e889","Completed",,"18-11-2025 17:36:01",,"1113421",,"cab97c1f-67b4-11f0-a847-0a0cda9789f2","bedac312-8aeb-4657-9774-18cf5ee7342c","3",,"true",,,,,,,,,,,,,,,,,,,"2",
"888","IJH","TRUNTUM PADANG","SUMBAR","4","HIPRO","Banquette-TRUNTUM PADANG","5","Promoters","5","5","Satisfied","5","Tidak ada",,"5","5","4","4","5","5","3601ff53-eb3b-4a92-a166-d1f04052e1bb","Completed",,"19-11-2025 08:02:31",,"149695",,"cab97c1f-67b4-11f0-a847-0a0cda9789f2","bedac312-8aeb-4657-9774-18cf5ee7342c","3",,"true",,,,,,,,,,,,,,,,,,,"2",
"889","IJH","TRUNTUM PADANG","SUMBAR","4","HIPRO","Banquette-TRUNTUM PADANG","5","Promoters","5","5","Satisfied","5",,,"5","5","5","5","5","5","ea03e85a-80c6-4c5f-ac4b-9c8f5014869a","Completed",,"22-11-2025 14:36:36",,"171019",,"cab97c1f-67b4-11f0-a847-0a0cda9789f2","bedac312-8aeb-4657-9774-18cf5ee7342c","3",,"true",,,,,,,,,,,,,,,,,,,"2",
"890","IJH","TRUNTUM KUTA","BALI","4","HIPRO","Banquette-TRUNTUM KUTA","4","Promoters","4","4","Satisfied","4","Kebersihan area wudhu perlu tingkatkan lagi",,"4","4","4","4","4","4","1fcd7457-c454-47ac-b5eb-0e67ffc63d18","Completed",,"22-11-2025 21:27:40",,"128482",,"cab97c1f-67b4-11f0-a847-0a0cda9789f2","bedac312-8aeb-4657-9774-18cf5ee7342c","3",,"true",,,,,,,,,,,,,,,,,,,"2",
"891","IJH","TRUNTUM PADANG","SUMBAR","4","HIPRO","Banquette-TRUNTUM PADANG","5","Promoters","5","5","Satisfied","5",,,"5","5","4","4","5","5","94a53f26-c053-420a-acf4-60aa2b7c47af","Completed",,"22-11-2025 22:10:31",,"214640",,"cab97c1f-67b4-11f0-a847-0a0cda9789f2","bedac312-8aeb-4657-9774-18cf5ee7342c","3",,"true",,,,,,,,,,,,,,,,,,,"2",
"892","IJH","MERUSAKA NUSA DUA","BALI","5","HIPRO","Banquette-MERUSAKA NUSA DUA","5","Promoters","5","5","Satisfied","5","Pelayanan sangat baik saya di bantu kordinasi oleh pak made untuk persiapan kegiatan dan respon yg sangat baik sehingga acara berjalan dengan lancar smua",,"5","5","5","5","5","5","e2ac400b-9ea4-4596-8845-ba10117c886d","Completed",,"24-11-2025 12:10:57",,"161225",,"cab97c1f-67b4-11f0-a847-0a0cda9789f2","bedac312-8aeb-4657-9774-18cf5ee7342c","3",,"true",,,,,,,,,,,,,,,,,,,"2",
"893","IJH","MERUSAKA NUSA DUA","BALI","5","HIPRO","Banquette-MERUSAKA NUSA DUA","5","Promoters","5","5","Satisfied","5","Ada beberapa yg harus di improve oleh merusaka antara lain kurangnya tanaman hijau di area sekitar ballroom,",,"5","5","5","5","5","5","6bde2c97-040d-4c20-9402-bb8436bc8504","Completed",,"26-11-2025 10:56:50",,"186329",,"cab97c1f-67b4-11f0-a847-0a0cda9789f2","bedac312-8aeb-4657-9774-18cf5ee7342c","3",,"true",,,,,,,,,,,,,,,,,,,"2",
"894","IJH","MERUSAKA NUSA DUA","BALI","5","HIPRO","Banquette-MERUSAKA NUSA DUA","5","Promoters","5","5","Satisfied","5","Terima kasih Team Merusaka sangat membantu kelancaran acara, Pak Made Yuliarta, terima kasih.",,"5","5","4","4","4","4","d25da161-cc31-4257-9539-205ccc056a01","Completed",,"26-11-2025 14:31:20",,"23393625",,"cab97c1f-67b4-11f0-a847-0a0cda9789f2","bedac312-8aeb-4657-9774-18cf5ee7342c","3",,"true",,,,,,,,,,,,,,,,,,,"2",
"895","IJH","MERUSAKA NUSA DUA","BALI","5","HIPRO","Banquette-MERUSAKA NUSA DUA","5","Promoters","5","5","Satisfied","5","Excellent experience all around thank you staffs of Trun tum team banquet and sales ms made",,"5","5","4","4","4","4","f4ad48e7-8d3e-4e7f-8a38-234ea662bfaf","Completed",,"27-11-2025 11:14:50",,"241920",,"cab97c1f-67b4-11f0-a847-0a0cda9789f2","bedac312-8aeb-4657-9774-18cf5ee7342c","3",,"true",,,,,,,,,,,,,,,,,,,"2",
"896","IJH","TRUNTUM KUTA","BALI","4","HIPRO","Banquette-TRUNTUM KUTA","5","Promoters","5","4","Satisfied","4","Alhamdulillah kami merasa sengatnpuas sekali dengan pelayanan di hotel Truntum, dan dari semua team sangat bekerja sama dan sangat melayani
Cuma sedikit saran saja, untuk makan kmren itu sempat agak telat sehingga peserta menunggu untuk makan, krna stock yg ditunggu dari kitchen agak lama sampi di meja prasmanan",,"5","5","5","5","5","5","0a30b38a-1a51-4be4-9daf-79227a38ea72","Completed",,"28-11-2025 16:19:14",,"192111",,"cab97c1f-67b4-11f0-a847-0a0cda9789f2","bedac312-8aeb-4657-9774-18cf5ee7342c","3",,"true",,,,,,,,,,,,,,,,,,,"2",
"897","IJH","TRUNTUM PADANG","SUMBAR","4","HIPRO","Banquette-TRUNTUM PADANG","5","Promoters","5","5","Satisfied","5",,,"5","5","5","5","5","5","d18f6643-238f-4180-81ca-790ec49d611e","Completed",,"28-11-2025 20:00:04",,"289905",,"cab97c1f-67b4-11f0-a847-0a0cda9789f2","bedac312-8aeb-4657-9774-18cf5ee7342c","3",,"true",,,,,,,,,,,,,,,,,,,"2",
"898","IJH","TRUNTUM PADANG","SUMBAR","4","HIPRO","Banquette-TRUNTUM PADANG","5","Promoters","5","4","Satisfied","4",,,"4","4","4","4","4","4","db370781-9922-4032-a85c-44317264d0b9","Completed",,"28-11-2025 20:16:08",,"177195",,"cab97c1f-67b4-11f0-a847-0a0cda9789f2","bedac312-8aeb-4657-9774-18cf5ee7342c","3",,"true",,,,,,,,,,,,,,,,,,,"2",
"899","IJH","TRUNTUM KUTA","BALI","4","HIPRO","Banquette-TRUNTUM KUTA","4","Promoters","4","5","Satisfied","5",,,"5","5","5","5","5","5","97b0ad9b-b173-4343-abf2-ba84126e3851","Completed",,"29-11-2025 21:46:56",,"113730",,"cab97c1f-67b4-11f0-a847-0a0cda9789f2","bedac312-8aeb-4657-9774-18cf5ee7342c","3",,"true",,,,,,,,,,,,,,,,,,,"2",
"900","IJH","TRUNTUM KUTA","BALI","4","HIPRO","Banquette-TRUNTUM KUTA","4","Promoters","4","4","Satisfied","4","I had an excellent experience at this hotel. All the staff were incredibly helpful, especially Pak Made Yuliarta, who was exceptionally quick and responsive throughout our event. The sound system worked perfectly, although we only requested four microphones, they proactively provided six. The restaurant staff were also very efficient, especially during dinner service.

There was an unexpected moment when the Governor of Bali confirmed his attendance. Pak Made handled the situation impressively, swiftly and professionally, preparing the holding room and podium.

I truly recommend this hotel for anyone planning an important event. The staff have proven their speed, precision, and professionalism, making the whole experience smooth.",,"4","4","3","3","3","3","eb257c9f-eb1b-4feb-acfe-5029771c6fc2","Completed",,"29-11-2025 22:02:44",,"391974",,"cab97c1f-67b4-11f0-a847-0a0cda9789f2","bedac312-8aeb-4657-9774-18cf5ee7342c","3",,"true",,,,,,,,,,,,,,,,,,,"2",
"901","IJH","MERUSAKA NUSA DUA","BALI","5","HIPRO","Banquette-MERUSAKA NUSA DUA","5","Promoters","5","5","Satisfied","5","Terima kasih untuk pak Made Yuliarta, Team Front Office, dan Team Banquet - Anom sudah memberikan yang terbaik dan services yang sangat bagus sekali. Semua tim bekerja dengan sangat bagus, respon service sangat cepat, pelayanan mantab, mungkin jika memang harus memberikan saran mohon agar bisa pesawat telphon di ruangan (kamar) agar di cek karena beberapa ada yang kabel telphon ada yang longgar namun tamu tidak tahu. Selebihnya sudah sangat baik, terus di pertahankan  kinerjanya yang sudah baik ini dan terima kasih atas pengalamannya menginap di Merusaka Hotel.",,"5","5","5","5","5","5","c03b12b8-19d9-4930-9fab-022b325d04a1","Completed",,"01-12-2025 09:53:45",,"620341",,"cab97c1f-67b4-11f0-a847-0a0cda9789f2","bedac312-8aeb-4657-9774-18cf5ee7342c","3",,"true",,,,,,,,,,,,,,,,,,,"2",
"902","IJH","MERUSAKA NUSA DUA","BALI","5","HIPRO","Banquette-MERUSAKA NUSA DUA","5","Promoters","5","5","Satisfied","5","Dipertahankan kualitas service nya",,"5","5","4","4","4","4","264650bc-a34a-4b48-8e3a-4d36ee698a88","Completed",,"01-12-2025 10:46:54",,"1081250",,"cab97c1f-67b4-11f0-a847-0a0cda9789f2","bedac312-8aeb-4657-9774-18cf5ee7342c","3",,"true",,,,,,,,,,,,,,,,,,,"2",
"903","IJH","MERUSAKA NUSA DUA","BALI","5","HIPRO","Banquette-MERUSAKA NUSA DUA","5","Promoters","5","5","Satisfied","5","Pak Made Yuliarta sangat membantu dalam kordinasi dan komunikasi selama acara berlangsung. Respond nya sangat cepat dan eksekusi di lapangan juga tersampaikan dengan baik. Utk tim FO mbak onion, amik dan dwis , juga grecep dalam eksekusi kunci kamar yg ready utk peserta. 

Semoga bisa bekerjasama lagi dengan Tim Hotel Merusaka untuk event selanjutnya",,"5","5","5","5","4","4","fab397e4-2ec1-4b22-a847-6cc5916577f2","Completed",,"01-12-2025 11:03:53",,"591425",,"cab97c1f-67b4-11f0-a847-0a0cda9789f2","bedac312-8aeb-4657-9774-18cf5ee7342c","3",,"true",,,,,,,,,,,,,,,,,,,"2",
"904","IJH","MERUSAKA NUSA DUA","BALI","5","HIPRO","Banquette-MERUSAKA NUSA DUA","5","Promoters","5","5","Satisfied","5","Terima kasih kepada Pak Made Yuliarta, Team Front Office, Team Banquet - Anom yang sudah membantu kami selama kami mengadakan event di Merusaka Hotel, pengalaman yang sangat berkesan dan akan terkenang bagi tim kami. Semua berjalan Lancar dan sangat memuaskan, semua tim juga sangat responsif dan cepat tanggap, terima kasih atas support sistem yang sudah diberikan selama 4 hari pelaksanaan event kami, kami sangat berharap bisa kembali lagi untuk mengadakan event di Merusaka Hotel. Semoga ini bisa menjadi awal hubungan yang baik dengan kami, dan tetap dengan kinerja yang luar biasa profesinal, terus pertahankan dan semangat terus untuk menjaga kualitas servec yang sudah bagus ini.
Sukses terus Pak Made Yuliarta, Team Front Office, dan Team Banquet - Anom, Terima kasih",,"5","5","5","5","4","4","aa373bb4-22fa-4e00-b536-00b21bcb70cf","Completed",,"01-12-2025 11:11:47",,"447520",,"cab97c1f-67b4-11f0-a847-0a0cda9789f2","bedac312-8aeb-4657-9774-18cf5ee7342c","3",,"true",,,,,,,,,,,,,,,,,,,"2",
"905","IJH","MERUSAKA NUSA DUA","BALI","5","HIPRO","Banquette-MERUSAKA NUSA DUA","5","Promoters","5","5","Satisfied","5",,,"5","5","5","5","5","5","e19d02af-950e-47d4-af5f-f92b851e9053","Completed",,"01-12-2025 11:19:38",,"446863",,"cab97c1f-67b4-11f0-a847-0a0cda9789f2","bedac312-8aeb-4657-9774-18cf5ee7342c","3",,"true",,,,,,,,,,,,,,,,,,,"2",
"906","IJH","GRAND INNA TUNJUNGAN","JATIM","4","HIPRO","Banquette-GRAND INNA TUNJUNGAN","5","Promoters","5","5","Satisfied","5","The Merusaka team honestly feels like family 🫶. They’re super hands-on, always ready to help, and they make everything feel easy. Their event department is amazing, they just get it. They know what needs to be done, they move fast, and they handle things smoothly even when the situation gets a bit hectic.

Working with them never feels stressful. They communicate well, they stay calm, and they always bring good energy. You don’t feel like just a client, you feel like you’re working with people who genuinely care about making the event running well.

Thank you",,"5","5","4","4","4","4","d2f2a1db-13ec-485d-8ff9-2fc12a1e6549","Completed",,"01-12-2025 13:47:07",,"317806",,"cab97c1f-67b4-11f0-a847-0a0cda9789f2","bedac312-8aeb-4657-9774-18cf5ee7342c","3",,"true",,,,,,,,,,,,,,,,,,,"2",
"907","IJH","MERUSAKA NUSA DUA","BALI","5","HIPRO","Banquette-MERUSAKA NUSA DUA","5","Promoters","5","5","Satisfied","5","Perfect",,"5","5","5","5","5","5","8c457d61-c826-40f0-8807-d2b10fee0796","Completed",,"06-12-2025 09:50:48",,"685696",,"cab97c1f-67b4-11f0-a847-0a0cda9789f2","bedac312-8aeb-4657-9774-18cf5ee7342c","3",,"true",,,,,,,,,,,,,,,,,,,"2",
"908","IJH","MERUSAKA NUSA DUA","BALI","5","HIPRO","Banquette-MERUSAKA NUSA DUA","5","Promoters","5","5","Satisfied","5","- Koordinasi sangat dengan tim nerusaka,,dr sblm event berlangsung sampai  slsai. Thank u Pak Made Yuliarta dan Tim Merusaka 😘",,"5","5","5","5","5","5","80610f68-0655-45ee-83a1-34f21d5b7609","Completed",,"06-12-2025 10:02:14",,"149873",,"cab97c1f-67b4-11f0-a847-0a0cda9789f2","bedac312-8aeb-4657-9774-18cf5ee7342c","3",,"true",,,,,,,,,,,,,,,,,,,"2",
"909","IJH","MERUSAKA NUSA DUA","BALI","5","HIPRO","Banquette-MERUSAKA NUSA DUA","5","Promoters","5","5","Satisfied","5","Overall, we had a very positive experience with the Banquet service at MERUSAKA NUSA DUA. The teams was well-coordinated, responsive, and supportive. We would especially like to commend Gita from the event team for his exceptional support, responsiveness, and attention to detail throughout the preparation and on the event day. Thank you for the excellent service.",,"5","5","5","5","5","5","36492a2e-289b-4959-a63f-9cda8b682261","Completed",,"06-12-2025 10:08:24",,"267589",,"cab97c1f-67b4-11f0-a847-0a0cda9789f2","bedac312-8aeb-4657-9774-18cf5ee7342c","3",,"true",,,,,,,,,,,,,,,,,,,"2",
"910","IJH","MERUSAKA NUSA DUA","BALI","5","HIPRO","Banquette-MERUSAKA NUSA DUA","5","Promoters","5","5","Satisfied","5","excellence services",,"5","5","5","5","5","5","1e72db66-b392-46b0-8b55-655d0738a2e0","Completed",,"07-12-2025 11:22:03",,"1307527",,"cab97c1f-67b4-11f0-a847-0a0cda9789f2","bedac312-8aeb-4657-9774-18cf5ee7342c","3",,"true",,,,,,,,,,,,,,,,,,,"2",
"911","IJH","MERUSAKA NUSA DUA","BALI","5","HIPRO","Banquette-MERUSAKA NUSA DUA","5","Promoters","5","5","Satisfied","5",,,"5","5","5","5","5","5","99a91054-b1ce-4578-ab10-d33f42282360","Completed",,"09-12-2025 16:41:10",,"329267",,"cab97c1f-67b4-11f0-a847-0a0cda9789f2","bedac312-8aeb-4657-9774-18cf5ee7342c","3",,"true",,,,,,,,,,,,,,,,,,,"2",
"912","IJH","TRUNTUM KUTA","BALI","4","HIPRO","Banquette-TRUNTUM KUTA","5","Promoters","5","4","Satisfied","4","Menu coffee break sebaiknya lebih dihindari pewarna makanan.. dan rasa menu makan siangnya bisa ditingkatkan lagi..",,"4","4","4","4","4","4","a77f9e49-3e75-452c-9a00-75fa5616f33e","Completed",,"10-12-2025 11:56:56",,"289747",,"cab97c1f-67b4-11f0-a847-0a0cda9789f2","bedac312-8aeb-4657-9774-18cf5ee7342c","3",,"true",,,,,,,,,,,,,,,,,,,"2",
"913","IJH","TRUNTUM PADANG","SUMBAR","4","HIPRO","Banquette-TRUNTUM PADANG","4","Promoters","4","4","Satisfied","4",,,"4","4","4","4","4","4","9202886e-6b47-4eba-a383-83959cdb3714","Completed",,"10-12-2025 12:18:46",,"327585",,"cab97c1f-67b4-11f0-a847-0a0cda9789f2","bedac312-8aeb-4657-9774-18cf5ee7342c","3",,"true",,,,,,,,,,,,,,,,,,,"2",
"914","IJH","TRUNTUM KUTA","BALI","4","HIPRO","Banquette-TRUNTUM KUTA","5","Promoters","5","5","Satisfied","5","Makanan lebih variatif, buah buahan juga lebih variatif. mungkin karena cuaca juga, beberapa kali ada perbaikan di air panas hotel, sehingga beberapa kali terjadi air panas yang keluar kotor, harus dinyalakan kran air panas agak lama, baru setelah itu airnya bersih.",,"5","5","5","5","5","5","837dc0dc-3d1a-4218-8188-f385ae7c4623","Completed",,"11-12-2025 11:39:15",,"179691",,"cab97c1f-67b4-11f0-a847-0a0cda9789f2","bedac312-8aeb-4657-9774-18cf5ee7342c","3",,"true",,,,,,,,,,,,,,,,,,,"2",
"915","IJH","TRUNTUM PADANG","SUMBAR","4","HIPRO","Banquette-TRUNTUM PADANG","5","Promoters","5","4","Satisfied","4","Untuk area Foye masih panas mungkin ditambahkan pendingin",,"4","4","4","4","5","5","b9fa2180-c512-41f1-be2d-22f0080cf3dc","Completed",,"12-12-2025 09:54:03",,"688255",,"cab97c1f-67b4-11f0-a847-0a0cda9789f2","bedac312-8aeb-4657-9774-18cf5ee7342c","3",,"true",,,,,,,,,,,,,,,,,,,"2",
"916","IJH","TRUNTUM KUTA","BALI","4","HIPRO","Banquette-TRUNTUM KUTA","5","Promoters","5","5","Satisfied","5","Sudah sangat baik",,"4","4","4","4","4","4","5b98a476-b445-4085-b18e-872f36a9117b","Completed",,"12-12-2025 15:22:32",,"349407",,"cab97c1f-67b4-11f0-a847-0a0cda9789f2","bedac312-8aeb-4657-9774-18cf5ee7342c","3",,"true",,,,,,,,,,,,,,,,,,,"2",
"917","IJH","TRUNTUM KUTA","BALI","4","HIPRO","Banquette-TRUNTUM KUTA","5","Promoters","5","5","Satisfied","5","nice",,"5","5","5","5","5","5","9457f5af-0b68-4487-bca2-5f0e3a829f0a","Completed",,"12-12-2025 21:10:15",,"126847",,"cab97c1f-67b4-11f0-a847-0a0cda9789f2","bedac312-8aeb-4657-9774-18cf5ee7342c","3",,"true",,,,,,,,,,,,,,,,,,,"2",
"918","IJH","TRUNTUM KUTA","BALI","4","HIPRO","Banquette-TRUNTUM KUTA","4","Promoters","4","5","Satisfied","5","semua sangat memuaskan, anak anak bqt sangat membantu semua kelancaran acara, sangat berterimakasih",,"5","5","5","5","5","5","754f6a12-cbc2-4913-b28d-3e3f3fbf92be","Completed",,"13-12-2025 12:00:29",,"150299",,"cab97c1f-67b4-11f0-a847-0a0cda9789f2","bedac312-8aeb-4657-9774-18cf5ee7342c","3",,"true",,,,,,,,,,,,,,,,,,,"2",
"919","IJH","MERUSAKA NUSA DUA","BALI","5","HIPRO","Banquette-MERUSAKA NUSA DUA","5","Promoters","5","5","Satisfied","5","Staff should be transfer all of the customer baggages to the room",,"5","5","5","5","5","5","2f0e1eb7-520c-425b-bb58-830b9ae6be12","Completed",,"14-12-2025 15:43:11",,"669060",,"cab97c1f-67b4-11f0-a847-0a0cda9789f2","bedac312-8aeb-4657-9774-18cf5ee7342c","3",,"true",,,,,,,,,,,,,,,,,,,"2",
"920","IJH","TRUNTUM KUTA","BALI","4","HIPRO","Banquette-TRUNTUM KUTA","4","Promoters","4","3","Neutral","3","very nice event we have",,"4","4","5","5","4","4","33082bf1-dbd2-42df-9755-6da8e0667f0f","Completed",,"14-12-2025 20:49:48",,"275578",,"cab97c1f-67b4-11f0-a847-0a0cda9789f2","bedac312-8aeb-4657-9774-18cf5ee7342c","3",,"true",,,,,,,,,,,,,,,,,,,"2",
"921","IJH","TRUNTUM KUTA","BALI","4","HIPRO","Banquette-TRUNTUM KUTA","5","Promoters","5","5","Satisfied","5",,,"5","5","5","5","5","5","9b41cb2a-b114-440c-befb-2e3a2727bd0a","Completed",,"14-12-2025 21:22:03",,"186661",,"cab97c1f-67b4-11f0-a847-0a0cda9789f2","bedac312-8aeb-4657-9774-18cf5ee7342c","3",,"true",,,,,,,,,,,,,,,,,,,"2",
"922","IJH","TRUNTUM KUTA","BALI","4","HIPRO","Banquette-TRUNTUM KUTA","4","Promoters","4","3","Neutral","3",,,"5","5","4","4","4","4","e6b40f9a-8d5a-4114-94fd-24072f338e79","Completed",,"16-12-2025 14:56:16",,"202582",,"cab97c1f-67b4-11f0-a847-0a0cda9789f2","bedac312-8aeb-4657-9774-18cf5ee7342c","3",,"true",,,,,,,,,,,,,,,,,,,"2",
"923","IJH","TRUNTUM PADANG","SUMBAR","4","HIPRO","Banquette-TRUNTUM PADANG","5","Promoters","5","5","Satisfied","5",,,"5","5","5","5","5","5","0494c21f-f71d-4ed7-bd3f-a4ca446ad62d","Completed",,"19-12-2025 20:18:26",,"307655",,"cab97c1f-67b4-11f0-a847-0a0cda9789f2","bedac312-8aeb-4657-9774-18cf5ee7342c","3",,"true",,,,,,,,,,,,,,,,,,,"2",
"924","IJH","TRUNTUM KUTA","BALI","4","HIPRO","Banquette-TRUNTUM KUTA","5","Promoters","5","4","Satisfied","4",,,"4","4","4","4","4","4","9c864a7d-18d0-49e0-bd76-5a1824d5614b","Completed",,"19-12-2025 20:46:51",,"161786",,"cab97c1f-67b4-11f0-a847-0a0cda9789f2","bedac312-8aeb-4657-9774-18cf5ee7342c","3",,"true",,,,,,,,,,,,,,,,,,,"2",
"925","IJH","TRUNTUM KUTA","BALI","4","HIPRO","Banquette-TRUNTUM KUTA","4","Promoters","4","5","Satisfied","5",,,"5","5","5","5","5","5","da28f65e-96f2-4722-b55b-8bff015c50d3","Completed",,"20-12-2025 17:35:23",,"165246",,"cab97c1f-67b4-11f0-a847-0a0cda9789f2","bedac312-8aeb-4657-9774-18cf5ee7342c","3",,"true",,,,,,,,,,,,,,,,,,,"2",
"926","IJH","TRUNTUM KUTA","BALI","4","HIPRO","Banquette-TRUNTUM KUTA","5","Promoters","5","4","Satisfied","4",,,"4","4","3","3","4","4","71f1b6ca-4e6e-4b32-b2d3-020ddabd2542","Completed",,"22-12-2025 12:11:02",,"478807",,"cab97c1f-67b4-11f0-a847-0a0cda9789f2","bedac312-8aeb-4657-9774-18cf5ee7342c","3",,"true",,,,,,,,,,,,,,,,,,,"2",
"927","IJH","TRUNTUM KUTA","BALI","4","HIPRO","Banquette-TRUNTUM KUTA","5","Promoters","5","5","Satisfied","5",,,"5","5","5","5","4","4","f106b6cd-7f8e-49ab-b0a4-cc1a5323f968","Completed",,"23-12-2025 09:08:46",,"195231",,"cab97c1f-67b4-11f0-a847-0a0cda9789f2","bedac312-8aeb-4657-9774-18cf5ee7342c","3",,"true",,,,,,,,,,,,,,,,,,,"2",
"928","IJH","GRAND INNA MEDAN","SUMUT","4","HIPRO","Banquette-GRAND INNA MEDAN","5","Promoters","5","5","Satisfied","5",,,"5","5","5","5","5","5","505ee076-46c5-4386-b55f-dd317a8b50e7","Completed",,"23-12-2025 12:58:54",,"145010",,"cab97c1f-67b4-11f0-a847-0a0cda9789f2","bedac312-8aeb-4657-9774-18cf5ee7342c","3",,"true",,,,,,,,,,,,,,,,,,,"2",
"929","IJH","MERUSAKA NUSA DUA","BALI","5","HIPRO","Banquette-MERUSAKA NUSA DUA","4","Promoters","4","4","Satisfied","4",,,"4","4","4","4","5","5","4e3681f3-c23f-4bfb-b432-8e133726f48f","Completed",,"23-12-2025 14:11:21",,"108367",,"cab97c1f-67b4-11f0-a847-0a0cda9789f2","bedac312-8aeb-4657-9774-18cf5ee7342c","3",,"true",,,,,,,,,,,,,,,,,,,"2",
"930","IJH","TRUNTUM KUTA","BALI","4","HIPRO","Banquette-TRUNTUM KUTA","4","Promoters","4","4","Satisfied","4","Bagus",,"4","4","4","4","3","3","a06b36d1-8d2e-4a3f-a0de-23881092330e","Completed",,"24-12-2025 14:35:11",,"119125",,"cab97c1f-67b4-11f0-a847-0a0cda9789f2","bedac312-8aeb-4657-9774-18cf5ee7342c","3",,"true",,,,,,,,,,,,,,,,,,,"2",
"931","IJH","GRAND INNA SAMUDERA BEACH","JABAR","4","HIPRO","Banquette-GRAND INNA SAMUDERA BEACH","5","Promoters","5","4","Satisfied","4","Pelayanan nya ramah,kamar yg bagus menghadap pool dan laut.makanan nya enak",,"5","5","5","5","5","5","6fd15aee-9f0e-4aba-8628-d497ba622f54","Completed",,"26-12-2025 09:08:10",,"106139",,"cab97c1f-67b4-11f0-a847-0a0cda9789f2","bedac312-8aeb-4657-9774-18cf5ee7342c","3",,"true",,,,,,,,,,,,,,,,,,,"2",
"932","IJH","GRAND INNA SAMUDERA BEACH","JABAR","4","HIPRO","Banquette-GRAND INNA SAMUDERA BEACH","5","Promoters","5","4","Satisfied","4","Bagus sangat memuaskan no comen next liburan kita nginep dsini lagi",,"5","5","4","4","4","4","050c285b-b1ca-4f93-bb8a-77d7095ab00d","Completed",,"26-12-2025 10:19:45",,"331167",,"cab97c1f-67b4-11f0-a847-0a0cda9789f2","bedac312-8aeb-4657-9774-18cf5ee7342c","3",,"true",,,,,,,,,,,,,,,,,,,"2",
"933","IJH","GRAND INNA SAMUDERA BEACH","JABAR","4","HIPRO","Banquette-GRAND INNA SAMUDERA BEACH","5","Promoters","5","5","Satisfied","5",,,"5","5","5","5","5","5","d34d3512-d38b-4451-8ced-5b37cf2ac121","Completed",,"26-12-2025 10:49:26",,"432247",,"cab97c1f-67b4-11f0-a847-0a0cda9789f2","bedac312-8aeb-4657-9774-18cf5ee7342c","3",,"true",,,,,,,,,,,,,,,,,,,"2",
"934","IJH","GRAND INNA SAMUDERA BEACH","JABAR","4","HIPRO","Banquette-GRAND INNA SAMUDERA BEACH","4","Promoters","4","5","Satisfied","5",,,"5","5","5","5","5","5","8f0f9e4a-b428-4b78-9ba7-0eb5a66b37e3","Completed",,"26-12-2025 11:09:40",,"241410",,"cab97c1f-67b4-11f0-a847-0a0cda9789f2","bedac312-8aeb-4657-9774-18cf5ee7342c","3",,"true",,,,,,,,,,,,,,,,,,,"2",
"935","IJH","GRAND INNA SAMUDERA BEACH","JABAR","4","HIPRO","Banquette-GRAND INNA SAMUDERA BEACH","4","Promoters","4","4","Satisfied","4","Lebih ditingkatkan kebersihan dan modernisasi saja",,"4","4","4","4","4","4","e7bc0db3-102c-44fe-9b15-1c2a523720bc","Completed",,"26-12-2025 11:11:13",,"212717",,"cab97c1f-67b4-11f0-a847-0a0cda9789f2","bedac312-8aeb-4657-9774-18cf5ee7342c","3",,"true",,,,,,,,,,,,,,,,,,,"2",
"936","IJH","GRAND INNA SAMUDERA BEACH","JABAR","4","HIPRO","Banquette-GRAND INNA SAMUDERA BEACH","4","Promoters","4","4","Satisfied","4","Sudah baik",,"4","4","4","4","4","4","9bd8cb65-a9a6-4bfa-9977-627156c6a288","Completed",,"26-12-2025 11:11:59",,"276997",,"cab97c1f-67b4-11f0-a847-0a0cda9789f2","bedac312-8aeb-4657-9774-18cf5ee7342c","3",,"true",,,,,,,,,,,,,,,,,,,"2",
"937","IJH","GRAND INNA SAMUDERA BEACH","JABAR","4","HIPRO","Banquette-GRAND INNA SAMUDERA BEACH","5","Promoters","5","4","Satisfied","4","Bagus. View puas",,"4","4","4","4","4","4","00ad7420-17e7-4d2c-81b9-de43897a78f6","Completed",,"26-12-2025 11:20:10",,"1184588",,"cab97c1f-67b4-11f0-a847-0a0cda9789f2","bedac312-8aeb-4657-9774-18cf5ee7342c","3",,"true",,,,,,,,,,,,,,,,,,,"2",
"938","IJH","GRAND INNA SAMUDERA BEACH","JABAR","4","HIPRO","Banquette-GRAND INNA SAMUDERA BEACH","4","Promoters","4","4","Satisfied","4",,,"4","4","4","4","4","4","d72e4e80-ee5e-4184-a2a9-145798ae874e","Completed",,"27-12-2025 08:54:54",,"213090",,"cab97c1f-67b4-11f0-a847-0a0cda9789f2","bedac312-8aeb-4657-9774-18cf5ee7342c","3",,"true",,,,,,,,,,,,,,,,,,,"2",
"939","IJH","GRAND INNA SAMUDERA BEACH","JABAR","4","HIPRO","Banquette-GRAND INNA SAMUDERA BEACH","3","Passive","3","3","Neutral","3","Hotel terbaik untuk liburan bersama keluarga di sekitar pantai Pelabuhan Ratu",,"4","4","4","4","3","3","352b2c2c-58b4-40ec-be43-3989110c3b5a","Completed",,"27-12-2025 09:44:27",,"178996",,"cab97c1f-67b4-11f0-a847-0a0cda9789f2","bedac312-8aeb-4657-9774-18cf5ee7342c","3",,"true",,,,,,,,,,,,,,,,,,,"2",
"940","IJH","GRAND INNA SAMUDERA BEACH","JABAR","4","HIPRO","Banquette-GRAND INNA SAMUDERA BEACH","5","Promoters","5","4","Satisfied","4","Sangat profesional",,"5","5","4","4","5","5","cf77c511-004a-4d87-8fee-6a985428b2c0","Completed",,"27-12-2025 10:00:48",,"146509",,"cab97c1f-67b4-11f0-a847-0a0cda9789f2","bedac312-8aeb-4657-9774-18cf5ee7342c","3",,"true",,,,,,,,,,,,,,,,,,,"2",
"941","IJH","GRAND INNA SAMUDERA BEACH","JABAR","4","HIPRO","Banquette-GRAND INNA SAMUDERA BEACH","4","Promoters","4","5","Satisfied","5","Sangat puas dengan pelayanan grand inna samudera beach... ingin terus kembali lagi berlibur karena pemandangan nya indah... anak anak bisa bermain pasir dan berenang dengan puas.... dan makanan nya juga sangat enak",,"5","5","5","5","5","5","e4390e9a-904e-4f9c-86d2-d99469766781","Completed",,"27-12-2025 10:42:10",,"178622",,"cab97c1f-67b4-11f0-a847-0a0cda9789f2","bedac312-8aeb-4657-9774-18cf5ee7342c","3",,"true",,,,,,,,,,,,,,,,,,,"2",
"942","IJH","GRAND INNA SAMUDERA BEACH","JABAR","4","HIPRO","Banquette-GRAND INNA SAMUDERA BEACH","5","Promoters","5","5","Satisfied","5",,,"5","5","5","5","5","5","9001c5a9-d7df-4fb1-ad82-362b3a358dab","Completed",,"27-12-2025 11:37:04",,"557806",,"cab97c1f-67b4-11f0-a847-0a0cda9789f2","bedac312-8aeb-4657-9774-18cf5ee7342c","3",,"true",,,,,,,,,,,,,,,,,,,"2",
"943","IJH","GRAND INNA SAMUDERA BEACH","JABAR","4","HIPRO","Banquette-GRAND INNA SAMUDERA BEACH","5","Promoters","5","5","Satisfied","5",,,"5","5","4","4","5","5","7dd11ff9-a3e4-4d1f-b07b-469a7b8d14ee","Completed",,"27-12-2025 12:01:25",,"209514",,"cab97c1f-67b4-11f0-a847-0a0cda9789f2","bedac312-8aeb-4657-9774-18cf5ee7342c","3",,"true",,,,,,,,,,,,,,,,,,,"2",
"944","IJH","GRAND INNA SAMUDERA BEACH","JABAR","4","HIPRO","Banquette-GRAND INNA SAMUDERA BEACH","5","Promoters","5","5","Satisfied","5",,,"5","5","5","5","5","5","4d11684d-b866-4f21-af8d-6af8e4b51faf","Completed",,"28-12-2025 11:41:14",,"160091",,"cab97c1f-67b4-11f0-a847-0a0cda9789f2","bedac312-8aeb-4657-9774-18cf5ee7342c","3",,"true",,,,,,,,,,,,,,,,,,,"2",
"945","IJH","GRAND INNA SAMUDERA BEACH","JABAR","4","HIPRO","Banquette-GRAND INNA SAMUDERA BEACH","5","Promoters","5","5","Satisfied","5","Mohonlebih ditingkatkan lagi utk kebersihan kamar dan kamar mandi,,",,"5","5","5","5","5","5","3bff339c-e305-4c59-af69-c0ecf779faa0","Completed",,"28-12-2025 12:24:48",,"123519",,"cab97c1f-67b4-11f0-a847-0a0cda9789f2","bedac312-8aeb-4657-9774-18cf5ee7342c","3",,"true",,,,,,,,,,,,,,,,,,,"2",
"946","IJH","GRAND INNA SAMUDERA BEACH","JABAR","4","HIPRO","Banquette-GRAND INNA SAMUDERA BEACH","4","Promoters","4","4","Satisfied","4","Okr for all",,"4","4","4","4","3","3","a3a8d90c-a0b1-49b4-afd5-f26af7af11d4","Completed",,"28-12-2025 12:25:15",,"366386",,"cab97c1f-67b4-11f0-a847-0a0cda9789f2","bedac312-8aeb-4657-9774-18cf5ee7342c","3",,"true",,,,,,,,,,,,,,,,,,,"2",
"947","IJH","GRAND INNA SAMUDERA BEACH","JABAR","4","HIPRO","Banquette-GRAND INNA SAMUDERA BEACH","4","Promoters","4","4","Satisfied","4","Tidak ada",,"4","4","4","4","4","4","fa196fa3-e092-48a7-bdfd-167f7fa0460c","Completed",,"29-12-2025 08:21:11",,"239109",,"cab97c1f-67b4-11f0-a847-0a0cda9789f2","bedac312-8aeb-4657-9774-18cf5ee7342c","3",,"true",,,,,,,,,,,,,,,,,,,"2",
"948","IJH","TRUNTUM KUTA","BALI","4","HIPRO","Banquette-TRUNTUM KUTA","5","Promoters","5","5","Satisfied","5","Untuk dinding mungkin bisa diganti wallpaper nya dan karpet lantai ada beberapa bagian yg sobek",,"5","5","5","5","5","5","141fda5d-0354-49ce-a271-21eb71e0b4c0","Completed",,"30-12-2025 10:53:43",,"122478",,"cab97c1f-67b4-11f0-a847-0a0cda9789f2","bedac312-8aeb-4657-9774-18cf5ee7342c","3",,"true",,,,,,,,,,,,,,,,,,,"2",
"949","IJH","TRUNTUM KUTA","BALI","4","HIPRO","Banquette-TRUNTUM KUTA","5","Promoters","5","5","Satisfied","5",,,"5","5","5","5","5","5","1c779947-00cb-4a52-aa2b-120d9e619691","Completed",,"09-01-2026 16:10:34",,"2982727",,"cab97c1f-67b4-11f0-a847-0a0cda9789f2","bedac312-8aeb-4657-9774-18cf5ee7342c","3",,"true",,,,,,,,,,,,,,,,,,,"2",
"950","IJH","TRUNTUM KUTA","BALI","4","HIPRO","Banquette-TRUNTUM KUTA","5","Promoters","5","5","Satisfied","5","Pelayanan optimal",,"5","5","5","5","5","5","c463a309-115a-49ee-be16-058e5db9e949","Completed",,"15-01-2026 21:11:48",,"269034",,"cab97c1f-67b4-11f0-a847-0a0cda9789f2","bedac312-8aeb-4657-9774-18cf5ee7342c","3",,"true",,,,,,,,,,,,,,,,,,,"2",
"951","IJH","TRUNTUM KUTA","BALI","4","HIPRO","Banquette-TRUNTUM KUTA","5","Promoters","5","5","Satisfied","5","Sedikit peremajaan pada design interior agar lebih fresh dan modern",,"5","5","5","5","5","5","963a8a7c-d5da-470d-8e9a-858680c67dcf","Completed",,"15-01-2026 21:34:37",,"118953",,"cab97c1f-67b4-11f0-a847-0a0cda9789f2","bedac312-8aeb-4657-9774-18cf5ee7342c","3",,"true",,,,,,,,,,,,,,,,,,,"2",
"952","IJH","TRUNTUM KUTA","BALI","4","HIPRO","Banquette-TRUNTUM KUTA","4","Promoters","4","4","Satisfied","4","Merusaka over all ok",,"5","5","4","4","4","4","6003260c-729b-4703-ad15-adb80fd8ecf9","Completed",,"15-01-2026 21:37:14",,"196278",,"cab97c1f-67b4-11f0-a847-0a0cda9789f2","bedac312-8aeb-4657-9774-18cf5ee7342c","3",,"true",,,,,,,,,,,,,,,,,,,"2",
"953","IJH","MERUSAKA NUSA DUA","BALI","5","HIPRO","Banquette-MERUSAKA NUSA DUA","5","Promoters","5","4","Satisfied","4","Mantap",,"5","5","4","4","4","4","b2226df6-8478-4e33-a4e4-f4c28eb985c1","Completed",,"23-01-2026 12:50:29",,"210292",,"cab97c1f-67b4-11f0-a847-0a0cda9789f2","bedac312-8aeb-4657-9774-18cf5ee7342c","3",,"true",,,,,,,,,,,,,,,,,,,"2",
"954","IJH","TRUNTUM KUTA","BALI","4","HIPRO","Banquette-TRUNTUM KUTA","5","Promoters","5","4","Satisfied","4","Special Thanks to Mr. Made Yuliarta and Ms.Elma. thank you for your service!",,"5","5","5","5","5","5","d3e5e1a3-ef0b-4a62-8151-4f881a797860","Completed",,"23-01-2026 16:00:53",,"383125",,"cab97c1f-67b4-11f0-a847-0a0cda9789f2","bedac312-8aeb-4657-9774-18cf5ee7342c","3",,"true",,,,,,,,,,,,,,,,,,,"2",
"955","IJH","MERUSAKA NUSA DUA","BALI","5","HIPRO","Banquette-MERUSAKA NUSA DUA","4","Promoters","4","4","Satisfied","4","Sangat bagus . Next SMG ada lagi acara yg seperti ini",,"4","4","4","4","4","4","01130fc4-9ad6-40be-b385-c98610ec3bab","Completed",,"24-01-2026 20:38:15",,"253348",,"cab97c1f-67b4-11f0-a847-0a0cda9789f2","bedac312-8aeb-4657-9774-18cf5ee7342c","3",,"true",,,,,,,,,,,,,,,,,,,"2",
"956","IJH","TRUNTUM KUTA","BALI","4","HIPRO","Banquette-TRUNTUM KUTA","5","Promoters","5","5","Satisfied","5","Sangat bagus",,"5","5","5","5","5","5","5b271e26-3a79-4743-bdfb-a134942d79a5","Completed",,"28-01-2026 16:27:15",,"297510",,"cab97c1f-67b4-11f0-a847-0a0cda9789f2","bedac312-8aeb-4657-9774-18cf5ee7342c","3",,"true",,,,,,,,,,,,,,,,,,,"2",
"957","IJH","TRUNTUM KUTA","BALI","4","HIPRO","Banquette-TRUNTUM KUTA","5","Promoters","5","5","Satisfied","5","Bagus banget sangat rekomendasi buat acara meeting.sraffnya sangat ramah",,"5","5","5","5","5","5","77c01693-df42-4037-b57f-1bbad55cc005","Completed",,"28-01-2026 16:39:36",,"234683",,"cab97c1f-67b4-11f0-a847-0a0cda9789f2","bedac312-8aeb-4657-9774-18cf5ee7342c","3",,"true",,,,,,,,,,,,,,,,,,,"2",
"958","IJH","TRUNTUM KUTA","BALI","4","HIPRO","Banquette-TRUNTUM KUTA","5","Promoters","5","5","Satisfied","5","Meeting di truntum kita sangat bagus dan pelayannya sangat ramah",,"5","5","5","5","5","5","01367af5-2268-40f7-bbfb-45b0a61876a5","Completed",,"28-01-2026 16:41:16",,"259629",,"cab97c1f-67b4-11f0-a847-0a0cda9789f2","bedac312-8aeb-4657-9774-18cf5ee7342c","3",,"true",,,,,,,,,,,,,,,,,,,"2",
"959","IJH","TRUNTUM KUTA","BALI","4","HIPRO","Banquette-TRUNTUM KUTA","5","Promoters","5","5","Satisfied","5","Staff nya ramah dan ruang meetingnya sangat bagus",,"5","5","5","5","5","5","46d9ab49-a3bb-47db-9176-4da372bf2d5f","Completed",,"28-01-2026 16:41:33",,"270867",,"cab97c1f-67b4-11f0-a847-0a0cda9789f2","bedac312-8aeb-4657-9774-18cf5ee7342c","3",,"true",,,,,,,,,,,,,,,,,,,"2",
"960","IJH","TRUNTUM KUTA","BALI","4","HIPRO","Banquette-TRUNTUM KUTA","5","Promoters","5","5","Satisfied","5","Tidak",,"5","5","5","5","5","5","5846ca3d-3c60-4ce0-b8f4-8b383bfab0d4","Completed",,"28-01-2026 16:42:17",,"296743",,"cab97c1f-67b4-11f0-a847-0a0cda9789f2","bedac312-8aeb-4657-9774-18cf5ee7342c","3",,"true",,,,,,,,,,,,,,,,,,,"2",
"961","IJH","TRUNTUM KUTA","BALI","4","HIPRO","Banquette-TRUNTUM KUTA","5","Promoters","5","5","Satisfied","5","Sangat WOW",,"5","5","5","5","5","5","039f12dd-eb94-4050-916a-38c63143831b","Completed",,"28-01-2026 16:45:07",,"363992",,"cab97c1f-67b4-11f0-a847-0a0cda9789f2","bedac312-8aeb-4657-9774-18cf5ee7342c","3",,"true",,,,,,,,,,,,,,,,,,,"2",
"962","IJH","TRUNTUM KUTA","BALI","4","HIPRO","Banquette-TRUNTUM KUTA","5","Promoters","5","5","Satisfied","5","Tidak ada, sudah bagus",,"5","5","5","5","5","5","7eb341ef-8d0c-4835-9022-9231a36528e7","Completed",,"28-01-2026 16:46:27",,"101429",,"cab97c1f-67b4-11f0-a847-0a0cda9789f2","bedac312-8aeb-4657-9774-18cf5ee7342c","3",,"true",,,,,,,,,,,,,,,,,,,"2",
"963","IJH","TRUNTUM KUTA","BALI","4","HIPRO","Banquette-TRUNTUM KUTA","5","Promoters","5","5","Satisfied","5","tidak ada",,"5","5","5","5","5","5","b2cf9db1-995a-4ef4-a39f-4ace324ac0c6","Completed",,"28-01-2026 16:47:19",,"202745",,"cab97c1f-67b4-11f0-a847-0a0cda9789f2","bedac312-8aeb-4657-9774-18cf5ee7342c","3",,"true",,,,,,,,,,,,,,,,,,,"2",
"964","IJH","TRUNTUM KUTA","BALI","4","HIPRO","Banquette-TRUNTUM KUTA","5","Promoters","5","5","Satisfied","5",,,"4","4","5","5","4","4","fe361ddc-042e-4411-8630-320a12f624f5","Completed",,"28-01-2026 16:47:22",,"189452",,"cab97c1f-67b4-11f0-a847-0a0cda9789f2","bedac312-8aeb-4657-9774-18cf5ee7342c","3",,"true",,,,,,,,,,,,,,,,,,,"2",
"965","IJH","TRUNTUM KUTA","BALI","4","HIPRO","Banquette-TRUNTUM KUTA","5","Promoters","5","5","Satisfied","5","Semua sangat baik",,"5","5","5","5","5","5","534a7494-d26b-42e5-b1d4-606c9c0f1168","Completed",,"28-01-2026 16:47:53",,"227186",,"cab97c1f-67b4-11f0-a847-0a0cda9789f2","bedac312-8aeb-4657-9774-18cf5ee7342c","3",,"true",,,,,,,,,,,,,,,,,,,"2",
"966","IJH","TRUNTUM KUTA","BALI","4","HIPRO","Banquette-TRUNTUM KUTA","5","Promoters","5","5","Satisfied","5","Direkomendasi karena staffnya ramah, hotelnya bersih dan tertata",,"5","5","5","5","5","5","d58f1ea6-4581-456e-9b93-d3ceb6e299e1","Completed",,"28-01-2026 16:48:06",,"210890",,"cab97c1f-67b4-11f0-a847-0a0cda9789f2","bedac312-8aeb-4657-9774-18cf5ee7342c","3",,"true",,,,,,,,,,,,,,,,,,,"2",
"967","IJH","TRUNTUM KUTA","BALI","4","HIPRO","Banquette-TRUNTUM KUTA","5","Promoters","5","5","Satisfied","5","Tidak ada , semua perfect",,"5","5","5","5","5","5","bcb315c3-6381-4304-8914-e014699d5bfa","Completed",,"28-01-2026 16:48:26",,"270820",,"cab97c1f-67b4-11f0-a847-0a0cda9789f2","bedac312-8aeb-4657-9774-18cf5ee7342c","3",,"true",,,,,,,,,,,,,,,,,,,"2",
"968","IJH","TRUNTUM KUTA","BALI","4","HIPRO","Banquette-TRUNTUM KUTA","5","Promoters","5","5","Satisfied","5",,,"5","5","5","5","5","5","f13cc3cc-0bb5-44fc-95d9-0ff594839c61","Completed",,"28-01-2026 16:48:31",,"211057",,"cab97c1f-67b4-11f0-a847-0a0cda9789f2","bedac312-8aeb-4657-9774-18cf5ee7342c","3",,"true",,,,,,,,,,,,,,,,,,,"2",
"969","IJH","TRUNTUM KUTA","BALI","4","HIPRO","Banquette-TRUNTUM KUTA","5","Promoters","5","4","Satisfied","4","Sagat memuaskan",,"4","4","4","4","4","4","8811a6b4-b8b0-4f06-bc64-8ba0ba9b8942","Completed",,"28-01-2026 16:48:34",,"226900",,"cab97c1f-67b4-11f0-a847-0a0cda9789f2","bedac312-8aeb-4657-9774-18cf5ee7342c","3",,"true",,,,,,,,,,,,,,,,,,,"2",
"970","IJH","TRUNTUM KUTA","BALI","4","HIPRO","Banquette-TRUNTUM KUTA","5","Promoters","5","5","Satisfied","5",,,"5","5","5","5","5","5","a5ceffa9-2ca2-46e2-ae5a-629e213154c5","Completed",,"28-01-2026 16:48:41",,"183775",,"cab97c1f-67b4-11f0-a847-0a0cda9789f2","bedac312-8aeb-4657-9774-18cf5ee7342c","3",,"true",,,,,,,,,,,,,,,,,,,"2",
"971","IJH","TRUNTUM KUTA","BALI","4","HIPRO","Banquette-TRUNTUM KUTA","5","Promoters","5","5","Satisfied","5","All good",,"5","5","5","5","5","5","b28fe390-c16d-4b6e-97a4-c548db937f5e","Completed",,"28-01-2026 16:48:51",,"114106",,"cab97c1f-67b4-11f0-a847-0a0cda9789f2","bedac312-8aeb-4657-9774-18cf5ee7342c","3",,"true",,,,,,,,,,,,,,,,,,,"2",
"972","IJH","TRUNTUM KUTA","BALI","4","HIPRO","Banquette-TRUNTUM KUTA","5","Promoters","5","5","Satisfied","5","Perlu ada kelanjutanya",,"5","5","5","5","5","5","b65d709d-6c48-4b06-a249-af6d2fc8b810","Completed",,"28-01-2026 16:50:27",,"246014",,"cab97c1f-67b4-11f0-a847-0a0cda9789f2","bedac312-8aeb-4657-9774-18cf5ee7342c","3",,"true",,,,,,,,,,,,,,,,,,,"2",
"973","IJH","TRUNTUM KUTA","BALI","4","HIPRO","Banquette-TRUNTUM KUTA","5","Promoters","5","4","Satisfied","4","Do the excellent service",,"4","4","5","5","4","4","f3151649-4a3b-414c-9440-6adaba1f4e32","Completed",,"28-01-2026 16:50:58",,"424532",,"cab97c1f-67b4-11f0-a847-0a0cda9789f2","bedac312-8aeb-4657-9774-18cf5ee7342c","3",,"true",,,,,,,,,,,,,,,,,,,"2",
"974","IJH","TRUNTUM KUTA","BALI","4","HIPRO","Banquette-TRUNTUM KUTA","5","Promoters","5","5","Satisfied","5",,,"5","5","5","5","5","5","a2d77bef-b0d0-4c37-95eb-e963744a0716","Completed",,"28-01-2026 16:51:30",,"362355",,"cab97c1f-67b4-11f0-a847-0a0cda9789f2","bedac312-8aeb-4657-9774-18cf5ee7342c","3",,"true",,,,,,,,,,,,,,,,,,,"2",
"975","IJH","TRUNTUM KUTA","BALI","4","HIPRO","Banquette-TRUNTUM KUTA","5","Promoters","5","5","Satisfied","5","Sangat baik",,"5","5","5","5","5","5","41d9f895-8d0b-4cd6-b6bd-cbf5ac566465","Completed",,"28-01-2026 16:52:28",,"383297",,"cab97c1f-67b4-11f0-a847-0a0cda9789f2","bedac312-8aeb-4657-9774-18cf5ee7342c","3",,"true",,,,,,,,,,,,,,,,,,,"2",
"976","IJH","TRUNTUM KUTA","BALI","4","HIPRO","Banquette-TRUNTUM KUTA","5","Promoters","5","5","Satisfied","5",,,"5","5","5","5","5","5","9f2b82fa-b64b-4753-9990-83cca3aea094","Completed",,"28-01-2026 16:53:18",,"355994",,"cab97c1f-67b4-11f0-a847-0a0cda9789f2","bedac312-8aeb-4657-9774-18cf5ee7342c","3",,"true",,,,,,,,,,,,,,,,,,,"2",
"977","IJH","TRUNTUM KUTA","BALI","4","HIPRO","Banquette-TRUNTUM KUTA","5","Promoters","5","5","Satisfied","5",,,"5","5","5","5","5","5","13e08f33-83a6-4b0e-bf97-fda7549aee9c","Completed",,"28-01-2026 16:53:33",,"545503",,"cab97c1f-67b4-11f0-a847-0a0cda9789f2","bedac312-8aeb-4657-9774-18cf5ee7342c","3",,"true",,,,,,,,,,,,,,,,,,,"2",
"978","IJH","TRUNTUM KUTA","BALI","4","HIPRO","Banquette-TRUNTUM KUTA","5","Promoters","5","5","Satisfied","5","Direkomendasi tempat meeting yang bagus dgn ceiling tinggi",,"5","5","5","5","5","5","f2e5bf2a-df0f-4597-93b8-417133cef182","Completed",,"28-01-2026 17:06:48",,"1165468",,"cab97c1f-67b4-11f0-a847-0a0cda9789f2","bedac312-8aeb-4657-9774-18cf5ee7342c","3",,"true",,,,,,,,,,,,,,,,,,,"2",
"979","IJH","TRUNTUM KUTA","BALI","4","HIPRO","Banquette-TRUNTUM KUTA","5","Promoters","5","5","Satisfied","5","Lokasi tempat makan yang cukup jauh dari lokasi rapat",,"5","5","5","5","5","5","c0f027d2-356d-407e-897d-463191ad4a2a","Completed",,"28-01-2026 17:15:06",,"1724833",,"cab97c1f-67b4-11f0-a847-0a0cda9789f2","bedac312-8aeb-4657-9774-18cf5ee7342c","3",,"true",,,,,,,,,,,,,,,,,,,"2",
"980","IJH","TRUNTUM KUTA","BALI","4","HIPRO","Banquette-TRUNTUM KUTA","4","Promoters","4","4","Satisfied","4","Bagus",,"4","4","4","4","4","4","78a73925-d126-45c1-b963-64ed87bd2269","Completed",,"31-01-2026 15:21:37",,"114211",,"cab97c1f-67b4-11f0-a847-0a0cda9789f2","bedac312-8aeb-4657-9774-18cf5ee7342c","3",,"true",,,,,,,,,,,,,,,,,,,"2",
"981","IJH","TRUNTUM KUTA","BALI","4","HIPRO","Banquette-TRUNTUM KUTA","5","Promoters","5","5","Satisfied","5","Sdh baik",,"5","5","5","5","5","5","f4ec6f5b-a75d-47f2-9c58-0ff77fb3c259","Completed",,"31-01-2026 15:24:31",,"125324",,"cab97c1f-67b4-11f0-a847-0a0cda9789f2","bedac312-8aeb-4657-9774-18cf5ee7342c","3",,"true",,,,,,,,,,,,,,,,,,,"2",
"982","IJH","TRUNTUM KUTA","BALI","4","HIPRO","Banquette-TRUNTUM KUTA","5","Promoters","5","5","Satisfied","5","Very good experience",,"5","5","5","5","4","4","977eccdc-f101-4d6b-a52b-1ab29aa5a607","Completed",,"31-01-2026 15:25:48",,"255548",,"cab97c1f-67b4-11f0-a847-0a0cda9789f2","bedac312-8aeb-4657-9774-18cf5ee7342c","3",,"true",,,,,,,,,,,,,,,,,,,"2",
"983","IJH","TRUNTUM KUTA","BALI","4","HIPRO","Banquette-TRUNTUM KUTA","5","Promoters","5","5","Satisfied","5","There was a damp smell in the room, recommended to think over the decision of this issue",,"5","5","5","5","5","5","0702adf0-7045-4a34-bfe2-b25da87e8732","Completed",,"31-01-2026 15:26:10",,"403058",,"cab97c1f-67b4-11f0-a847-0a0cda9789f2","bedac312-8aeb-4657-9774-18cf5ee7342c","3",,"true",,,,,,,,,,,,,,,,,,,"2",
"984","IJH","MERUSAKA NUSA DUA","BALI","5","HIPRO","Banquette-MERUSAKA NUSA DUA","5","Promoters","5","4","Satisfied","4","We are responding on the basis that we had a holiday at Truntum Kuta. No conference, but we take this oportunity to say a huge thank you to -
Mr Cok for fantastic service, customer support and friendship.
Ms Dwi, so professional and helpful.
Ms Puspawati for great service in room support
Ms Yani for wonderful support and great customer service
Ms Gunnisari at the restaurant, always fantastic support",,"5","5","4","4","4","4","c276598b-e726-49b9-b408-21888b0b3e98","Completed",,"31-01-2026 16:34:10",,"11471587",,"cab97c1f-67b4-11f0-a847-0a0cda9789f2","bedac312-8aeb-4657-9774-18cf5ee7342c","3",,"true",,,,,,,,,,,,,,,,,,,"2",
"985","IJH","TRUNTUM KUTA","BALI","4","HIPRO","Banquette-TRUNTUM KUTA","5","Promoters","5","5","Satisfied","5","Bagus semua, dipertahankan",,"5","5","4","4","4","4","7af717b8-d9da-48d3-b47a-10ad6666b4f5","Completed",,"01-02-2026 09:36:24",,"386858",,"cab97c1f-67b4-11f0-a847-0a0cda9789f2","bedac312-8aeb-4657-9774-18cf5ee7342c","3",,"true",,,,,,,,,,,,,,,,,,,"2",
"986","IJH","TRUNTUM KUTA","BALI","4","HIPRO","Banquette-TRUNTUM KUTA","5","Promoters","5","5","Satisfied","5","staffnya gercep, kalau ada request bisa dibantu dengan cepat dan sesuai permintaan. untuk pak Gita, ramah dan menyenangkan dalam melayani kami. terima kasih pak Gita",,"5","5","5","5","5","5","b0343e97-d80a-4fc3-ae5b-46c9fa6782e9","Completed",,"02-02-2026 14:01:13",,"199631",,"cab97c1f-67b4-11f0-a847-0a0cda9789f2","bedac312-8aeb-4657-9774-18cf5ee7342c","3",,"true",,,,,,,,,,,,,,,,,,,"2",
"987","IJH","MERUSAKA NUSA DUA","BALI","5","HIPRO","Banquette-MERUSAKA NUSA DUA","5","Promoters","5","5","Satisfied","5","pelayanan yang baik. terima kasih merusaka team",,"5","5","5","5","5","5","d986561a-b773-4eb5-b5f2-f41a68d35719","Completed",,"04-02-2026 14:44:28",,"214154",,"cab97c1f-67b4-11f0-a847-0a0cda9789f2","bedac312-8aeb-4657-9774-18cf5ee7342c","3",,"true",,,,,,,,,,,,,,,,,,,"2",
"988","IJH","MERUSAKA NUSA DUA","BALI","5","HIPRO","Banquette-MERUSAKA NUSA DUA","5","Promoters","5","5","Satisfied","5","Sudah Baik pertahankan kualitas pelayanan dan kualitas",,"5","5","5","5","5","5","da46887e-1166-42a2-8e2d-e6455d6d1e8e","Completed",,"07-02-2026 08:29:43",,"118618",,"cab97c1f-67b4-11f0-a847-0a0cda9789f2","bedac312-8aeb-4657-9774-18cf5ee7342c","3",,"true",,,,,,,,,,,,,,,,,,,"2",
"989","IJH","TRUNTUM KUTA","BALI","4","HIPRO","Banquette-TRUNTUM KUTA","5","Promoters","5","4","Satisfied","4","Tingkatkan pelayanan",,"5","5","4","4","4","4","5b63a3d2-7f2e-4e01-8f23-eedc2f058dbf","Completed",,"07-02-2026 15:26:33",,"463687",,"cab97c1f-67b4-11f0-a847-0a0cda9789f2","bedac312-8aeb-4657-9774-18cf5ee7342c","3",,"true",,,,,,,,,,,,,,,,,,,"2",
"990","IJH","TRUNTUM KUTA","BALI","4","HIPRO","Banquette-TRUNTUM KUTA","4","Promoters","4","4","Satisfied","4",,,"4","4","4","4","4","4","16ec9c74-e048-49f9-a49a-a4210bdf3a56","Completed",,"07-02-2026 15:34:22",,"275920",,"cab97c1f-67b4-11f0-a847-0a0cda9789f2","bedac312-8aeb-4657-9774-18cf5ee7342c","3",,"true",,,,,,,,,,,,,,,,,,,"2",
"991","IJH","MERUSAKA NUSA DUA","BALI","5","HIPRO","Banquette-MERUSAKA NUSA DUA","4","Promoters","4","4","Satisfied","4","Please keep the spirit, all good",,"4","4","3","3","3","3","2f467fa1-186c-47b0-ab5b-a110a53c2c8a","Completed",,"09-02-2026 12:03:34",,"163266",,"cab97c1f-67b4-11f0-a847-0a0cda9789f2","bedac312-8aeb-4657-9774-18cf5ee7342c","3",,"true",,,,,,,,,,,,,,,,,,,"2",
"992","IJH","MERUSAKA NUSA DUA","BALI","5","HIPRO","Banquette-MERUSAKA NUSA DUA","5","Promoters","5","5","Satisfied","5","Di resto masih banyak lalat baik di sekitar makanan maupun di meja makan, mohon diperhatikan lagi penanganan pest controlnya",,"5","5","5","5","5","5","693efbb4-7c72-44ba-85a3-321fa4ff3899","Completed",,"09-02-2026 12:12:04",,"160248",,"cab97c1f-67b4-11f0-a847-0a0cda9789f2","bedac312-8aeb-4657-9774-18cf5ee7342c","3",,"true",,,,,,,,,,,,,,,,,,,"2",
"993","IJH","MERUSAKA NUSA DUA","BALI","5","HIPRO","Banquette-MERUSAKA NUSA DUA","5","Promoters","5","5","Satisfied","5",,,"5","5","5","5","4","4","db4d81b7-0116-4786-864f-faeb4c6ce7f4","Completed",,"09-02-2026 12:31:42",,"1147086",,"cab97c1f-67b4-11f0-a847-0a0cda9789f2","bedac312-8aeb-4657-9774-18cf5ee7342c","3",,"true",,,,,,,,,,,,,,,,,,,"2",
"994","IJH","MERUSAKA NUSA DUA","BALI","5","HIPRO","Banquette-MERUSAKA NUSA DUA","5","Promoters","5","5","Satisfied","5","Secara venue, ok banget. Staff juga cepat tanggap dan helpful. Makanan dan coffee break sangat OK.
Kalo dari venue yang bs di perhatikan adalah toilet - beberapa kali masuk dan agak becek/tempat tisu kotor sudah penuh. Untuk ballroom dengan orang banyak, bs gercep lagi. Pencahayaan terlalu gelap.",,"5","5","5","5","5","5","f3bbcd68-d1f0-420e-906d-c5c5b977278c","Completed",,"09-02-2026 13:05:37",,"155028",,"cab97c1f-67b4-11f0-a847-0a0cda9789f2","bedac312-8aeb-4657-9774-18cf5ee7342c","3",,"true",,,,,,,,,,,,,,,,,,,"2",
"995","IJH","MERUSAKA NUSA DUA","BALI","5","HIPRO","Banquette-MERUSAKA NUSA DUA","5","Promoters","5","4","Satisfied","4","Best hotel for conference!",,"4","4","4","4","4","4","646abc00-c65a-45b2-8edc-d1a80c5f464d","Completed",,"09-02-2026 13:31:43",,"450334",,"cab97c1f-67b4-11f0-a847-0a0cda9789f2","bedac312-8aeb-4657-9774-18cf5ee7342c","3",,"true",,,,,,,,,,,,,,,,,,,"2",
"996","IJH","MERUSAKA NUSA DUA","BALI","5","HIPRO","Banquette-MERUSAKA NUSA DUA","5","Promoters","5","5","Satisfied","5","Komentar : salah satu team kami pada saat breakfast di jam 06:30 dan mau prepare lari pagi beliau menunggu di Resto pagi hari dan sempat minum dan ambil roti, lalu dia jogging bersama teman, setelah aktifitas kurang lebih 30 menit jogging beliau kembali ke restaurant sekitar jam 08:00 untuk sarapan namun salah satu staf menginfokan bahwa jika sudah masuk ke resto, tidak diperkenankan ke resto kembali, mungkin hal ini kedepannya tamu pada saat pertama masuk resto bisa di briefing atau di info lebih baik lagi agar tidak ada miss komunikasi. thanks",,"5","5","5","5","5","5","18ee9b51-c54d-4ee8-9840-0a712d31d299","Completed",,"09-02-2026 14:16:33",,"460675",,"cab97c1f-67b4-11f0-a847-0a0cda9789f2","bedac312-8aeb-4657-9774-18cf5ee7342c","3",,"true",,,,,,,,,,,,,,,,,,,"2",
"997","IJH","MERUSAKA NUSA DUA","BALI","5","HIPRO","Banquette-MERUSAKA NUSA DUA","5","Promoters","5","4","Satisfied","4","PELAYANANNYA BAGUS
SEMOGA DAPAT DIPERTAHANKAN DAN LEBIH DITINGKATKAN LAGI",,"4","4","4","4","4","4","cd4b7b5c-bb0c-4533-ac2c-18d070e12f9c","Completed",,"09-02-2026 14:24:31",,"451186",,"cab97c1f-67b4-11f0-a847-0a0cda9789f2","bedac312-8aeb-4657-9774-18cf5ee7342c","3",,"true",,,,,,,,,,,,,,,,,,,"2",
"998","IJH","KHAS PARAPAT","SUMUT","3","HIPRO","Banquette-KHAS PARAPAT","5","Promoters","5","5","Satisfied","5","Pertahankan pelayanannya",,"5","5","5","5","5","5","04ed348a-590e-4e99-bffb-4424e6b8cbb1","Completed",,"10-02-2026 16:02:11",,"1390754",,"cab97c1f-67b4-11f0-a847-0a0cda9789f2","bedac312-8aeb-4657-9774-18cf5ee7342c","3",,"true",,,,,,,,,,,,,,,,,,,"2",
"999","IJH","KHAS PARAPAT","SUMUT","3","HIPRO","Banquette-KHAS PARAPAT","5","Promoters","5","5","Satisfied","5","Kami minta free room",,"5","5","5","5","5","5","20ed3062-3988-47c6-abaf-eff6e1024f10","Completed",,"11-02-2026 13:37:41",,"113340",,"cab97c1f-67b4-11f0-a847-0a0cda9789f2","bedac312-8aeb-4657-9774-18cf5ee7342c","3",,"true",,,,,,,,,,,,,,,,,,,"2",
"1000","IJH","KHAS PARAPAT","SUMUT","3","HIPRO","Banquette-KHAS PARAPAT","5","Promoters","5","5","Satisfied","5",,,"5","5","5","5","5","5","5a616026-130d-4a42-be00-43b9cbe9212c","Completed",,"11-02-2026 13:40:15",,"110620",,"cab97c1f-67b4-11f0-a847-0a0cda9789f2","bedac312-8aeb-4657-9774-18cf5ee7342c","3",,"true",,,,,,,,,,,,,,,,,,,"2",
"1001","IJH","GRAND INNA MEDAN","SUMUT","4","HIPRO","Banquette-GRAND INNA MEDAN","5","Promoters","5","5","Satisfied","5","Lebih ditingkatkan lagi fasilitasnya",,"5","5","5","5","4","4","a2f0064e-bcab-40aa-b783-5c5d87b696af","Completed",,"11-02-2026 13:56:27",,"236457",,"cab97c1f-67b4-11f0-a847-0a0cda9789f2","bedac312-8aeb-4657-9774-18cf5ee7342c","3",,"true",,,,,,,,,,,,,,,,,,,"2",
"1002","IJH","KHAS PARAPAT","SUMUT","3","HIPRO","Banquette-KHAS PARAPAT","5","Promoters","5","4","Satisfied","4","Pak Yuli dan team the besttttt, untuk pertama kalinya kami menyelenggarakan acara, bisa GR selesai dengan pihak hotel di jam 9 malam sudah selesai. Terimakasih pak yuli dan team",,"5","5","4","4","4","4","2b7d6f1a-f23b-493d-bf19-175949a43ad8","Completed",,"11-02-2026 14:30:30",,"171176",,"cab97c1f-67b4-11f0-a847-0a0cda9789f2","bedac312-8aeb-4657-9774-18cf5ee7342c","3",,"true",,,,,,,,,,,,,,,,,,,"2",
"1003","IJH","MERUSAKA NUSA DUA","BALI","5","HIPRO","Banquette-MERUSAKA NUSA DUA","5","Promoters","5","5","Satisfied","5",,,"5","5","5","5","5","5","b0c38068-ffe8-40e3-bc0e-f8cdbdab2c21","Completed",,"12-02-2026 10:50:28",,"124644",,"cab97c1f-67b4-11f0-a847-0a0cda9789f2","bedac312-8aeb-4657-9774-18cf5ee7342c","3",,"true",,,,,,,,,,,,,,,,,,,"2",
"1004","IJH","GRAND INNA MEDAN","SUMUT","4","HIPRO","Banquette-GRAND INNA MEDAN","5","Promoters","5","5","Satisfied","5",,,"5","5","5","5","5","5","e534b989-1e64-4afe-af5a-832dbc23965e","Completed",,"12-02-2026 13:20:09",,"100038",,"cab97c1f-67b4-11f0-a847-0a0cda9789f2","bedac312-8aeb-4657-9774-18cf5ee7342c","3",,"true",,,,,,,,,,,,,,,,,,,"2",
"1005","IJH","GRAND INNA MEDAN","SUMUT","4","HIPRO","Banquette-GRAND INNA MEDAN","5","Promoters","5","5","Satisfied","5","Secara keseluruhan sudah baik, terima kasih.",,"5","5","5","5","5","5","49fb3b0a-2671-4b2a-a2f0-fa0afe217cfb","Completed",,"12-02-2026 14:11:59",,"435656",,"cab97c1f-67b4-11f0-a847-0a0cda9789f2","bedac312-8aeb-4657-9774-18cf5ee7342c","3",,"true",,,,,,,,,,,,,,,,,,,"2",
"1006","IJH","MERUSAKA NUSA DUA","BALI","5","HIPRO","Banquette-MERUSAKA NUSA DUA","5","Promoters","5","4","Satisfied","4","Secara keseluruhan sudah sangat baik, seluruh staff sangat helpfull, responsif, dan ramah. Terkhusus Pak Made Yuliarta dan tim (Mba Ony, Mba Ami, Bli Anom dan Mba Desak), terima kasih banyak supportnya, sehat selalu :)",,"4","4","4","4","4","4","97492233-0d03-444a-a6c1-1d61d80bd80b","Completed",,"12-02-2026 21:31:10",,"1354978",,"cab97c1f-67b4-11f0-a847-0a0cda9789f2","bedac312-8aeb-4657-9774-18cf5ee7342c","3",,"true",,,,,,,,,,,,,,,,,,,"2",
"1007","IJH","MERUSAKA NUSA DUA","BALI","5","HIPRO","Banquette-MERUSAKA NUSA DUA","5","Promoters","5","4","Satisfied","4","Kendala pas mau berenang.. saya pakai celana pendek rumahan tapi gak bisa, harus celana bola. Jadi beli lagi celana bola nya",,"4","4","4","4","4","4","6352123f-3b55-4e43-b592-af4ceb8744a8","Completed",,"12-02-2026 21:59:41",,"1414579",,"cab97c1f-67b4-11f0-a847-0a0cda9789f2","bedac312-8aeb-4657-9774-18cf5ee7342c","3",,"true",,,,,,,,,,,,,,,,,,,"2",
"1008","IJH","GRAND INNA MEDAN","SUMUT","4","HIPRO","Banquette-GRAND INNA MEDAN","5","Promoters","5","5","Satisfied","5",,,"5","5","5","5","5","5","b7a18d89-fba8-41ef-b2d5-b1a9b339f39f","Completed",,"13-02-2026 07:40:54",,"170920",,"cab97c1f-67b4-11f0-a847-0a0cda9789f2","bedac312-8aeb-4657-9774-18cf5ee7342c","3",,"true",,,,,,,,,,,,,,,,,,,"2",
"1009","IJH","KHAS PARAPAT","SUMUT","3","HIPRO","Banquette-KHAS PARAPAT","5","Promoters","5","5","Satisfied","5","Semuanya bagus",,"5","5","5","5","5","5","4c92aa17-8cda-472a-a64d-4f912b8b75a2","Completed",,"13-02-2026 11:43:18",,"138663",,"cab97c1f-67b4-11f0-a847-0a0cda9789f2","bedac312-8aeb-4657-9774-18cf5ee7342c","3",,"true",,,,,,,,,,,,,,,,,,,"2",
"1010","IJH","KHAS PARAPAT","SUMUT","3","HIPRO","Banquette-KHAS PARAPAT","4","Promoters","4","4","Satisfied","4",,,"4","4","4","4","4","4","61649c50-e426-429d-a15e-5dad0ce99545","Completed",,"13-02-2026 11:47:58",,"147023",,"cab97c1f-67b4-11f0-a847-0a0cda9789f2","bedac312-8aeb-4657-9774-18cf5ee7342c","3",,"true",,,,,,,,,,,,,,,,,,,"2",
"1011","IJH","KHAS PARAPAT","SUMUT","3","HIPRO","Banquette-KHAS PARAPAT","5","Promoters","5","5","Satisfied","5","untuk banquet yang pake kacamata semoga bisa lebih ramah lagi 😌",,"5","5","5","5","5","5","dc17d815-cb74-43c4-9c78-1c7858f291c8","Completed",,"13-02-2026 11:52:21",,"139883",,"cab97c1f-67b4-11f0-a847-0a0cda9789f2","bedac312-8aeb-4657-9774-18cf5ee7342c","3",,"true",,,,,,,,,,,,,,,,,,,"2",
"1012","IJH","TRUNTUM KUTA","BALI","4","HIPRO","Banquette-TRUNTUM KUTA","5","Promoters","5","5","Satisfied","5","Hotelnya bagus. Puas sama pelayanannya, sigap
Sarapannya juga enak",,"4","4","4","4","4","4","0b4b2a95-8e7a-48a1-abe5-ef4ede072628","Completed",,"13-02-2026 17:35:21",,"220015",,"cab97c1f-67b4-11f0-a847-0a0cda9789f2","bedac312-8aeb-4657-9774-18cf5ee7342c","3",,"true",,,,,,,,,,,,,,,,,,,"2",
"1013","IJH","KHAS PARAPAT","SUMUT","3","HIPRO","Banquette-KHAS PARAPAT","5","Promoters","5","4","Satisfied","4","Makanannya terbaik dan pelayanan hotel the best",,"4","4","4","4","4","4","e487e187-4030-4b49-a8b4-a6e1ee933f02","Completed",,"14-02-2026 07:57:47",,"115143",,"cab97c1f-67b4-11f0-a847-0a0cda9789f2","bedac312-8aeb-4657-9774-18cf5ee7342c","3",,"true",,,,,,,,,,,,,,,,,,,"2",
"1014","IJH","KHAS PARAPAT","SUMUT","3","HIPRO","Banquette-KHAS PARAPAT","5","Promoters","5","5","Satisfied","5","Semoga semakin berjara Grand inna",,"5","5","5","5","5","5","1eafb0a0-4d22-4dbf-982e-148a7a670cf5","Completed",,"14-02-2026 08:46:46",,"108522",,"cab97c1f-67b4-11f0-a847-0a0cda9789f2","bedac312-8aeb-4657-9774-18cf5ee7342c","3",,"true",,,,,,,,,,,,,,,,,,,"2",
"1015","IJH","GRAND INNA SAMUDERA BEACH","JABAR","4","HIPRO","Banquette-GRAND INNA SAMUDERA BEACH","5","Promoters","5","5","Satisfied","5","Nyaman selama stay di sini",,"4","4","4","4","4","4","41b5f271-4683-4781-8a47-823a56cf5544","Completed",,"14-02-2026 09:33:17",,"236227",,"cab97c1f-67b4-11f0-a847-0a0cda9789f2","bedac312-8aeb-4657-9774-18cf5ee7342c","3",,"true",,,,,,,,,,,,,,,,,,,"2",
"1016","IJH","GRAND INNA SAMUDERA BEACH","JABAR","4","HIPRO","Banquette-GRAND INNA SAMUDERA BEACH","5","Promoters","5","4","Satisfied","4",,,"5","5","4","4","5","5","01b64701-4eec-47dc-a9ba-a207ed1c86c0","Completed",,"14-02-2026 09:36:51",,"207868",,"cab97c1f-67b4-11f0-a847-0a0cda9789f2","bedac312-8aeb-4657-9774-18cf5ee7342c","3",,"true",,,,,,,,,,,,,,,,,,,"2",
"1017","IJH","GRAND INNA SAMUDERA BEACH","JABAR","4","HIPRO","Banquette-GRAND INNA SAMUDERA BEACH","5","Promoters","5","5","Satisfied","5","Akses naik turun tangga",,"5","5","5","5","5","5","f100a311-739c-4f6c-84f8-b17ba28b6427","Completed",,"14-02-2026 10:29:54",,"145364",,"cab97c1f-67b4-11f0-a847-0a0cda9789f2","bedac312-8aeb-4657-9774-18cf5ee7342c","3",,"true",,,,,,,,,,,,,,,,,,,"2",
"1018","IJH","KHAS PARAPAT","SUMUT","3","HIPRO","Banquette-KHAS PARAPAT","5","Promoters","5","5","Satisfied","5","Sarannya handuk nya kalau bisa diperbarui",,"5","5","5","5","5","5","967f40a5-517f-4b98-a00f-c07b752dbd59","Completed",,"14-02-2026 10:55:20",,"114185",,"cab97c1f-67b4-11f0-a847-0a0cda9789f2","bedac312-8aeb-4657-9774-18cf5ee7342c","3",,"true",,,,,,,,,,,,,,,,,,,"2",
"1019","IJH","GRAND INNA MEDAN","SUMUT","4","HIPRO","Banquette-GRAND INNA MEDAN","5","Promoters","5","5","Satisfied","5","Non",,"5","5","5","5","5","5","25ba02e2-8867-4a1d-b355-ff7471fc6b1b","Completed",,"15-02-2026 11:37:54",,"122560",,"cab97c1f-67b4-11f0-a847-0a0cda9789f2","bedac312-8aeb-4657-9774-18cf5ee7342c","3",,"true",,,,,,,,,,,,,,,,,,,"2",
"1020","IJH","INNA SINDHU BEACH HOTEL & RESORT","BALI","3","HIPRO","Banquette-INNA SINDHU BEACH HOTEL & RESORT","5","Promoters","5","5","Satisfied","5",,,"5","5","5","5","5","5","45ea9c40-6421-4394-b978-059945eaeda7","Completed",,"15-02-2026 13:58:18",,"207159",,"cab97c1f-67b4-11f0-a847-0a0cda9789f2","bedac312-8aeb-4657-9774-18cf5ee7342c","3",,"true",,,,,,,,,,,,,,,,,,,"2",
"1021","IJH","GRAND INNA MEDAN","SUMUT","4","HIPRO","Banquette-GRAND INNA MEDAN","5","Promoters","5","5","Satisfied","5","Over all semua sudah bagus",,"5","5","5","5","5","5","ef43bc31-19de-4262-a6a1-c41ccaac701f","Completed",,"16-02-2026 11:24:26",,"143546",,"cab97c1f-67b4-11f0-a847-0a0cda9789f2","bedac312-8aeb-4657-9774-18cf5ee7342c","3",,"true",,,,,,,,,,,,,,,,,,,"2",
"1022","IJH","KHAS PARAPAT","SUMUT","3","HIPRO","Banquette-KHAS PARAPAT","5","Promoters","5","5","Satisfied","5","Semuanya bagus dan baik, tks🙏",,"5","5","5","5","5","5","8809c176-bd88-4900-8926-f2fa8f74757d","Completed",,"18-02-2026 11:34:07",,"154802",,"cab97c1f-67b4-11f0-a847-0a0cda9789f2","bedac312-8aeb-4657-9774-18cf5ee7342c","3",,"true",,,,,,,,,,,,,,,,,,,"2",
"1023","IJH","KHAS PARAPAT","SUMUT","3","HIPRO","Banquette-KHAS PARAPAT","5","Promoters","5","5","Satisfied","5","Sangat di rekomendasikan untuk gathering, meeting dengan fasilitas meeting yang cukup memadai",,"5","5","5","5","5","5","680d55c9-4873-48fe-a526-e54c3d4eb7c3","Completed",,"19-02-2026 12:47:45",,"142456",,"cab97c1f-67b4-11f0-a847-0a0cda9789f2","bedac312-8aeb-4657-9774-18cf5ee7342c","3",,"true",,,,,,,,,,,,,,,,,,,"2",
"1024","IJH","KHAS PARAPAT","SUMUT","3","HIPRO","Banquette-KHAS PARAPAT","5","Promoters","5","5","Satisfied","5","Pengalaman yang  berkesan selama di hotel khas parapat",,"5","5","5","5","5","5","078c1653-1e2f-49f8-b765-89b2208d1865","Completed",,"19-02-2026 12:48:07",,"282862",,"cab97c1f-67b4-11f0-a847-0a0cda9789f2","bedac312-8aeb-4657-9774-18cf5ee7342c","3",,"true",,,,,,,,,,,,,,,,,,,"2",
"1025","IJH","KHAS PARAPAT","SUMUT","3","HIPRO","Banquette-KHAS PARAPAT","5","Promoters","5","5","Satisfied","5","Ok. Hotel Legendaris",,"5","5","5","5","5","5","fd60e70e-51b1-48a5-9e8c-985bd9448674","Completed",,"19-02-2026 12:48:37",,"300859",,"cab97c1f-67b4-11f0-a847-0a0cda9789f2","bedac312-8aeb-4657-9774-18cf5ee7342c","3",,"true",,,,,,,,,,,,,,,,,,,"2",
"1026","IJH","GRAND INNA SAMUDERA BEACH","JABAR","4","HIPRO","Banquette-GRAND INNA SAMUDERA BEACH","5","Promoters","5","4","Satisfied","4","Baik",,"4","4","4","4","4","4","d94d4d0f-c557-4e51-be40-b97bfd34439f","Completed",,"20-02-2026 08:00:32",,"736542",,"cab97c1f-67b4-11f0-a847-0a0cda9789f2","bedac312-8aeb-4657-9774-18cf5ee7342c","3",,"true",,,,,,,,,,,,,,,,,,,"2",
"1027","IJH","GRAND INNA SAMUDERA BEACH","JABAR","4","HIPRO","Banquette-GRAND INNA SAMUDERA BEACH","5","Promoters","5","5","Satisfied","5","Tidak ada",,"5","5","5","5","5","5","40566cd9-617a-45b0-aecf-4b473242f2ff","Completed",,"20-02-2026 08:06:02",,"286065",,"cab97c1f-67b4-11f0-a847-0a0cda9789f2","bedac312-8aeb-4657-9774-18cf5ee7342c","3",,"true",,,,,,,,,,,,,,,,,,,"2",
"1028","IJH","GRAND INNA SAMUDERA BEACH","JABAR","4","HIPRO","Banquette-GRAND INNA SAMUDERA BEACH","3","Passive","3","5","Satisfied","5",,,"5","5","5","5","5","5","ef75bf29-a1f8-4e73-9553-973eb036f71c","Completed",,"20-02-2026 08:09:58",,"86437",,"cab97c1f-67b4-11f0-a847-0a0cda9789f2","bedac312-8aeb-4657-9774-18cf5ee7342c","3",,"true",,,,,,,,,,,,,,,,,,,"2",
"1029","IJH","GRAND INNA SAMUDERA BEACH","JABAR","4","HIPRO","Banquette-GRAND INNA SAMUDERA BEACH","5","Promoters","5","5","Satisfied","5","No comen karena semua baik",,"5","5","4","4","4","4","96be47d8-80f1-4428-a2a8-0d78527c329d","Completed",,"20-02-2026 11:06:39",,"87400",,"cab97c1f-67b4-11f0-a847-0a0cda9789f2","bedac312-8aeb-4657-9774-18cf5ee7342c","3",,"true",,,,,,,,,,,,,,,,,,,"2",
"1030","IJH","GRAND INNA SAMUDERA BEACH","JABAR","4","HIPRO","Banquette-GRAND INNA SAMUDERA BEACH","5","Promoters","5","5","Satisfied","5","Mengenai rasa dan pilihan sarapan pagi lebih di tingkat kan lagi",,"5","5","5","5","5","5","3f784dfd-8de1-415f-b8a9-7d36abd86bd4","Completed",,"20-02-2026 11:44:49",,"109688",,"cab97c1f-67b4-11f0-a847-0a0cda9789f2","bedac312-8aeb-4657-9774-18cf5ee7342c","3",,"true",,,,,,,,,,,,,,,,,,,"2",
"1031","IJH","GRAND INNA SAMUDERA BEACH","JABAR","4","HIPRO","Banquette-GRAND INNA SAMUDERA BEACH","5","Promoters","5","5","Satisfied","5","Service bagus dan pemandangan indah dipantai.",,"5","5","5","5","5","5","2fd95e41-c263-4c17-8e6b-6c620a282f9d","Completed",,"21-02-2026 11:20:25",,"171939",,"cab97c1f-67b4-11f0-a847-0a0cda9789f2","bedac312-8aeb-4657-9774-18cf5ee7342c","3",,"true",,,,,,,,,,,,,,,,,,,"2",
"1032","IJH","GRAND INNA SAMUDERA BEACH","JABAR","4","HIPRO","Banquette-GRAND INNA SAMUDERA BEACH","4","Promoters","4","4","Satisfied","4","Apakah Anda memiliki komentar atau saran lain mengenai pengalaman Anda dengan layanan banquet {NAMA LOKASI} ? (Opsional)",,"4","4","4","4","4","4","5b95f6c3-7c3d-4150-bbcb-71c9ed095f2b","Completed",,"24-02-2026 12:04:45",,"117181",,"cab97c1f-67b4-11f0-a847-0a0cda9789f2","bedac312-8aeb-4657-9774-18cf5ee7342c","3",,"true",,,,,,,,,,,,,,,,,,,"2",
