"sequence","SUBHOLDING","NAMA LOKASI","TIPE FASILITAS","KETERANGAN FASILITAS","ID FASILITAS","Seberapa puas Bapak / Ibu terhadap fasilitas Shelter kami?","Group_Seberapa puas Bapak / Ibu terhadap fasilitas Shelter kami?","Numeric_Seberapa puas Bapak / Ibu terhadap fasilitas Shelter kami?","Silakan berikan saran dan masukan Anda terkait Shelter kami (Opsional)","Tags_Silakan berikan saran dan masukan Anda terkait Shelter kami (Opsional)","Sentiment_Silakan berikan saran dan masukan Anda terkait Shelter kami (Opsional)","Staff dan Petugas (Penampilan, keramahan, dll)-Berikan penilaian Anda terhadap kepuasan Anda dengan hal-hal berikut di Shelter kami","Numeric_Staff dan Petugas (Penampilan, keramahan, dll)-Berikan penilaian Anda terhadap kepuasan Anda dengan hal-hal berikut di Shelter kami","Kelengkapan dan Ketersediaan Fasilitas-Berikan penilaian Anda terhadap kepuasan Anda dengan hal-hal berikut di Shelter kami","Numeric_Kelengkapan dan Ketersediaan Fasilitas-Berikan penilaian Anda terhadap kepuasan Anda dengan hal-hal berikut di Shelter kami","Kebersihan, Kenyamanan, dan Keteraturan Alur Tunggu Shelter-Berikan penilaian Anda terhadap kepuasan Anda dengan hal-hal berikut di Shelter kami","Numeric_Kebersihan, Kenyamanan, dan Keteraturan Alur Tunggu Shelter-Berikan penilaian Anda terhadap kepuasan Anda dengan hal-hal berikut di Shelter kami","Hal apa saja dari pelayanan Staff dan Petugas kami yang menurut Bapak / Ibu Memuaskan?","Other Choice-Lainnya","Hal apa saja dari pelayanan Staff dan Petugas kami yang menurut Bapak / Ibu Kurang Memuaskan?","Other Choice-Lainnya_1","Hal apa saja dari Kelengkapan dan Ketersediaan Fasilitas kami yang menurut Bapak / Ibu Memuaskan?","Other Choice-Lainnya_2","Hal apa saja dari Kelengkapan dan Ketersediaan Fasilitas kami yang menurut Bapak / Ibu Kurang Memuaskan?","Other Choice-Lainnya_3","Hal apa saja dari Kebersihan, Kenyamanan, dan Keteraturan Alur Tunggu Shelter kami yang menurut Bapak / Ibu Memuaskan?","Other Choice-Lainnya_4","Hal apa saja dari Kebersihan, Kenyamanan, dan Keteraturan Alur Tunggu Shelter kami yang menurut Bapak / Ibu Kurang Memuaskan?","Other Choice-Lainnya_5","Respondent Id","Survey Status","Survey Mode","Sync On-DateTime","Sync By","Response Time","Interviewer Id","Subscription Id","Project Id","Questionnaire Version","Channel Type","Is Anonymous","Test Response","Distribution Channel","Response Language","Camp Sent On Date Time","Inapp Trigger Type","Inapp Trigger Value","Name","Email","Phone Number","ID","Client Name","Company Name","Keyword","Platform Category","Tone","Published Date","Trigger Time","Response Imports","Campaign Id"
"1","IDM","BOROBUDUR","SHELTER","Exit Gate","IDM-BOROBUDUR-SHELTER -Exit Gate-01","4","Satisfied","4","View dari candi borobudur bagus cuman beberapa fasilitas tidak diarahkan dengan jelas. Tanya di resto prana borobudur diarahkan lewat lajur kiri terus ke bukit","Shelter Facilities and Maintenance|Shelter Location, Accessibility, and Arrangement|Visitor Information, Signage, and Signage Clarity","Neutral","4","4","4","4","5","5","Melakukan layanan secara profesional dan ramah (menjaga kontak mata, tersenyum tulus, dan memberikan solusi dengan empati)",,,,"Fasilitas shelter lengkap dan mendukung aktivitas pengguna",,,,"Shelter bersih dan terawat dengan baik",,,,"af3195b7-88a2-4ebf-b500-414cba2e4d5e","Completed","New","06-12-2025 14:15:10","Anonymous","272491",,"cab97c1f-67b4-11f0-a847-0a0cda9789f2","1d31c59f-b420-4437-b3e7-3c1de5afa0a5",,,"true","False","QrCode","Bahasa","2025-12-06T07:10:35.6335Z",,,,,,,,,,,,,,,"68b5a5731f3cc3c03afa5646"
"2","IDM","BOROBUDUR","SHELTER","Exit Gate","IDM-BOROBUDUR-SHELTER -Exit Gate-01","5","Satisfied","5","good",,"Positive","2","2","5","5","5","5",,,"Lainnya","I was a bit disappointed with one of the staff members when we were about to take the free shuttle cart. He spoke to us rather harshly, as if we didn’t understand anything.","Shelter tersedia dengan baik dan mudah diakses oleh pengunjung|Fasilitas shelter lengkap dan mendukung aktivitas pengguna",,,,"Shelter bersih dan terawat dengan baik|Shelter nyaman digunakan oleh penumpang saat menunggu|Alur tunggu di shelter tertata dengan baik dan mudah dipahami",,,,"93cca614-ca7a-4551-aa74-624c006f682a","Completed","New","06-12-2025 11:30:11","Anonymous","2562117",,"cab97c1f-67b4-11f0-a847-0a0cda9789f2","1d31c59f-b420-4437-b3e7-3c1de5afa0a5",,,"true","False","QrCode","English","2025-12-06T03:47:28.8525Z",,,,,,,,,,,,,,,"68b5a5731f3cc3c03afa5646"
"3","IDM","BOROBUDUR","SHELTER","Exit Gate","IDM-BOROBUDUR-SHELTER -Exit Gate-01","5","Satisfied","5",,,,"5","5","5","5","5","5","Melayani dengan cepat dan tepat|Membantu dan memastikan kesiapan fasilitas|Melakukan layanan secara profesional dan ramah (menjaga kontak mata, tersenyum tulus, dan memberikan solusi dengan empati)",,,,"Fasilitas shelter lengkap dan mendukung aktivitas pengguna",,,,"Shelter nyaman digunakan oleh penumpang saat menunggu",,,,"d34c7c02-8044-429d-a50b-881b95296e5b","Completed","New","06-12-2025 10:53:30","Anonymous","74630",,"cab97c1f-67b4-11f0-a847-0a0cda9789f2","1d31c59f-b420-4437-b3e7-3c1de5afa0a5",,,"true","False","QrCode","Bahasa","2025-12-06T03:52:14.8729Z",,,,,,,,,,,,,,,"68b5a5731f3cc3c03afa5646"
"4","IDM","BOROBUDUR","SHELTER","Exit Gate","IDM-BOROBUDUR-SHELTER -Exit Gate-01","5","Satisfied","5",,,,"5","5","5","5","5","5","Melayani dengan cepat dan tepat|Membantu dan memastikan kesiapan fasilitas|Memberikan informasi dengan jelas dan akurat|Memiliki penampilan yang bersih dan rapi|Melakukan layanan secara profesional dan ramah (menjaga kontak mata, tersenyum tulus, dan memberikan solusi dengan empati)",,,,"Fasilitas shelter lengkap dan mendukung aktivitas pengguna|Shelter tersedia dengan baik dan mudah diakses oleh pengunjung",,,,"Shelter bersih dan terawat dengan baik|Shelter nyaman digunakan oleh penumpang saat menunggu|Alur tunggu di shelter tertata dengan baik dan mudah dipahami",,,,"d3334b06-c64c-4b55-9bd8-d70369825f04","Completed","New","06-12-2025 10:49:07","Anonymous","99874",,"cab97c1f-67b4-11f0-a847-0a0cda9789f2","1d31c59f-b420-4437-b3e7-3c1de5afa0a5",,,"true","False","QrCode","Bahasa","2025-12-06T03:47:26.7907Z",,,,,,,,,,,,,,,"68b5a5731f3cc3c03afa5646"
"5","IDM","BOROBUDUR","SHELTER","Exit Gate","IDM-BOROBUDUR-SHELTER -Exit Gate-01","5","Satisfied","5","Untuk sekarang shelter sudah sangat memuaskan sangat membantu untuk ke tempat wisatanya","Shelter Facilities and Maintenance|Overall Visitor Experience and Cultural Appreciation|Shelter Comfort and Environmental Conditions","Positive","5","5","5","5","5","5","Melakukan layanan secara profesional dan ramah (menjaga kontak mata, tersenyum tulus, dan memberikan solusi dengan empati)|Memiliki penampilan yang bersih dan rapi|Memberikan informasi dengan jelas dan akurat|Melayani dengan cepat dan tepat|Membantu dan memastikan kesiapan fasilitas",,,,"Fasilitas shelter lengkap dan mendukung aktivitas pengguna|Shelter tersedia dengan baik dan mudah diakses oleh pengunjung",,,,"Shelter bersih dan terawat dengan baik",,,,"0d7b8108-78e8-44c0-83f7-5bde43257a27","Completed","New","03-12-2025 14:08:33","Anonymous","74579",,"cab97c1f-67b4-11f0-a847-0a0cda9789f2","1d31c59f-b420-4437-b3e7-3c1de5afa0a5",,,"true","False","QrCode","Bahasa","2025-12-03T07:07:19.2068Z",,,,,,,,,,,,,,,"68b5a5731f3cc3c03afa5646"
"6","IDM","BOROBUDUR","SHELTER","Exit Gate","IDM-BOROBUDUR-SHELTER -Exit Gate-01","4","Satisfied","4",,,,"4","4","4","4","4","4","Melakukan layanan secara profesional dan ramah (menjaga kontak mata, tersenyum tulus, dan memberikan solusi dengan empati)",,,,"Shelter tersedia dengan baik dan mudah diakses oleh pengunjung",,,,"Shelter bersih dan terawat dengan baik|Shelter nyaman digunakan oleh penumpang saat menunggu",,,,"ee539b40-0c64-4173-afd6-ffeb61d3df77","Completed","New","03-12-2025 14:08:07","Anonymous","44207",,"cab97c1f-67b4-11f0-a847-0a0cda9789f2","1d31c59f-b420-4437-b3e7-3c1de5afa0a5",,,"true","False","QrCode","Bahasa","2025-12-03T07:07:22.5646Z",,,,,,,,,,,,,,,"68b5a5731f3cc3c03afa5646"
"7","IDM","BOROBUDUR","SHELTER","Exit Gate","IDM-BOROBUDUR-SHELTER -Exit Gate-01","4","Satisfied","4","Tidak ada",,"Neutral","4","4","4","4","4","4","Melakukan layanan secara profesional dan ramah (menjaga kontak mata, tersenyum tulus, dan memberikan solusi dengan empati)|Memiliki penampilan yang bersih dan rapi|Memberikan informasi dengan jelas dan akurat",,,,"Fasilitas shelter lengkap dan mendukung aktivitas pengguna",,,,"Shelter bersih dan terawat dengan baik|Shelter nyaman digunakan oleh penumpang saat menunggu|Alur tunggu di shelter tertata dengan baik dan mudah dipahami",,,,"56a7bbb4-a7fa-48b4-b22e-1933f274afa0","Completed","New","03-12-2025 10:31:15","Anonymous","67906",,"cab97c1f-67b4-11f0-a847-0a0cda9789f2","1d31c59f-b420-4437-b3e7-3c1de5afa0a5",,,"true","False","QrCode","Bahasa","2025-12-03T03:30:07.3234Z",,,,,,,,,,,,,,,"68b5a5731f3cc3c03afa5646"
"8","IDM","BOROBUDUR","SHELTER","Exit Gate","IDM-BOROBUDUR-SHELTER -Exit Gate-01","5","Satisfied","5",,,,"5","5","5","5","5","5","Melakukan layanan secara profesional dan ramah (menjaga kontak mata, tersenyum tulus, dan memberikan solusi dengan empati)|Memiliki penampilan yang bersih dan rapi|Memberikan informasi dengan jelas dan akurat|Melayani dengan cepat dan tepat|Lainnya","Considering how to get the best experience",,,"Shelter tersedia dengan baik dan mudah diakses oleh pengunjung",,,,"Shelter nyaman digunakan oleh penumpang saat menunggu|Shelter bersih dan terawat dengan baik",,,,"7621a094-3e40-401c-b96a-8c7333f52588","Completed","New","01-12-2025 12:43:18","Anonymous","99413",,"cab97c1f-67b4-11f0-a847-0a0cda9789f2","1d31c59f-b420-4437-b3e7-3c1de5afa0a5",,,"true","False","QrCode","English","2025-12-01T05:41:37.4273Z",,,,,,,,,,,,,,,"68b5a5731f3cc3c03afa5646"
"9","IDM","BOROBUDUR","SHELTER","Exit Gate","IDM-BOROBUDUR-SHELTER -Exit Gate-01","5","Satisfied","5","Very good 👍",,"Positive","5","5","5","5","5","5","Melakukan layanan secara profesional dan ramah (menjaga kontak mata, tersenyum tulus, dan memberikan solusi dengan empati)",,,,"Shelter tersedia dengan baik dan mudah diakses oleh pengunjung",,,,"Shelter nyaman digunakan oleh penumpang saat menunggu",,,,"fc538751-ff7e-4780-bf68-e377c5b77f02","Completed","New","30-11-2025 11:35:08","Anonymous","81796",,"cab97c1f-67b4-11f0-a847-0a0cda9789f2","1d31c59f-b420-4437-b3e7-3c1de5afa0a5",,,"true","False","QrCode","English","2025-11-30T04:33:43.4357Z",,,,,,,,,,,,,,,"68b5a5731f3cc3c03afa5646"
"10","IDM","BOROBUDUR","SHELTER","Exit Gate","IDM-BOROBUDUR-SHELTER -Exit Gate-01","5","Satisfied","5","The tree cover from Sun was nice","Shelter Facilities and Maintenance","Positive","5","5","4","4","5","5","Melakukan layanan secara profesional dan ramah (menjaga kontak mata, tersenyum tulus, dan memberikan solusi dengan empati)|Memiliki penampilan yang bersih dan rapi|Memberikan informasi dengan jelas dan akurat|Melayani dengan cepat dan tepat|Membantu dan memastikan kesiapan fasilitas",,,,"Fasilitas shelter lengkap dan mendukung aktivitas pengguna|Shelter tersedia dengan baik dan mudah diakses oleh pengunjung",,,,"Shelter nyaman digunakan oleh penumpang saat menunggu|Alur tunggu di shelter tertata dengan baik dan mudah dipahami",,,,"b77f48d1-fd2f-4900-8865-cef43a52ee69","Completed","New","29-11-2025 11:26:54","Anonymous","91983",,"cab97c1f-67b4-11f0-a847-0a0cda9789f2","1d31c59f-b420-4437-b3e7-3c1de5afa0a5",,,"true","False","QrCode","English","2025-11-29T04:25:21.8363Z",,,,,,,,,,,,,,,"68b5a5731f3cc3c03afa5646"
"11","IDM","BOROBUDUR","SHELTER","Exit Gate","IDM-BOROBUDUR-SHELTER -Exit Gate-01","5","Satisfied","5","Very clean, helpful and kind staff, appreciate the shade!","Shelter Comfort and Environmental Conditions","Positive","5","5","5","5","5","5","Melakukan layanan secara profesional dan ramah (menjaga kontak mata, tersenyum tulus, dan memberikan solusi dengan empati)|Memiliki penampilan yang bersih dan rapi|Memberikan informasi dengan jelas dan akurat|Melayani dengan cepat dan tepat|Membantu dan memastikan kesiapan fasilitas|Lainnya","The grounds and plants are so beautifully tended!",,,"Fasilitas shelter lengkap dan mendukung aktivitas pengguna|Shelter tersedia dengan baik dan mudah diakses oleh pengunjung",,,,"Shelter bersih dan terawat dengan baik|Shelter nyaman digunakan oleh penumpang saat menunggu|Alur tunggu di shelter tertata dengan baik dan mudah dipahami",,,,"0299af26-5d0d-4246-8cb9-5dd8805c983a","Completed","New","29-11-2025 11:25:31","Anonymous","195193",,"cab97c1f-67b4-11f0-a847-0a0cda9789f2","1d31c59f-b420-4437-b3e7-3c1de5afa0a5",,,"true","False","QrCode","English","2025-11-29T04:22:11.4028Z",,,,,,,,,,,,,,,"68b5a5731f3cc3c03afa5646"
"12","IDM","BOROBUDUR","SHELTER","Exit Gate","IDM-BOROBUDUR-SHELTER -Exit Gate-01","5","Satisfied","5","Sudah baik,dipertahankan","Overall Visitor Experience and Cultural Appreciation","Positive","5","5","5","5","5","5","Melakukan layanan secara profesional dan ramah (menjaga kontak mata, tersenyum tulus, dan memberikan solusi dengan empati)|Memiliki penampilan yang bersih dan rapi|Memberikan informasi dengan jelas dan akurat|Melayani dengan cepat dan tepat|Membantu dan memastikan kesiapan fasilitas",,,,"Fasilitas shelter lengkap dan mendukung aktivitas pengguna|Shelter tersedia dengan baik dan mudah diakses oleh pengunjung",,,,"Shelter bersih dan terawat dengan baik|Shelter nyaman digunakan oleh penumpang saat menunggu|Alur tunggu di shelter tertata dengan baik dan mudah dipahami",,,,"5438ce15-2233-4605-a89e-0f1933adaf7b","Completed","New","29-11-2025 11:11:47","Anonymous","164204",,"cab97c1f-67b4-11f0-a847-0a0cda9789f2","1d31c59f-b420-4437-b3e7-3c1de5afa0a5",,,"true","False","QrCode","Bahasa","2025-11-29T04:09:02.2516Z",,,,,,,,,,,,,,,"68b5a5731f3cc3c03afa5646"
"13","IDM","BOROBUDUR","SHELTER","Exit Gate","IDM-BOROBUDUR-SHELTER -Exit Gate-01","5","Satisfied","5","Enak banget sekarang di borobudur, ada shuttle bus ev gratis buat anatar jemput","Transportation and Shuttle Services","Positive","5","5","5","5","5","5","Melakukan layanan secara profesional dan ramah (menjaga kontak mata, tersenyum tulus, dan memberikan solusi dengan empati)|Memiliki penampilan yang bersih dan rapi|Memberikan informasi dengan jelas dan akurat|Melayani dengan cepat dan tepat|Membantu dan memastikan kesiapan fasilitas",,,,"Fasilitas shelter lengkap dan mendukung aktivitas pengguna|Shelter tersedia dengan baik dan mudah diakses oleh pengunjung",,,,"Shelter bersih dan terawat dengan baik|Shelter nyaman digunakan oleh penumpang saat menunggu|Alur tunggu di shelter tertata dengan baik dan mudah dipahami",,,,"2f0b09ce-3294-47df-8486-25f90768a7fa","Completed","New","29-11-2025 10:43:02","Anonymous","74635",,"cab97c1f-67b4-11f0-a847-0a0cda9789f2","1d31c59f-b420-4437-b3e7-3c1de5afa0a5",,,"true","False","QrCode","Bahasa","2025-11-29T03:41:48.8207Z",,,,,,,,,,,,,,,"68b5a5731f3cc3c03afa5646"
"14","IDM","BOROBUDUR","SHELTER","Exit Gate","IDM-BOROBUDUR-SHELTER -Exit Gate-01","5","Satisfied","5","Sangat Memuaskan","Overall Visitor Experience and Cultural Appreciation","Positive","5","5","5","5","5","5","Melakukan layanan secara profesional dan ramah (menjaga kontak mata, tersenyum tulus, dan memberikan solusi dengan empati)",,,,"Fasilitas shelter lengkap dan mendukung aktivitas pengguna",,,,"Shelter bersih dan terawat dengan baik",,,,"d2f571f2-597e-46f3-b1c6-4f0931be7c71","Completed","New","29-11-2025 10:37:50","Anonymous","212558",,"cab97c1f-67b4-11f0-a847-0a0cda9789f2","1d31c59f-b420-4437-b3e7-3c1de5afa0a5",,,"true","False","QrCode","Bahasa","2025-11-29T03:34:17.4639Z",,,,,,,,,,,,,,,"68b5a5731f3cc3c03afa5646"
"15","IDM","BOROBUDUR","SHELTER","Exit Gate","IDM-BOROBUDUR-SHELTER -Exit Gate-01","5","Satisfied","5","tidak ada",,"Neutral","5","5","5","5","5","5","Melakukan layanan secara profesional dan ramah (menjaga kontak mata, tersenyum tulus, dan memberikan solusi dengan empati)",,,,"Shelter tersedia dengan baik dan mudah diakses oleh pengunjung",,,,"Alur tunggu di shelter tertata dengan baik dan mudah dipahami",,,,"6f6b50d2-f4be-4ea1-bb01-9b50d378537e","Completed","New","28-11-2025 11:32:21","Anonymous","87843",,"cab97c1f-67b4-11f0-a847-0a0cda9789f2","1d31c59f-b420-4437-b3e7-3c1de5afa0a5",,,"true","False","QrCode","Bahasa","2025-11-28T04:30:53.7275Z",,,,,,,,,,,,,,,"68b5a5731f3cc3c03afa5646"
"16","IDM","BOROBUDUR","SHELTER","Exit Gate","IDM-BOROBUDUR-SHELTER -Exit Gate-01","5","Satisfied","5","tidak ada, sudah baik",,"Positive","5","5","5","5","5","5","Melayani dengan cepat dan tepat",,,,"Fasilitas shelter lengkap dan mendukung aktivitas pengguna",,,,"Shelter bersih dan terawat dengan baik",,,,"cb983711-c499-4905-a15c-3c2cb8ad89b3","Completed","New","28-11-2025 11:32:04","Anonymous","65470",,"cab97c1f-67b4-11f0-a847-0a0cda9789f2","1d31c59f-b420-4437-b3e7-3c1de5afa0a5",,,"true","False","QrCode","Bahasa","2025-11-28T04:30:58.2034Z",,,,,,,,,,,,,,,"68b5a5731f3cc3c03afa5646"
"17","IDM","BOROBUDUR","SHELTER","Exit Gate","IDM-BOROBUDUR-SHELTER -Exit Gate-01","4","Satisfied","4","mantap sdhg","Overall Visitor Experience and Cultural Appreciation","Positive","4","4","4","4","4","4","Melakukan layanan secara profesional dan ramah (menjaga kontak mata, tersenyum tulus, dan memberikan solusi dengan empati)|Membantu dan memastikan kesiapan fasilitas|Melayani dengan cepat dan tepat|Memberikan informasi dengan jelas dan akurat|Memiliki penampilan yang bersih dan rapi",,,,"Shelter tersedia dengan baik dan mudah diakses oleh pengunjung|Fasilitas shelter lengkap dan mendukung aktivitas pengguna",,,,"Shelter nyaman digunakan oleh penumpang saat menunggu|Shelter bersih dan terawat dengan baik|Alur tunggu di shelter tertata dengan baik dan mudah dipahami",,,,"07e85f2d-9583-4e27-b367-fafb0c94196f","Completed","New","28-11-2025 11:31:38","Anonymous","58089",,"cab97c1f-67b4-11f0-a847-0a0cda9789f2","1d31c59f-b420-4437-b3e7-3c1de5afa0a5",,,"true","False","QrCode","Bahasa","2025-11-28T04:30:39.6714Z",,,,,,,,,,,,,,,"68b5a5731f3cc3c03afa5646"
"18","IDM","BOROBUDUR","SHELTER","Exit Gate","IDM-BOROBUDUR-SHELTER -Exit Gate-01","5","Satisfied","5",,,,"5","5","5","5","5","5","Melakukan layanan secara profesional dan ramah (menjaga kontak mata, tersenyum tulus, dan memberikan solusi dengan empati)|Memiliki penampilan yang bersih dan rapi|Memberikan informasi dengan jelas dan akurat|Melayani dengan cepat dan tepat|Membantu dan memastikan kesiapan fasilitas",,,,"Fasilitas shelter lengkap dan mendukung aktivitas pengguna|Shelter tersedia dengan baik dan mudah diakses oleh pengunjung",,,,"Shelter bersih dan terawat dengan baik|Shelter nyaman digunakan oleh penumpang saat menunggu|Alur tunggu di shelter tertata dengan baik dan mudah dipahami",,,,"a8e7520f-e9de-4d83-94f9-e30f65e5f1d7","Completed","New","28-11-2025 11:31:02","Anonymous","34585",,"cab97c1f-67b4-11f0-a847-0a0cda9789f2","1d31c59f-b420-4437-b3e7-3c1de5afa0a5",,,"true","False","QrCode","Bahasa","2025-11-28T04:30:27.4785Z",,,,,,,,,,,,,,,"68b5a5731f3cc3c03afa5646"
"19","IDM","BOROBUDUR","SHELTER","Exit Gate","IDM-BOROBUDUR-SHELTER -Exit Gate-01","5","Satisfied","5","Baik sekali. Petugas ramah, helping","Staff and Guide Behavior and Service Quality","Positive","5","5","5","5","5","5","Melakukan layanan secara profesional dan ramah (menjaga kontak mata, tersenyum tulus, dan memberikan solusi dengan empati)|Memiliki penampilan yang bersih dan rapi|Memberikan informasi dengan jelas dan akurat|Melayani dengan cepat dan tepat|Membantu dan memastikan kesiapan fasilitas",,,,"Fasilitas shelter lengkap dan mendukung aktivitas pengguna|Shelter tersedia dengan baik dan mudah diakses oleh pengunjung",,,,"Shelter bersih dan terawat dengan baik|Shelter nyaman digunakan oleh penumpang saat menunggu|Alur tunggu di shelter tertata dengan baik dan mudah dipahami",,,,"e26c6c98-f950-4737-b0a0-892e0a9fcf5e","Completed","New","28-11-2025 11:17:49","Anonymous","102935",,"cab97c1f-67b4-11f0-a847-0a0cda9789f2","1d31c59f-b420-4437-b3e7-3c1de5afa0a5",,,"true","False","QrCode","Bahasa","2025-11-28T04:16:05.4954Z",,,,,,,,,,,,,,,"68b5a5731f3cc3c03afa5646"
"20","IDM","BOROBUDUR","SHELTER","Exit Gate","IDM-BOROBUDUR-SHELTER -Exit Gate-01","5","Satisfied","5","Need big ceiling fan","Shelter Comfort and Environmental Conditions","Neutral","5","5","5","5","5","5","Melakukan layanan secara profesional dan ramah (menjaga kontak mata, tersenyum tulus, dan memberikan solusi dengan empati)|Memiliki penampilan yang bersih dan rapi|Memberikan informasi dengan jelas dan akurat|Melayani dengan cepat dan tepat|Membantu dan memastikan kesiapan fasilitas",,,,"Shelter tersedia dengan baik dan mudah diakses oleh pengunjung",,,,"Shelter nyaman digunakan oleh penumpang saat menunggu|Alur tunggu di shelter tertata dengan baik dan mudah dipahami",,,,"ed85967c-38a0-47ee-bce4-5b7019683d5f","Completed","New","27-11-2025 13:21:57","Anonymous","806462",,"cab97c1f-67b4-11f0-a847-0a0cda9789f2","1d31c59f-b420-4437-b3e7-3c1de5afa0a5",,,"true","False","QrCode","English","2025-11-27T06:08:31.3580Z",,,,,,,,,,,,,,,"68b5a5731f3cc3c03afa5646"
"21","IDM","BOROBUDUR","SHELTER","Exit Gate","IDM-BOROBUDUR-SHELTER -Exit Gate-01","5","Satisfied","5",,,,"5","5","5","5","5","5","Melakukan layanan secara profesional dan ramah (menjaga kontak mata, tersenyum tulus, dan memberikan solusi dengan empati)|Memiliki penampilan yang bersih dan rapi|Memberikan informasi dengan jelas dan akurat|Melayani dengan cepat dan tepat|Membantu dan memastikan kesiapan fasilitas",,,,"Fasilitas shelter lengkap dan mendukung aktivitas pengguna|Shelter tersedia dengan baik dan mudah diakses oleh pengunjung",,,,"Shelter bersih dan terawat dengan baik|Shelter nyaman digunakan oleh penumpang saat menunggu|Alur tunggu di shelter tertata dengan baik dan mudah dipahami",,,,"6558c3c6-986b-4c1d-9d78-3b0f4ede7773","Completed","New","27-11-2025 13:09:39","Anonymous","75407",,"cab97c1f-67b4-11f0-a847-0a0cda9789f2","1d31c59f-b420-4437-b3e7-3c1de5afa0a5",,,"true","False","QrCode","English","2025-11-27T06:08:21.7179Z",,,,,,,,,,,,,,,"68b5a5731f3cc3c03afa5646"
"22","IDM","BOROBUDUR","SHELTER","Exit Gate","IDM-BOROBUDUR-SHELTER -Exit Gate-01","5","Satisfied","5",,,,"5","5",,,"5","5","Melakukan layanan secara profesional dan ramah (menjaga kontak mata, tersenyum tulus, dan memberikan solusi dengan empati)",,,,,,,,"Alur tunggu di shelter tertata dengan baik dan mudah dipahami",,,,"7d1f57e4-e172-431d-be4f-b0d96ec887a6","Completed",,"18-09-2025 08:10:00",,"55918",,"cab97c1f-67b4-11f0-a847-0a0cda9789f2","1d31c59f-b420-4437-b3e7-3c1de5afa0a5","10",,"true",,,,,,,,,,,,,,,,,,"Untitled-Import-1",
"23","IDM","BOROBUDUR","SHELTER","Exit Gate","IDM-BOROBUDUR-SHELTER -Exit Gate-01","4","Satisfied","4","perbanyak armada agar tidak lama mengantri","Crowd and Queue Management","Negative","4","4",,,,,"Melakukan layanan secara profesional dan ramah (menjaga kontak mata, tersenyum tulus, dan memberikan solusi dengan empati)|Memiliki penampilan yang bersih dan rapi|Melayani dengan cepat dan tepat",,,,,,,,,,,,"e6ffb72b-39fb-4f18-b573-908532a036f2","Completed",,"18-09-2025 09:03:00",,"80201",,"cab97c1f-67b4-11f0-a847-0a0cda9789f2","1d31c59f-b420-4437-b3e7-3c1de5afa0a5","10",,"true",,,,,,,,,,,,,,,,,,"Untitled-Import-1",
"24","IDM","BOROBUDUR","SHELTER","Exit Gate","IDM-BOROBUDUR-SHELTER -Exit Gate-01","5","Satisfied","5",,,,"5","5","5","5","5","5","Memberikan informasi dengan jelas dan akurat|Melakukan layanan secara profesional dan ramah (menjaga kontak mata, tersenyum tulus, dan memberikan solusi dengan empati)",,,,"Fasilitas shelter lengkap dan mendukung aktivitas pengguna",,,,"Shelter bersih dan terawat dengan baik",,,,"dc0e6482-a395-4ca8-b648-8a8a6d4f1d46","Completed",,"18-09-2025 12:25:00",,"67648",,"cab97c1f-67b4-11f0-a847-0a0cda9789f2","1d31c59f-b420-4437-b3e7-3c1de5afa0a5","10",,"true",,,,,,,,,,,,,,,,,,"Untitled-Import-1",
"25","IDM","BOROBUDUR","SHELTER","Exit Gate","IDM-BOROBUDUR-SHELTER -Exit Gate-01","5","Satisfied","5",,,,"5","5","5","5","5","5","Melakukan layanan secara profesional dan ramah (menjaga kontak mata, tersenyum tulus, dan memberikan solusi dengan empati)|Memiliki penampilan yang bersih dan rapi|Memberikan informasi dengan jelas dan akurat|Melayani dengan cepat dan tepat|Membantu dan memastikan kesiapan fasilitas",,,,"Fasilitas shelter lengkap dan mendukung aktivitas pengguna",,,,"Shelter bersih dan terawat dengan baik|Shelter nyaman digunakan oleh penumpang saat menunggu",,,,"2ad046db-fc7e-4cd9-a5ea-7049aad2615f","Completed",,"18-09-2025 12:25:00",,"71818",,"cab97c1f-67b4-11f0-a847-0a0cda9789f2","1d31c59f-b420-4437-b3e7-3c1de5afa0a5","10",,"true",,,,,,,,,,,,,,,,,,"Untitled-Import-1",
"26","IDM","BOROBUDUR","SHELTER","Exit Gate","IDM-BOROBUDUR-SHELTER -Exit Gate-01","4","Satisfied","4","Perhaps can provide lockers to keep shoes or personal belongings.","Additional Amenities and Convenience Features","Neutral","4","4","4","4","4","4","Melakukan layanan secara profesional dan ramah (menjaga kontak mata, tersenyum tulus, dan memberikan solusi dengan empati)|Memiliki penampilan yang bersih dan rapi|Memberikan informasi dengan jelas dan akurat|Melayani dengan cepat dan tepat|Membantu dan memastikan kesiapan fasilitas",,,,,,,,"Shelter bersih dan terawat dengan baik|Shelter nyaman digunakan oleh penumpang saat menunggu|Alur tunggu di shelter tertata dengan baik dan mudah dipahami",,,,"fe91ed0f-8a7e-47af-bbd7-8b3daef98252","Completed",,"18-09-2025 12:28:00",,"96467",,"cab97c1f-67b4-11f0-a847-0a0cda9789f2","1d31c59f-b420-4437-b3e7-3c1de5afa0a5","10",,"true",,,,,,,,,,,,,,,,,,"Untitled-Import-1",
"27","IDM","BOROBUDUR","SHELTER","Exit Gate","IDM-BOROBUDUR-SHELTER -Exit Gate-01","5","Satisfied","5",,,,"5","5","5","5","5","5","Melakukan layanan secara profesional dan ramah (menjaga kontak mata, tersenyum tulus, dan memberikan solusi dengan empati)|Memberikan informasi dengan jelas dan akurat|Melayani dengan cepat dan tepat",,,,"Fasilitas shelter lengkap dan mendukung aktivitas pengguna|Shelter tersedia dengan baik dan mudah diakses oleh pengunjung",,,,"Shelter bersih dan terawat dengan baik|Shelter nyaman digunakan oleh penumpang saat menunggu|Alur tunggu di shelter tertata dengan baik dan mudah dipahami",,,,"62d3055c-911b-4aa3-8fd3-8eff31fe8ab2","Completed",,"18-09-2025 12:38:00",,"76702",,"cab97c1f-67b4-11f0-a847-0a0cda9789f2","1d31c59f-b420-4437-b3e7-3c1de5afa0a5","10",,"true",,,,,,,,,,,,,,,,,,"Untitled-Import-1",
"28","IDM","BOROBUDUR","SHELTER","Exit Gate","IDM-BOROBUDUR-SHELTER -Exit Gate-01","5","Satisfied","5","Nothing everything was perfect","Overall Visitor Experience and Cultural Appreciation","Positive","5","5","5","5","5","5","Melakukan layanan secara profesional dan ramah (menjaga kontak mata, tersenyum tulus, dan memberikan solusi dengan empati)|Memberikan informasi dengan jelas dan akurat|Melayani dengan cepat dan tepat|Membantu dan memastikan kesiapan fasilitas",,,,"Fasilitas shelter lengkap dan mendukung aktivitas pengguna",,,,"Shelter bersih dan terawat dengan baik|Shelter nyaman digunakan oleh penumpang saat menunggu|Alur tunggu di shelter tertata dengan baik dan mudah dipahami",,,,"d0baf2f8-cf24-4362-863a-66bb8a29d6f4","Completed",,"18-09-2025 13:35:00",,"81302",,"cab97c1f-67b4-11f0-a847-0a0cda9789f2","1d31c59f-b420-4437-b3e7-3c1de5afa0a5","10",,"true",,,,,,,,,,,,,,,,,,"Untitled-Import-1",
"29","IDM","BOROBUDUR","SHELTER","Exit Gate","IDM-BOROBUDUR-SHELTER -Exit Gate-01","5","Satisfied","5",,,,"5","5","5","5","5","5","Melakukan layanan secara profesional dan ramah (menjaga kontak mata, tersenyum tulus, dan memberikan solusi dengan empati)",,,,"Fasilitas shelter lengkap dan mendukung aktivitas pengguna",,,,"Alur tunggu di shelter tertata dengan baik dan mudah dipahami",,,,"71165127-3f5e-40ca-b6a6-787cce11aec1","Completed",,"18-09-2025 12:40:00",,"63734",,"cab97c1f-67b4-11f0-a847-0a0cda9789f2","1d31c59f-b420-4437-b3e7-3c1de5afa0a5","10",,"true",,,,,,,,,,,,,,,,,,"Untitled-Import-1",
"30","IDM","BOROBUDUR","SHELTER","Exit Gate","IDM-BOROBUDUR-SHELTER -Exit Gate-01","5","Satisfied","5","Best banget","Overall Visitor Experience and Cultural Appreciation","Positive",,,"5","5",,,,,,,"Fasilitas shelter lengkap dan mendukung aktivitas pengguna",,,,,,,,"245f475e-f9ec-4076-8645-37ba5a5575cd","Completed",,"18-09-2025 14:18:00",,"58991",,"cab97c1f-67b4-11f0-a847-0a0cda9789f2","1d31c59f-b420-4437-b3e7-3c1de5afa0a5","10",,"true",,,,,,,,,,,,,,,,,,"Untitled-Import-1",
"31","IDM","BOROBUDUR","SHELTER","Exit Gate","IDM-BOROBUDUR-SHELTER -Exit Gate-01","5","Satisfied","5","Sediakan fasilitas untuk disabilitas
Tingkatkan fasilitas sanitasi","Shelter Facilities and Maintenance|Accessibility for Disabled Visitors","Negative","5","5","5","5","5","5","Melakukan layanan secara profesional dan ramah (menjaga kontak mata, tersenyum tulus, dan memberikan solusi dengan empati)|Memiliki penampilan yang bersih dan rapi|Memberikan informasi dengan jelas dan akurat|Melayani dengan cepat dan tepat",,,,"Fasilitas shelter lengkap dan mendukung aktivitas pengguna",,,,"Alur tunggu di shelter tertata dengan baik dan mudah dipahami|Shelter nyaman digunakan oleh penumpang saat menunggu|Shelter bersih dan terawat dengan baik",,,,"8208af45-617d-4eea-9684-cafdb6ba4fa3","Completed",,"18-09-2025 14:23:00",,"390057",,"cab97c1f-67b4-11f0-a847-0a0cda9789f2","1d31c59f-b420-4437-b3e7-3c1de5afa0a5","10",,"true",,,,,,,,,,,,,,,,,,"Untitled-Import-1",
"32","IDM","BOROBUDUR","SHELTER","Exit Gate","IDM-BOROBUDUR-SHELTER -Exit Gate-01","5","Satisfied","5",,,,,,,,"5","5",,,,,,,,,"Alur tunggu di shelter tertata dengan baik dan mudah dipahami",,,,"7d79c6a1-2581-423c-b864-c1109d94f89b","Completed",,"18-09-2025 15:27:00",,"32258",,"cab97c1f-67b4-11f0-a847-0a0cda9789f2","1d31c59f-b420-4437-b3e7-3c1de5afa0a5","10",,"true",,,,,,,,,,,,,,,,,,"Untitled-Import-1",
"33","IDM","BOROBUDUR","SHELTER","Exit Gate","IDM-BOROBUDUR-SHELTER -Exit Gate-01","2","Not Satisfied","2",,,,"2","2","2","2",,,,,"Lainnya","tidak bantu",,,,,,,,,"b89ee8ee-2fb5-476b-974a-9c5be539da90","Completed",,"18-09-2025 15:30:00",,"52171",,"cab97c1f-67b4-11f0-a847-0a0cda9789f2","1d31c59f-b420-4437-b3e7-3c1de5afa0a5","10",,"true",,,,,,,,,,,,,,,,,,"Untitled-Import-1",
"34","IDM","BOROBUDUR","SHELTER","Exit Gate","IDM-BOROBUDUR-SHELTER -Exit Gate-01","5","Satisfied","5",,,,,,,,"5","5",,,,,,,,,"Alur tunggu di shelter tertata dengan baik dan mudah dipahami",,,,"1318c95b-c3b3-4748-a914-52a5589bff6d","Completed",,"18-09-2025 15:34:00",,"102683",,"cab97c1f-67b4-11f0-a847-0a0cda9789f2","1d31c59f-b420-4437-b3e7-3c1de5afa0a5","10",,"true",,,,,,,,,,,,,,,,,,"Untitled-Import-1",
"35","IDM","BOROBUDUR","SHELTER","Exit Gate","IDM-BOROBUDUR-SHELTER -Exit Gate-01","5","Satisfied","5",,,,,,,,"5","5",,,,,,,,,"Alur tunggu di shelter tertata dengan baik dan mudah dipahami",,,,"3354845b-9a52-489c-b3ae-d323a6387636","Completed",,"19-09-2025 09:55:00",,"23514",,"cab97c1f-67b4-11f0-a847-0a0cda9789f2","1d31c59f-b420-4437-b3e7-3c1de5afa0a5","10",,"true",,,,,,,,,,,,,,,,,,"Untitled-Import-1",
"36","IDM","BOROBUDUR","SHELTER","Exit Gate","IDM-BOROBUDUR-SHELTER -Exit Gate-01","5","Satisfied","5",,,,"5","5","5","5","5","5","Melakukan layanan secara profesional dan ramah (menjaga kontak mata, tersenyum tulus, dan memberikan solusi dengan empati)|Memiliki penampilan yang bersih dan rapi|Memberikan informasi dengan jelas dan akurat|Melayani dengan cepat dan tepat|Membantu dan memastikan kesiapan fasilitas",,,,"Fasilitas shelter lengkap dan mendukung aktivitas pengguna",,,,"Shelter bersih dan terawat dengan baik|Shelter nyaman digunakan oleh penumpang saat menunggu|Alur tunggu di shelter tertata dengan baik dan mudah dipahami",,,,"fd7e1856-f07c-484d-9a5b-9376cfa17edb","Completed",,"19-09-2025 09:56:00",,"40036",,"cab97c1f-67b4-11f0-a847-0a0cda9789f2","1d31c59f-b420-4437-b3e7-3c1de5afa0a5","10",,"true",,,,,,,,,,,,,,,,,,"Untitled-Import-1",
"37","IDM","BOROBUDUR","SHELTER","Exit Gate","IDM-BOROBUDUR-SHELTER -Exit Gate-01","5","Satisfied","5","Terima kasih saya menikmati selama perjalanan :)","Overall Visitor Experience and Cultural Appreciation","Positive","5","5","5","5","5","5","Melakukan layanan secara profesional dan ramah (menjaga kontak mata, tersenyum tulus, dan memberikan solusi dengan empati)|Memiliki penampilan yang bersih dan rapi|Memberikan informasi dengan jelas dan akurat|Melayani dengan cepat dan tepat",,,,"Fasilitas shelter lengkap dan mendukung aktivitas pengguna",,,,"Shelter bersih dan terawat dengan baik|Shelter nyaman digunakan oleh penumpang saat menunggu|Alur tunggu di shelter tertata dengan baik dan mudah dipahami",,,,"06ad7b9e-d958-4172-b9f5-dc822aa9ccb0","Completed",,"19-09-2025 09:57:00",,"74095",,"cab97c1f-67b4-11f0-a847-0a0cda9789f2","1d31c59f-b420-4437-b3e7-3c1de5afa0a5","10",,"true",,,,,,,,,,,,,,,,,,"Untitled-Import-1",
"38","IDM","BOROBUDUR","SHELTER","Exit Gate","IDM-BOROBUDUR-SHELTER -Exit Gate-01","4","Satisfied","4",,,,,,,,"4","4",,,,,,,,,"Shelter bersih dan terawat dengan baik",,,,"af6d8a21-61ad-4902-8d7b-10d81aecd89a","Completed",,"19-09-2025 10:35:00",,"41617",,"cab97c1f-67b4-11f0-a847-0a0cda9789f2","1d31c59f-b420-4437-b3e7-3c1de5afa0a5","10",,"true",,,,,,,,,,,,,,,,,,"Untitled-Import-1",
"39","IDM","BOROBUDUR","SHELTER","Exit Gate","IDM-BOROBUDUR-SHELTER -Exit Gate-01","5","Satisfied","5",,,,"5","5",,,,,"Melakukan layanan secara profesional dan ramah (menjaga kontak mata, tersenyum tulus, dan memberikan solusi dengan empati)|Memberikan informasi dengan jelas dan akurat|Membantu dan memastikan kesiapan fasilitas",,,,,,,,,,,,"065a308b-8aa0-4db5-8a44-a6df6b60f96c","Completed",,"19-09-2025 10:35:00",,"98881",,"cab97c1f-67b4-11f0-a847-0a0cda9789f2","1d31c59f-b420-4437-b3e7-3c1de5afa0a5","10",,"true",,,,,,,,,,,,,,,,,,"Untitled-Import-1",
"40","IDM","BOROBUDUR","SHELTER","Exit Gate","IDM-BOROBUDUR-SHELTER -Exit Gate-01","5","Satisfied","5",,,,"5","5","5","5","5","5","Melakukan layanan secara profesional dan ramah (menjaga kontak mata, tersenyum tulus, dan memberikan solusi dengan empati)|Memberikan informasi dengan jelas dan akurat|Memiliki penampilan yang bersih dan rapi|Melayani dengan cepat dan tepat|Membantu dan memastikan kesiapan fasilitas",,,,"Fasilitas shelter lengkap dan mendukung aktivitas pengguna|Shelter tersedia dengan baik dan mudah diakses oleh pengunjung",,,,"Shelter bersih dan terawat dengan baik|Shelter nyaman digunakan oleh penumpang saat menunggu",,,,"e3b3429d-974e-4506-a8ee-176fec33c4cd","Completed",,"19-09-2025 10:40:00",,"36308",,"cab97c1f-67b4-11f0-a847-0a0cda9789f2","1d31c59f-b420-4437-b3e7-3c1de5afa0a5","10",,"true",,,,,,,,,,,,,,,,,,"Untitled-Import-1",
"41","IDM","BOROBUDUR","SHELTER","Exit Gate","IDM-BOROBUDUR-SHELTER -Exit Gate-01","5","Satisfied","5",,,,"5","5","5","5","5","5","Melakukan layanan secara profesional dan ramah (menjaga kontak mata, tersenyum tulus, dan memberikan solusi dengan empati)|Memiliki penampilan yang bersih dan rapi|Membantu dan memastikan kesiapan fasilitas",,,,"Fasilitas shelter lengkap dan mendukung aktivitas pengguna",,,,"Shelter bersih dan terawat dengan baik|Shelter nyaman digunakan oleh penumpang saat menunggu|Alur tunggu di shelter tertata dengan baik dan mudah dipahami",,,,"4a323ccc-651d-4879-bde5-d0a42a8eb545","Completed",,"19-09-2025 10:53:00",,"1110805",,"cab97c1f-67b4-11f0-a847-0a0cda9789f2","1d31c59f-b420-4437-b3e7-3c1de5afa0a5","10",,"true",,,,,,,,,,,,,,,,,,"Untitled-Import-1",
"42","IDM","BOROBUDUR","SHELTER","Exit Gate","IDM-BOROBUDUR-SHELTER -Exit Gate-01","4","Satisfied","4","Ditingkatkan lagi supaya jadi sebagus dan serapi GWK","Shelter Facilities and Maintenance","Neutral",,,,,"4","4",,,,,,,,,"Shelter bersih dan terawat dengan baik|Alur tunggu di shelter tertata dengan baik dan mudah dipahami|Shelter nyaman digunakan oleh penumpang saat menunggu",,,,"a61c7543-76c4-485a-b223-967937b6a0ee","Completed",,"19-09-2025 11:05:00",,"42012",,"cab97c1f-67b4-11f0-a847-0a0cda9789f2","1d31c59f-b420-4437-b3e7-3c1de5afa0a5","10",,"true",,,,,,,,,,,,,,,,,,"Untitled-Import-1",
"43","IDM","BOROBUDUR","SHELTER","Exit Gate","IDM-BOROBUDUR-SHELTER -Exit Gate-01","4","Satisfied","4","Shelter bagus bersih.. armada di prabayar diperbanyak karena teman saya yang menunggu di prabayar lebih lama sampainya","Crowd and Queue Management","Positive","4","4",,,"4","4","Melakukan layanan secara profesional dan ramah (menjaga kontak mata, tersenyum tulus, dan memberikan solusi dengan empati)|Memiliki penampilan yang bersih dan rapi|Memberikan informasi dengan jelas dan akurat",,,,,,,,"Shelter bersih dan terawat dengan baik|Shelter nyaman digunakan oleh penumpang saat menunggu",,,,"40dfbdea-05ee-4704-99d7-058d94a04319","Completed",,"19-09-2025 11:06:00",,"64478",,"cab97c1f-67b4-11f0-a847-0a0cda9789f2","1d31c59f-b420-4437-b3e7-3c1de5afa0a5","10",,"true",,,,,,,,,,,,,,,,,,"Untitled-Import-1",
"44","IDM","BOROBUDUR","SHELTER","Exit Gate","IDM-BOROBUDUR-SHELTER -Exit Gate-01","4","Satisfied","4",,,,"4","4","4","4","4","4","Melakukan layanan secara profesional dan ramah (menjaga kontak mata, tersenyum tulus, dan memberikan solusi dengan empati)|Melayani dengan cepat dan tepat|Membantu dan memastikan kesiapan fasilitas|Memberikan informasi dengan jelas dan akurat",,,,"Fasilitas shelter lengkap dan mendukung aktivitas pengguna|Shelter tersedia dengan baik dan mudah diakses oleh pengunjung",,,,"Shelter bersih dan terawat dengan baik|Shelter nyaman digunakan oleh penumpang saat menunggu|Alur tunggu di shelter tertata dengan baik dan mudah dipahami",,,,"ed82cadb-f83d-49a8-91cc-aa9c02618752","Completed",,"19-09-2025 11:17:00",,"102904",,"cab97c1f-67b4-11f0-a847-0a0cda9789f2","1d31c59f-b420-4437-b3e7-3c1de5afa0a5","10",,"true",,,,,,,,,,,,,,,,,,"Untitled-Import-1",
"45","IDM","BOROBUDUR","SHELTER","Exit Gate","IDM-BOROBUDUR-SHELTER -Exit Gate-01","5","Satisfied","5",,,,"5","5","5","5","5","5","Melakukan layanan secara profesional dan ramah (menjaga kontak mata, tersenyum tulus, dan memberikan solusi dengan empati)|Memiliki penampilan yang bersih dan rapi|Memberikan informasi dengan jelas dan akurat|Melayani dengan cepat dan tepat|Membantu dan memastikan kesiapan fasilitas",,,,"Fasilitas shelter lengkap dan mendukung aktivitas pengguna|Shelter tersedia dengan baik dan mudah diakses oleh pengunjung",,,,"Shelter bersih dan terawat dengan baik|Alur tunggu di shelter tertata dengan baik dan mudah dipahami|Shelter nyaman digunakan oleh penumpang saat menunggu",,,,"76c4761d-4442-4d5a-ab43-b664fb2986cb","Completed",,"19-09-2025 12:09:00",,"40751",,"cab97c1f-67b4-11f0-a847-0a0cda9789f2","1d31c59f-b420-4437-b3e7-3c1de5afa0a5","10",,"true",,,,,,,,,,,,,,,,,,"Untitled-Import-1",
"46","IDM","BOROBUDUR","SHELTER","Exit Gate","IDM-BOROBUDUR-SHELTER -Exit Gate-01","3","Neutral","3",,,,,,,,"3","3",,,,,,,,,,,"Shelter kurang nyaman digunakan oleh penumpang saat menunggu",,"4d00872a-8b6b-4d1c-aae2-decbf6264b78","Completed",,"19-09-2025 12:14:00",,"28064",,"cab97c1f-67b4-11f0-a847-0a0cda9789f2","1d31c59f-b420-4437-b3e7-3c1de5afa0a5","10",,"true",,,,,,,,,,,,,,,,,,"Untitled-Import-1",
"47","IDM","BOROBUDUR","SHELTER","Exit Gate","IDM-BOROBUDUR-SHELTER -Exit Gate-01","5","Satisfied","5","“Menurut saya, kondisi Shelter sudah sangat baik. Tempatnya nyaman, bersih, dan pelayanannya ramah. Semoga bisa terus dijaga konsistensinya","Shelter Facilities and Maintenance|Staff and Guide Behavior and Service Quality","Positive",,,,,"5","5",,,,,,,,,"Shelter nyaman digunakan oleh penumpang saat menunggu",,,,"a4453404-d794-415e-8009-7ce8a3d09074","Completed",,"19-09-2025 12:28:00",,"95509",,"cab97c1f-67b4-11f0-a847-0a0cda9789f2","1d31c59f-b420-4437-b3e7-3c1de5afa0a5","10",,"true",,,,,,,,,,,,,,,,,,"Untitled-Import-1",
"48","IDM","BOROBUDUR","SHELTER","Exit Gate","IDM-BOROBUDUR-SHELTER -Exit Gate-01","5","Satisfied","5",,,,"5","5","5","5","5","5","Melakukan layanan secara profesional dan ramah (menjaga kontak mata, tersenyum tulus, dan memberikan solusi dengan empati)|Memiliki penampilan yang bersih dan rapi|Memberikan informasi dengan jelas dan akurat|Melayani dengan cepat dan tepat|Membantu dan memastikan kesiapan fasilitas",,,,"Fasilitas shelter lengkap dan mendukung aktivitas pengguna|Shelter tersedia dengan baik dan mudah diakses oleh pengunjung",,,,"Shelter bersih dan terawat dengan baik|Alur tunggu di shelter tertata dengan baik dan mudah dipahami|Shelter nyaman digunakan oleh penumpang saat menunggu",,,,"c87a4b7f-4be6-40d6-8c12-87e8d101c2c6","Completed",,"19-09-2025 12:30:00",,"78739",,"cab97c1f-67b4-11f0-a847-0a0cda9789f2","1d31c59f-b420-4437-b3e7-3c1de5afa0a5","10",,"true",,,,,,,,,,,,,,,,,,"Untitled-Import-1",
"49","IDM","BOROBUDUR","SHELTER","Exit Gate","IDM-BOROBUDUR-SHELTER -Exit Gate-01","5","Satisfied","5",,,,"5","5","5","5","5","5","Melakukan layanan secara profesional dan ramah (menjaga kontak mata, tersenyum tulus, dan memberikan solusi dengan empati)|Memiliki penampilan yang bersih dan rapi|Memberikan informasi dengan jelas dan akurat|Melayani dengan cepat dan tepat|Membantu dan memastikan kesiapan fasilitas",,,,"Fasilitas shelter lengkap dan mendukung aktivitas pengguna",,,,"Shelter bersih dan terawat dengan baik|Shelter nyaman digunakan oleh penumpang saat menunggu|Alur tunggu di shelter tertata dengan baik dan mudah dipahami",,,,"06fc1a57-b1e8-4682-b5e8-ee234c5edf2a","Completed",,"19-09-2025 13:26:00",,"73719",,"cab97c1f-67b4-11f0-a847-0a0cda9789f2","1d31c59f-b420-4437-b3e7-3c1de5afa0a5","10",,"true",,,,,,,,,,,,,,,,,,"Untitled-Import-1",
"50","IDM","BOROBUDUR","SHELTER","Exit Gate","IDM-BOROBUDUR-SHELTER -Exit Gate-01","5","Satisfied","5","Terimakasih",,"Positive","5","5","5","5","5","5","Melakukan layanan secara profesional dan ramah (menjaga kontak mata, tersenyum tulus, dan memberikan solusi dengan empati)|Memiliki penampilan yang bersih dan rapi|Memberikan informasi dengan jelas dan akurat|Melayani dengan cepat dan tepat|Membantu dan memastikan kesiapan fasilitas",,,,"Fasilitas shelter lengkap dan mendukung aktivitas pengguna|Shelter tersedia dengan baik dan mudah diakses oleh pengunjung",,,,"Shelter bersih dan terawat dengan baik|Shelter nyaman digunakan oleh penumpang saat menunggu|Alur tunggu di shelter tertata dengan baik dan mudah dipahami",,,,"d38c2b0e-0e8c-46d4-9c56-6993b830e392","Completed",,"19-09-2025 13:27:00",,"45573",,"cab97c1f-67b4-11f0-a847-0a0cda9789f2","1d31c59f-b420-4437-b3e7-3c1de5afa0a5","10",,"true",,,,,,,,,,,,,,,,,,"Untitled-Import-1",
"51","IDM","BOROBUDUR","SHELTER","Exit Gate","IDM-BOROBUDUR-SHELTER -Exit Gate-01","5","Satisfied","5",,,,"5","5","5","5","5","5","Melakukan layanan secara profesional dan ramah (menjaga kontak mata, tersenyum tulus, dan memberikan solusi dengan empati)|Memiliki penampilan yang bersih dan rapi|Memberikan informasi dengan jelas dan akurat|Melayani dengan cepat dan tepat|Membantu dan memastikan kesiapan fasilitas",,,,"Fasilitas shelter lengkap dan mendukung aktivitas pengguna|Shelter tersedia dengan baik dan mudah diakses oleh pengunjung",,,,"Shelter bersih dan terawat dengan baik|Alur tunggu di shelter tertata dengan baik dan mudah dipahami|Shelter nyaman digunakan oleh penumpang saat menunggu",,,,"0ec62c58-9714-4094-b2d8-eee36ca87e90","Completed",,"19-09-2025 14:01:00",,"97944",,"cab97c1f-67b4-11f0-a847-0a0cda9789f2","1d31c59f-b420-4437-b3e7-3c1de5afa0a5","10",,"true",,,,,,,,,,,,,,,,,,"Untitled-Import-1",
"52","IDM","BOROBUDUR","SHELTER","Exit Gate","IDM-BOROBUDUR-SHELTER -Exit Gate-01","5","Satisfied","5",,,,"5","5","5","5","5","5","Melakukan layanan secara profesional dan ramah (menjaga kontak mata, tersenyum tulus, dan memberikan solusi dengan empati)|Memiliki penampilan yang bersih dan rapi|Memberikan informasi dengan jelas dan akurat|Melayani dengan cepat dan tepat|Membantu dan memastikan kesiapan fasilitas",,,,"Fasilitas shelter lengkap dan mendukung aktivitas pengguna|Shelter tersedia dengan baik dan mudah diakses oleh pengunjung",,,,"Shelter bersih dan terawat dengan baik|Shelter nyaman digunakan oleh penumpang saat menunggu|Alur tunggu di shelter tertata dengan baik dan mudah dipahami",,,,"ced404c3-9b6b-4ffa-b366-7b046a8e93ce","Completed",,"19-09-2025 14:11:00",,"1009891",,"cab97c1f-67b4-11f0-a847-0a0cda9789f2","1d31c59f-b420-4437-b3e7-3c1de5afa0a5","10",,"true",,,,,,,,,,,,,,,,,,"Untitled-Import-1",
"53","IDM","BOROBUDUR","SHELTER","Exit Gate","IDM-BOROBUDUR-SHELTER -Exit Gate-01","5","Satisfied","5",,,,"5","5","5","5","5","5","Melakukan layanan secara profesional dan ramah (menjaga kontak mata, tersenyum tulus, dan memberikan solusi dengan empati)|Memiliki penampilan yang bersih dan rapi|Memberikan informasi dengan jelas dan akurat|Melayani dengan cepat dan tepat|Membantu dan memastikan kesiapan fasilitas",,,,"Fasilitas shelter lengkap dan mendukung aktivitas pengguna",,,,"Shelter bersih dan terawat dengan baik",,,,"80b25cc5-4d7d-475c-aa3a-431ef1ce1fd4","Completed",,"19-09-2025 14:17:00",,"53743",,"cab97c1f-67b4-11f0-a847-0a0cda9789f2","1d31c59f-b420-4437-b3e7-3c1de5afa0a5","10",,"true",,,,,,,,,,,,,,,,,,"Untitled-Import-1",
"54","IDM","BOROBUDUR","SHELTER","Exit Gate","IDM-BOROBUDUR-SHELTER -Exit Gate-01","5","Satisfied","5",,,,"5","5",,,"5","5","Memberikan informasi dengan jelas dan akurat|Melakukan layanan secara profesional dan ramah (menjaga kontak mata, tersenyum tulus, dan memberikan solusi dengan empati)",,,,,,,,"Shelter bersih dan terawat dengan baik",,,,"e33e1642-ec84-40d1-bd60-9faf08260d7e","Completed",,"19-09-2025 14:17:00",,"56404",,"cab97c1f-67b4-11f0-a847-0a0cda9789f2","1d31c59f-b420-4437-b3e7-3c1de5afa0a5","10",,"true",,,,,,,,,,,,,,,,,,"Untitled-Import-1",
"55","IDM","BOROBUDUR","SHELTER","Exit Gate","IDM-BOROBUDUR-SHELTER -Exit Gate-01","4","Satisfied","4",,,,"4","4",,,,,"Melakukan layanan secara profesional dan ramah (menjaga kontak mata, tersenyum tulus, dan memberikan solusi dengan empati)",,,,,,,,,,,,"ba7b70cf-ec0a-477e-a23a-356d92481d88","Completed",,"19-09-2025 14:21:00",,"42572",,"cab97c1f-67b4-11f0-a847-0a0cda9789f2","1d31c59f-b420-4437-b3e7-3c1de5afa0a5","10",,"true",,,,,,,,,,,,,,,,,,"Untitled-Import-1",
"56","IDM","BOROBUDUR","SHELTER","Exit Gate","IDM-BOROBUDUR-SHELTER -Exit Gate-01","5","Satisfied","5",,,,"5","5","5","5","5","5","Melakukan layanan secara profesional dan ramah (menjaga kontak mata, tersenyum tulus, dan memberikan solusi dengan empati)|Memiliki penampilan yang bersih dan rapi|Memberikan informasi dengan jelas dan akurat|Membantu dan memastikan kesiapan fasilitas",,,,"Fasilitas shelter lengkap dan mendukung aktivitas pengguna|Shelter tersedia dengan baik dan mudah diakses oleh pengunjung",,,,"Shelter bersih dan terawat dengan baik|Alur tunggu di shelter tertata dengan baik dan mudah dipahami",,,,"8ae23394-a884-493d-b559-6a4db765387a","Completed",,"19-09-2025 14:23:00",,"125490",,"cab97c1f-67b4-11f0-a847-0a0cda9789f2","1d31c59f-b420-4437-b3e7-3c1de5afa0a5","10",,"true",,,,,,,,,,,,,,,,,,"Untitled-Import-1",
"57","IDM","BOROBUDUR","SHELTER","Exit Gate","IDM-BOROBUDUR-SHELTER -Exit Gate-01","4","Satisfied","4",,,,,,"4","4",,,,,,,"Shelter tersedia dengan baik dan mudah diakses oleh pengunjung",,,,,,,,"ec415cb8-f0c6-45e5-b949-4c0313bfb68b","Completed",,"19-09-2025 14:37:00",,"73742",,"cab97c1f-67b4-11f0-a847-0a0cda9789f2","1d31c59f-b420-4437-b3e7-3c1de5afa0a5","10",,"true",,,,,,,,,,,,,,,,,,"Untitled-Import-1",
"58","IDM","BOROBUDUR","SHELTER","Exit Gate","IDM-BOROBUDUR-SHELTER -Exit Gate-01","3","Neutral","3","terserah",,"Neutral",,,"3","3",,,,,,,,,"Lainnya","kurang cepeg",,,,,"9a374563-de18-4332-8d2c-c052690bcae3","Completed",,"19-09-2025 14:37:00",,"91369",,"cab97c1f-67b4-11f0-a847-0a0cda9789f2","1d31c59f-b420-4437-b3e7-3c1de5afa0a5","10",,"true",,,,,,,,,,,,,,,,,,"Untitled-Import-1",
"59","IDM","BOROBUDUR","SHELTER","Exit Gate","IDM-BOROBUDUR-SHELTER -Exit Gate-01","5","Satisfied","5",,,,,,,,"5","5",,,,,,,,,"Shelter nyaman digunakan oleh penumpang saat menunggu",,,,"42b9cf86-8155-452a-91a0-8bd6f3c8c9b8","Completed",,"19-09-2025 15:04:00",,"94210",,"cab97c1f-67b4-11f0-a847-0a0cda9789f2","1d31c59f-b420-4437-b3e7-3c1de5afa0a5","10",,"true",,,,,,,,,,,,,,,,,,"Untitled-Import-1",
"60","IDM","BOROBUDUR","SHELTER","Exit Gate","IDM-BOROBUDUR-SHELTER -Exit Gate-01","4","Satisfied","4","Good",,"Positive",,,,,"4","4",,,,,,,,,"Shelter nyaman digunakan oleh penumpang saat menunggu",,,,"e3f09872-fa44-497d-9486-eadc588b289d","Completed",,"19-09-2025 15:23:00",,"69349",,"cab97c1f-67b4-11f0-a847-0a0cda9789f2","1d31c59f-b420-4437-b3e7-3c1de5afa0a5","10",,"true",,,,,,,,,,,,,,,,,,"Untitled-Import-1",
"61","IDM","BOROBUDUR","SHELTER","Exit Gate","IDM-BOROBUDUR-SHELTER -Exit Gate-01","4","Satisfied","4",,,,"4","4","4","4","4","4","Memberikan informasi dengan jelas dan akurat|Memiliki penampilan yang bersih dan rapi|Melakukan layanan secara profesional dan ramah (menjaga kontak mata, tersenyum tulus, dan memberikan solusi dengan empati)|Melayani dengan cepat dan tepat",,,,"Fasilitas shelter lengkap dan mendukung aktivitas pengguna|Shelter tersedia dengan baik dan mudah diakses oleh pengunjung",,,,"Shelter bersih dan terawat dengan baik|Shelter nyaman digunakan oleh penumpang saat menunggu|Alur tunggu di shelter tertata dengan baik dan mudah dipahami",,,,"43644c7a-6a97-4416-b7f2-aa13d53d2ed0","Completed",,"19-09-2025 16:16:00",,"165955",,"cab97c1f-67b4-11f0-a847-0a0cda9789f2","1d31c59f-b420-4437-b3e7-3c1de5afa0a5","10",,"true",,,,,,,,,,,,,,,,,,"Untitled-Import-1",
"62","IDM","BOROBUDUR","SHELTER","Exit Gate","IDM-BOROBUDUR-SHELTER -Exit Gate-01","5","Satisfied","5",,,,"5","5","5","5","5","5","Melakukan layanan secara profesional dan ramah (menjaga kontak mata, tersenyum tulus, dan memberikan solusi dengan empati)|Memberikan informasi dengan jelas dan akurat|Melayani dengan cepat dan tepat|Memiliki penampilan yang bersih dan rapi",,,,"Fasilitas shelter lengkap dan mendukung aktivitas pengguna|Shelter tersedia dengan baik dan mudah diakses oleh pengunjung",,,,"Shelter bersih dan terawat dengan baik|Shelter nyaman digunakan oleh penumpang saat menunggu|Alur tunggu di shelter tertata dengan baik dan mudah dipahami",,,,"6a01a82c-ad47-469e-885e-a3ab8a6ee220","Completed",,"20-09-2025 10:36:00",,"64790",,"cab97c1f-67b4-11f0-a847-0a0cda9789f2","1d31c59f-b420-4437-b3e7-3c1de5afa0a5","10",,"true",,,,,,,,,,,,,,,,,,"Untitled-Import-1",
"63","IDM","BOROBUDUR","SHELTER","Exit Gate","IDM-BOROBUDUR-SHELTER -Exit Gate-01","5","Satisfied","5",,,,,,"5","5",,,,,,,"Lainnya|Fasilitas shelter lengkap dan mendukung aktivitas pengguna|Shelter tersedia dengan baik dan mudah diakses oleh pengunjung","Tersedia payung",,,,,,,"e5340321-82df-41a3-94ed-b76698cd0682","Completed",,"20-09-2025 11:08:00",,"97098",,"cab97c1f-67b4-11f0-a847-0a0cda9789f2","1d31c59f-b420-4437-b3e7-3c1de5afa0a5","10",,"true",,,,,,,,,,,,,,,,,,"Untitled-Import-1",
"64","IDM","BOROBUDUR","SHELTER","Exit Gate","IDM-BOROBUDUR-SHELTER -Exit Gate-01","5","Satisfied","5","Cold drinks at place,less photographer to ask taking photo","Additional Amenities and Convenience Features|Visitor Information, Signage, and Signage Clarity","Neutral","5","5","5","5","5","5","Melakukan layanan secara profesional dan ramah (menjaga kontak mata, tersenyum tulus, dan memberikan solusi dengan empati)|Membantu dan memastikan kesiapan fasilitas",,,,"Fasilitas shelter lengkap dan mendukung aktivitas pengguna|Shelter tersedia dengan baik dan mudah diakses oleh pengunjung",,,,"Shelter nyaman digunakan oleh penumpang saat menunggu|Alur tunggu di shelter tertata dengan baik dan mudah dipahami",,,,"69d95b8f-a81e-48c4-a3af-a7fa0962a8ca","Completed",,"20-09-2025 11:12:00",,"99580",,"cab97c1f-67b4-11f0-a847-0a0cda9789f2","1d31c59f-b420-4437-b3e7-3c1de5afa0a5","10",,"true",,,,,,,,,,,,,,,,,,"Untitled-Import-1",
"65","IDM","BOROBUDUR","SHELTER","Exit Gate","IDM-BOROBUDUR-SHELTER -Exit Gate-01","5","Satisfied","5","Water dispenser","Additional Amenities and Convenience Features","Positive",,,,,"5","5",,,,,,,,,"Shelter nyaman digunakan oleh penumpang saat menunggu",,,,"b8ae745f-c5cc-4fbb-8565-9d38e223163f","Completed",,"20-09-2025 11:30:00",,"52959",,"cab97c1f-67b4-11f0-a847-0a0cda9789f2","1d31c59f-b420-4437-b3e7-3c1de5afa0a5","10",,"true",,,,,,,,,,,,,,,,,,"Untitled-Import-1",
"66","IDM","BOROBUDUR","SHELTER","Exit Gate","IDM-BOROBUDUR-SHELTER -Exit Gate-01","4","Satisfied","4",,,,"4","4",,,,,"Memberikan informasi dengan jelas dan akurat",,,,,,,,,,,,"934ac905-cb5d-42d1-9892-fd106bbb4542","Completed",,"20-09-2025 11:43:00",,"85880",,"cab97c1f-67b4-11f0-a847-0a0cda9789f2","1d31c59f-b420-4437-b3e7-3c1de5afa0a5","10",,"true",,,,,,,,,,,,,,,,,,"Untitled-Import-1",
"67","IDM","BOROBUDUR","SHELTER","Exit Gate","IDM-BOROBUDUR-SHELTER -Exit Gate-01","5","Satisfied","5",,,,"5","5","5","5","5","5","Melakukan layanan secara profesional dan ramah (menjaga kontak mata, tersenyum tulus, dan memberikan solusi dengan empati)|Memiliki penampilan yang bersih dan rapi|Memberikan informasi dengan jelas dan akurat|Melayani dengan cepat dan tepat|Membantu dan memastikan kesiapan fasilitas|Lainnya","Bagusss semuah puas",,,"Fasilitas shelter lengkap dan mendukung aktivitas pengguna|Shelter tersedia dengan baik dan mudah diakses oleh pengunjung|Lainnya","Good",,,"Shelter bersih dan terawat dengan baik|Alur tunggu di shelter tertata dengan baik dan mudah dipahami|Shelter nyaman digunakan oleh penumpang saat menunggu|Lainnya","Bagus",,,"da8c23d4-d3a1-4c4c-9789-4b7b663e5336","Completed",,"20-09-2025 12:20:00",,"90385",,"cab97c1f-67b4-11f0-a847-0a0cda9789f2","1d31c59f-b420-4437-b3e7-3c1de5afa0a5","10",,"true",,,,,,,,,,,,,,,,,,"Untitled-Import-1",
"68","IDM","BOROBUDUR","SHELTER","Exit Gate","IDM-BOROBUDUR-SHELTER -Exit Gate-01","5","Satisfied","5","Sempat ada penumpukan, baiknya di kurangin penumpukannya","Crowd and Queue Management","Negative","5","5","5","5","5","5","Melakukan layanan secara profesional dan ramah (menjaga kontak mata, tersenyum tulus, dan memberikan solusi dengan empati)|Memiliki penampilan yang bersih dan rapi|Memberikan informasi dengan jelas dan akurat|Melayani dengan cepat dan tepat|Membantu dan memastikan kesiapan fasilitas",,,,"Fasilitas shelter lengkap dan mendukung aktivitas pengguna",,,,"Shelter bersih dan terawat dengan baik|Shelter nyaman digunakan oleh penumpang saat menunggu|Alur tunggu di shelter tertata dengan baik dan mudah dipahami",,,,"6d51cba4-448c-44d4-84af-0e702367f0ca","Completed",,"20-09-2025 12:33:00",,"86625",,"cab97c1f-67b4-11f0-a847-0a0cda9789f2","1d31c59f-b420-4437-b3e7-3c1de5afa0a5","10",,"true",,,,,,,,,,,,,,,,,,"Untitled-Import-1",
"69","IDM","BOROBUDUR","SHELTER","Exit Gate","IDM-BOROBUDUR-SHELTER -Exit Gate-01","5","Satisfied","5",,,,,,,,"5","5",,,,,,,,,"Shelter bersih dan terawat dengan baik|Shelter nyaman digunakan oleh penumpang saat menunggu|Alur tunggu di shelter tertata dengan baik dan mudah dipahami",,,,"d65b069b-50d1-4f14-9581-f9b4726a8932","Completed",,"20-09-2025 12:40:00",,"69414",,"cab97c1f-67b4-11f0-a847-0a0cda9789f2","1d31c59f-b420-4437-b3e7-3c1de5afa0a5","10",,"true",,,,,,,,,,,,,,,,,,"Untitled-Import-1",
"70","IDM","BOROBUDUR","SHELTER","Exit Gate","IDM-BOROBUDUR-SHELTER -Exit Gate-01","4","Satisfied","4",,,,,,"4","4","4","4",,,,,"Fasilitas shelter lengkap dan mendukung aktivitas pengguna",,,,"Shelter bersih dan terawat dengan baik|Shelter nyaman digunakan oleh penumpang saat menunggu",,,,"46ee8354-7cf3-4524-ad68-dcd8a4d67202","Completed",,"20-09-2025 12:40:00",,"111364",,"cab97c1f-67b4-11f0-a847-0a0cda9789f2","1d31c59f-b420-4437-b3e7-3c1de5afa0a5","10",,"true",,,,,,,,,,,,,,,,,,"Untitled-Import-1",
"71","IDM","BOROBUDUR","SHELTER","Exit Gate","IDM-BOROBUDUR-SHELTER -Exit Gate-01","5","Satisfied","5","Keren","Overall Visitor Experience and Cultural Appreciation","Positive","5","5","5","5","5","5","Melakukan layanan secara profesional dan ramah (menjaga kontak mata, tersenyum tulus, dan memberikan solusi dengan empati)|Memiliki penampilan yang bersih dan rapi|Memberikan informasi dengan jelas dan akurat|Melayani dengan cepat dan tepat|Membantu dan memastikan kesiapan fasilitas",,,,"Fasilitas shelter lengkap dan mendukung aktivitas pengguna|Shelter tersedia dengan baik dan mudah diakses oleh pengunjung",,,,"Shelter bersih dan terawat dengan baik|Shelter nyaman digunakan oleh penumpang saat menunggu|Alur tunggu di shelter tertata dengan baik dan mudah dipahami",,,,"53c60a52-6719-48e6-bc28-8f50a71082ba","Completed",,"20-09-2025 12:43:00",,"90399",,"cab97c1f-67b4-11f0-a847-0a0cda9789f2","1d31c59f-b420-4437-b3e7-3c1de5afa0a5","10",,"true",,,,,,,,,,,,,,,,,,"Untitled-Import-1",
"72","IDM","BOROBUDUR","SHELTER","Exit Gate","IDM-BOROBUDUR-SHELTER -Exit Gate-01","1","Not Satisfied","1","Diinfokan shelter free jika sudah include masuk borobudur, namun ketika pulang ada berbayar, dan jika kita mau bayar ada minimal pax nya. 
Akhirnya jalan jauh sampai pintu keluar. Sangat tidak memuaskan. Kalau di buat free dari awal harusnya free. Sama saja jalan jauh juga.","Pricing, Payment Transparency, and Shelter Usage Policies|Shelter Facilities and Maintenance|Shelter Location, Accessibility, and Arrangement","Negative","1","1","1","1","1","1",,,"Tidak melakukan layanan secara profesional dan ramah (menjaga kontak mata, tersenyum tulus, dan memberikan solusi dengan empati)|Memberikan informasi dengan kurang jelas dan akurat|Tidak melayani dengan cepat dan tepat|Tidak membantu dan memastikan kesiapan fasilitas",,,,"Fasilitas shelter kurang lengkap dan belum mendukung kenyamanan pengguna|Shelter tidak tersedia atau sulit diakses oleh pengunjung",,,,"Alur tunggu di shelter tidak tertata dengan baik dan membingungkan",,"5216ce2e-c431-4e78-a950-6d21f1d6aa85","Completed",,"20-09-2025 13:09:00",,"426031",,"cab97c1f-67b4-11f0-a847-0a0cda9789f2","1d31c59f-b420-4437-b3e7-3c1de5afa0a5","10",,"true",,,,,,,,,,,,,,,,,,"Untitled-Import-1",
"73","IDM","BOROBUDUR","SHELTER","Exit Gate","IDM-BOROBUDUR-SHELTER -Exit Gate-01","5","Satisfied","5",,,,"5","5","5","5","5","5","Melakukan layanan secara profesional dan ramah (menjaga kontak mata, tersenyum tulus, dan memberikan solusi dengan empati)|Memiliki penampilan yang bersih dan rapi|Memberikan informasi dengan jelas dan akurat|Melayani dengan cepat dan tepat|Membantu dan memastikan kesiapan fasilitas",,,,"Fasilitas shelter lengkap dan mendukung aktivitas pengguna|Shelter tersedia dengan baik dan mudah diakses oleh pengunjung",,,,"Shelter bersih dan terawat dengan baik|Shelter nyaman digunakan oleh penumpang saat menunggu|Alur tunggu di shelter tertata dengan baik dan mudah dipahami",,,,"3f9c858f-c1e3-41b4-aa19-ba9d670988f5","Completed",,"20-09-2025 13:44:00",,"119403",,"cab97c1f-67b4-11f0-a847-0a0cda9789f2","1d31c59f-b420-4437-b3e7-3c1de5afa0a5","10",,"true",,,,,,,,,,,,,,,,,,"Untitled-Import-1",
"74","IDM","BOROBUDUR","SHELTER","Exit Gate","IDM-BOROBUDUR-SHELTER -Exit Gate-01","5","Satisfied","5","Tidak ada",,"Neutral","5","5","5","5","5","5","Melakukan layanan secara profesional dan ramah (menjaga kontak mata, tersenyum tulus, dan memberikan solusi dengan empati)|Memiliki penampilan yang bersih dan rapi|Memberikan informasi dengan jelas dan akurat|Melayani dengan cepat dan tepat|Membantu dan memastikan kesiapan fasilitas|Lainnya","Enak pokoknya",,,"Fasilitas shelter lengkap dan mendukung aktivitas pengguna|Shelter tersedia dengan baik dan mudah diakses oleh pengunjung",,,,"Shelter bersih dan terawat dengan baik|Shelter nyaman digunakan oleh penumpang saat menunggu",,,,"11648e93-9d4f-4e75-98ee-5dcfd1f28b9a","Completed",,"20-09-2025 14:15:00",,"115533",,"cab97c1f-67b4-11f0-a847-0a0cda9789f2","1d31c59f-b420-4437-b3e7-3c1de5afa0a5","10",,"true",,,,,,,,,,,,,,,,,,"Untitled-Import-1",
"75","IDM","BOROBUDUR","SHELTER","Exit Gate","IDM-BOROBUDUR-SHELTER -Exit Gate-01","5","Satisfied","5",,,,,,,,"5","5",,,,,,,,,"Alur tunggu di shelter tertata dengan baik dan mudah dipahami",,,,"f2fe7a56-79f1-450c-a41f-6c842764e88d","Completed",,"20-09-2025 15:21:00",,"66630",,"cab97c1f-67b4-11f0-a847-0a0cda9789f2","1d31c59f-b420-4437-b3e7-3c1de5afa0a5","10",,"true",,,,,,,,,,,,,,,,,,"Untitled-Import-1",
"76","IDM","BOROBUDUR","SHELTER","Exit Gate","IDM-BOROBUDUR-SHELTER -Exit Gate-01","4","Satisfied","4",,,,,,,,"4","4",,,,,,,,,"Shelter nyaman digunakan oleh penumpang saat menunggu|Shelter bersih dan terawat dengan baik|Alur tunggu di shelter tertata dengan baik dan mudah dipahami|Lainnya","Fast Transport, No waiting, Clean, nice staff",,,"cad4a1a1-71f4-4185-883d-6c5c9c973153","Completed",,"20-09-2025 16:11:00",,"53460",,"cab97c1f-67b4-11f0-a847-0a0cda9789f2","1d31c59f-b420-4437-b3e7-3c1de5afa0a5","10",,"true",,,,,,,,,,,,,,,,,,"Untitled-Import-1",
"77","IDM","BOROBUDUR","SHELTER","Exit Gate","IDM-BOROBUDUR-SHELTER -Exit Gate-01","5","Satisfied","5","bagus",,"Positive","5","5","5","5","5","5","Melakukan layanan secara profesional dan ramah (menjaga kontak mata, tersenyum tulus, dan memberikan solusi dengan empati)|Memberikan informasi dengan jelas dan akurat|Melayani dengan cepat dan tepat|Memiliki penampilan yang bersih dan rapi|Membantu dan memastikan kesiapan fasilitas",,,,"Fasilitas shelter lengkap dan mendukung aktivitas pengguna|Shelter tersedia dengan baik dan mudah diakses oleh pengunjung",,,,"Shelter bersih dan terawat dengan baik|Alur tunggu di shelter tertata dengan baik dan mudah dipahami|Shelter nyaman digunakan oleh penumpang saat menunggu",,,,"6eaaccd9-3b67-4a7d-afa4-073bc0af82ac","Completed",,"21-09-2025 09:49:00",,"78008",,"cab97c1f-67b4-11f0-a847-0a0cda9789f2","1d31c59f-b420-4437-b3e7-3c1de5afa0a5","10",,"true",,,,,,,,,,,,,,,,,,"Untitled-Import-1",
"78","IDM","BOROBUDUR","SHELTER","Exit Gate","IDM-BOROBUDUR-SHELTER -Exit Gate-01","4","Satisfied","4",,,,"4","4","4","4","4","4","Melakukan layanan secara profesional dan ramah (menjaga kontak mata, tersenyum tulus, dan memberikan solusi dengan empati)|Memiliki penampilan yang bersih dan rapi",,,,"Fasilitas shelter lengkap dan mendukung aktivitas pengguna",,,,"Shelter bersih dan terawat dengan baik|Shelter nyaman digunakan oleh penumpang saat menunggu",,,,"43685c60-4fb4-4d7b-a86c-865c06e7b069","Completed",,"21-09-2025 10:21:00",,"56787",,"cab97c1f-67b4-11f0-a847-0a0cda9789f2","1d31c59f-b420-4437-b3e7-3c1de5afa0a5","10",,"true",,,,,,,,,,,,,,,,,,"Untitled-Import-1",
"79","IDM","BOROBUDUR","SHELTER","Exit Gate","IDM-BOROBUDUR-SHELTER -Exit Gate-01","5","Satisfied","5",,,,"5","5","5","5","5","5","Melakukan layanan secara profesional dan ramah (menjaga kontak mata, tersenyum tulus, dan memberikan solusi dengan empati)|Membantu dan memastikan kesiapan fasilitas",,,,"Fasilitas shelter lengkap dan mendukung aktivitas pengguna",,,,"Shelter nyaman digunakan oleh penumpang saat menunggu|Alur tunggu di shelter tertata dengan baik dan mudah dipahami|Shelter bersih dan terawat dengan baik",,,,"984cee0f-0610-4266-9497-dd9f3d8734d9","Completed",,"21-09-2025 10:39:00",,"127271",,"cab97c1f-67b4-11f0-a847-0a0cda9789f2","1d31c59f-b420-4437-b3e7-3c1de5afa0a5","10",,"true",,,,,,,,,,,,,,,,,,"Untitled-Import-1",
"80","IDM","BOROBUDUR","SHELTER","Exit Gate","IDM-BOROBUDUR-SHELTER -Exit Gate-01","5","Satisfied","5","Better already",,"Positive","5","5","5","5","5","5","Melakukan layanan secara profesional dan ramah (menjaga kontak mata, tersenyum tulus, dan memberikan solusi dengan empati)|Memiliki penampilan yang bersih dan rapi|Memberikan informasi dengan jelas dan akurat|Melayani dengan cepat dan tepat|Membantu dan memastikan kesiapan fasilitas",,,,"Fasilitas shelter lengkap dan mendukung aktivitas pengguna|Shelter tersedia dengan baik dan mudah diakses oleh pengunjung",,,,"Shelter bersih dan terawat dengan baik|Shelter nyaman digunakan oleh penumpang saat menunggu|Alur tunggu di shelter tertata dengan baik dan mudah dipahami",,,,"e01dcb88-e385-4a98-a13a-099e2657fea8","Completed",,"21-09-2025 11:11:00",,"93660",,"cab97c1f-67b4-11f0-a847-0a0cda9789f2","1d31c59f-b420-4437-b3e7-3c1de5afa0a5","10",,"true",,,,,,,,,,,,,,,,,,"Untitled-Import-1",
"81","IDM","BOROBUDUR","SHELTER","Exit Gate","IDM-BOROBUDUR-SHELTER -Exit Gate-01","5","Satisfied","5","Ok",,"Neutral","5","5",,,,,"Memberikan informasi dengan jelas dan akurat",,,,,,,,,,,,"7b9040a6-2d67-4f30-8fb5-5f2127c471f1","Completed",,"21-09-2025 11:15:00",,"210900",,"cab97c1f-67b4-11f0-a847-0a0cda9789f2","1d31c59f-b420-4437-b3e7-3c1de5afa0a5","10",,"true",,,,,,,,,,,,,,,,,,"Untitled-Import-1",
"82","IDM","BOROBUDUR","SHELTER","Exit Gate","IDM-BOROBUDUR-SHELTER -Exit Gate-01","5","Satisfied","5",,,,"5","5","5","5","5","5","Memberikan informasi dengan jelas dan akurat|Melakukan layanan secara profesional dan ramah (menjaga kontak mata, tersenyum tulus, dan memberikan solusi dengan empati)|Membantu dan memastikan kesiapan fasilitas",,,,"Fasilitas shelter lengkap dan mendukung aktivitas pengguna|Shelter tersedia dengan baik dan mudah diakses oleh pengunjung",,,,"Shelter bersih dan terawat dengan baik|Shelter nyaman digunakan oleh penumpang saat menunggu|Alur tunggu di shelter tertata dengan baik dan mudah dipahami",,,,"9ebf38bd-3072-4543-824d-dc29e333e555","Completed",,"21-09-2025 11:33:00",,"263394",,"cab97c1f-67b4-11f0-a847-0a0cda9789f2","1d31c59f-b420-4437-b3e7-3c1de5afa0a5","10",,"true",,,,,,,,,,,,,,,,,,"Untitled-Import-1",
"83","IDM","BOROBUDUR","SHELTER","Exit Gate","IDM-BOROBUDUR-SHELTER -Exit Gate-01","4","Satisfied","4",,,,"4","4","4","4","4","4","Melakukan layanan secara profesional dan ramah (menjaga kontak mata, tersenyum tulus, dan memberikan solusi dengan empati)|Memiliki penampilan yang bersih dan rapi|Memberikan informasi dengan jelas dan akurat|Melayani dengan cepat dan tepat|Membantu dan memastikan kesiapan fasilitas",,,,"Fasilitas shelter lengkap dan mendukung aktivitas pengguna|Shelter tersedia dengan baik dan mudah diakses oleh pengunjung",,,,"Shelter bersih dan terawat dengan baik|Shelter nyaman digunakan oleh penumpang saat menunggu|Alur tunggu di shelter tertata dengan baik dan mudah dipahami",,,,"7b7f85f0-f1ad-410d-9bfb-f2611546d6b5","Completed",,"21-09-2025 11:57:00",,"47965",,"cab97c1f-67b4-11f0-a847-0a0cda9789f2","1d31c59f-b420-4437-b3e7-3c1de5afa0a5","10",,"true",,,,,,,,,,,,,,,,,,"Untitled-Import-1",
"84","IDM","BOROBUDUR","SHELTER","Exit Gate","IDM-BOROBUDUR-SHELTER -Exit Gate-01","5","Satisfied","5",,,,,,,,"5","5",,,,,,,,,"Alur tunggu di shelter tertata dengan baik dan mudah dipahami",,,,"d431d807-981b-474f-bc4b-1aba01c8fb3d","Completed",,"21-09-2025 12:08:00",,"54484",,"cab97c1f-67b4-11f0-a847-0a0cda9789f2","1d31c59f-b420-4437-b3e7-3c1de5afa0a5","10",,"true",,,,,,,,,,,,,,,,,,"Untitled-Import-1",
"85","IDM","BOROBUDUR","SHELTER","Exit Gate","IDM-BOROBUDUR-SHELTER -Exit Gate-01","5","Satisfied","5",,,,"5","5","5","5","5","5","Melakukan layanan secara profesional dan ramah (menjaga kontak mata, tersenyum tulus, dan memberikan solusi dengan empati)|Memiliki penampilan yang bersih dan rapi|Membantu dan memastikan kesiapan fasilitas",,,,"Fasilitas shelter lengkap dan mendukung aktivitas pengguna|Shelter tersedia dengan baik dan mudah diakses oleh pengunjung",,,,"Shelter nyaman digunakan oleh penumpang saat menunggu|Shelter bersih dan terawat dengan baik",,,,"6dc6180a-e673-4231-95e9-c3de88fc8d00","Completed",,"21-09-2025 12:50:00",,"83860",,"cab97c1f-67b4-11f0-a847-0a0cda9789f2","1d31c59f-b420-4437-b3e7-3c1de5afa0a5","10",,"true",,,,,,,,,,,,,,,,,,"Untitled-Import-1",
"86","IDM","BOROBUDUR","SHELTER","Exit Gate","IDM-BOROBUDUR-SHELTER -Exit Gate-01","3","Neutral","3","I don't even understand what this survey is about. What do you mean by 'Shelter'?","Visitor Information, Signage, and Signage Clarity","Negative",,,,,"3","3",,,,,,,,,,,"Alur tunggu di shelter tidak tertata dengan baik dan membingungkan",,"37a59ef7-7e0b-4949-9a65-46d0dbe76d97","Completed",,"21-09-2025 12:55:00",,"185708",,"cab97c1f-67b4-11f0-a847-0a0cda9789f2","1d31c59f-b420-4437-b3e7-3c1de5afa0a5","10",,"true",,,,,,,,,,,,,,,,,,"Untitled-Import-1",
"87","IDM","BOROBUDUR","SHELTER","Exit Gate","IDM-BOROBUDUR-SHELTER -Exit Gate-01","5","Satisfied","5",,,,"5","5","5","5","5","5","Melakukan layanan secara profesional dan ramah (menjaga kontak mata, tersenyum tulus, dan memberikan solusi dengan empati)|Memiliki penampilan yang bersih dan rapi|Memberikan informasi dengan jelas dan akurat|Membantu dan memastikan kesiapan fasilitas",,,,"Fasilitas shelter lengkap dan mendukung aktivitas pengguna",,,,"Shelter bersih dan terawat dengan baik",,,,"728e8cb6-f05a-4f9d-9b5c-2f197b8b0214","Completed",,"21-09-2025 13:52:00",,"53708",,"cab97c1f-67b4-11f0-a847-0a0cda9789f2","1d31c59f-b420-4437-b3e7-3c1de5afa0a5","10",,"true",,,,,,,,,,,,,,,,,,"Untitled-Import-1",
"88","IDM","BOROBUDUR","SHELTER","Exit Gate","IDM-BOROBUDUR-SHELTER -Exit Gate-01","5","Satisfied","5",,,,"5","5","5","5","5","5","Melakukan layanan secara profesional dan ramah (menjaga kontak mata, tersenyum tulus, dan memberikan solusi dengan empati)|Memiliki penampilan yang bersih dan rapi|Memberikan informasi dengan jelas dan akurat|Melayani dengan cepat dan tepat|Membantu dan memastikan kesiapan fasilitas",,,,"Fasilitas shelter lengkap dan mendukung aktivitas pengguna|Shelter tersedia dengan baik dan mudah diakses oleh pengunjung",,,,"Shelter bersih dan terawat dengan baik|Shelter nyaman digunakan oleh penumpang saat menunggu|Alur tunggu di shelter tertata dengan baik dan mudah dipahami",,,,"fe338182-5f8a-4260-a2db-7b3d17a90456","Completed",,"21-09-2025 13:56:00",,"45706",,"cab97c1f-67b4-11f0-a847-0a0cda9789f2","1d31c59f-b420-4437-b3e7-3c1de5afa0a5","10",,"true",,,,,,,,,,,,,,,,,,"Untitled-Import-1",
"89","IDM","BOROBUDUR","SHELTER","Exit Gate","IDM-BOROBUDUR-SHELTER -Exit Gate-01","5","Satisfied","5","Saran dari saya Untuk persediaan cas di bawah tempat duduk sudh ada TPI tidak bisa digunakan tolong dibenahi untuk aliran listriknya trimakasih 🙏","Shelter Facilities and Maintenance|Accessibility for Disabled Visitors","Negative",,,,,"5","5",,,,,,,,,"Alur tunggu di shelter tertata dengan baik dan mudah dipahami|Shelter nyaman digunakan oleh penumpang saat menunggu|Shelter bersih dan terawat dengan baik",,,,"6d6ee115-d463-453d-b542-58f8336d6bbe","Completed",,"21-09-2025 14:07:00",,"287200",,"cab97c1f-67b4-11f0-a847-0a0cda9789f2","1d31c59f-b420-4437-b3e7-3c1de5afa0a5","10",,"true",,,,,,,,,,,,,,,,,,"Untitled-Import-1",
"90","IDM","BOROBUDUR","SHELTER","Exit Gate","IDM-BOROBUDUR-SHELTER -Exit Gate-01","5","Satisfied","5",,,,"5","5","5","5","5","5","Melakukan layanan secara profesional dan ramah (menjaga kontak mata, tersenyum tulus, dan memberikan solusi dengan empati)|Memiliki penampilan yang bersih dan rapi|Memberikan informasi dengan jelas dan akurat|Melayani dengan cepat dan tepat|Membantu dan memastikan kesiapan fasilitas|Lainnya","Nice",,,"Fasilitas shelter lengkap dan mendukung aktivitas pengguna|Lainnya|Shelter tersedia dengan baik dan mudah diakses oleh pengunjung","Great",,,"Shelter bersih dan terawat dengan baik|Shelter nyaman digunakan oleh penumpang saat menunggu|Alur tunggu di shelter tertata dengan baik dan mudah dipahami|Lainnya","Excellent",,,"999e1ed6-cc96-4036-89f4-d893f76e1506","Completed",,"21-09-2025 14:24:00",,"73325",,"cab97c1f-67b4-11f0-a847-0a0cda9789f2","1d31c59f-b420-4437-b3e7-3c1de5afa0a5","10",,"true",,,,,,,,,,,,,,,,,,"Untitled-Import-1",
"91","IDM","BOROBUDUR","SHELTER","Exit Gate","IDM-BOROBUDUR-SHELTER -Exit Gate-01","4","Satisfied","4",,,,"4","4","4","4","4","4","Melakukan layanan secara profesional dan ramah (menjaga kontak mata, tersenyum tulus, dan memberikan solusi dengan empati)|Memiliki penampilan yang bersih dan rapi|Memberikan informasi dengan jelas dan akurat|Melayani dengan cepat dan tepat|Membantu dan memastikan kesiapan fasilitas",,,,"Fasilitas shelter lengkap dan mendukung aktivitas pengguna|Shelter tersedia dengan baik dan mudah diakses oleh pengunjung",,,,"Shelter bersih dan terawat dengan baik|Shelter nyaman digunakan oleh penumpang saat menunggu|Alur tunggu di shelter tertata dengan baik dan mudah dipahami",,,,"9de21391-a4ed-4cc9-ba55-104011bf2be4","Completed",,"21-09-2025 15:39:00",,"85052",,"cab97c1f-67b4-11f0-a847-0a0cda9789f2","1d31c59f-b420-4437-b3e7-3c1de5afa0a5","10",,"true",,,,,,,,,,,,,,,,,,"Untitled-Import-1",
"92","IDM","BOROBUDUR","SHELTER","Exit Gate","IDM-BOROBUDUR-SHELTER -Exit Gate-01","5","Satisfied","5",,,,,,,,"5","5",,,,,,,,,"Shelter bersih dan terawat dengan baik|Shelter nyaman digunakan oleh penumpang saat menunggu|Alur tunggu di shelter tertata dengan baik dan mudah dipahami",,,,"f88b1986-36c4-4ba3-81c7-459c79e4f808","Completed",,"21-09-2025 15:39:00",,"80942",,"cab97c1f-67b4-11f0-a847-0a0cda9789f2","1d31c59f-b420-4437-b3e7-3c1de5afa0a5","10",,"true",,,,,,,,,,,,,,,,,,"Untitled-Import-1",
"93","IDM","BOROBUDUR","SHELTER","Exit Gate","IDM-BOROBUDUR-SHELTER -Exit Gate-01","5","Satisfied","5",,,,,,,,"5","5",,,,,,,,,"Shelter bersih dan terawat dengan baik",,,,"14ee711d-b4fc-4c2f-a489-a61f84d7a3e4","Completed",,"21-09-2025 16:31:00",,"16818",,"cab97c1f-67b4-11f0-a847-0a0cda9789f2","1d31c59f-b420-4437-b3e7-3c1de5afa0a5","10",,"true",,,,,,,,,,,,,,,,,,"Untitled-Import-1",
"94","IDM","BOROBUDUR","SHELTER","Exit Gate","IDM-BOROBUDUR-SHELTER -Exit Gate-01","5","Satisfied","5","Sudah  bagus😎","Overall Visitor Experience and Cultural Appreciation","Positive","5","5","5","5","5","5","Melakukan layanan secara profesional dan ramah (menjaga kontak mata, tersenyum tulus, dan memberikan solusi dengan empati)|Memiliki penampilan yang bersih dan rapi|Memberikan informasi dengan jelas dan akurat|Melayani dengan cepat dan tepat|Membantu dan memastikan kesiapan fasilitas",,,,"Fasilitas shelter lengkap dan mendukung aktivitas pengguna|Shelter tersedia dengan baik dan mudah diakses oleh pengunjung",,,,"Shelter bersih dan terawat dengan baik|Shelter nyaman digunakan oleh penumpang saat menunggu|Alur tunggu di shelter tertata dengan baik dan mudah dipahami",,,,"abd1647f-016c-499f-9411-0f0bea4f4e22","Completed",,"22-09-2025 10:25:00",,"538188",,"cab97c1f-67b4-11f0-a847-0a0cda9789f2","1d31c59f-b420-4437-b3e7-3c1de5afa0a5","10",,"true",,,,,,,,,,,,,,,,,,"Untitled-Import-1",
"95","IDM","BOROBUDUR","SHELTER","Exit Gate","IDM-BOROBUDUR-SHELTER -Exit Gate-01","5","Satisfied","5",,,,,,,,"5","5",,,,,,,,,"Shelter bersih dan terawat dengan baik|Shelter nyaman digunakan oleh penumpang saat menunggu|Alur tunggu di shelter tertata dengan baik dan mudah dipahami",,,,"ad541672-da72-4516-88bb-79f9df9aa996","Completed",,"22-09-2025 11:25:00",,"49346",,"cab97c1f-67b4-11f0-a847-0a0cda9789f2","1d31c59f-b420-4437-b3e7-3c1de5afa0a5","10",,"true",,,,,,,,,,,,,,,,,,"Untitled-Import-1",
"96","IDM","BOROBUDUR","SHELTER","Exit Gate","IDM-BOROBUDUR-SHELTER -Exit Gate-01","5","Satisfied","5",,,,"5","5",,,,,"Melakukan layanan secara profesional dan ramah (menjaga kontak mata, tersenyum tulus, dan memberikan solusi dengan empati)|Melayani dengan cepat dan tepat",,,,,,,,,,,,"2dcb36b3-2d81-4a55-8137-9541163ac718","Completed",,"22-09-2025 11:54:00",,"741029",,"cab97c1f-67b4-11f0-a847-0a0cda9789f2","1d31c59f-b420-4437-b3e7-3c1de5afa0a5","10",,"true",,,,,,,,,,,,,,,,,,"Untitled-Import-1",
"97","IDM","BOROBUDUR","SHELTER","Exit Gate","IDM-BOROBUDUR-SHELTER -Exit Gate-01","5","Satisfied","5",,,,"5","5",,,,,"Melakukan layanan secara profesional dan ramah (menjaga kontak mata, tersenyum tulus, dan memberikan solusi dengan empati)|Memiliki penampilan yang bersih dan rapi|Memberikan informasi dengan jelas dan akurat|Melayani dengan cepat dan tepat|Membantu dan memastikan kesiapan fasilitas",,,,,,,,,,,,"47d53c4e-851c-444f-891a-f5acbec4e7fb","Completed",,"22-09-2025 12:16:00",,"28658",,"cab97c1f-67b4-11f0-a847-0a0cda9789f2","1d31c59f-b420-4437-b3e7-3c1de5afa0a5","10",,"true",,,,,,,,,,,,,,,,,,"Untitled-Import-1",
"98","IDM","BOROBUDUR","SHELTER","Exit Gate","IDM-BOROBUDUR-SHELTER -Exit Gate-01","5","Satisfied","5",,,,"5","5","5","5","5","5","Melakukan layanan secara profesional dan ramah (menjaga kontak mata, tersenyum tulus, dan memberikan solusi dengan empati)|Memiliki penampilan yang bersih dan rapi|Memberikan informasi dengan jelas dan akurat|Melayani dengan cepat dan tepat|Membantu dan memastikan kesiapan fasilitas",,,,"Fasilitas shelter lengkap dan mendukung aktivitas pengguna|Shelter tersedia dengan baik dan mudah diakses oleh pengunjung",,,,"Shelter bersih dan terawat dengan baik|Shelter nyaman digunakan oleh penumpang saat menunggu|Alur tunggu di shelter tertata dengan baik dan mudah dipahami",,,,"75b46e3e-b8c1-4150-bd50-72c3fdbc1cd5","Completed",,"22-09-2025 12:16:00",,"53972",,"cab97c1f-67b4-11f0-a847-0a0cda9789f2","1d31c59f-b420-4437-b3e7-3c1de5afa0a5","10",,"true",,,,,,,,,,,,,,,,,,"Untitled-Import-1",
"99","IDM","BOROBUDUR","SHELTER","Exit Gate","IDM-BOROBUDUR-SHELTER -Exit Gate-01","5","Satisfied","5",,,,,,"5","5",,,,,,,"Fasilitas shelter lengkap dan mendukung aktivitas pengguna",,,,,,,,"30f9a62f-8a48-4184-8551-8266cf08ebcf","Completed",,"22-09-2025 12:43:00",,"76521",,"cab97c1f-67b4-11f0-a847-0a0cda9789f2","1d31c59f-b420-4437-b3e7-3c1de5afa0a5","10",,"true",,,,,,,,,,,,,,,,,,"Untitled-Import-1",
"100","IDM","BOROBUDUR","SHELTER","Exit Gate","IDM-BOROBUDUR-SHELTER -Exit Gate-01","5","Satisfied","5",,,,"5","5","5","5","5","5","Melakukan layanan secara profesional dan ramah (menjaga kontak mata, tersenyum tulus, dan memberikan solusi dengan empati)|Memiliki penampilan yang bersih dan rapi|Memberikan informasi dengan jelas dan akurat|Melayani dengan cepat dan tepat|Membantu dan memastikan kesiapan fasilitas",,,,"Fasilitas shelter lengkap dan mendukung aktivitas pengguna",,,,"Shelter bersih dan terawat dengan baik|Shelter nyaman digunakan oleh penumpang saat menunggu|Alur tunggu di shelter tertata dengan baik dan mudah dipahami",,,,"b4126f74-3da9-4490-91cb-83ab8890cb68","Completed",,"22-09-2025 14:26:00",,"32052",,"cab97c1f-67b4-11f0-a847-0a0cda9789f2","1d31c59f-b420-4437-b3e7-3c1de5afa0a5","10",,"true",,,,,,,,,,,,,,,,,,"Untitled-Import-1",
"101","IDM","BOROBUDUR","SHELTER","Exit Gate","IDM-BOROBUDUR-SHELTER -Exit Gate-01","5","Satisfied","5","Sudah sesuai dan nyaman, dipertahankan 👍","Shelter Facilities and Maintenance","Positive","5","5","5","5","5","5","Melakukan layanan secara profesional dan ramah (menjaga kontak mata, tersenyum tulus, dan memberikan solusi dengan empati)|Memiliki penampilan yang bersih dan rapi|Melayani dengan cepat dan tepat|Membantu dan memastikan kesiapan fasilitas",,,,"Fasilitas shelter lengkap dan mendukung aktivitas pengguna|Shelter tersedia dengan baik dan mudah diakses oleh pengunjung",,,,"Shelter bersih dan terawat dengan baik|Shelter nyaman digunakan oleh penumpang saat menunggu|Alur tunggu di shelter tertata dengan baik dan mudah dipahami",,,,"ddc57dd6-4414-4580-8fab-f2f7b43cd2c4","Completed",,"22-09-2025 15:02:00",,"79534",,"cab97c1f-67b4-11f0-a847-0a0cda9789f2","1d31c59f-b420-4437-b3e7-3c1de5afa0a5","10",,"true",,,,,,,,,,,,,,,,,,"Untitled-Import-1",
"102","IDM","BOROBUDUR","SHELTER","Exit Gate","IDM-BOROBUDUR-SHELTER -Exit Gate-01","4","Satisfied","4",,,,,,,,"4","4",,,,,,,,,"Alur tunggu di shelter tertata dengan baik dan mudah dipahami|Shelter nyaman digunakan oleh penumpang saat menunggu",,,,"31f8e4ab-55b3-42b8-ae25-a31bfc1fb6bb","Completed",,"22-09-2025 15:08:00",,"31166",,"cab97c1f-67b4-11f0-a847-0a0cda9789f2","1d31c59f-b420-4437-b3e7-3c1de5afa0a5","10",,"true",,,,,,,,,,,,,,,,,,"Untitled-Import-1",
"103","IDM","BOROBUDUR","SHELTER","Exit Gate","IDM-BOROBUDUR-SHELTER -Exit Gate-01","4","Satisfied","4",,,,,,,,"4","4",,,,,,,,,"Shelter nyaman digunakan oleh penumpang saat menunggu",,,,"eb141d50-bb46-4c57-aef1-c522f1e4f89f","Completed",,"23-09-2025 10:23:00",,"103119",,"cab97c1f-67b4-11f0-a847-0a0cda9789f2","1d31c59f-b420-4437-b3e7-3c1de5afa0a5","10",,"true",,,,,,,,,,,,,,,,,,"Untitled-Import-1",
"104","IDM","BOROBUDUR","SHELTER","Exit Gate","IDM-BOROBUDUR-SHELTER -Exit Gate-01","4","Satisfied","4",,,,,,"4","4",,,,,,,"Fasilitas shelter lengkap dan mendukung aktivitas pengguna",,,,,,,,"10d99000-0ce7-437b-8a39-d2e3954728b1","Completed",,"23-09-2025 10:23:00",,"84575",,"cab97c1f-67b4-11f0-a847-0a0cda9789f2","1d31c59f-b420-4437-b3e7-3c1de5afa0a5","10",,"true",,,,,,,,,,,,,,,,,,"Untitled-Import-1",
"105","IDM","BOROBUDUR","SHELTER","Exit Gate","IDM-BOROBUDUR-SHELTER -Exit Gate-01","5","Satisfied","5",,,,"5","5","5","5","5","5","Melakukan layanan secara profesional dan ramah (menjaga kontak mata, tersenyum tulus, dan memberikan solusi dengan empati)|Memiliki penampilan yang bersih dan rapi|Memberikan informasi dengan jelas dan akurat|Melayani dengan cepat dan tepat",,,,"Shelter tersedia dengan baik dan mudah diakses oleh pengunjung|Fasilitas shelter lengkap dan mendukung aktivitas pengguna",,,,"Shelter bersih dan terawat dengan baik|Shelter nyaman digunakan oleh penumpang saat menunggu|Alur tunggu di shelter tertata dengan baik dan mudah dipahami",,,,"4ab546b3-159a-40bd-ae4e-18373309cc5d","Completed",,"23-09-2025 10:26:00",,"80255",,"cab97c1f-67b4-11f0-a847-0a0cda9789f2","1d31c59f-b420-4437-b3e7-3c1de5afa0a5","10",,"true",,,,,,,,,,,,,,,,,,"Untitled-Import-1",
"106","IDM","BOROBUDUR","SHELTER","Exit Gate","IDM-BOROBUDUR-SHELTER -Exit Gate-01","5","Satisfied","5",,,,"5","5","5","5","5","5","Melakukan layanan secara profesional dan ramah (menjaga kontak mata, tersenyum tulus, dan memberikan solusi dengan empati)|Memiliki penampilan yang bersih dan rapi|Memberikan informasi dengan jelas dan akurat|Melayani dengan cepat dan tepat|Membantu dan memastikan kesiapan fasilitas",,,,"Fasilitas shelter lengkap dan mendukung aktivitas pengguna|Shelter tersedia dengan baik dan mudah diakses oleh pengunjung",,,,"Shelter bersih dan terawat dengan baik|Alur tunggu di shelter tertata dengan baik dan mudah dipahami|Shelter nyaman digunakan oleh penumpang saat menunggu",,,,"db6d294c-eaf9-4658-84f2-50d53fd6ccdd","Completed",,"23-09-2025 11:30:00",,"29654",,"cab97c1f-67b4-11f0-a847-0a0cda9789f2","1d31c59f-b420-4437-b3e7-3c1de5afa0a5","10",,"true",,,,,,,,,,,,,,,,,,"Untitled-Import-1",
"107","IDM","BOROBUDUR","SHELTER","Exit Gate","IDM-BOROBUDUR-SHELTER -Exit Gate-01","5","Satisfied","5",,,,"5","5","5","5","5","5","Melakukan layanan secara profesional dan ramah (menjaga kontak mata, tersenyum tulus, dan memberikan solusi dengan empati)|Memiliki penampilan yang bersih dan rapi|Memberikan informasi dengan jelas dan akurat|Melayani dengan cepat dan tepat|Membantu dan memastikan kesiapan fasilitas",,,,"Fasilitas shelter lengkap dan mendukung aktivitas pengguna|Shelter tersedia dengan baik dan mudah diakses oleh pengunjung",,,,"Shelter bersih dan terawat dengan baik|Shelter nyaman digunakan oleh penumpang saat menunggu|Alur tunggu di shelter tertata dengan baik dan mudah dipahami",,,,"87ae4f53-0648-4471-89a0-cd78b8b9a7fa","Completed",,"23-09-2025 11:30:00",,"35529",,"cab97c1f-67b4-11f0-a847-0a0cda9789f2","1d31c59f-b420-4437-b3e7-3c1de5afa0a5","10",,"true",,,,,,,,,,,,,,,,,,"Untitled-Import-1",
"108","IDM","BOROBUDUR","SHELTER","Exit Gate","IDM-BOROBUDUR-SHELTER -Exit Gate-01","4","Satisfied","4",,,,"4","4",,,,,"Melakukan layanan secara profesional dan ramah (menjaga kontak mata, tersenyum tulus, dan memberikan solusi dengan empati)",,,,,,,,,,,,"9e27b510-2afd-49c6-b9d4-2c3a5892f60e","Completed",,"23-09-2025 11:31:00",,"62957",,"cab97c1f-67b4-11f0-a847-0a0cda9789f2","1d31c59f-b420-4437-b3e7-3c1de5afa0a5","10",,"true",,,,,,,,,,,,,,,,,,"Untitled-Import-1",
"109","IDM","BOROBUDUR","SHELTER","Exit Gate","IDM-BOROBUDUR-SHELTER -Exit Gate-01","5","Satisfied","5",,,,,,,,"5","5",,,,,,,,,"Alur tunggu di shelter tertata dengan baik dan mudah dipahami",,,,"d7bec4c7-fb0f-40f5-904b-1b25e77baa5b","Completed",,"23-09-2025 12:09:00",,"38369",,"cab97c1f-67b4-11f0-a847-0a0cda9789f2","1d31c59f-b420-4437-b3e7-3c1de5afa0a5","10",,"true",,,,,,,,,,,,,,,,,,"Untitled-Import-1",
"110","IDM","BOROBUDUR","SHELTER","Exit Gate","IDM-BOROBUDUR-SHELTER -Exit Gate-01","5","Satisfied","5","Anna was very nice and professional. She was amazing with us. Thank you","Staff and Guide Behavior and Service Quality","Positive","5","5",,,,,"Melakukan layanan secara profesional dan ramah (menjaga kontak mata, tersenyum tulus, dan memberikan solusi dengan empati)|Melayani dengan cepat dan tepat|Memiliki penampilan yang bersih dan rapi|Memberikan informasi dengan jelas dan akurat|Membantu dan memastikan kesiapan fasilitas",,,,,,,,,,,,"87a7daba-018a-4e5c-a262-13704b0ce5b3","Completed",,"23-09-2025 13:19:00",,"85603",,"cab97c1f-67b4-11f0-a847-0a0cda9789f2","1d31c59f-b420-4437-b3e7-3c1de5afa0a5","10",,"true",,,,,,,,,,,,,,,,,,"Untitled-Import-1",
"111","IDM","BOROBUDUR","SHELTER","Exit Gate","IDM-BOROBUDUR-SHELTER -Exit Gate-01","5","Satisfied","5",,,,"5","5","5","5","5","5","Melakukan layanan secara profesional dan ramah (menjaga kontak mata, tersenyum tulus, dan memberikan solusi dengan empati)|Memiliki penampilan yang bersih dan rapi|Memberikan informasi dengan jelas dan akurat|Melayani dengan cepat dan tepat|Membantu dan memastikan kesiapan fasilitas",,,,"Fasilitas shelter lengkap dan mendukung aktivitas pengguna|Lainnya|Shelter tersedia dengan baik dan mudah diakses oleh pengunjung","Bagus",,,"Shelter bersih dan terawat dengan baik|Shelter nyaman digunakan oleh penumpang saat menunggu|Alur tunggu di shelter tertata dengan baik dan mudah dipahami",,,,"e44e6ee1-7c5f-4d87-8bf1-c19e55c02641","Completed",,"23-09-2025 13:44:00",,"46323",,"cab97c1f-67b4-11f0-a847-0a0cda9789f2","1d31c59f-b420-4437-b3e7-3c1de5afa0a5","10",,"true",,,,,,,,,,,,,,,,,,"Untitled-Import-1",
"112","IDM","BOROBUDUR","SHELTER","Exit Gate","IDM-BOROBUDUR-SHELTER -Exit Gate-01","5","Satisfied","5",,,,"5","5","5","5","5","5","Melayani dengan cepat dan tepat",,,,"Shelter tersedia dengan baik dan mudah diakses oleh pengunjung",,,,"Alur tunggu di shelter tertata dengan baik dan mudah dipahami|Shelter nyaman digunakan oleh penumpang saat menunggu|Shelter bersih dan terawat dengan baik",,,,"617af72f-827c-48ad-a29f-50ffccdf8866","Completed",,"23-09-2025 14:28:00",,"158113",,"cab97c1f-67b4-11f0-a847-0a0cda9789f2","1d31c59f-b420-4437-b3e7-3c1de5afa0a5","10",,"true",,,,,,,,,,,,,,,,,,"Untitled-Import-1",
"113","IDM","BOROBUDUR","SHELTER","Exit Gate","IDM-BOROBUDUR-SHELTER -Exit Gate-01","3","Neutral","3",,,,,,,,"3","3",,,,,,,,,,,"Alur tunggu di shelter tidak tertata dengan baik dan membingungkan",,"a8f34711-fe3a-4522-a8ed-1c02ff8ecacb","Completed",,"23-09-2025 14:59:00",,"52771",,"cab97c1f-67b4-11f0-a847-0a0cda9789f2","1d31c59f-b420-4437-b3e7-3c1de5afa0a5","10",,"true",,,,,,,,,,,,,,,,,,"Untitled-Import-1",
"114","IDM","BOROBUDUR","SHELTER","Exit Gate","IDM-BOROBUDUR-SHELTER -Exit Gate-01","5","Satisfied","5","Fasilitas dan pelayanannya ditingkatkan lagi","Shelter Facilities and Maintenance","Neutral","5","5",,,,,"Memberikan informasi dengan jelas dan akurat",,,,,,,,,,,,"0a7b57c7-dfab-4777-b380-208338b96fb3","Completed",,"23-09-2025 15:09:00",,"117319",,"cab97c1f-67b4-11f0-a847-0a0cda9789f2","1d31c59f-b420-4437-b3e7-3c1de5afa0a5","10",,"true",,,,,,,,,,,,,,,,,,"Untitled-Import-1",
"115","IDM","BOROBUDUR","SHELTER","Exit Gate","IDM-BOROBUDUR-SHELTER -Exit Gate-01","5","Satisfied","5",,,,"5","5","5","5","5","5","Melayani dengan cepat dan tepat",,,,"Shelter tersedia dengan baik dan mudah diakses oleh pengunjung",,,,"Shelter nyaman digunakan oleh penumpang saat menunggu",,,,"2b366eea-db40-4962-aa28-f367d826e173","Completed",,"24-09-2025 10:13:00",,"195561",,"cab97c1f-67b4-11f0-a847-0a0cda9789f2","1d31c59f-b420-4437-b3e7-3c1de5afa0a5","10",,"true",,,,,,,,,,,,,,,,,,"Untitled-Import-1",
"116","IDM","BOROBUDUR","SHELTER","Exit Gate","IDM-BOROBUDUR-SHELTER -Exit Gate-01","4","Satisfied","4","Di pertahankan","Shelter Facilities and Maintenance","Positive","4","4","4","4","4","4","Melakukan layanan secara profesional dan ramah (menjaga kontak mata, tersenyum tulus, dan memberikan solusi dengan empati)|Memiliki penampilan yang bersih dan rapi|Memberikan informasi dengan jelas dan akurat|Melayani dengan cepat dan tepat|Membantu dan memastikan kesiapan fasilitas",,,,"Fasilitas shelter lengkap dan mendukung aktivitas pengguna|Shelter tersedia dengan baik dan mudah diakses oleh pengunjung",,,,"Shelter bersih dan terawat dengan baik|Shelter nyaman digunakan oleh penumpang saat menunggu|Alur tunggu di shelter tertata dengan baik dan mudah dipahami",,,,"8a6a2855-871e-41d2-befa-371aeba4806e","Completed",,"24-09-2025 10:28:00",,"55539",,"cab97c1f-67b4-11f0-a847-0a0cda9789f2","1d31c59f-b420-4437-b3e7-3c1de5afa0a5","10",,"true",,,,,,,,,,,,,,,,,,"Untitled-Import-1",
"117","IDM","BOROBUDUR","SHELTER","Exit Gate","IDM-BOROBUDUR-SHELTER -Exit Gate-01","5","Satisfied","5","All super","Overall Visitor Experience and Cultural Appreciation","Positive",,,,,"5","5",,,,,,,,,"Shelter nyaman digunakan oleh penumpang saat menunggu|Shelter bersih dan terawat dengan baik|Alur tunggu di shelter tertata dengan baik dan mudah dipahami",,,,"f5983c1c-dd2e-4d50-930c-4435049e0c04","Completed",,"24-09-2025 10:39:00",,"168606",,"cab97c1f-67b4-11f0-a847-0a0cda9789f2","1d31c59f-b420-4437-b3e7-3c1de5afa0a5","10",,"true",,,,,,,,,,,,,,,,,,"Untitled-Import-1",
"118","IDM","BOROBUDUR","SHELTER","Exit Gate","IDM-BOROBUDUR-SHELTER -Exit Gate-01","5","Satisfied","5",,,,"5","5","5","5","5","5","Melakukan layanan secara profesional dan ramah (menjaga kontak mata, tersenyum tulus, dan memberikan solusi dengan empati)|Memiliki penampilan yang bersih dan rapi|Memberikan informasi dengan jelas dan akurat|Melayani dengan cepat dan tepat|Membantu dan memastikan kesiapan fasilitas",,,,"Fasilitas shelter lengkap dan mendukung aktivitas pengguna|Shelter tersedia dengan baik dan mudah diakses oleh pengunjung",,,,"Shelter bersih dan terawat dengan baik|Shelter nyaman digunakan oleh penumpang saat menunggu|Alur tunggu di shelter tertata dengan baik dan mudah dipahami",,,,"d40a7716-dd1a-407c-b8ed-412b8128e40a","Completed",,"24-09-2025 10:48:00",,"105251",,"cab97c1f-67b4-11f0-a847-0a0cda9789f2","1d31c59f-b420-4437-b3e7-3c1de5afa0a5","10",,"true",,,,,,,,,,,,,,,,,,"Untitled-Import-1",
"119","IDM","BOROBUDUR","SHELTER","Exit Gate","IDM-BOROBUDUR-SHELTER -Exit Gate-01","5","Satisfied","5",,,,"5","5","5","5","5","5","Memiliki penampilan yang bersih dan rapi|Memberikan informasi dengan jelas dan akurat|Melayani dengan cepat dan tepat",,,,"Fasilitas shelter lengkap dan mendukung aktivitas pengguna|Shelter tersedia dengan baik dan mudah diakses oleh pengunjung",,,,"Shelter bersih dan terawat dengan baik|Shelter nyaman digunakan oleh penumpang saat menunggu|Alur tunggu di shelter tertata dengan baik dan mudah dipahami",,,,"76663ef2-85fe-4499-ba9e-5fa526b0ca1f","Completed",,"24-09-2025 11:01:00",,"1454057",,"cab97c1f-67b4-11f0-a847-0a0cda9789f2","1d31c59f-b420-4437-b3e7-3c1de5afa0a5","10",,"true",,,,,,,,,,,,,,,,,,"Untitled-Import-1",
"120","IDM","BOROBUDUR","SHELTER","Exit Gate","IDM-BOROBUDUR-SHELTER -Exit Gate-01","4","Satisfied","4","Shelter dari candi menuju exit cukup menunggu waktu lama. Diusahakan ada waktu seperti 15 menit sekali, agar kalaupun menunggu tetap ada kejelasan.","Crowd and Queue Management","Negative","4","4",,,,,"Memberikan informasi dengan jelas dan akurat|Melakukan layanan secara profesional dan ramah (menjaga kontak mata, tersenyum tulus, dan memberikan solusi dengan empati)|Membantu dan memastikan kesiapan fasilitas",,,,,,,,,,,,"c082df89-822f-4eb4-a73e-d0553d4b3e4e","Completed",,"24-09-2025 11:09:00",,"142505",,"cab97c1f-67b4-11f0-a847-0a0cda9789f2","1d31c59f-b420-4437-b3e7-3c1de5afa0a5","10",,"true",,,,,,,,,,,,,,,,,,"Untitled-Import-1",
"121","IDM","BOROBUDUR","SHELTER","Exit Gate","IDM-BOROBUDUR-SHELTER -Exit Gate-01","3","Neutral","3","lama nunggunya","Crowd and Queue Management","Negative",,,"3","3",,,,,,,,,"Shelter tidak tersedia atau sulit diakses oleh pengunjung",,,,,,"aaf66a59-3e63-457b-b9e3-19e2b5d7306f","Completed",,"24-09-2025 11:10:00",,"125129",,"cab97c1f-67b4-11f0-a847-0a0cda9789f2","1d31c59f-b420-4437-b3e7-3c1de5afa0a5","10",,"true",,,,,,,,,,,,,,,,,,"Untitled-Import-1",
"122","IDM","BOROBUDUR","SHELTER","Exit Gate","IDM-BOROBUDUR-SHELTER -Exit Gate-01","5","Satisfied","5",,,,"5","5",,,,,"Melakukan layanan secara profesional dan ramah (menjaga kontak mata, tersenyum tulus, dan memberikan solusi dengan empati)",,,,,,,,,,,,"12875cf5-c3d9-473f-b09e-69862d7fe379","Completed",,"24-09-2025 11:35:00",,"26232",,"cab97c1f-67b4-11f0-a847-0a0cda9789f2","1d31c59f-b420-4437-b3e7-3c1de5afa0a5","10",,"true",,,,,,,,,,,,,,,,,,"Untitled-Import-1",
"123","IDM","BOROBUDUR","SHELTER","Exit Gate","IDM-BOROBUDUR-SHELTER -Exit Gate-01","5","Satisfied","5","Sudah bagus,","Shelter Facilities and Maintenance","Positive","5","5","5","5","5","5","Melakukan layanan secara profesional dan ramah (menjaga kontak mata, tersenyum tulus, dan memberikan solusi dengan empati)|Memberikan informasi dengan jelas dan akurat|Memiliki penampilan yang bersih dan rapi|Melayani dengan cepat dan tepat|Membantu dan memastikan kesiapan fasilitas",,,,"Fasilitas shelter lengkap dan mendukung aktivitas pengguna|Shelter tersedia dengan baik dan mudah diakses oleh pengunjung",,,,"Shelter bersih dan terawat dengan baik|Shelter nyaman digunakan oleh penumpang saat menunggu|Alur tunggu di shelter tertata dengan baik dan mudah dipahami",,,,"8a26e610-e6c9-436e-a2aa-fd2b4875bf36","Completed",,"24-09-2025 11:37:00",,"120199",,"cab97c1f-67b4-11f0-a847-0a0cda9789f2","1d31c59f-b420-4437-b3e7-3c1de5afa0a5","10",,"true",,,,,,,,,,,,,,,,,,"Untitled-Import-1",
"124","IDM","BOROBUDUR","SHELTER","Exit Gate","IDM-BOROBUDUR-SHELTER -Exit Gate-01","5","Satisfied","5",,,,,,,,"5","5",,,,,,,,,"Shelter bersih dan terawat dengan baik",,,,"b83a7b3c-0694-4b66-af87-0cf199cc48c6","Completed",,"24-09-2025 12:30:00",,"39663",,"cab97c1f-67b4-11f0-a847-0a0cda9789f2","1d31c59f-b420-4437-b3e7-3c1de5afa0a5","10",,"true",,,,,,,,,,,,,,,,,,"Untitled-Import-1",
"125","IDM","BOROBUDUR","SHELTER","Exit Gate","IDM-BOROBUDUR-SHELTER -Exit Gate-01","5","Satisfied","5","Sudah sangat baik😊","Shelter Facilities and Maintenance","Positive","5","5","5","5","5","5","Melakukan layanan secara profesional dan ramah (menjaga kontak mata, tersenyum tulus, dan memberikan solusi dengan empati)|Memiliki penampilan yang bersih dan rapi|Memberikan informasi dengan jelas dan akurat|Melayani dengan cepat dan tepat|Membantu dan memastikan kesiapan fasilitas",,,,"Fasilitas shelter lengkap dan mendukung aktivitas pengguna|Shelter tersedia dengan baik dan mudah diakses oleh pengunjung",,,,"Shelter bersih dan terawat dengan baik|Shelter nyaman digunakan oleh penumpang saat menunggu|Alur tunggu di shelter tertata dengan baik dan mudah dipahami",,,,"e3119323-b60c-4ba1-9f30-7813f13cd4f3","Completed",,"24-09-2025 13:10:00",,"72615",,"cab97c1f-67b4-11f0-a847-0a0cda9789f2","1d31c59f-b420-4437-b3e7-3c1de5afa0a5","10",,"true",,,,,,,,,,,,,,,,,,"Untitled-Import-1",
"126","IDM","BOROBUDUR","SHELTER","Exit Gate","IDM-BOROBUDUR-SHELTER -Exit Gate-01","4","Satisfied","4","Semoga lebih jauh jalur nya, dan sedikit jalan kaki untuk mencapai shelter","Shelter Location, Accessibility, and Arrangement","Negative",,,"4","4",,,,,,,"Lainnya","Tidak mengelilingi lokasi wisata",,,,,,,"1bb4d834-31ae-4de6-998e-5ea4a4f1a031","Completed",,"24-09-2025 13:26:00",,"185979",,"cab97c1f-67b4-11f0-a847-0a0cda9789f2","1d31c59f-b420-4437-b3e7-3c1de5afa0a5","10",,"true",,,,,,,,,,,,,,,,,,"Untitled-Import-1",
"127","IDM","BOROBUDUR","SHELTER","Exit Gate","IDM-BOROBUDUR-SHELTER -Exit Gate-01","5","Satisfied","5",,,,,,,,"5","5",,,,,,,,,"Shelter bersih dan terawat dengan baik",,,,"50ded949-6987-4311-833f-f6c71ef5ddeb","Completed",,"24-09-2025 13:33:00",,"39586",,"cab97c1f-67b4-11f0-a847-0a0cda9789f2","1d31c59f-b420-4437-b3e7-3c1de5afa0a5","10",,"true",,,,,,,,,,,,,,,,,,"Untitled-Import-1",
"128","IDM","BOROBUDUR","SHELTER","Exit Gate","IDM-BOROBUDUR-SHELTER -Exit Gate-01","5","Satisfied","5",,,,,,,,"5","5",,,,,,,,,"Alur tunggu di shelter tertata dengan baik dan mudah dipahami",,,,"daa28637-d1b3-4ede-94f5-a0bc96fcd0bd","Completed",,"24-09-2025 14:19:00",,"57663",,"cab97c1f-67b4-11f0-a847-0a0cda9789f2","1d31c59f-b420-4437-b3e7-3c1de5afa0a5","10",,"true",,,,,,,,,,,,,,,,,,"Untitled-Import-1",
"129","IDM","BOROBUDUR","SHELTER","Exit Gate","IDM-BOROBUDUR-SHELTER -Exit Gate-01","5","Satisfied","5",,,,"5","5","5","5","5","5","Melakukan layanan secara profesional dan ramah (menjaga kontak mata, tersenyum tulus, dan memberikan solusi dengan empati)",,,,"Fasilitas shelter lengkap dan mendukung aktivitas pengguna|Shelter tersedia dengan baik dan mudah diakses oleh pengunjung",,,,"Shelter bersih dan terawat dengan baik|Shelter nyaman digunakan oleh penumpang saat menunggu|Alur tunggu di shelter tertata dengan baik dan mudah dipahami",,,,"aa07a39a-b289-4f85-bb8f-152db71605ae","Completed",,"25-09-2025 09:33:00",,"63463",,"cab97c1f-67b4-11f0-a847-0a0cda9789f2","1d31c59f-b420-4437-b3e7-3c1de5afa0a5","10",,"true",,,,,,,,,,,,,,,,,,"Untitled-Import-1",
"130","IDM","BOROBUDUR","SHELTER","Exit Gate","IDM-BOROBUDUR-SHELTER -Exit Gate-01","5","Satisfied","5",,,,"5","5","5","5","5","5","Melakukan layanan secara profesional dan ramah (menjaga kontak mata, tersenyum tulus, dan memberikan solusi dengan empati)|Memiliki penampilan yang bersih dan rapi|Memberikan informasi dengan jelas dan akurat|Melayani dengan cepat dan tepat|Membantu dan memastikan kesiapan fasilitas",,,,"Fasilitas shelter lengkap dan mendukung aktivitas pengguna",,,,"Shelter bersih dan terawat dengan baik|Alur tunggu di shelter tertata dengan baik dan mudah dipahami|Shelter nyaman digunakan oleh penumpang saat menunggu",,,,"13e40c8d-e682-45f2-85d7-5cea16eefc68","Completed",,"25-09-2025 10:20:00",,"39814",,"cab97c1f-67b4-11f0-a847-0a0cda9789f2","1d31c59f-b420-4437-b3e7-3c1de5afa0a5","10",,"true",,,,,,,,,,,,,,,,,,"Untitled-Import-1",
"131","IDM","BOROBUDUR","SHELTER","Exit Gate","IDM-BOROBUDUR-SHELTER -Exit Gate-01","5","Satisfied","5","None",,"Neutral",,,,,"5","5",,,,,,,,,"Alur tunggu di shelter tertata dengan baik dan mudah dipahami",,,,"08a2b9d6-b354-4c04-a4c3-b0d4e12a2771","Completed",,"25-09-2025 10:25:00",,"185972",,"cab97c1f-67b4-11f0-a847-0a0cda9789f2","1d31c59f-b420-4437-b3e7-3c1de5afa0a5","10",,"true",,,,,,,,,,,,,,,,,,"Untitled-Import-1",
"132","IDM","BOROBUDUR","SHELTER","Exit Gate","IDM-BOROBUDUR-SHELTER -Exit Gate-01","5","Satisfied","5",,,,"5","5",,,,,"Melakukan layanan secara profesional dan ramah (menjaga kontak mata, tersenyum tulus, dan memberikan solusi dengan empati)",,,,,,,,,,,,"19f37e23-07b8-4267-a5d3-b6874e4c4fff","Completed",,"25-09-2025 10:33:00",,"54008",,"cab97c1f-67b4-11f0-a847-0a0cda9789f2","1d31c59f-b420-4437-b3e7-3c1de5afa0a5","10",,"true",,,,,,,,,,,,,,,,,,"Untitled-Import-1",
"133","IDM","BOROBUDUR","SHELTER","Exit Gate","IDM-BOROBUDUR-SHELTER -Exit Gate-01","5","Satisfied","5",,,,"5","5",,,,,"Melakukan layanan secara profesional dan ramah (menjaga kontak mata, tersenyum tulus, dan memberikan solusi dengan empati)",,,,,,,,,,,,"3f680416-78de-4dbd-822e-e686144febc9","Completed",,"25-09-2025 11:00:00",,"25089",,"cab97c1f-67b4-11f0-a847-0a0cda9789f2","1d31c59f-b420-4437-b3e7-3c1de5afa0a5","10",,"true",,,,,,,,,,,,,,,,,,"Untitled-Import-1",
"134","IDM","BOROBUDUR","SHELTER","Exit Gate","IDM-BOROBUDUR-SHELTER -Exit Gate-01","5","Satisfied","5",,,,,,,,"5","5",,,,,,,,,"Shelter nyaman digunakan oleh penumpang saat menunggu",,,,"4d5f3ec4-c46e-4314-b594-ae10df6c7f41","Completed",,"25-09-2025 11:19:00",,"26318",,"cab97c1f-67b4-11f0-a847-0a0cda9789f2","1d31c59f-b420-4437-b3e7-3c1de5afa0a5","10",,"true",,,,,,,,,,,,,,,,,,"Untitled-Import-1",
"135","IDM","BOROBUDUR","SHELTER","Exit Gate","IDM-BOROBUDUR-SHELTER -Exit Gate-01","5","Satisfied","5","Pelayanan bagus","Staff and Guide Behavior and Service Quality","Positive",,,,,"5","5",,,,,,,,,"Shelter nyaman digunakan oleh penumpang saat menunggu",,,,"b0568d83-789c-4e9a-a43f-ca17a9b353e7","Completed",,"25-09-2025 12:46:00",,"704928",,"cab97c1f-67b4-11f0-a847-0a0cda9789f2","1d31c59f-b420-4437-b3e7-3c1de5afa0a5","10",,"true",,,,,,,,,,,,,,,,,,"Untitled-Import-1",
"136","IDM","BOROBUDUR","SHELTER","Exit Gate","IDM-BOROBUDUR-SHELTER -Exit Gate-01","4","Satisfied","4",,,,"4","4",,,,,"Melakukan layanan secara profesional dan ramah (menjaga kontak mata, tersenyum tulus, dan memberikan solusi dengan empati)|Memiliki penampilan yang bersih dan rapi|Memberikan informasi dengan jelas dan akurat",,,,,,,,,,,,"3a1491f0-534f-4749-b846-126258db5ae3","Completed",,"25-09-2025 13:28:00",,"45816",,"cab97c1f-67b4-11f0-a847-0a0cda9789f2","1d31c59f-b420-4437-b3e7-3c1de5afa0a5","10",,"true",,,,,,,,,,,,,,,,,,"Untitled-Import-1",
"137","IDM","BOROBUDUR","SHELTER","Exit Gate","IDM-BOROBUDUR-SHELTER -Exit Gate-01","5","Satisfied","5",,,,,,,,"5","5",,,,,,,,,"Shelter nyaman digunakan oleh penumpang saat menunggu",,,,"0d64a64c-55c8-48fd-94de-efbf09a98227","Completed",,"25-09-2025 13:29:00",,"45900",,"cab97c1f-67b4-11f0-a847-0a0cda9789f2","1d31c59f-b420-4437-b3e7-3c1de5afa0a5","10",,"true",,,,,,,,,,,,,,,,,,"Untitled-Import-1",
"138","IDM","BOROBUDUR","SHELTER","Exit Gate","IDM-BOROBUDUR-SHELTER -Exit Gate-01","5","Satisfied","5","sediakan kendaraan kecil biar ga cape","Additional Amenities and Convenience Features","Neutral","5","5","5","5","5","5","Melakukan layanan secara profesional dan ramah (menjaga kontak mata, tersenyum tulus, dan memberikan solusi dengan empati)|Membantu dan memastikan kesiapan fasilitas|Memiliki penampilan yang bersih dan rapi|Memberikan informasi dengan jelas dan akurat|Melayani dengan cepat dan tepat",,,,"Fasilitas shelter lengkap dan mendukung aktivitas pengguna",,,,"Shelter nyaman digunakan oleh penumpang saat menunggu",,,,"e9d3ab85-308c-4c76-af72-72f9adc5ef20","Completed",,"25-09-2025 13:35:00",,"196123",,"cab97c1f-67b4-11f0-a847-0a0cda9789f2","1d31c59f-b420-4437-b3e7-3c1de5afa0a5","10",,"true",,,,,,,,,,,,,,,,,,"Untitled-Import-1",
"139","IDM","BOROBUDUR","SHELTER","Exit Gate","IDM-BOROBUDUR-SHELTER -Exit Gate-01","4","Satisfied","4","Bagus, hanya saja utk kendaraan yg muter di area Borobudur harganya blm menjangkau semua","Pricing, Payment Transparency, and Shelter Usage Policies","Negative",,,"4","4",,,,,,,"Shelter tersedia dengan baik dan mudah diakses oleh pengunjung",,,,,,,,"6799fc2f-ff70-4227-86da-9dddb7e524c7","Completed",,"25-09-2025 13:53:00",,"229439",,"cab97c1f-67b4-11f0-a847-0a0cda9789f2","1d31c59f-b420-4437-b3e7-3c1de5afa0a5","10",,"true",,,,,,,,,,,,,,,,,,"Untitled-Import-1",
"140","IDM","BOROBUDUR","SHELTER","Exit Gate","IDM-BOROBUDUR-SHELTER -Exit Gate-01","5","Satisfied","5","tidak ada",,"Neutral",,,,,"5","5",,,,,,,,,"Alur tunggu di shelter tertata dengan baik dan mudah dipahami",,,,"290b94f3-5249-48d7-ac40-6306d2ad0a07","Completed",,"25-09-2025 14:25:00",,"82918",,"cab97c1f-67b4-11f0-a847-0a0cda9789f2","1d31c59f-b420-4437-b3e7-3c1de5afa0a5","10",,"true",,,,,,,,,,,,,,,,,,"Untitled-Import-1",
"141","IDM","BOROBUDUR","SHELTER","Exit Gate","IDM-BOROBUDUR-SHELTER -Exit Gate-01","4","Satisfied","4","Sangat nyaman dan praktis","Shelter Comfort and Environmental Conditions","Positive",,,"4","4","4","4",,,,,,,,,"Shelter nyaman digunakan oleh penumpang saat menunggu",,,,"77913fde-9373-448f-b22d-6e56c5b81f81","Completed",,"25-09-2025 14:25:00",,"94321",,"cab97c1f-67b4-11f0-a847-0a0cda9789f2","1d31c59f-b420-4437-b3e7-3c1de5afa0a5","10",,"true",,,,,,,,,,,,,,,,,,"Untitled-Import-1",
"142","IDM","BOROBUDUR","SHELTER","Exit Gate","IDM-BOROBUDUR-SHELTER -Exit Gate-01","4","Satisfied","4",,,,,,,,"4","4",,,,,,,,,"Lainnya","karena di suruh bayar anjirr",,,"40022fb5-595e-4d6e-9ad6-4558f5bec59d","Completed",,"25-09-2025 14:25:00",,"84805",,"cab97c1f-67b4-11f0-a847-0a0cda9789f2","1d31c59f-b420-4437-b3e7-3c1de5afa0a5","10",,"true",,,,,,,,,,,,,,,,,,"Untitled-Import-1",
"143","IDM","BOROBUDUR","SHELTER","Exit Gate","IDM-BOROBUDUR-SHELTER -Exit Gate-01","1","Not Satisfied","1","Lebih produktif lagi","Overall Visitor Experience and Cultural Appreciation","Neutral","1","1",,,,,,,"Tidak membantu dan memastikan kesiapan fasilitas|Tidak melayani dengan cepat dan tepat|Tidak melakukan layanan secara profesional dan ramah (menjaga kontak mata, tersenyum tulus, dan memberikan solusi dengan empati)|Lainnya","Shelter berbayar",,,,,,,,,"bf6df71c-7aba-43fd-97c1-c4449ba2e828","Completed",,"25-09-2025 14:26:00",,"89533",,"cab97c1f-67b4-11f0-a847-0a0cda9789f2","1d31c59f-b420-4437-b3e7-3c1de5afa0a5","10",,"true",,,,,,,,,,,,,,,,,,"Untitled-Import-1",
"144","IDM","BOROBUDUR","SHELTER","Exit Gate","IDM-BOROBUDUR-SHELTER -Exit Gate-01","5","Satisfied","5",,,,"5","5","5","5","5","5","Melakukan layanan secara profesional dan ramah (menjaga kontak mata, tersenyum tulus, dan memberikan solusi dengan empati)|Memiliki penampilan yang bersih dan rapi|Memberikan informasi dengan jelas dan akurat|Melayani dengan cepat dan tepat|Membantu dan memastikan kesiapan fasilitas",,,,"Fasilitas shelter lengkap dan mendukung aktivitas pengguna|Shelter tersedia dengan baik dan mudah diakses oleh pengunjung",,,,"Shelter bersih dan terawat dengan baik|Shelter nyaman digunakan oleh penumpang saat menunggu|Alur tunggu di shelter tertata dengan baik dan mudah dipahami",,,,"77e08bb0-4afa-49b4-bad6-3a29f50021df","Completed",,"25-09-2025 14:28:00",,"68088",,"cab97c1f-67b4-11f0-a847-0a0cda9789f2","1d31c59f-b420-4437-b3e7-3c1de5afa0a5","10",,"true",,,,,,,,,,,,,,,,,,"Untitled-Import-1",
"145","IDM","BOROBUDUR","SHELTER","Exit Gate","IDM-BOROBUDUR-SHELTER -Exit Gate-01","5","Satisfied","5","bagus semoga lebih berkembang","Overall Visitor Experience and Cultural Appreciation","Positive","5","5","5","5","5","5","Melakukan layanan secara profesional dan ramah (menjaga kontak mata, tersenyum tulus, dan memberikan solusi dengan empati)|Memiliki penampilan yang bersih dan rapi|Memberikan informasi dengan jelas dan akurat|Melayani dengan cepat dan tepat|Membantu dan memastikan kesiapan fasilitas",,,,"Fasilitas shelter lengkap dan mendukung aktivitas pengguna|Shelter tersedia dengan baik dan mudah diakses oleh pengunjung",,,,"Shelter bersih dan terawat dengan baik|Alur tunggu di shelter tertata dengan baik dan mudah dipahami|Shelter nyaman digunakan oleh penumpang saat menunggu",,,,"d3154a7a-76c7-4cdb-a1f6-a1bff460d4fe","Completed",,"25-09-2025 14:28:00",,"96093",,"cab97c1f-67b4-11f0-a847-0a0cda9789f2","1d31c59f-b420-4437-b3e7-3c1de5afa0a5","10",,"true",,,,,,,,,,,,,,,,,,"Untitled-Import-1",
"146","IDM","BOROBUDUR","SHELTER","Exit Gate","IDM-BOROBUDUR-SHELTER -Exit Gate-01","5","Satisfied","5","sangat puas","Overall Visitor Experience and Cultural Appreciation","Positive","5","5","5","5","5","5","Melakukan layanan secara profesional dan ramah (menjaga kontak mata, tersenyum tulus, dan memberikan solusi dengan empati)|Memiliki penampilan yang bersih dan rapi|Memberikan informasi dengan jelas dan akurat|Melayani dengan cepat dan tepat|Membantu dan memastikan kesiapan fasilitas",,,,"Fasilitas shelter lengkap dan mendukung aktivitas pengguna|Shelter tersedia dengan baik dan mudah diakses oleh pengunjung",,,,"Shelter bersih dan terawat dengan baik|Shelter nyaman digunakan oleh penumpang saat menunggu|Alur tunggu di shelter tertata dengan baik dan mudah dipahami",,,,"f3d3cb0c-ba26-4970-a2e5-5e2fc5cc8a97","Completed",,"25-09-2025 14:28:00",,"105485",,"cab97c1f-67b4-11f0-a847-0a0cda9789f2","1d31c59f-b420-4437-b3e7-3c1de5afa0a5","10",,"true",,,,,,,,,,,,,,,,,,"Untitled-Import-1",
"147","IDM","BOROBUDUR","SHELTER","Exit Gate","IDM-BOROBUDUR-SHELTER -Exit Gate-01","1","Not Satisfied","1","Kompes yang 1",,"Positive","1","1","1","1","1","1",,,"Tidak melakukan layanan secara profesional dan ramah (menjaga kontak mata, tersenyum tulus, dan memberikan solusi dengan empati)|Tidak berpenampilan bersih dan rapi|Memberikan informasi dengan kurang jelas dan akurat|Tidak melayani dengan cepat dan tepat|Tidak membantu dan memastikan kesiapan fasilitas|Lainnya","Kondisi",,,"Fasilitas shelter kurang lengkap dan belum mendukung kenyamanan pengguna|Lainnya","Kondisi",,,"Shelter kotor atau kurang terawat|Shelter kurang nyaman digunakan oleh penumpang saat menunggu|Alur tunggu di shelter tidak tertata dengan baik dan membingungkan|Lainnya","Kondisi barang","a870a517-3d0c-4068-bb76-dbdd0b2326ab","Completed",,"25-09-2025 14:30:00",,"156528",,"cab97c1f-67b4-11f0-a847-0a0cda9789f2","1d31c59f-b420-4437-b3e7-3c1de5afa0a5","10",,"true",,,,,,,,,,,,,,,,,,"Untitled-Import-1",
"148","IDM","BOROBUDUR","SHELTER","Exit Gate","IDM-BOROBUDUR-SHELTER -Exit Gate-01","5","Satisfied","5",,,,,,,,"5","5",,,,,,,,,"Shelter bersih dan terawat dengan baik|Shelter nyaman digunakan oleh penumpang saat menunggu|Alur tunggu di shelter tertata dengan baik dan mudah dipahami",,,,"c3bf6337-388a-46fc-876b-9269eea0b953","Completed",,"25-09-2025 14:36:00",,"22558",,"cab97c1f-67b4-11f0-a847-0a0cda9789f2","1d31c59f-b420-4437-b3e7-3c1de5afa0a5","10",,"true",,,,,,,,,,,,,,,,,,"Untitled-Import-1",
"149","IDM","BOROBUDUR","SHELTER","Exit Gate","IDM-BOROBUDUR-SHELTER -Exit Gate-01","5","Satisfied","5",,,,,,,,"5","5",,,,,,,,,"Shelter bersih dan terawat dengan baik|Alur tunggu di shelter tertata dengan baik dan mudah dipahami|Shelter nyaman digunakan oleh penumpang saat menunggu",,,,"f9fa16ff-e6c4-4f82-ae4b-ba397bb00307","Completed",,"25-09-2025 14:36:00",,"25527",,"cab97c1f-67b4-11f0-a847-0a0cda9789f2","1d31c59f-b420-4437-b3e7-3c1de5afa0a5","10",,"true",,,,,,,,,,,,,,,,,,"Untitled-Import-1",
"150","IDM","BOROBUDUR","SHELTER","Exit Gate","IDM-BOROBUDUR-SHELTER -Exit Gate-01","4","Satisfied","4","Ada jalur aling-aling, lampu dan batu warna-warni","Visitor Information, Signage, and Signage Clarity","Positive","4","4","4","4","4","4","Melakukan layanan secara profesional dan ramah (menjaga kontak mata, tersenyum tulus, dan memberikan solusi dengan empati)|Memiliki penampilan yang bersih dan rapi|Memberikan informasi dengan jelas dan akurat|Melayani dengan cepat dan tepat|Membantu dan memastikan kesiapan fasilitas",,,,"Fasilitas shelter lengkap dan mendukung aktivitas pengguna|Shelter tersedia dengan baik dan mudah diakses oleh pengunjung",,,,"Shelter bersih dan terawat dengan baik|Shelter nyaman digunakan oleh penumpang saat menunggu|Alur tunggu di shelter tertata dengan baik dan mudah dipahami",,,,"6b43a3f8-a4a7-4a92-8235-46ce5098f5cc","Completed",,"25-09-2025 14:37:00",,"107858",,"cab97c1f-67b4-11f0-a847-0a0cda9789f2","1d31c59f-b420-4437-b3e7-3c1de5afa0a5","10",,"true",,,,,,,,,,,,,,,,,,"Untitled-Import-1",
"151","IDM","BOROBUDUR","SHELTER","Exit Gate","IDM-BOROBUDUR-SHELTER -Exit Gate-01","5","Satisfied","5","Very satisfied. Keep up the good work","Overall Visitor Experience and Cultural Appreciation","Positive",,,,,"5","5",,,,,,,,,"Shelter nyaman digunakan oleh penumpang saat menunggu",,,,"72135fc7-b482-4aa2-a5ea-d854b65f9ba1","Completed",,"26-09-2025 10:11:00",,"54017",,"cab97c1f-67b4-11f0-a847-0a0cda9789f2","1d31c59f-b420-4437-b3e7-3c1de5afa0a5","10",,"true",,,,,,,,,,,,,,,,,,"Untitled-Import-1",
"152","IDM","BOROBUDUR","SHELTER","Exit Gate","IDM-BOROBUDUR-SHELTER -Exit Gate-01","5","Satisfied","5",,,,"5","5","5","5","5","5","Melakukan layanan secara profesional dan ramah (menjaga kontak mata, tersenyum tulus, dan memberikan solusi dengan empati)|Memiliki penampilan yang bersih dan rapi|Memberikan informasi dengan jelas dan akurat|Melayani dengan cepat dan tepat|Membantu dan memastikan kesiapan fasilitas",,,,"Fasilitas shelter lengkap dan mendukung aktivitas pengguna|Lainnya|Shelter tersedia dengan baik dan mudah diakses oleh pengunjung","Mas Zulkifli selaku tour guide sangat attentive dan ramah",,,"Shelter bersih dan terawat dengan baik|Alur tunggu di shelter tertata dengan baik dan mudah dipahami|Shelter nyaman digunakan oleh penumpang saat menunggu",,,,"17f2db7d-e7ac-48a5-84d8-f00af199ecaa","Completed",,"26-09-2025 10:16:00",,"93059",,"cab97c1f-67b4-11f0-a847-0a0cda9789f2","1d31c59f-b420-4437-b3e7-3c1de5afa0a5","10",,"true",,,,,,,,,,,,,,,,,,"Untitled-Import-1",
"153","IDM","BOROBUDUR","SHELTER","Exit Gate","IDM-BOROBUDUR-SHELTER -Exit Gate-01","3","Neutral","3","Tolong setiap akan ada jalan masuk, atau keluar,atau apapun, ada pemandunya. Dan berikan seperti plank lebih detil kemana keluar, dll. Pemandunya apakah hanya untuk turis asing, yang warga lokal gimana? Belajar sendiri. Buatlah untuk semua orang ya. Terutama ini mau keluar, bingung lewat mana, ngak ada yg mengarahkan. Tolong lebih detail lagi.","Shelter Location, Accessibility, and Arrangement|Crowd and Queue Management|Staff and Guide Behavior and Service Quality|Visitor Information, Signage, and Signage Clarity","Negative","3","3",,,,,,,"Tidak melakukan layanan secara profesional dan ramah (menjaga kontak mata, tersenyum tulus, dan memberikan solusi dengan empati)|Memberikan informasi dengan kurang jelas dan akurat",,,,,,,,,,"ea790570-82bf-4c5d-b0e1-737f04357b99","Completed",,"26-09-2025 12:03:00",,"442116",,"cab97c1f-67b4-11f0-a847-0a0cda9789f2","1d31c59f-b420-4437-b3e7-3c1de5afa0a5","10",,"true",,,,,,,,,,,,,,,,,,"Untitled-Import-1",
"154","IDM","BOROBUDUR","SHELTER","Exit Gate","IDM-BOROBUDUR-SHELTER -Exit Gate-01","5","Satisfied","5",,,,"5","5","5","5","5","5","Melakukan layanan secara profesional dan ramah (menjaga kontak mata, tersenyum tulus, dan memberikan solusi dengan empati)|Memiliki penampilan yang bersih dan rapi|Memberikan informasi dengan jelas dan akurat|Melayani dengan cepat dan tepat",,,,"Fasilitas shelter lengkap dan mendukung aktivitas pengguna|Shelter tersedia dengan baik dan mudah diakses oleh pengunjung",,,,"Shelter bersih dan terawat dengan baik|Shelter nyaman digunakan oleh penumpang saat menunggu|Alur tunggu di shelter tertata dengan baik dan mudah dipahami",,,,"1a311e4e-8dd5-4e4c-852a-53106d782e05","Completed",,"26-09-2025 12:23:00",,"52153",,"cab97c1f-67b4-11f0-a847-0a0cda9789f2","1d31c59f-b420-4437-b3e7-3c1de5afa0a5","10",,"true",,,,,,,,,,,,,,,,,,"Untitled-Import-1",
"155","IDM","BOROBUDUR","SHELTER","Exit Gate","IDM-BOROBUDUR-SHELTER -Exit Gate-01","4","Satisfied","4","Sebaiknya diarahkan alur keluar dari halaman ke shelter, karena kurang informatif sehingga kami jalan kaki dari halaman candi ke parkiran","Shelter Location, Accessibility, and Arrangement","Negative",,,"4","4",,,,,,,"Fasilitas shelter lengkap dan mendukung aktivitas pengguna",,,,,,,,"2f4066ea-2e26-43b6-98dd-6b9e8e6076e1","Completed",,"26-09-2025 12:25:00",,"119041",,"cab97c1f-67b4-11f0-a847-0a0cda9789f2","1d31c59f-b420-4437-b3e7-3c1de5afa0a5","10",,"true",,,,,,,,,,,,,,,,,,"Untitled-Import-1",
"156","IDM","BOROBUDUR","SHELTER","Exit Gate","IDM-BOROBUDUR-SHELTER -Exit Gate-01","5","Satisfied","5",,,,,,"5","5",,,,,,,"Fasilitas shelter lengkap dan mendukung aktivitas pengguna",,,,,,,,"df5516a5-c9fd-4b03-8de1-8b517bb25547","Completed",,"26-09-2025 12:30:00",,"87374",,"cab97c1f-67b4-11f0-a847-0a0cda9789f2","1d31c59f-b420-4437-b3e7-3c1de5afa0a5","10",,"true",,,,,,,,,,,,,,,,,,"Untitled-Import-1",
"157","IDM","BOROBUDUR","SHELTER","Exit Gate","IDM-BOROBUDUR-SHELTER -Exit Gate-01","5","Satisfied","5","Mungkin bisa dibuat fasilitas untuk pengunjung disabilitas yang mau naik ke lantai 9","Accessibility for Disabled Visitors","Neutral",,,,,"5","5",,,,,,,,,"Shelter bersih dan terawat dengan baik",,,,"8840be31-b2b4-4cfd-832e-111571fd3674","Completed",,"26-09-2025 12:38:00",,"53519",,"cab97c1f-67b4-11f0-a847-0a0cda9789f2","1d31c59f-b420-4437-b3e7-3c1de5afa0a5","10",,"true",,,,,,,,,,,,,,,,,,"Untitled-Import-1",
"158","IDM","BOROBUDUR","SHELTER","Exit Gate","IDM-BOROBUDUR-SHELTER -Exit Gate-01","5","Satisfied","5",,,,"5","5","5","5","5","5","Melakukan layanan secara profesional dan ramah (menjaga kontak mata, tersenyum tulus, dan memberikan solusi dengan empati)|Memiliki penampilan yang bersih dan rapi|Memberikan informasi dengan jelas dan akurat|Melayani dengan cepat dan tepat|Membantu dan memastikan kesiapan fasilitas",,,,"Fasilitas shelter lengkap dan mendukung aktivitas pengguna|Shelter tersedia dengan baik dan mudah diakses oleh pengunjung",,,,"Shelter bersih dan terawat dengan baik|Shelter nyaman digunakan oleh penumpang saat menunggu|Alur tunggu di shelter tertata dengan baik dan mudah dipahami",,,,"a091a62e-d35e-4325-9b6e-bdd77a3ed10c","Completed",,"26-09-2025 12:48:00",,"62535",,"cab97c1f-67b4-11f0-a847-0a0cda9789f2","1d31c59f-b420-4437-b3e7-3c1de5afa0a5","10",,"true",,,,,,,,,,,,,,,,,,"Untitled-Import-1",
"159","IDM","BOROBUDUR","SHELTER","Exit Gate","IDM-BOROBUDUR-SHELTER -Exit Gate-01","4","Satisfied","4",,,,,,,,"4","4",,,,,,,,,"Shelter bersih dan terawat dengan baik|Shelter nyaman digunakan oleh penumpang saat menunggu|Alur tunggu di shelter tertata dengan baik dan mudah dipahami",,,,"35b3cf99-abe6-4adb-b563-d23ee6220822","Completed",,"26-09-2025 13:18:00",,"61383",,"cab97c1f-67b4-11f0-a847-0a0cda9789f2","1d31c59f-b420-4437-b3e7-3c1de5afa0a5","10",,"true",,,,,,,,,,,,,,,,,,"Untitled-Import-1",
"160","IDM","BOROBUDUR","SHELTER","Exit Gate","IDM-BOROBUDUR-SHELTER -Exit Gate-01","5","Satisfied","5",,,,,,"5","5",,,,,,,"Shelter tersedia dengan baik dan mudah diakses oleh pengunjung",,,,,,,,"18cc60f7-3ba5-4001-9abc-15718b0e6621","Completed",,"26-09-2025 14:03:00",,"36109",,"cab97c1f-67b4-11f0-a847-0a0cda9789f2","1d31c59f-b420-4437-b3e7-3c1de5afa0a5","10",,"true",,,,,,,,,,,,,,,,,,"Untitled-Import-1",
"161","IDM","BOROBUDUR","SHELTER","Exit Gate","IDM-BOROBUDUR-SHELTER -Exit Gate-01","5","Satisfied","5","Bagus","Overall Visitor Experience and Cultural Appreciation","Positive",,,,,"5","5",,,,,,,,,"Shelter bersih dan terawat dengan baik|Shelter nyaman digunakan oleh penumpang saat menunggu|Alur tunggu di shelter tertata dengan baik dan mudah dipahami",,,,"07edffaf-6072-408c-8e8b-b4aadaf41973","Completed",,"26-09-2025 14:10:00",,"77340",,"cab97c1f-67b4-11f0-a847-0a0cda9789f2","1d31c59f-b420-4437-b3e7-3c1de5afa0a5","10",,"true",,,,,,,,,,,,,,,,,,"Untitled-Import-1",
"162","IDM","BOROBUDUR","SHELTER","Exit Gate","IDM-BOROBUDUR-SHELTER -Exit Gate-01","4","Satisfied","4",,,,"4","4","4","4","4","4","Melakukan layanan secara profesional dan ramah (menjaga kontak mata, tersenyum tulus, dan memberikan solusi dengan empati)|Memiliki penampilan yang bersih dan rapi|Memberikan informasi dengan jelas dan akurat|Melayani dengan cepat dan tepat|Membantu dan memastikan kesiapan fasilitas|Lainnya","Ok",,,"Fasilitas shelter lengkap dan mendukung aktivitas pengguna",,,,"Shelter bersih dan terawat dengan baik|Shelter nyaman digunakan oleh penumpang saat menunggu|Alur tunggu di shelter tertata dengan baik dan mudah dipahami|Lainnya","Ok",,,"7b667fc4-263b-4845-8fa3-4bd8c9640c3c","Completed",,"26-09-2025 15:14:00",,"126193",,"cab97c1f-67b4-11f0-a847-0a0cda9789f2","1d31c59f-b420-4437-b3e7-3c1de5afa0a5","10",,"true",,,,,,,,,,,,,,,,,,"Untitled-Import-1",
"163","IDM","BOROBUDUR","SHELTER","Exit Gate","IDM-BOROBUDUR-SHELTER -Exit Gate-01","4","Satisfied","4",,,,"4","4","4","4","4","4","Melakukan layanan secara profesional dan ramah (menjaga kontak mata, tersenyum tulus, dan memberikan solusi dengan empati)|Memiliki penampilan yang bersih dan rapi|Memberikan informasi dengan jelas dan akurat|Melayani dengan cepat dan tepat|Membantu dan memastikan kesiapan fasilitas",,,,"Fasilitas shelter lengkap dan mendukung aktivitas pengguna|Shelter tersedia dengan baik dan mudah diakses oleh pengunjung",,,,"Shelter bersih dan terawat dengan baik|Alur tunggu di shelter tertata dengan baik dan mudah dipahami|Shelter nyaman digunakan oleh penumpang saat menunggu",,,,"f63e703d-3ff4-4644-b034-9a0d60c389de","Completed",,"26-09-2025 15:15:00",,"79699",,"cab97c1f-67b4-11f0-a847-0a0cda9789f2","1d31c59f-b420-4437-b3e7-3c1de5afa0a5","10",,"true",,,,,,,,,,,,,,,,,,"Untitled-Import-1",
"164","IDM","BOROBUDUR","SHELTER","Exit Gate","IDM-BOROBUDUR-SHELTER -Exit Gate-01","5","Satisfied","5","Mohon shelter buggy smpai ke bawah tangga borobudor","Shelter Facilities and Maintenance|Accessibility for Disabled Visitors","Neutral","5","5","5","5","5","5","Melakukan layanan secara profesional dan ramah (menjaga kontak mata, tersenyum tulus, dan memberikan solusi dengan empati)|Memiliki penampilan yang bersih dan rapi|Memberikan informasi dengan jelas dan akurat|Melayani dengan cepat dan tepat|Membantu dan memastikan kesiapan fasilitas",,,,"Fasilitas shelter lengkap dan mendukung aktivitas pengguna|Shelter tersedia dengan baik dan mudah diakses oleh pengunjung",,,,"Shelter bersih dan terawat dengan baik|Shelter nyaman digunakan oleh penumpang saat menunggu|Alur tunggu di shelter tertata dengan baik dan mudah dipahami",,,,"3525e89b-2ed0-433c-82b9-370a827d34b0","Completed",,"26-09-2025 15:15:00",,"129851",,"cab97c1f-67b4-11f0-a847-0a0cda9789f2","1d31c59f-b420-4437-b3e7-3c1de5afa0a5","10",,"true",,,,,,,,,,,,,,,,,,"Untitled-Import-1",
"165","IDM","BOROBUDUR","SHELTER","Exit Gate","IDM-BOROBUDUR-SHELTER -Exit Gate-01","4","Satisfied","4",,,,,,,,"4","4",,,,,,,,,"Alur tunggu di shelter tertata dengan baik dan mudah dipahami",,,,"02757f62-9867-410b-96a3-f96e02ea4755","Completed",,"26-09-2025 15:55:00",,"44385",,"cab97c1f-67b4-11f0-a847-0a0cda9789f2","1d31c59f-b420-4437-b3e7-3c1de5afa0a5","10",,"true",,,,,,,,,,,,,,,,,,"Untitled-Import-1",
"166","IDM","BOROBUDUR","SHELTER","Exit Gate","IDM-BOROBUDUR-SHELTER -Exit Gate-01","5","Satisfied","5",,,,"5","5","5","5","5","5","Melakukan layanan secara profesional dan ramah (menjaga kontak mata, tersenyum tulus, dan memberikan solusi dengan empati)|Memiliki penampilan yang bersih dan rapi|Memberikan informasi dengan jelas dan akurat|Melayani dengan cepat dan tepat|Membantu dan memastikan kesiapan fasilitas",,,,"Fasilitas shelter lengkap dan mendukung aktivitas pengguna|Shelter tersedia dengan baik dan mudah diakses oleh pengunjung",,,,"Shelter bersih dan terawat dengan baik|Alur tunggu di shelter tertata dengan baik dan mudah dipahami|Shelter nyaman digunakan oleh penumpang saat menunggu",,,,"98171d23-0126-4123-aac2-366cc7f7cd31","Completed",,"26-09-2025 15:56:00",,"84445",,"cab97c1f-67b4-11f0-a847-0a0cda9789f2","1d31c59f-b420-4437-b3e7-3c1de5afa0a5","10",,"true",,,,,,,,,,,,,,,,,,"Untitled-Import-1",
"167","IDM","BOROBUDUR","SHELTER","Exit Gate","IDM-BOROBUDUR-SHELTER -Exit Gate-01","4","Satisfied","4",,,,"4","4","4","4","4","4","Melakukan layanan secara profesional dan ramah (menjaga kontak mata, tersenyum tulus, dan memberikan solusi dengan empati)|Memiliki penampilan yang bersih dan rapi|Memberikan informasi dengan jelas dan akurat|Melayani dengan cepat dan tepat|Membantu dan memastikan kesiapan fasilitas|Lainnya","Bagus",,,"Fasilitas shelter lengkap dan mendukung aktivitas pengguna|Shelter tersedia dengan baik dan mudah diakses oleh pengunjung",,,,"Shelter bersih dan terawat dengan baik|Shelter nyaman digunakan oleh penumpang saat menunggu|Alur tunggu di shelter tertata dengan baik dan mudah dipahami",,,,"39048a03-c23e-4ee5-8996-54f7e8a341c7","Completed",,"26-09-2025 15:56:00",,"41888",,"cab97c1f-67b4-11f0-a847-0a0cda9789f2","1d31c59f-b420-4437-b3e7-3c1de5afa0a5","10",,"true",,,,,,,,,,,,,,,,,,"Untitled-Import-1",
"168","IDM","BOROBUDUR","SHELTER","Exit Gate","IDM-BOROBUDUR-SHELTER -Exit Gate-01","5","Satisfied","5",,,,,,"5","5",,,,,,,"Fasilitas shelter lengkap dan mendukung aktivitas pengguna",,,,,,,,"9017cffd-d722-44a2-bb15-245a21ea49c1","Completed",,"26-09-2025 15:56:00",,"75895",,"cab97c1f-67b4-11f0-a847-0a0cda9789f2","1d31c59f-b420-4437-b3e7-3c1de5afa0a5","10",,"true",,,,,,,,,,,,,,,,,,"Untitled-Import-1",
"169","IDM","BOROBUDUR","SHELTER","Exit Gate","IDM-BOROBUDUR-SHELTER -Exit Gate-01","5","Satisfied","5","Semoga terus ada membantu","Overall Visitor Experience and Cultural Appreciation","Positive",,,"5","5",,,,,,,"Shelter tersedia dengan baik dan mudah diakses oleh pengunjung",,,,,,,,"7262b68b-37d8-42e1-8637-968e3c6f22c3","Completed",,"26-09-2025 16:16:00",,"38953",,"cab97c1f-67b4-11f0-a847-0a0cda9789f2","1d31c59f-b420-4437-b3e7-3c1de5afa0a5","10",,"true",,,,,,,,,,,,,,,,,,"Untitled-Import-1",
"170","IDM","BOROBUDUR","SHELTER","Exit Gate","IDM-BOROBUDUR-SHELTER -Exit Gate-01","4","Satisfied","4",,,,"4","4","4","4","4","4","Memiliki penampilan yang bersih dan rapi|Membantu dan memastikan kesiapan fasilitas|Melakukan layanan secara profesional dan ramah (menjaga kontak mata, tersenyum tulus, dan memberikan solusi dengan empati)",,,,"Shelter tersedia dengan baik dan mudah diakses oleh pengunjung",,,,"Shelter nyaman digunakan oleh penumpang saat menunggu",,,,"925df9b8-edcf-44ea-8395-5decbf94b94d","Completed",,"26-09-2025 16:32:00",,"207832",,"cab97c1f-67b4-11f0-a847-0a0cda9789f2","1d31c59f-b420-4437-b3e7-3c1de5afa0a5","10",,"true",,,,,,,,,,,,,,,,,,"Untitled-Import-1",
"171","IDM","BOROBUDUR","SHELTER","Exit Gate","IDM-BOROBUDUR-SHELTER -Exit Gate-01","1","Not Satisfied","1","1. Bisakah memberi akses atau transportasi mobil ke berbagai post? Bukan hanya dari gate candi ke parkiran terbaru?
2. Di google maps, arah menuju candi Borobudur adalah lewat post 7, apakah ada yg salah dengan maps nya? Karena katanya susah dipindah 
3. Jika saya datang sendirian ke candi, apakah tidak akan ada pemandu yang datang untuk mendampingi? Atau harus banyak orang baru didampingi?
4. Petugas rata2 baik, bahkan ada yg sangat baik, tapi beberapa kurang, kurang membatu menyelesaikan Masalah, kurang senyum, dan kurang tulus. 
5. Untuk alat transportasi itu, bisakah dijelaskan apakah itu gratis atau enggak? Kemana tujuannya? Karena yang awam ngak tau😭, dan jadi sungkan kalau mau naik kalau bayar
6. Bisakah petugasnya menjelaskan diaman harus beli tiket untuk masuk & harganya, bagi yang masih awam/pertama kali masuk? Karena ya murni tidak tau","Pricing, Payment Transparency, and Shelter Usage Policies|Transportation and Shuttle Services|Staff and Guide Behavior and Service Quality|Visitor Information, Signage, and Signage Clarity","Neutral","1","1","1","1",,,,,"Tidak melakukan layanan secara profesional dan ramah (menjaga kontak mata, tersenyum tulus, dan memberikan solusi dengan empati)|Memberikan informasi dengan kurang jelas dan akurat|Tidak melayani dengan cepat dan tepat",,,,"Lainnya","Bisakah ada mobil mini yang mengarah ke berbagai post, bukan hanya ke post untuk parkir dan candi?",,,,,"a79a8a4e-43c8-4b62-9f54-ebee14d73304","Completed",,"26-09-2025 21:28:00",,"834548",,"cab97c1f-67b4-11f0-a847-0a0cda9789f2","1d31c59f-b420-4437-b3e7-3c1de5afa0a5","10",,"true",,,,,,,,,,,,,,,,,,"Untitled-Import-1",
"172","IDM","BOROBUDUR","SHELTER","Exit Gate","IDM-BOROBUDUR-SHELTER -Exit Gate-01","5","Satisfied","5","Shelter bus keluar jangan terlalu jauh atau disediakan arah penunjuk","Shelter Facilities and Maintenance|Shelter Location, Accessibility, and Arrangement","Neutral","5","5",,,,,"Melakukan layanan secara profesional dan ramah (menjaga kontak mata, tersenyum tulus, dan memberikan solusi dengan empati)|Memiliki penampilan yang bersih dan rapi|Memberikan informasi dengan jelas dan akurat|Melayani dengan cepat dan tepat|Membantu dan memastikan kesiapan fasilitas",,,,,,,,,,,,"435c679d-922f-40a7-968d-3ee408bb4afa","Completed",,"27-09-2025 10:09:00",,"65641",,"cab97c1f-67b4-11f0-a847-0a0cda9789f2","1d31c59f-b420-4437-b3e7-3c1de5afa0a5","10",,"true",,,,,,,,,,,,,,,,,,"Untitled-Import-1",
"173","IDM","BOROBUDUR","SHELTER","Exit Gate","IDM-BOROBUDUR-SHELTER -Exit Gate-01","5","Satisfied","5",,,,"5","5","5","5","5","5","Melakukan layanan secara profesional dan ramah (menjaga kontak mata, tersenyum tulus, dan memberikan solusi dengan empati)|Memiliki penampilan yang bersih dan rapi|Memberikan informasi dengan jelas dan akurat|Melayani dengan cepat dan tepat|Membantu dan memastikan kesiapan fasilitas",,,,"Fasilitas shelter lengkap dan mendukung aktivitas pengguna",,,,"Shelter bersih dan terawat dengan baik|Shelter nyaman digunakan oleh penumpang saat menunggu|Alur tunggu di shelter tertata dengan baik dan mudah dipahami",,,,"16529451-de4c-471c-9613-9b0fe9d4e866","Completed",,"27-09-2025 10:17:00",,"42362",,"cab97c1f-67b4-11f0-a847-0a0cda9789f2","1d31c59f-b420-4437-b3e7-3c1de5afa0a5","10",,"true",,,,,,,,,,,,,,,,,,"Untitled-Import-1",
"174","IDM","BOROBUDUR","SHELTER","Exit Gate","IDM-BOROBUDUR-SHELTER -Exit Gate-01","5","Satisfied","5",,,,"5","5","5","5","5","5","Melakukan layanan secara profesional dan ramah (menjaga kontak mata, tersenyum tulus, dan memberikan solusi dengan empati)|Memiliki penampilan yang bersih dan rapi|Memberikan informasi dengan jelas dan akurat|Melayani dengan cepat dan tepat|Membantu dan memastikan kesiapan fasilitas",,,,"Fasilitas shelter lengkap dan mendukung aktivitas pengguna|Shelter tersedia dengan baik dan mudah diakses oleh pengunjung",,,,"Shelter bersih dan terawat dengan baik|Shelter nyaman digunakan oleh penumpang saat menunggu|Alur tunggu di shelter tertata dengan baik dan mudah dipahami",,,,"2b796d52-a9a4-42bc-b8e5-62513ec61fe1","Completed",,"27-09-2025 10:27:00",,"48218",,"cab97c1f-67b4-11f0-a847-0a0cda9789f2","1d31c59f-b420-4437-b3e7-3c1de5afa0a5","10",,"true",,,,,,,,,,,,,,,,,,"Untitled-Import-1",
"175","IDM","BOROBUDUR","SHELTER","Exit Gate","IDM-BOROBUDUR-SHELTER -Exit Gate-01","5","Satisfied","5",,,,,,,,"5","5",,,,,,,,,"Shelter bersih dan terawat dengan baik",,,,"c315bee9-6e9b-440a-8196-67bdb6c38074","Completed",,"27-09-2025 11:09:00",,"936720",,"cab97c1f-67b4-11f0-a847-0a0cda9789f2","1d31c59f-b420-4437-b3e7-3c1de5afa0a5","10",,"true",,,,,,,,,,,,,,,,,,"Untitled-Import-1",
"176","IDM","BOROBUDUR","SHELTER","Exit Gate","IDM-BOROBUDUR-SHELTER -Exit Gate-01","5","Satisfied","5","Sangat indah","Overall Visitor Experience and Cultural Appreciation","Positive",,,,,"5","5",,,,,,,,,"Shelter nyaman digunakan oleh penumpang saat menunggu",,,,"d6fa4c33-fb0d-49b9-b65f-d59c46b88a0d","Completed",,"27-09-2025 11:20:00",,"70225",,"cab97c1f-67b4-11f0-a847-0a0cda9789f2","1d31c59f-b420-4437-b3e7-3c1de5afa0a5","10",,"true",,,,,,,,,,,,,,,,,,"Untitled-Import-1",
"177","IDM","BOROBUDUR","SHELTER","Exit Gate","IDM-BOROBUDUR-SHELTER -Exit Gate-01","4","Satisfied","4",,,,,,"4","4","4","4",,,,,,,,,"Alur tunggu di shelter tertata dengan baik dan mudah dipahami",,,,"b0f78bc5-7249-4566-b107-e065f1fa34e8","Completed",,"27-09-2025 12:20:00",,"26079",,"cab97c1f-67b4-11f0-a847-0a0cda9789f2","1d31c59f-b420-4437-b3e7-3c1de5afa0a5","10",,"true",,,,,,,,,,,,,,,,,,"Untitled-Import-1",
"178","IDM","BOROBUDUR","SHELTER","Exit Gate","IDM-BOROBUDUR-SHELTER -Exit Gate-01","5","Satisfied","5","Sangat memuaskan","Overall Visitor Experience and Cultural Appreciation","Positive","5","5","5","5","5","5","Melakukan layanan secara profesional dan ramah (menjaga kontak mata, tersenyum tulus, dan memberikan solusi dengan empati)|Memiliki penampilan yang bersih dan rapi|Memberikan informasi dengan jelas dan akurat|Melayani dengan cepat dan tepat|Membantu dan memastikan kesiapan fasilitas",,,,"Fasilitas shelter lengkap dan mendukung aktivitas pengguna|Shelter tersedia dengan baik dan mudah diakses oleh pengunjung",,,,"Shelter bersih dan terawat dengan baik|Shelter nyaman digunakan oleh penumpang saat menunggu|Alur tunggu di shelter tertata dengan baik dan mudah dipahami",,,,"d073c4c2-00f6-4525-a11c-051536351bcd","Completed",,"27-09-2025 12:20:00",,"56900",,"cab97c1f-67b4-11f0-a847-0a0cda9789f2","1d31c59f-b420-4437-b3e7-3c1de5afa0a5","10",,"true",,,,,,,,,,,,,,,,,,"Untitled-Import-1",
"179","IDM","BOROBUDUR","SHELTER","Exit Gate","IDM-BOROBUDUR-SHELTER -Exit Gate-01","5","Satisfied","5",,,,"5","5",,,,,"Membantu dan memastikan kesiapan fasilitas",,,,,,,,,,,,"805236a8-6ea8-4677-876b-652926293acd","Completed",,"27-09-2025 12:31:00",,"36726",,"cab97c1f-67b4-11f0-a847-0a0cda9789f2","1d31c59f-b420-4437-b3e7-3c1de5afa0a5","10",,"true",,,,,,,,,,,,,,,,,,"Untitled-Import-1",
"180","IDM","BOROBUDUR","SHELTER","Exit Gate","IDM-BOROBUDUR-SHELTER -Exit Gate-01","5","Satisfied","5","Sangat puas","Overall Visitor Experience and Cultural Appreciation","Positive",,,,,"5","5",,,,,,,,,"Alur tunggu di shelter tertata dengan baik dan mudah dipahami",,,,"3fb5db95-ec0f-4c8c-9ffb-8bcedb83cc26","Completed",,"27-09-2025 13:12:00",,"59333",,"cab97c1f-67b4-11f0-a847-0a0cda9789f2","1d31c59f-b420-4437-b3e7-3c1de5afa0a5","10",,"true",,,,,,,,,,,,,,,,,,"Untitled-Import-1",
"181","IDM","BOROBUDUR","SHELTER","Exit Gate","IDM-BOROBUDUR-SHELTER -Exit Gate-01","5","Satisfied","5","Staffnya ramah, cuman tidak berani memulai pembicaraan","Staff and Guide Behavior and Service Quality","Neutral","5","5",,,,,"Melakukan layanan secara profesional dan ramah (menjaga kontak mata, tersenyum tulus, dan memberikan solusi dengan empati)",,,,,,,,,,,,"9390ecdc-33e7-4323-ac62-6306a9304c94","Completed",,"27-09-2025 14:33:00",,"200110",,"cab97c1f-67b4-11f0-a847-0a0cda9789f2","1d31c59f-b420-4437-b3e7-3c1de5afa0a5","10",,"true",,,,,,,,,,,,,,,,,,"Untitled-Import-1",
"182","IDM","BOROBUDUR","SHELTER","Exit Gate","IDM-BOROBUDUR-SHELTER -Exit Gate-01","4","Satisfied","4","TOPP","Overall Visitor Experience and Cultural Appreciation","Positive","4","4","4","4","4","4","Melakukan layanan secara profesional dan ramah (menjaga kontak mata, tersenyum tulus, dan memberikan solusi dengan empati)|Memiliki penampilan yang bersih dan rapi|Memberikan informasi dengan jelas dan akurat|Melayani dengan cepat dan tepat|Membantu dan memastikan kesiapan fasilitas",,,,"Fasilitas shelter lengkap dan mendukung aktivitas pengguna|Shelter tersedia dengan baik dan mudah diakses oleh pengunjung",,,,"Shelter bersih dan terawat dengan baik",,,,"ad1bb1ac-191a-4ff2-ab5c-ca9210dd73d9","Completed",,"27-09-2025 15:30:00",,"50912",,"cab97c1f-67b4-11f0-a847-0a0cda9789f2","1d31c59f-b420-4437-b3e7-3c1de5afa0a5","10",,"true",,,,,,,,,,,,,,,,,,"Untitled-Import-1",
"183","IDM","BOROBUDUR","SHELTER","Exit Gate","IDM-BOROBUDUR-SHELTER -Exit Gate-01","4","Satisfied","4",,,,,,,,"4","4",,,,,,,,,"Lainnya|Alur tunggu di shelter tertata dengan baik dan mudah dipahami","Good",,,"a0e936e1-0727-4bde-bcad-e60b35f63821","Completed",,"28-09-2025 09:23:00",,"243066",,"cab97c1f-67b4-11f0-a847-0a0cda9789f2","1d31c59f-b420-4437-b3e7-3c1de5afa0a5","10",,"true",,,,,,,,,,,,,,,,,,"Untitled-Import-1",
"184","IDM","BOROBUDUR","SHELTER","Exit Gate","IDM-BOROBUDUR-SHELTER -Exit Gate-01","5","Satisfied","5",,,,"5","5",,,,,"Melakukan layanan secara profesional dan ramah (menjaga kontak mata, tersenyum tulus, dan memberikan solusi dengan empati)",,,,,,,,,,,,"c2b3e28c-9e62-4545-a7a0-75df4781d7d1","Completed",,"28-09-2025 10:11:00",,"37533",,"cab97c1f-67b4-11f0-a847-0a0cda9789f2","1d31c59f-b420-4437-b3e7-3c1de5afa0a5","10",,"true",,,,,,,,,,,,,,,,,,"Untitled-Import-1",
"185","IDM","BOROBUDUR","SHELTER","Exit Gate","IDM-BOROBUDUR-SHELTER -Exit Gate-01","5","Satisfied","5",,,,,,"5","5",,,,,,,"Shelter tersedia dengan baik dan mudah diakses oleh pengunjung",,,,,,,,"d499fc1f-2d23-40a9-8419-ad8a4385c7d0","Completed",,"28-09-2025 10:27:00",,"31682",,"cab97c1f-67b4-11f0-a847-0a0cda9789f2","1d31c59f-b420-4437-b3e7-3c1de5afa0a5","10",,"true",,,,,,,,,,,,,,,,,,"Untitled-Import-1",
"186","IDM","BOROBUDUR","SHELTER","Exit Gate","IDM-BOROBUDUR-SHELTER -Exit Gate-01","5","Satisfied","5",,,,"5","5","5","5","5","5","Melakukan layanan secara profesional dan ramah (menjaga kontak mata, tersenyum tulus, dan memberikan solusi dengan empati)|Memiliki penampilan yang bersih dan rapi|Memberikan informasi dengan jelas dan akurat|Melayani dengan cepat dan tepat|Membantu dan memastikan kesiapan fasilitas",,,,"Fasilitas shelter lengkap dan mendukung aktivitas pengguna|Shelter tersedia dengan baik dan mudah diakses oleh pengunjung",,,,"Shelter bersih dan terawat dengan baik|Shelter nyaman digunakan oleh penumpang saat menunggu|Alur tunggu di shelter tertata dengan baik dan mudah dipahami",,,,"ab0a26aa-f6e6-4a92-91b0-2262c0670e8c","Completed",,"28-09-2025 10:28:00",,"39719",,"cab97c1f-67b4-11f0-a847-0a0cda9789f2","1d31c59f-b420-4437-b3e7-3c1de5afa0a5","10",,"true",,,,,,,,,,,,,,,,,,"Untitled-Import-1",
"187","IDM","BOROBUDUR","SHELTER","Exit Gate","IDM-BOROBUDUR-SHELTER -Exit Gate-01","5","Satisfied","5","Overall good","Overall Visitor Experience and Cultural Appreciation","Positive","5","5","5","5","5","5","Melakukan layanan secara profesional dan ramah (menjaga kontak mata, tersenyum tulus, dan memberikan solusi dengan empati)|Memiliki penampilan yang bersih dan rapi|Memberikan informasi dengan jelas dan akurat|Melayani dengan cepat dan tepat|Membantu dan memastikan kesiapan fasilitas|Lainnya","Bagus",,,"Fasilitas shelter lengkap dan mendukung aktivitas pengguna|Lainnya|Shelter tersedia dengan baik dan mudah diakses oleh pengunjung","Memuaskan",,,"Shelter bersih dan terawat dengan baik|Alur tunggu di shelter tertata dengan baik dan mudah dipahami|Shelter nyaman digunakan oleh penumpang saat menunggu",,,,"8a1d09ca-c87a-4ea1-9fc4-309e62538729","Completed",,"28-09-2025 12:08:00",,"55508",,"cab97c1f-67b4-11f0-a847-0a0cda9789f2","1d31c59f-b420-4437-b3e7-3c1de5afa0a5","10",,"true",,,,,,,,,,,,,,,,,,"Untitled-Import-1",
"188","IDM","BOROBUDUR","SHELTER","Exit Gate","IDM-BOROBUDUR-SHELTER -Exit Gate-01","5","Satisfied","5",,,,,,"5","5",,,,,,,"Fasilitas shelter lengkap dan mendukung aktivitas pengguna",,,,,,,,"9a4699ef-b7f9-44f2-9eca-40d36411ca97","Completed",,"28-09-2025 12:09:00",,"116278",,"cab97c1f-67b4-11f0-a847-0a0cda9789f2","1d31c59f-b420-4437-b3e7-3c1de5afa0a5","10",,"true",,,,,,,,,,,,,,,,,,"Untitled-Import-1",
"189","IDM","BOROBUDUR","SHELTER","Exit Gate","IDM-BOROBUDUR-SHELTER -Exit Gate-01","5","Satisfied","5",,,,,,,,"5","5",,,,,,,,,"Shelter bersih dan terawat dengan baik",,,,"9bdae73f-85e2-491f-8594-bd06c0f9b477","Completed",,"28-09-2025 12:16:00",,"17780",,"cab97c1f-67b4-11f0-a847-0a0cda9789f2","1d31c59f-b420-4437-b3e7-3c1de5afa0a5","10",,"true",,,,,,,,,,,,,,,,,,"Untitled-Import-1",
"190","IDM","BOROBUDUR","SHELTER","Exit Gate","IDM-BOROBUDUR-SHELTER -Exit Gate-01","4","Satisfied","4","tempat bagus nyaman dan menarik","Shelter Facilities and Maintenance","Positive",,,,,"4","4",,,,,,,,,"Shelter nyaman digunakan oleh penumpang saat menunggu|Alur tunggu di shelter tertata dengan baik dan mudah dipahami",,,,"e2d67350-5954-4c96-8dc0-45a97f00e84f","Completed",,"28-09-2025 12:31:00",,"136860",,"cab97c1f-67b4-11f0-a847-0a0cda9789f2","1d31c59f-b420-4437-b3e7-3c1de5afa0a5","10",,"true",,,,,,,,,,,,,,,,,,"Untitled-Import-1",
"191","IDM","BOROBUDUR","SHELTER","Exit Gate","IDM-BOROBUDUR-SHELTER -Exit Gate-01","5","Satisfied","5","Please don't make us waiting too long but overall okey","Crowd and Queue Management","Neutral",,,,,"5","5",,,,,,,,,"Shelter bersih dan terawat dengan baik",,,,"b3939981-448c-47e5-885d-975ce1c71160","Completed",,"28-09-2025 12:48:00",,"323371",,"cab97c1f-67b4-11f0-a847-0a0cda9789f2","1d31c59f-b420-4437-b3e7-3c1de5afa0a5","10",,"true",,,,,,,,,,,,,,,,,,"Untitled-Import-1",
"192","IDM","BOROBUDUR","SHELTER","Exit Gate","IDM-BOROBUDUR-SHELTER -Exit Gate-01","5","Satisfied","5",,,,"5","5","5","5","5","5","Melakukan layanan secara profesional dan ramah (menjaga kontak mata, tersenyum tulus, dan memberikan solusi dengan empati)|Memiliki penampilan yang bersih dan rapi|Memberikan informasi dengan jelas dan akurat|Melayani dengan cepat dan tepat|Membantu dan memastikan kesiapan fasilitas",,,,"Fasilitas shelter lengkap dan mendukung aktivitas pengguna|Shelter tersedia dengan baik dan mudah diakses oleh pengunjung",,,,"Shelter bersih dan terawat dengan baik|Shelter nyaman digunakan oleh penumpang saat menunggu|Alur tunggu di shelter tertata dengan baik dan mudah dipahami",,,,"a6bbab9c-bcd1-4709-9c1f-3d7e35d9e5d9","Completed",,"28-09-2025 13:40:00",,"46887",,"cab97c1f-67b4-11f0-a847-0a0cda9789f2","1d31c59f-b420-4437-b3e7-3c1de5afa0a5","10",,"true",,,,,,,,,,,,,,,,,,"Untitled-Import-1",
"193","IDM","BOROBUDUR","SHELTER","Exit Gate","IDM-BOROBUDUR-SHELTER -Exit Gate-01","4","Satisfied","4",,,,"4","4",,,,,"Melakukan layanan secara profesional dan ramah (menjaga kontak mata, tersenyum tulus, dan memberikan solusi dengan empati)",,,,,,,,,,,,"ba106a67-1e0b-4340-a810-d5a2327bf411","Completed",,"28-09-2025 13:40:00",,"36875",,"cab97c1f-67b4-11f0-a847-0a0cda9789f2","1d31c59f-b420-4437-b3e7-3c1de5afa0a5","10",,"true",,,,,,,,,,,,,,,,,,"Untitled-Import-1",
"194","IDM","BOROBUDUR","SHELTER","Exit Gate","IDM-BOROBUDUR-SHELTER -Exit Gate-01","5","Satisfied","5",,,,,,,,"5","5",,,,,,,,,"Shelter nyaman digunakan oleh penumpang saat menunggu",,,,"f9d345fc-2687-455a-a91b-d2243a44f666","Completed",,"28-09-2025 14:05:00",,"42152",,"cab97c1f-67b4-11f0-a847-0a0cda9789f2","1d31c59f-b420-4437-b3e7-3c1de5afa0a5","10",,"true",,,,,,,,,,,,,,,,,,"Untitled-Import-1",
"195","IDM","BOROBUDUR","SHELTER","Exit Gate","IDM-BOROBUDUR-SHELTER -Exit Gate-01","5","Satisfied","5",,,,,,,,"5","5",,,,,,,,,"Shelter nyaman digunakan oleh penumpang saat menunggu",,,,"c8e6bc3a-6ccc-4e27-968c-61072fa58e1d","Completed",,"28-09-2025 14:06:00",,"72556",,"cab97c1f-67b4-11f0-a847-0a0cda9789f2","1d31c59f-b420-4437-b3e7-3c1de5afa0a5","10",,"true",,,,,,,,,,,,,,,,,,"Untitled-Import-1",
"196","IDM","BOROBUDUR","SHELTER","Exit Gate","IDM-BOROBUDUR-SHELTER -Exit Gate-01","5","Satisfied","5","Parkiran nya jangan terlalu jauh","Shelter Location, Accessibility, and Arrangement","Neutral","5","5","5","5","5","5","Melakukan layanan secara profesional dan ramah (menjaga kontak mata, tersenyum tulus, dan memberikan solusi dengan empati)|Memiliki penampilan yang bersih dan rapi|Memberikan informasi dengan jelas dan akurat|Melayani dengan cepat dan tepat|Membantu dan memastikan kesiapan fasilitas|Lainnya","Memuaskan",,,"Fasilitas shelter lengkap dan mendukung aktivitas pengguna|Shelter tersedia dengan baik dan mudah diakses oleh pengunjung",,,,"Shelter bersih dan terawat dengan baik|Shelter nyaman digunakan oleh penumpang saat menunggu|Alur tunggu di shelter tertata dengan baik dan mudah dipahami",,,,"e265c760-db76-48b3-bdc3-19c030374f66","Completed",,"28-09-2025 16:05:00",,"152380",,"cab97c1f-67b4-11f0-a847-0a0cda9789f2","1d31c59f-b420-4437-b3e7-3c1de5afa0a5","10",,"true",,,,,,,,,,,,,,,,,,"Untitled-Import-1",
"197","IDM","BOROBUDUR","SHELTER","Exit Gate","IDM-BOROBUDUR-SHELTER -Exit Gate-01","5","Satisfied","5",,,,"5","5","5","5",,,,,,,"Fasilitas shelter lengkap dan mendukung aktivitas pengguna",,,,,,,,"a0258b1b-d2e2-48d2-9522-d78d919cc7ff","Completed",,"28-09-2025 16:19:00",,"24075",,"cab97c1f-67b4-11f0-a847-0a0cda9789f2","1d31c59f-b420-4437-b3e7-3c1de5afa0a5","10",,"true",,,,,,,,,,,,,,,,,,"Untitled-Import-1",
"198","IDM","BOROBUDUR","SHELTER","Exit Gate","IDM-BOROBUDUR-SHELTER -Exit Gate-01","3","Neutral","3",,,,"3","3","3","3","3","3",,,"Lainnya","Tidak asa",,,"Lainnya","Tidak ada",,,"Lainnya","Tidak ada","7364bcb9-a4a6-4b5f-9605-d0e533c4baf8","Completed",,"28-09-2025 16:20:00",,"118865",,"cab97c1f-67b4-11f0-a847-0a0cda9789f2","1d31c59f-b420-4437-b3e7-3c1de5afa0a5","10",,"true",,,,,,,,,,,,,,,,,,"Untitled-Import-1",
"199","IDM","BOROBUDUR","SHELTER","Exit Gate","IDM-BOROBUDUR-SHELTER -Exit Gate-01","5","Satisfied","5","Sangat profesional, berempati ramah dan sopan trimakasih sukses selalu","Staff and Guide Behavior and Service Quality","Positive","5","5","5","5","5","5","Melakukan layanan secara profesional dan ramah (menjaga kontak mata, tersenyum tulus, dan memberikan solusi dengan empati)|Memberikan informasi dengan jelas dan akurat|Memiliki penampilan yang bersih dan rapi|Melayani dengan cepat dan tepat|Membantu dan memastikan kesiapan fasilitas",,,,"Fasilitas shelter lengkap dan mendukung aktivitas pengguna|Shelter tersedia dengan baik dan mudah diakses oleh pengunjung",,,,"Shelter bersih dan terawat dengan baik|Shelter nyaman digunakan oleh penumpang saat menunggu|Alur tunggu di shelter tertata dengan baik dan mudah dipahami",,,,"091e2f41-4526-46af-8caa-2cc5ec618e69","Completed",,"28-09-2025 16:33:00",,"127101",,"cab97c1f-67b4-11f0-a847-0a0cda9789f2","1d31c59f-b420-4437-b3e7-3c1de5afa0a5","10",,"true",,,,,,,,,,,,,,,,,,"Untitled-Import-1",
"200","IDM","BOROBUDUR","SHELTER","Exit Gate","IDM-BOROBUDUR-SHELTER -Exit Gate-01","5","Satisfied","5",,,,,,,,"5","5",,,,,,,,,"Shelter nyaman digunakan oleh penumpang saat menunggu",,,,"bf2d0d84-79ab-405f-a472-515dc21b3b0c","Completed",,"29-09-2025 10:18:00",,"26420",,"cab97c1f-67b4-11f0-a847-0a0cda9789f2","1d31c59f-b420-4437-b3e7-3c1de5afa0a5","10",,"true",,,,,,,,,,,,,,,,,,"Untitled-Import-1",
"201","IDM","BOROBUDUR","SHELTER","Exit Gate","IDM-BOROBUDUR-SHELTER -Exit Gate-01","5","Satisfied","5",,,,,,,,"5","5",,,,,,,,,"Alur tunggu di shelter tertata dengan baik dan mudah dipahami",,,,"f2778735-4f88-40cb-81b9-1deb3721ee5a","Completed",,"29-09-2025 10:25:00",,"52663",,"cab97c1f-67b4-11f0-a847-0a0cda9789f2","1d31c59f-b420-4437-b3e7-3c1de5afa0a5","10",,"true",,,,,,,,,,,,,,,,,,"Untitled-Import-1",
"202","IDM","BOROBUDUR","SHELTER","Exit Gate","IDM-BOROBUDUR-SHELTER -Exit Gate-01","5","Satisfied","5",,,,"5","5","5","5","5","5",,,,,"Shelter tersedia dengan baik dan mudah diakses oleh pengunjung|Fasilitas shelter lengkap dan mendukung aktivitas pengguna",,,,"Shelter bersih dan terawat dengan baik|Shelter nyaman digunakan oleh penumpang saat menunggu|Alur tunggu di shelter tertata dengan baik dan mudah dipahami",,,,"baa4d3e4-afdd-425b-805a-58e5993ea1c3","Completed",,"29-09-2025 10:35:00",,"289361",,"cab97c1f-67b4-11f0-a847-0a0cda9789f2","1d31c59f-b420-4437-b3e7-3c1de5afa0a5","10",,"true",,,,,,,,,,,,,,,,,,"Untitled-Import-1",
"203","IDM","BOROBUDUR","SHELTER","Exit Gate","IDM-BOROBUDUR-SHELTER -Exit Gate-01","5","Satisfied","5",,,,"5","5","5","5","5","5","Melakukan layanan secara profesional dan ramah (menjaga kontak mata, tersenyum tulus, dan memberikan solusi dengan empati)|Memiliki penampilan yang bersih dan rapi",,,,"Fasilitas shelter lengkap dan mendukung aktivitas pengguna",,,,"Shelter bersih dan terawat dengan baik|Shelter nyaman digunakan oleh penumpang saat menunggu",,,,"df646516-8891-4f14-84e9-a7e1406ec8e4","Completed",,"29-09-2025 10:36:00",,"54275",,"cab97c1f-67b4-11f0-a847-0a0cda9789f2","1d31c59f-b420-4437-b3e7-3c1de5afa0a5","10",,"true",,,,,,,,,,,,,,,,,,"Untitled-Import-1",
"204","IDM","BOROBUDUR","SHELTER","Exit Gate","IDM-BOROBUDUR-SHELTER -Exit Gate-01","5","Satisfied","5",,,,"5","5","5","5","5","5","Melakukan layanan secara profesional dan ramah (menjaga kontak mata, tersenyum tulus, dan memberikan solusi dengan empati)|Memiliki penampilan yang bersih dan rapi|Memberikan informasi dengan jelas dan akurat|Melayani dengan cepat dan tepat|Membantu dan memastikan kesiapan fasilitas",,,,"Fasilitas shelter lengkap dan mendukung aktivitas pengguna|Shelter tersedia dengan baik dan mudah diakses oleh pengunjung",,,,"Shelter bersih dan terawat dengan baik|Alur tunggu di shelter tertata dengan baik dan mudah dipahami|Shelter nyaman digunakan oleh penumpang saat menunggu",,,,"dd06bcbd-bca6-421c-bc08-42b95002cce5","Completed",,"29-09-2025 11:23:00",,"56151",,"cab97c1f-67b4-11f0-a847-0a0cda9789f2","1d31c59f-b420-4437-b3e7-3c1de5afa0a5","10",,"true",,,,,,,,,,,,,,,,,,"Untitled-Import-1",
"205","IDM","BOROBUDUR","SHELTER","Exit Gate","IDM-BOROBUDUR-SHELTER -Exit Gate-01","5","Satisfied","5",,,,,,,,"5","5",,,,,,,,,"Shelter bersih dan terawat dengan baik",,,,"b4c25c68-1998-4a16-affa-18fb3ae2d0d9","Completed",,"29-09-2025 11:23:00",,"31282",,"cab97c1f-67b4-11f0-a847-0a0cda9789f2","1d31c59f-b420-4437-b3e7-3c1de5afa0a5","10",,"true",,,,,,,,,,,,,,,,,,"Untitled-Import-1",
"206","IDM","BOROBUDUR","SHELTER","Exit Gate","IDM-BOROBUDUR-SHELTER -Exit Gate-01","5","Satisfied","5","mantap sudah bagusss","Overall Visitor Experience and Cultural Appreciation|Shelter Facilities and Maintenance","Positive","5","5","5","5","5","5","Melakukan layanan secara profesional dan ramah (menjaga kontak mata, tersenyum tulus, dan memberikan solusi dengan empati)|Memiliki penampilan yang bersih dan rapi|Memberikan informasi dengan jelas dan akurat|Membantu dan memastikan kesiapan fasilitas",,,,"Fasilitas shelter lengkap dan mendukung aktivitas pengguna|Shelter tersedia dengan baik dan mudah diakses oleh pengunjung",,,,"Shelter bersih dan terawat dengan baik|Alur tunggu di shelter tertata dengan baik dan mudah dipahami|Shelter nyaman digunakan oleh penumpang saat menunggu",,,,"9df4a671-4040-4eac-965a-bb749121df5c","Completed",,"29-09-2025 11:24:00",,"40503",,"cab97c1f-67b4-11f0-a847-0a0cda9789f2","1d31c59f-b420-4437-b3e7-3c1de5afa0a5","10",,"true",,,,,,,,,,,,,,,,,,"Untitled-Import-1",
"207","IDM","BOROBUDUR","SHELTER","Exit Gate","IDM-BOROBUDUR-SHELTER -Exit Gate-01","5","Satisfied","5","bagus, baik dan nyaman","Shelter Facilities and Maintenance","Positive",,,,,"5","5",,,,,,,,,"Alur tunggu di shelter tertata dengan baik dan mudah dipahami",,,,"ec1297be-d8c9-482a-93df-e13a605b57da","Completed",,"29-09-2025 11:24:00",,"60747",,"cab97c1f-67b4-11f0-a847-0a0cda9789f2","1d31c59f-b420-4437-b3e7-3c1de5afa0a5","10",,"true",,,,,,,,,,,,,,,,,,"Untitled-Import-1",
"208","IDM","BOROBUDUR","SHELTER","Exit Gate","IDM-BOROBUDUR-SHELTER -Exit Gate-01","5","Satisfied","5","Bagus, baik, dan nyaman","Shelter Facilities and Maintenance","Positive",,,,,"5","5",,,,,,,,,"Alur tunggu di shelter tertata dengan baik dan mudah dipahami|Shelter nyaman digunakan oleh penumpang saat menunggu|Shelter bersih dan terawat dengan baik",,,,"653d7917-0508-4271-8bcf-b49fa878e6f2","Completed",,"29-09-2025 11:24:00",,"48558",,"cab97c1f-67b4-11f0-a847-0a0cda9789f2","1d31c59f-b420-4437-b3e7-3c1de5afa0a5","10",,"true",,,,,,,,,,,,,,,,,,"Untitled-Import-1",
"209","IDM","BOROBUDUR","SHELTER","Exit Gate","IDM-BOROBUDUR-SHELTER -Exit Gate-01","5","Satisfied","5",,,,,,,,"5","5",,,,,,,,,"Alur tunggu di shelter tertata dengan baik dan mudah dipahami",,,,"0113ac67-e91d-4ff7-bb97-c01c1eb77542","Completed",,"29-09-2025 11:25:00",,"34391",,"cab97c1f-67b4-11f0-a847-0a0cda9789f2","1d31c59f-b420-4437-b3e7-3c1de5afa0a5","10",,"true",,,,,,,,,,,,,,,,,,"Untitled-Import-1",
"210","IDM","BOROBUDUR","SHELTER","Exit Gate","IDM-BOROBUDUR-SHELTER -Exit Gate-01","4","Satisfied","4",,,,"4","4","4","4","4","4","Melakukan layanan secara profesional dan ramah (menjaga kontak mata, tersenyum tulus, dan memberikan solusi dengan empati)|Memiliki penampilan yang bersih dan rapi|Memberikan informasi dengan jelas dan akurat|Melayani dengan cepat dan tepat|Membantu dan memastikan kesiapan fasilitas",,,,"Fasilitas shelter lengkap dan mendukung aktivitas pengguna|Shelter tersedia dengan baik dan mudah diakses oleh pengunjung",,,,"Shelter bersih dan terawat dengan baik|Shelter nyaman digunakan oleh penumpang saat menunggu|Alur tunggu di shelter tertata dengan baik dan mudah dipahami",,,,"61803d63-1990-4f60-81c3-fdcbeb3a779a","Completed",,"29-09-2025 11:26:00",,"61842",,"cab97c1f-67b4-11f0-a847-0a0cda9789f2","1d31c59f-b420-4437-b3e7-3c1de5afa0a5","10",,"true",,,,,,,,,,,,,,,,,,"Untitled-Import-1",
"211","IDM","BOROBUDUR","SHELTER","Exit Gate","IDM-BOROBUDUR-SHELTER -Exit Gate-01","5","Satisfied","5",,,,"5","5",,,,,"Melakukan layanan secara profesional dan ramah (menjaga kontak mata, tersenyum tulus, dan memberikan solusi dengan empati)",,,,,,,,,,,,"81376923-f5c2-449c-9523-e27e6d680e8a","Completed",,"29-09-2025 14:08:00",,"13431",,"cab97c1f-67b4-11f0-a847-0a0cda9789f2","1d31c59f-b420-4437-b3e7-3c1de5afa0a5","10",,"true",,,,,,,,,,,,,,,,,,"Untitled-Import-1",
"212","IDM","BOROBUDUR","SHELTER","Exit Gate","IDM-BOROBUDUR-SHELTER -Exit Gate-01","5","Satisfied","5",,,,"5","5","5","5","5","5","Melakukan layanan secara profesional dan ramah (menjaga kontak mata, tersenyum tulus, dan memberikan solusi dengan empati)|Memiliki penampilan yang bersih dan rapi|Memberikan informasi dengan jelas dan akurat|Melayani dengan cepat dan tepat|Membantu dan memastikan kesiapan fasilitas",,,,"Fasilitas shelter lengkap dan mendukung aktivitas pengguna|Shelter tersedia dengan baik dan mudah diakses oleh pengunjung",,,,"Shelter bersih dan terawat dengan baik|Shelter nyaman digunakan oleh penumpang saat menunggu|Alur tunggu di shelter tertata dengan baik dan mudah dipahami",,,,"e4c02cde-4f67-4417-bc75-962a005636ba","Completed",,"29-09-2025 14:19:00",,"66695",,"cab97c1f-67b4-11f0-a847-0a0cda9789f2","1d31c59f-b420-4437-b3e7-3c1de5afa0a5","10",,"true",,,,,,,,,,,,,,,,,,"Untitled-Import-1",
"213","IDM","BOROBUDUR","SHELTER","Exit Gate","IDM-BOROBUDUR-SHELTER -Exit Gate-01","5","Satisfied","5",,,,"5","5","5","5","5","5","Melakukan layanan secara profesional dan ramah (menjaga kontak mata, tersenyum tulus, dan memberikan solusi dengan empati)|Memiliki penampilan yang bersih dan rapi|Melayani dengan cepat dan tepat|Membantu dan memastikan kesiapan fasilitas|Memberikan informasi dengan jelas dan akurat",,,,"Fasilitas shelter lengkap dan mendukung aktivitas pengguna|Shelter tersedia dengan baik dan mudah diakses oleh pengunjung",,,,"Shelter bersih dan terawat dengan baik|Shelter nyaman digunakan oleh penumpang saat menunggu|Alur tunggu di shelter tertata dengan baik dan mudah dipahami",,,,"5d57c475-26fb-4305-8ab6-74bb5343ba08","Completed",,"29-09-2025 14:19:00",,"60967",,"cab97c1f-67b4-11f0-a847-0a0cda9789f2","1d31c59f-b420-4437-b3e7-3c1de5afa0a5","10",,"true",,,,,,,,,,,,,,,,,,"Untitled-Import-1",
"214","IDM","BOROBUDUR","SHELTER","Exit Gate","IDM-BOROBUDUR-SHELTER -Exit Gate-01","5","Satisfied","5",,,,,,,,"5","5",,,,,,,,,"Alur tunggu di shelter tertata dengan baik dan mudah dipahami",,,,"9ca267a8-ef13-4096-8a81-c2511904309c","Completed",,"29-09-2025 14:22:00",,"62050",,"cab97c1f-67b4-11f0-a847-0a0cda9789f2","1d31c59f-b420-4437-b3e7-3c1de5afa0a5","10",,"true",,,,,,,,,,,,,,,,,,"Untitled-Import-1",
"215","IDM","BOROBUDUR","SHELTER","Exit Gate","IDM-BOROBUDUR-SHELTER -Exit Gate-01","5","Satisfied","5",,,,,,,,"5","5",,,,,,,,,"Shelter bersih dan terawat dengan baik",,,,"562b5fec-e94d-4709-ae4b-08ac777bb2d2","Completed",,"30-09-2025 10:31:00",,"50902",,"cab97c1f-67b4-11f0-a847-0a0cda9789f2","1d31c59f-b420-4437-b3e7-3c1de5afa0a5","10",,"true",,,,,,,,,,,,,,,,,,"Untitled-Import-1",
"216","IDM","BOROBUDUR","SHELTER","Exit Gate","IDM-BOROBUDUR-SHELTER -Exit Gate-01","5","Satisfied","5",,,,"5","5","5","5","5","5","Melakukan layanan secara profesional dan ramah (menjaga kontak mata, tersenyum tulus, dan memberikan solusi dengan empati)|Memiliki penampilan yang bersih dan rapi|Memberikan informasi dengan jelas dan akurat|Melayani dengan cepat dan tepat",,,,"Fasilitas shelter lengkap dan mendukung aktivitas pengguna|Shelter tersedia dengan baik dan mudah diakses oleh pengunjung",,,,"Shelter bersih dan terawat dengan baik|Shelter nyaman digunakan oleh penumpang saat menunggu|Alur tunggu di shelter tertata dengan baik dan mudah dipahami",,,,"ecc91261-7a3c-4ed8-a527-9e24460569b6","Completed",,"30-09-2025 10:42:00",,"208052",,"cab97c1f-67b4-11f0-a847-0a0cda9789f2","1d31c59f-b420-4437-b3e7-3c1de5afa0a5","10",,"true",,,,,,,,,,,,,,,,,,"Untitled-Import-1",
"217","IDM","BOROBUDUR","SHELTER","Exit Gate","IDM-BOROBUDUR-SHELTER -Exit Gate-01","4","Satisfied","4",,,,"4","4","4","4","4","4","Melakukan layanan secara profesional dan ramah (menjaga kontak mata, tersenyum tulus, dan memberikan solusi dengan empati)|Memiliki penampilan yang bersih dan rapi|Memberikan informasi dengan jelas dan akurat|Melayani dengan cepat dan tepat",,,,"Fasilitas shelter lengkap dan mendukung aktivitas pengguna",,,,"Shelter bersih dan terawat dengan baik|Shelter nyaman digunakan oleh penumpang saat menunggu|Alur tunggu di shelter tertata dengan baik dan mudah dipahami",,,,"0437ab78-6612-4ee7-abae-c305915a2772","Completed",,"30-09-2025 11:42:00",,"78209",,"cab97c1f-67b4-11f0-a847-0a0cda9789f2","1d31c59f-b420-4437-b3e7-3c1de5afa0a5","10",,"true",,,,,,,,,,,,,,,,,,"Untitled-Import-1",
"218","IDM","BOROBUDUR","SHELTER","Exit Gate","IDM-BOROBUDUR-SHELTER -Exit Gate-01","4","Satisfied","4",,,,"4","4","4","4","4","4","Melakukan layanan secara profesional dan ramah (menjaga kontak mata, tersenyum tulus, dan memberikan solusi dengan empati)|Memiliki penampilan yang bersih dan rapi|Memberikan informasi dengan jelas dan akurat|Melayani dengan cepat dan tepat|Membantu dan memastikan kesiapan fasilitas",,,,"Fasilitas shelter lengkap dan mendukung aktivitas pengguna|Shelter tersedia dengan baik dan mudah diakses oleh pengunjung",,,,"Shelter bersih dan terawat dengan baik|Shelter nyaman digunakan oleh penumpang saat menunggu|Alur tunggu di shelter tertata dengan baik dan mudah dipahami",,,,"e93eddd3-d39e-4a6b-b994-f4856ab4ee65","Completed",,"30-09-2025 12:18:00",,"75672",,"cab97c1f-67b4-11f0-a847-0a0cda9789f2","1d31c59f-b420-4437-b3e7-3c1de5afa0a5","10",,"true",,,,,,,,,,,,,,,,,,"Untitled-Import-1",
"219","IDM","BOROBUDUR","SHELTER","Exit Gate","IDM-BOROBUDUR-SHELTER -Exit Gate-01","5","Satisfied","5",,,,,,,,"5","5",,,,,,,,,"Shelter nyaman digunakan oleh penumpang saat menunggu",,,,"fec6772e-8ad6-4469-9a40-270b97f2c25c","Completed",,"30-09-2025 15:12:00",,"37644",,"cab97c1f-67b4-11f0-a847-0a0cda9789f2","1d31c59f-b420-4437-b3e7-3c1de5afa0a5","10",,"true",,,,,,,,,,,,,,,,,,"Untitled-Import-1",
"220","IDM","BOROBUDUR","SHELTER","Exit Gate","IDM-BOROBUDUR-SHELTER -Exit Gate-01","5","Satisfied","5",,,,"5","5","5","5","5","5","Melakukan layanan secara profesional dan ramah (menjaga kontak mata, tersenyum tulus, dan memberikan solusi dengan empati)|Memiliki penampilan yang bersih dan rapi|Memberikan informasi dengan jelas dan akurat|Melayani dengan cepat dan tepat|Membantu dan memastikan kesiapan fasilitas",,,,"Fasilitas shelter lengkap dan mendukung aktivitas pengguna|Shelter tersedia dengan baik dan mudah diakses oleh pengunjung",,,,"Shelter bersih dan terawat dengan baik|Shelter nyaman digunakan oleh penumpang saat menunggu|Alur tunggu di shelter tertata dengan baik dan mudah dipahami",,,,"ff3b9233-7b60-41f9-af60-abc6cf98b9cf","Completed",,"30-09-2025 15:13:00",,"44453",,"cab97c1f-67b4-11f0-a847-0a0cda9789f2","1d31c59f-b420-4437-b3e7-3c1de5afa0a5","10",,"true",,,,,,,,,,,,,,,,,,"Untitled-Import-1",
"221","IDM","BOROBUDUR","SHELTER","Exit Gate","IDM-BOROBUDUR-SHELTER -Exit Gate-01","4","Satisfied","4",,,,,,,,"4","4",,,,,,,,,"Shelter bersih dan terawat dengan baik",,,,"2ac862f8-c035-4cbf-914f-9cfa505cdcbb","Completed",,"30-09-2025 15:19:00",,"25712",,"cab97c1f-67b4-11f0-a847-0a0cda9789f2","1d31c59f-b420-4437-b3e7-3c1de5afa0a5","10",,"true",,,,,,,,,,,,,,,,,,"Untitled-Import-1",
"222","IDM","BOROBUDUR","SHELTER","Exit Gate","IDM-BOROBUDUR-SHELTER -Exit Gate-01","5","Satisfied","5","Halte shelter diperbanyak","Shelter Location, Accessibility, and Arrangement","Neutral",,,,,"5","5",,,,,,,,,"Alur tunggu di shelter tertata dengan baik dan mudah dipahami",,,,"ddd70fcc-2507-4392-a5b8-260b8cadb120","Completed",,"30-09-2025 15:23:00",,"37691",,"cab97c1f-67b4-11f0-a847-0a0cda9789f2","1d31c59f-b420-4437-b3e7-3c1de5afa0a5","10",,"true",,,,,,,,,,,,,,,,,,"Untitled-Import-1",
"223","IDM","BOROBUDUR","SHELTER","Exit Gate","IDM-BOROBUDUR-SHELTER -Exit Gate-01","5","Satisfied","5",,,,"5","5","5","5","5","5","Melakukan layanan secara profesional dan ramah (menjaga kontak mata, tersenyum tulus, dan memberikan solusi dengan empati)|Memiliki penampilan yang bersih dan rapi|Memberikan informasi dengan jelas dan akurat|Melayani dengan cepat dan tepat|Membantu dan memastikan kesiapan fasilitas",,,,"Fasilitas shelter lengkap dan mendukung aktivitas pengguna|Shelter tersedia dengan baik dan mudah diakses oleh pengunjung",,,,"Shelter bersih dan terawat dengan baik|Shelter nyaman digunakan oleh penumpang saat menunggu|Alur tunggu di shelter tertata dengan baik dan mudah dipahami",,,,"b7170b28-b98a-48af-8afd-f856f7fdba94","Completed",,"30-09-2025 15:24:00",,"40201",,"cab97c1f-67b4-11f0-a847-0a0cda9789f2","1d31c59f-b420-4437-b3e7-3c1de5afa0a5","10",,"true",,,,,,,,,,,,,,,,,,"Untitled-Import-1",
"224","IDM","BOROBUDUR","SHELTER","Exit Gate","IDM-BOROBUDUR-SHELTER -Exit Gate-01","3","Neutral","3","Kami kehujanan semakin basah di shuttle karna jauh","Transportation and Shuttle Services","Negative",,,"3","3",,,,,,,,,"Fasilitas shelter kurang lengkap dan belum mendukung kenyamanan pengguna",,,,,,"ca604ad7-64aa-4a8e-8793-d0518313dacf","Completed",,"30-09-2025 15:24:00",,"50411",,"cab97c1f-67b4-11f0-a847-0a0cda9789f2","1d31c59f-b420-4437-b3e7-3c1de5afa0a5","10",,"true",,,,,,,,,,,,,,,,,,"Untitled-Import-1",
"225","IDM","BOROBUDUR","SHELTER","Exit Gate","IDM-BOROBUDUR-SHELTER -Exit Gate-01","1","Not Satisfied","1","Stanby kan petugas di pintu keluar candi agar bisa mengarahkan pengunjung dengan tepat ..","Staff and Guide Behavior and Service Quality","Neutral","1","1",,,,,,,"Lainnya","Tidak terdapat papan pengumuman untuk pengunjung",,,,,,,,,"d0fe0bf4-e521-4a63-b32e-5348ff678240","Completed",,"30-09-2025 15:27:00",,"86757",,"cab97c1f-67b4-11f0-a847-0a0cda9789f2","1d31c59f-b420-4437-b3e7-3c1de5afa0a5","10",,"true",,,,,,,,,,,,,,,,,,"Untitled-Import-1",
"226","IDM","BOROBUDUR","SHELTER","Exit Gate","IDM-BOROBUDUR-SHELTER -Exit Gate-01","5","Satisfied","5",,,,"5","5","5","5",,,,,,,"Fasilitas shelter lengkap dan mendukung aktivitas pengguna|Shelter tersedia dengan baik dan mudah diakses oleh pengunjung",,,,,,,,"1c48c500-ac22-4f93-a9f1-abea8f209238","Completed",,"01-10-2025 10:10:00",,"21328",,"cab97c1f-67b4-11f0-a847-0a0cda9789f2","1d31c59f-b420-4437-b3e7-3c1de5afa0a5","10",,"true",,,,,,,,,,,,,,,,,,"Untitled-Import-1",
"227","IDM","BOROBUDUR","SHELTER","Exit Gate","IDM-BOROBUDUR-SHELTER -Exit Gate-01","5","Satisfied","5",,,,"5","5","5","5","5","5","Melakukan layanan secara profesional dan ramah (menjaga kontak mata, tersenyum tulus, dan memberikan solusi dengan empati)|Memberikan informasi dengan jelas dan akurat|Memiliki penampilan yang bersih dan rapi|Melayani dengan cepat dan tepat|Membantu dan memastikan kesiapan fasilitas",,,,"Fasilitas shelter lengkap dan mendukung aktivitas pengguna|Shelter tersedia dengan baik dan mudah diakses oleh pengunjung",,,,"Shelter bersih dan terawat dengan baik|Shelter nyaman digunakan oleh penumpang saat menunggu|Alur tunggu di shelter tertata dengan baik dan mudah dipahami",,,,"ffd785bd-bd08-4afe-b786-8fd5555e7a5e","Completed",,"01-10-2025 10:11:00",,"48562",,"cab97c1f-67b4-11f0-a847-0a0cda9789f2","1d31c59f-b420-4437-b3e7-3c1de5afa0a5","10",,"true",,,,,,,,,,,,,,,,,,"Untitled-Import-1",
"228","IDM","BOROBUDUR","SHELTER","Exit Gate","IDM-BOROBUDUR-SHELTER -Exit Gate-01","5","Satisfied","5","nice, pertahanan kan","Overall Visitor Experience and Cultural Appreciation|Visitor Information, Signage, and Signage Clarity","Positive","5","5","5","5","5","5","Melakukan layanan secara profesional dan ramah (menjaga kontak mata, tersenyum tulus, dan memberikan solusi dengan empati)|Memberikan informasi dengan jelas dan akurat|Melayani dengan cepat dan tepat|Membantu dan memastikan kesiapan fasilitas",,,,"Fasilitas shelter lengkap dan mendukung aktivitas pengguna|Shelter tersedia dengan baik dan mudah diakses oleh pengunjung",,,,"Shelter nyaman digunakan oleh penumpang saat menunggu|Alur tunggu di shelter tertata dengan baik dan mudah dipahami",,,,"6558be14-f9ea-49e0-a3dd-ccf9ac8cebb9","Completed",,"01-10-2025 10:13:00",,"38920",,"cab97c1f-67b4-11f0-a847-0a0cda9789f2","1d31c59f-b420-4437-b3e7-3c1de5afa0a5","10",,"true",,,,,,,,,,,,,,,,,,"Untitled-Import-1",
"229","IDM","BOROBUDUR","SHELTER","Exit Gate","IDM-BOROBUDUR-SHELTER -Exit Gate-01","4","Satisfied","4",,,,,,,,"4","4",,,,,,,,,"Shelter bersih dan terawat dengan baik",,,,"cc162d31-31a0-4e4b-972e-8d5e27f1ca5b","Completed",,"01-10-2025 13:00:00",,"38110",,"cab97c1f-67b4-11f0-a847-0a0cda9789f2","1d31c59f-b420-4437-b3e7-3c1de5afa0a5","10",,"true",,,,,,,,,,,,,,,,,,"Untitled-Import-1",
"230","IDM","BOROBUDUR","SHELTER","Exit Gate","IDM-BOROBUDUR-SHELTER -Exit Gate-01","5","Satisfied","5","Gorgeous 🥰","Overall Visitor Experience and Cultural Appreciation","Positive",,,"5","5",,,,,,,"Fasilitas shelter lengkap dan mendukung aktivitas pengguna",,,,,,,,"37be9823-38f3-45aa-b8ca-76eebb24a043","Completed",,"02-10-2025 08:29:00",,"33261",,"cab97c1f-67b4-11f0-a847-0a0cda9789f2","1d31c59f-b420-4437-b3e7-3c1de5afa0a5","10",,"true",,,,,,,,,,,,,,,,,,"Untitled-Import-1",
"231","IDM","BOROBUDUR","SHELTER","Exit Gate","IDM-BOROBUDUR-SHELTER -Exit Gate-01","5","Satisfied","5","Perfect","Overall Visitor Experience and Cultural Appreciation","Positive","5","5","5","5","5","5","Melakukan layanan secara profesional dan ramah (menjaga kontak mata, tersenyum tulus, dan memberikan solusi dengan empati)|Memiliki penampilan yang bersih dan rapi|Memberikan informasi dengan jelas dan akurat|Melayani dengan cepat dan tepat|Membantu dan memastikan kesiapan fasilitas",,,,"Fasilitas shelter lengkap dan mendukung aktivitas pengguna|Shelter tersedia dengan baik dan mudah diakses oleh pengunjung",,,,"Shelter bersih dan terawat dengan baik|Shelter nyaman digunakan oleh penumpang saat menunggu|Alur tunggu di shelter tertata dengan baik dan mudah dipahami",,,,"98f6e05d-3874-4d03-bd21-ad9ae164917c","Completed",,"02-10-2025 08:29:00",,"57762",,"cab97c1f-67b4-11f0-a847-0a0cda9789f2","1d31c59f-b420-4437-b3e7-3c1de5afa0a5","10",,"true",,,,,,,,,,,,,,,,,,"Untitled-Import-1",
"232","IDM","BOROBUDUR","SHELTER","Exit Gate","IDM-BOROBUDUR-SHELTER -Exit Gate-01","5","Satisfied","5",,,,"5","5","5","5","5","5","Memiliki penampilan yang bersih dan rapi|Melayani dengan cepat dan tepat|Membantu dan memastikan kesiapan fasilitas|Memberikan informasi dengan jelas dan akurat|Melakukan layanan secara profesional dan ramah (menjaga kontak mata, tersenyum tulus, dan memberikan solusi dengan empati)",,,,"Fasilitas shelter lengkap dan mendukung aktivitas pengguna|Shelter tersedia dengan baik dan mudah diakses oleh pengunjung",,,,"Shelter bersih dan terawat dengan baik|Alur tunggu di shelter tertata dengan baik dan mudah dipahami|Shelter nyaman digunakan oleh penumpang saat menunggu",,,,"ae9d3024-f890-4f74-9a7b-5ee3fcf45fd3","Completed",,"02-10-2025 08:36:00",,"397985",,"cab97c1f-67b4-11f0-a847-0a0cda9789f2","1d31c59f-b420-4437-b3e7-3c1de5afa0a5","10",,"true",,,,,,,,,,,,,,,,,,"Untitled-Import-1",
"233","IDM","BOROBUDUR","SHELTER","Exit Gate","IDM-BOROBUDUR-SHELTER -Exit Gate-01","5","Satisfied","5",,,,"5","5","5","5","5","5","Melakukan layanan secara profesional dan ramah (menjaga kontak mata, tersenyum tulus, dan memberikan solusi dengan empati)|Memiliki penampilan yang bersih dan rapi|Memberikan informasi dengan jelas dan akurat|Melayani dengan cepat dan tepat|Membantu dan memastikan kesiapan fasilitas|Lainnya",".",,,"Fasilitas shelter lengkap dan mendukung aktivitas pengguna|Shelter tersedia dengan baik dan mudah diakses oleh pengunjung|Lainnya",".",,,"Shelter bersih dan terawat dengan baik|Shelter nyaman digunakan oleh penumpang saat menunggu|Alur tunggu di shelter tertata dengan baik dan mudah dipahami|Lainnya",".",,,"50580b3c-088a-472f-9546-b8ae6883fec7","Completed",,"02-10-2025 10:16:00",,"91586",,"cab97c1f-67b4-11f0-a847-0a0cda9789f2","1d31c59f-b420-4437-b3e7-3c1de5afa0a5","10",,"true",,,,,,,,,,,,,,,,,,"Untitled-Import-1",
"234","IDM","BOROBUDUR","SHELTER","Exit Gate","IDM-BOROBUDUR-SHELTER -Exit Gate-01","4","Satisfied","4",,,,,,"4","4",,,,,,,"Fasilitas shelter lengkap dan mendukung aktivitas pengguna",,,,,,,,"a0f4f33b-82bf-46d9-bce8-dc1516630c2f","Completed",,"02-10-2025 10:22:00",,"22354",,"cab97c1f-67b4-11f0-a847-0a0cda9789f2","1d31c59f-b420-4437-b3e7-3c1de5afa0a5","10",,"true",,,,,,,,,,,,,,,,,,"Untitled-Import-1",
"235","IDM","BOROBUDUR","SHELTER","Exit Gate","IDM-BOROBUDUR-SHELTER -Exit Gate-01","5","Satisfied","5","Sangat bagus","Overall Visitor Experience and Cultural Appreciation","Positive","5","5",,,,,"Melakukan layanan secara profesional dan ramah (menjaga kontak mata, tersenyum tulus, dan memberikan solusi dengan empati)",,,,,,,,,,,,"c7e7900b-2602-4c86-81d8-d17982303264","Completed",,"02-10-2025 11:25:00",,"62329",,"cab97c1f-67b4-11f0-a847-0a0cda9789f2","1d31c59f-b420-4437-b3e7-3c1de5afa0a5","10",,"true",,,,,,,,,,,,,,,,,,"Untitled-Import-1",
"236","IDM","BOROBUDUR","SHELTER","Exit Gate","IDM-BOROBUDUR-SHELTER -Exit Gate-01","5","Satisfied","5",,,,,,,,"5","5",,,,,,,,,"Alur tunggu di shelter tertata dengan baik dan mudah dipahami",,,,"589867ba-0577-4f03-9adb-6b9958795f14","Completed",,"02-10-2025 11:30:00",,"19523",,"cab97c1f-67b4-11f0-a847-0a0cda9789f2","1d31c59f-b420-4437-b3e7-3c1de5afa0a5","10",,"true",,,,,,,,,,,,,,,,,,"Untitled-Import-1",
"237","IDM","BOROBUDUR","SHELTER","Exit Gate","IDM-BOROBUDUR-SHELTER -Exit Gate-01","4","Satisfied","4",,,,,,,,"4","4",,,,,,,,,"Alur tunggu di shelter tertata dengan baik dan mudah dipahami",,,,"1aa73be0-091f-48a0-b335-00c2174fdab8","Completed",,"02-10-2025 11:30:00",,"41175",,"cab97c1f-67b4-11f0-a847-0a0cda9789f2","1d31c59f-b420-4437-b3e7-3c1de5afa0a5","10",,"true",,,,,,,,,,,,,,,,,,"Untitled-Import-1",
"238","IDM","BOROBUDUR","SHELTER","Exit Gate","IDM-BOROBUDUR-SHELTER -Exit Gate-01","5","Satisfied","5",,,,"5","5","5","5","5","5","Melakukan layanan secara profesional dan ramah (menjaga kontak mata, tersenyum tulus, dan memberikan solusi dengan empati)|Memiliki penampilan yang bersih dan rapi|Memberikan informasi dengan jelas dan akurat|Melayani dengan cepat dan tepat|Membantu dan memastikan kesiapan fasilitas",,,,"Fasilitas shelter lengkap dan mendukung aktivitas pengguna|Shelter tersedia dengan baik dan mudah diakses oleh pengunjung",,,,"Shelter bersih dan terawat dengan baik|Shelter nyaman digunakan oleh penumpang saat menunggu|Alur tunggu di shelter tertata dengan baik dan mudah dipahami",,,,"2616f0de-1301-4707-8674-59ea9bb7f7d4","Completed",,"02-10-2025 11:35:00",,"24306",,"cab97c1f-67b4-11f0-a847-0a0cda9789f2","1d31c59f-b420-4437-b3e7-3c1de5afa0a5","10",,"true",,,,,,,,,,,,,,,,,,"Untitled-Import-1",
"239","IDM","BOROBUDUR","SHELTER","Exit Gate","IDM-BOROBUDUR-SHELTER -Exit Gate-01","5","Satisfied","5",,,,,,"5","5",,,,,,,"Fasilitas shelter lengkap dan mendukung aktivitas pengguna",,,,,,,,"f5cd3ccd-09d5-4f73-a7ab-214cdb64cf1c","Completed",,"02-10-2025 12:16:00",,"13425",,"cab97c1f-67b4-11f0-a847-0a0cda9789f2","1d31c59f-b420-4437-b3e7-3c1de5afa0a5","10",,"true",,,,,,,,,,,,,,,,,,"Untitled-Import-1",
"240","IDM","BOROBUDUR","SHELTER","Exit Gate","IDM-BOROBUDUR-SHELTER -Exit Gate-01","5","Satisfied","5",,,,,,,,"5","5",,,,,,,,,"Alur tunggu di shelter tertata dengan baik dan mudah dipahami|Shelter nyaman digunakan oleh penumpang saat menunggu|Shelter bersih dan terawat dengan baik",,,,"1838bd96-5ed0-4662-9a3d-703d297ada6e","Completed",,"02-10-2025 11:16:00",,"27053",,"cab97c1f-67b4-11f0-a847-0a0cda9789f2","1d31c59f-b420-4437-b3e7-3c1de5afa0a5","10",,"true",,,,,,,,,,,,,,,,,,"Untitled-Import-1",
"241","IDM","BOROBUDUR","SHELTER","Exit Gate","IDM-BOROBUDUR-SHELTER -Exit Gate-01","4","Satisfied","4","Shelter Arah Balik kalau Bisa pas kluar jadi ga jauh... Para wisatawan biar ga terlalu capai","Shelter Location, Accessibility, and Arrangement","Neutral","4","4","4","4","4","4","Melakukan layanan secara profesional dan ramah (menjaga kontak mata, tersenyum tulus, dan memberikan solusi dengan empati)|Memiliki penampilan yang bersih dan rapi|Memberikan informasi dengan jelas dan akurat|Melayani dengan cepat dan tepat|Membantu dan memastikan kesiapan fasilitas|Lainnya","Cuma pelayanan Suttlenya Arah kluar ke jauhan",,,"Fasilitas shelter lengkap dan mendukung aktivitas pengguna|Shelter tersedia dengan baik dan mudah diakses oleh pengunjung|Lainnya","Shelter balik ke jauhan",,,"Shelter bersih dan terawat dengan baik|Shelter nyaman digunakan oleh penumpang saat menunggu|Alur tunggu di shelter tertata dengan baik dan mudah dipahami|Lainnya","Kalau Tempat sudah K",,,"d50faecb-f8d7-4d7c-bcd4-51e55146cd88","Completed",,"02-10-2025 12:21:00",,"225046",,"cab97c1f-67b4-11f0-a847-0a0cda9789f2","1d31c59f-b420-4437-b3e7-3c1de5afa0a5","10",,"true",,,,,,,,,,,,,,,,,,"Untitled-Import-1",
"242","IDM","BOROBUDUR","SHELTER","Exit Gate","IDM-BOROBUDUR-SHELTER -Exit Gate-01","4","Satisfied","4",,,,"4","4",,,,,"Melakukan layanan secara profesional dan ramah (menjaga kontak mata, tersenyum tulus, dan memberikan solusi dengan empati)",,,,,,,,,,,,"be35dabe-64fc-423a-8ba9-b0bac96a66d5","Completed",,"02-10-2025 12:32:00",,"45554",,"cab97c1f-67b4-11f0-a847-0a0cda9789f2","1d31c59f-b420-4437-b3e7-3c1de5afa0a5","10",,"true",,,,,,,,,,,,,,,,,,"Untitled-Import-1",
"243","IDM","BOROBUDUR","SHELTER","Exit Gate","IDM-BOROBUDUR-SHELTER -Exit Gate-01","5","Satisfied","5",,,,,,,,"5","5",,,,,,,,,"Alur tunggu di shelter tertata dengan baik dan mudah dipahami",,,,"ba0bf384-5d7c-4ee7-ae9a-b33229aab6b4","Completed",,"02-10-2025 13:06:00",,"43540",,"cab97c1f-67b4-11f0-a847-0a0cda9789f2","1d31c59f-b420-4437-b3e7-3c1de5afa0a5","10",,"true",,,,,,,,,,,,,,,,,,"Untitled-Import-1",
"244","IDM","BOROBUDUR","SHELTER","Exit Gate","IDM-BOROBUDUR-SHELTER -Exit Gate-01","5","Satisfied","5",,,,"5","5","5","5","5","5","Melakukan layanan secara profesional dan ramah (menjaga kontak mata, tersenyum tulus, dan memberikan solusi dengan empati)|Memiliki penampilan yang bersih dan rapi|Memberikan informasi dengan jelas dan akurat|Melayani dengan cepat dan tepat|Membantu dan memastikan kesiapan fasilitas",,,,"Fasilitas shelter lengkap dan mendukung aktivitas pengguna|Shelter tersedia dengan baik dan mudah diakses oleh pengunjung",,,,"Shelter bersih dan terawat dengan baik|Shelter nyaman digunakan oleh penumpang saat menunggu|Alur tunggu di shelter tertata dengan baik dan mudah dipahami",,,,"1241153f-5f4a-4f63-a8bf-1cc414a80500","Completed",,"02-10-2025 13:43:00",,"625108",,"cab97c1f-67b4-11f0-a847-0a0cda9789f2","1d31c59f-b420-4437-b3e7-3c1de5afa0a5","10",,"true",,,,,,,,,,,,,,,,,,"Untitled-Import-1",
"245","IDM","BOROBUDUR","SHELTER","Exit Gate","IDM-BOROBUDUR-SHELTER -Exit Gate-01","5","Satisfied","5","Nothing",,"Neutral",,,,,"5","5",,,,,,,,,"Alur tunggu di shelter tertata dengan baik dan mudah dipahami|Shelter nyaman digunakan oleh penumpang saat menunggu|Shelter bersih dan terawat dengan baik|Lainnya","Staff",,,"7c35bfb3-0c95-4e02-96c8-306e4e0a6bcf","Completed",,"02-10-2025 14:00:00",,"41892",,"cab97c1f-67b4-11f0-a847-0a0cda9789f2","1d31c59f-b420-4437-b3e7-3c1de5afa0a5","10",,"true",,,,,,,,,,,,,,,,,,"Untitled-Import-1",
"246","IDM","BOROBUDUR","SHELTER","Exit Gate","IDM-BOROBUDUR-SHELTER -Exit Gate-01","5","Satisfied","5",,,,,,,,"5","5",,,,,,,,,"Shelter bersih dan terawat dengan baik",,,,"bf2b6ba0-a055-4d36-8e86-a47be191650c","Completed",,"02-10-2025 14:11:00",,"131757",,"cab97c1f-67b4-11f0-a847-0a0cda9789f2","1d31c59f-b420-4437-b3e7-3c1de5afa0a5","10",,"true",,,,,,,,,,,,,,,,,,"Untitled-Import-1",
"247","IDM","BOROBUDUR","SHELTER","Exit Gate","IDM-BOROBUDUR-SHELTER -Exit Gate-01","4","Satisfied","4","Keramahan Selter kepada pengunjung lokal harus  sama ramahnya seperti menyambut pengunjung asing. Semoga keramahan di tingkatkan kembali","Staff and Guide Behavior and Service Quality","Positive","4","4","4","4","4","4","Memiliki penampilan yang bersih dan rapi|Melayani dengan cepat dan tepat",,,,"Fasilitas shelter lengkap dan mendukung aktivitas pengguna|Shelter tersedia dengan baik dan mudah diakses oleh pengunjung",,,,"Shelter bersih dan terawat dengan baik|Shelter nyaman digunakan oleh penumpang saat menunggu|Alur tunggu di shelter tertata dengan baik dan mudah dipahami",,,,"3f0f306c-124b-4261-be55-9bd3ebc18c1f","Completed",,"02-10-2025 14:18:00",,"183043",,"cab97c1f-67b4-11f0-a847-0a0cda9789f2","1d31c59f-b420-4437-b3e7-3c1de5afa0a5","10",,"true",,,,,,,,,,,,,,,,,,"Untitled-Import-1",
"248","IDM","BOROBUDUR","SHELTER","Exit Gate","IDM-BOROBUDUR-SHELTER -Exit Gate-01","5","Satisfied","5","Tempatnya bagus","Overall Visitor Experience and Cultural Appreciation","Positive","5","5","5","5","5","5","Memberikan informasi dengan jelas dan akurat",,,,"Fasilitas shelter lengkap dan mendukung aktivitas pengguna|Shelter tersedia dengan baik dan mudah diakses oleh pengunjung",,,,"Shelter bersih dan terawat dengan baik|Shelter nyaman digunakan oleh penumpang saat menunggu|Alur tunggu di shelter tertata dengan baik dan mudah dipahami",,,,"6a099f97-411d-4f13-aa4c-43441daa29e6","Completed",,"02-10-2025 15:39:00",,"119767",,"cab97c1f-67b4-11f0-a847-0a0cda9789f2","1d31c59f-b420-4437-b3e7-3c1de5afa0a5","10",,"true",,,,,,,,,,,,,,,,,,"Untitled-Import-1",
"249","IDM","BOROBUDUR","SHELTER","Exit Gate","IDM-BOROBUDUR-SHELTER -Exit Gate-01","5","Satisfied","5",,,,"5","5","5","5","5","5","Melakukan layanan secara profesional dan ramah (menjaga kontak mata, tersenyum tulus, dan memberikan solusi dengan empati)|Memberikan informasi dengan jelas dan akurat|Membantu dan memastikan kesiapan fasilitas",,,,"Fasilitas shelter lengkap dan mendukung aktivitas pengguna|Shelter tersedia dengan baik dan mudah diakses oleh pengunjung",,,,"Shelter bersih dan terawat dengan baik|Shelter nyaman digunakan oleh penumpang saat menunggu",,,,"174ed151-27b7-4c3a-89a5-84e89cb30a26","Completed",,"02-10-2025 15:46:00",,"118245",,"cab97c1f-67b4-11f0-a847-0a0cda9789f2","1d31c59f-b420-4437-b3e7-3c1de5afa0a5","10",,"true",,,,,,,,,,,,,,,,,,"Untitled-Import-1",
"250","IDM","BOROBUDUR","SHELTER","Exit Gate","IDM-BOROBUDUR-SHELTER -Exit Gate-01","4","Satisfied","4",,,,"4","4",,,,,"Melakukan layanan secara profesional dan ramah (menjaga kontak mata, tersenyum tulus, dan memberikan solusi dengan empati)",,,,,,,,,,,,"0cc0e2a3-e6d6-42c7-8d0c-2c1ead3b6832","Completed",,"02-10-2025 18:57:00",,"36440",,"cab97c1f-67b4-11f0-a847-0a0cda9789f2","1d31c59f-b420-4437-b3e7-3c1de5afa0a5","10",,"true",,,,,,,,,,,,,,,,,,"Untitled-Import-1",
"251","IDM","BOROBUDUR","SHELTER","Exit Gate","IDM-BOROBUDUR-SHELTER -Exit Gate-01","5","Satisfied","5","nyaman","Shelter Comfort and Environmental Conditions","Positive",,,"5","5",,,,,,,"Fasilitas shelter lengkap dan mendukung aktivitas pengguna",,,,,,,,"9d67f62d-7c93-48aa-a8ce-9bc911dd59f9","Completed",,"03-10-2025 10:16:00",,"65637",,"cab97c1f-67b4-11f0-a847-0a0cda9789f2","1d31c59f-b420-4437-b3e7-3c1de5afa0a5","10",,"true",,,,,,,,,,,,,,,,,,"Untitled-Import-1",
"252","IDM","BOROBUDUR","SHELTER","Exit Gate","IDM-BOROBUDUR-SHELTER -Exit Gate-01","4","Satisfied","4",,,,"4","4",,,,,"Membantu dan memastikan kesiapan fasilitas|Melakukan layanan secara profesional dan ramah (menjaga kontak mata, tersenyum tulus, dan memberikan solusi dengan empati)",,,,,,,,,,,,"796ac826-730e-42e2-baa4-29a302d328eb","Completed",,"03-10-2025 10:17:00",,"54478",,"cab97c1f-67b4-11f0-a847-0a0cda9789f2","1d31c59f-b420-4437-b3e7-3c1de5afa0a5","10",,"true",,,,,,,,,,,,,,,,,,"Untitled-Import-1",
"253","IDM","BOROBUDUR","SHELTER","Exit Gate","IDM-BOROBUDUR-SHELTER -Exit Gate-01","5","Satisfied","5",,,,"5","5","5","5","5","5","Melayani dengan cepat dan tepat|Membantu dan memastikan kesiapan fasilitas|Melakukan layanan secara profesional dan ramah (menjaga kontak mata, tersenyum tulus, dan memberikan solusi dengan empati)",,,,"Shelter tersedia dengan baik dan mudah diakses oleh pengunjung",,,,"Shelter bersih dan terawat dengan baik|Alur tunggu di shelter tertata dengan baik dan mudah dipahami|Shelter nyaman digunakan oleh penumpang saat menunggu",,,,"6325ceac-fd72-46ee-b985-c2c926af2b15","Completed",,"03-10-2025 10:20:00",,"51890",,"cab97c1f-67b4-11f0-a847-0a0cda9789f2","1d31c59f-b420-4437-b3e7-3c1de5afa0a5","10",,"true",,,,,,,,,,,,,,,,,,"Untitled-Import-1",
"254","IDM","BOROBUDUR","SHELTER","Exit Gate","IDM-BOROBUDUR-SHELTER -Exit Gate-01","5","Satisfied","5","Cara antrinya lebih ditertibkan lagi","Crowd and Queue Management","Neutral",,,,,"5","5",,,,,,,,,"Shelter nyaman digunakan oleh penumpang saat menunggu",,,,"9dd136c4-57df-4159-96a0-f7f2bfb6ee50","Completed",,"03-10-2025 10:53:00",,"243723",,"cab97c1f-67b4-11f0-a847-0a0cda9789f2","1d31c59f-b420-4437-b3e7-3c1de5afa0a5","10",,"true",,,,,,,,,,,,,,,,,,"Untitled-Import-1",
"255","IDM","BOROBUDUR","SHELTER","Exit Gate","IDM-BOROBUDUR-SHELTER -Exit Gate-01","5","Satisfied","5","Good","Overall Visitor Experience and Cultural Appreciation","Positive","5","5","5","5","5","5","Melakukan layanan secara profesional dan ramah (menjaga kontak mata, tersenyum tulus, dan memberikan solusi dengan empati)|Memiliki penampilan yang bersih dan rapi|Memberikan informasi dengan jelas dan akurat|Melayani dengan cepat dan tepat|Membantu dan memastikan kesiapan fasilitas",,,,"Fasilitas shelter lengkap dan mendukung aktivitas pengguna|Shelter tersedia dengan baik dan mudah diakses oleh pengunjung",,,,"Shelter bersih dan terawat dengan baik|Alur tunggu di shelter tertata dengan baik dan mudah dipahami|Shelter nyaman digunakan oleh penumpang saat menunggu",,,,"e3257f8b-da7d-4ea4-9741-c8ff69d4df53","Completed",,"03-10-2025 11:02:00",,"31887",,"cab97c1f-67b4-11f0-a847-0a0cda9789f2","1d31c59f-b420-4437-b3e7-3c1de5afa0a5","10",,"true",,,,,,,,,,,,,,,,,,"Untitled-Import-1",
"256","IDM","BOROBUDUR","SHELTER","Exit Gate","IDM-BOROBUDUR-SHELTER -Exit Gate-01","4","Satisfied","4",,,,,,"4","4","4","4",,,,,"Fasilitas shelter lengkap dan mendukung aktivitas pengguna",,,,"Shelter nyaman digunakan oleh penumpang saat menunggu",,,,"72a82e74-8478-4e01-bae4-8a35ee39df84","Completed",,"03-10-2025 11:24:00",,"53113",,"cab97c1f-67b4-11f0-a847-0a0cda9789f2","1d31c59f-b420-4437-b3e7-3c1de5afa0a5","10",,"true",,,,,,,,,,,,,,,,,,"Untitled-Import-1",
"257","IDM","BOROBUDUR","SHELTER","Exit Gate","IDM-BOROBUDUR-SHELTER -Exit Gate-01","5","Satisfied","5","sudah baik","Shelter Facilities and Maintenance","Positive","5","5","5","5","5","5","Melakukan layanan secara profesional dan ramah (menjaga kontak mata, tersenyum tulus, dan memberikan solusi dengan empati)|Memiliki penampilan yang bersih dan rapi|Memberikan informasi dengan jelas dan akurat|Melayani dengan cepat dan tepat|Membantu dan memastikan kesiapan fasilitas",,,,"Fasilitas shelter lengkap dan mendukung aktivitas pengguna|Shelter tersedia dengan baik dan mudah diakses oleh pengunjung",,,,"Shelter bersih dan terawat dengan baik|Alur tunggu di shelter tertata dengan baik dan mudah dipahami|Shelter nyaman digunakan oleh penumpang saat menunggu",,,,"b2e276b0-04f9-45a9-8ed2-e85e91a188a5","Completed",,"03-10-2025 11:25:00",,"58184",,"cab97c1f-67b4-11f0-a847-0a0cda9789f2","1d31c59f-b420-4437-b3e7-3c1de5afa0a5","10",,"true",,,,,,,,,,,,,,,,,,"Untitled-Import-1",
"258","IDM","BOROBUDUR","SHELTER","Exit Gate","IDM-BOROBUDUR-SHELTER -Exit Gate-01","5","Satisfied","5","Good","Shelter Facilities and Maintenance|Overall Visitor Experience and Cultural Appreciation","Positive","5","5","5","5","5","5","Melakukan layanan secara profesional dan ramah (menjaga kontak mata, tersenyum tulus, dan memberikan solusi dengan empati)|Memiliki penampilan yang bersih dan rapi|Memberikan informasi dengan jelas dan akurat|Melayani dengan cepat dan tepat|Membantu dan memastikan kesiapan fasilitas",,,,"Fasilitas shelter lengkap dan mendukung aktivitas pengguna|Shelter tersedia dengan baik dan mudah diakses oleh pengunjung",,,,"Shelter bersih dan terawat dengan baik|Shelter nyaman digunakan oleh penumpang saat menunggu|Alur tunggu di shelter tertata dengan baik dan mudah dipahami",,,,"6865ec4f-4639-4754-9eae-44e6d87b3b07","Completed",,"03-10-2025 12:01:00",,"56828",,"cab97c1f-67b4-11f0-a847-0a0cda9789f2","1d31c59f-b420-4437-b3e7-3c1de5afa0a5","10",,"true",,,,,,,,,,,,,,,,,,"Untitled-Import-1",
"259","IDM","BOROBUDUR","SHELTER","Exit Gate","IDM-BOROBUDUR-SHELTER -Exit Gate-01","5","Satisfied","5",,,,,,,,"5","5",,,,,,,,,"Alur tunggu di shelter tertata dengan baik dan mudah dipahami",,,,"ec0f3586-cc02-4dfc-bfe0-62c4d2f04bcc","Completed",,"03-10-2025 12:12:00",,"11612",,"cab97c1f-67b4-11f0-a847-0a0cda9789f2","1d31c59f-b420-4437-b3e7-3c1de5afa0a5","10",,"true",,,,,,,,,,,,,,,,,,"Untitled-Import-1",
"260","IDM","BOROBUDUR","SHELTER","Exit Gate","IDM-BOROBUDUR-SHELTER -Exit Gate-01","5","Satisfied","5","Much better than most indonesia  tourist attractions. Clean organised. International standard. Well done. Museum could do eith an upgrade but toher than that good work.","Overall Visitor Experience and Cultural Appreciation","Positive","5","5","5","5","5","5","Melakukan layanan secara profesional dan ramah (menjaga kontak mata, tersenyum tulus, dan memberikan solusi dengan empati)|Memiliki penampilan yang bersih dan rapi|Memberikan informasi dengan jelas dan akurat|Melayani dengan cepat dan tepat",,,,"Fasilitas shelter lengkap dan mendukung aktivitas pengguna|Shelter tersedia dengan baik dan mudah diakses oleh pengunjung",,,,"Shelter bersih dan terawat dengan baik|Shelter nyaman digunakan oleh penumpang saat menunggu|Alur tunggu di shelter tertata dengan baik dan mudah dipahami",,,,"f92f7017-486c-472b-a090-bfec6d3b0c5c","Completed",,"03-10-2025 12:21:00",,"86689",,"cab97c1f-67b4-11f0-a847-0a0cda9789f2","1d31c59f-b420-4437-b3e7-3c1de5afa0a5","10",,"true",,,,,,,,,,,,,,,,,,"Untitled-Import-1",
"261","IDM","BOROBUDUR","SHELTER","Exit Gate","IDM-BOROBUDUR-SHELTER -Exit Gate-01","4","Satisfied","4",,,,"4","4","4","4","4","4","Melakukan layanan secara profesional dan ramah (menjaga kontak mata, tersenyum tulus, dan memberikan solusi dengan empati)|Memiliki penampilan yang bersih dan rapi|Memberikan informasi dengan jelas dan akurat|Melayani dengan cepat dan tepat|Membantu dan memastikan kesiapan fasilitas",,,,"Fasilitas shelter lengkap dan mendukung aktivitas pengguna|Shelter tersedia dengan baik dan mudah diakses oleh pengunjung",,,,"Shelter nyaman digunakan oleh penumpang saat menunggu|Shelter bersih dan terawat dengan baik|Alur tunggu di shelter tertata dengan baik dan mudah dipahami",,,,"9a3129d3-3fbb-4c54-982c-baaee507154f","Completed",,"03-10-2025 12:24:00",,"94160",,"cab97c1f-67b4-11f0-a847-0a0cda9789f2","1d31c59f-b420-4437-b3e7-3c1de5afa0a5","10",,"true",,,,,,,,,,,,,,,,,,"Untitled-Import-1",
"262","IDM","BOROBUDUR","SHELTER","Exit Gate","IDM-BOROBUDUR-SHELTER -Exit Gate-01","5","Satisfied","5",,,,"5","5","5","5","5","5","Melakukan layanan secara profesional dan ramah (menjaga kontak mata, tersenyum tulus, dan memberikan solusi dengan empati)|Memiliki penampilan yang bersih dan rapi|Memberikan informasi dengan jelas dan akurat|Melayani dengan cepat dan tepat|Membantu dan memastikan kesiapan fasilitas",,,,"Shelter tersedia dengan baik dan mudah diakses oleh pengunjung",,,,"Shelter nyaman digunakan oleh penumpang saat menunggu",,,,"173a9b5e-f7a3-4bda-b116-d4e92c25ad7c","Completed",,"03-10-2025 12:25:00",,"79220",,"cab97c1f-67b4-11f0-a847-0a0cda9789f2","1d31c59f-b420-4437-b3e7-3c1de5afa0a5","10",,"true",,,,,,,,,,,,,,,,,,"Untitled-Import-1",
"263","IDM","BOROBUDUR","SHELTER","Exit Gate","IDM-BOROBUDUR-SHELTER -Exit Gate-01","4","Satisfied","4","Lack of a step to drop off the Shuttle for disabled person","Accessibility for Disabled Visitors","Negative",,,"4","4",,,,,,,"Fasilitas shelter lengkap dan mendukung aktivitas pengguna",,,,,,,,"cfc0cfb8-db11-4d23-98fc-00a7cfbba11b","Completed",,"03-10-2025 12:35:00",,"87633",,"cab97c1f-67b4-11f0-a847-0a0cda9789f2","1d31c59f-b420-4437-b3e7-3c1de5afa0a5","10",,"true",,,,,,,,,,,,,,,,,,"Untitled-Import-1",
"264","IDM","BOROBUDUR","SHELTER","Exit Gate","IDM-BOROBUDUR-SHELTER -Exit Gate-01","5","Satisfied","5",,,,"5","5",,,,,"Melakukan layanan secara profesional dan ramah (menjaga kontak mata, tersenyum tulus, dan memberikan solusi dengan empati)",,,,,,,,,,,,"8547c156-c924-4f18-b789-7125c6b306fe","Completed",,"03-10-2025 13:08:00",,"153973",,"cab97c1f-67b4-11f0-a847-0a0cda9789f2","1d31c59f-b420-4437-b3e7-3c1de5afa0a5","10",,"true",,,,,,,,,,,,,,,,,,"Untitled-Import-1",
"265","IDM","BOROBUDUR","SHELTER","Exit Gate","IDM-BOROBUDUR-SHELTER -Exit Gate-01","5","Satisfied","5",,,,"5","5","5","5","5","5","Melakukan layanan secara profesional dan ramah (menjaga kontak mata, tersenyum tulus, dan memberikan solusi dengan empati)|Memberikan informasi dengan jelas dan akurat",,,,"Fasilitas shelter lengkap dan mendukung aktivitas pengguna",,,,"Shelter bersih dan terawat dengan baik",,,,"218c65be-8fcb-4be4-844d-189cb709cc4f","Completed",,"03-10-2025 13:24:00",,"2980141",,"cab97c1f-67b4-11f0-a847-0a0cda9789f2","1d31c59f-b420-4437-b3e7-3c1de5afa0a5","10",,"true",,,,,,,,,,,,,,,,,,"Untitled-Import-1",
"266","IDM","BOROBUDUR","SHELTER","Exit Gate","IDM-BOROBUDUR-SHELTER -Exit Gate-01","4","Satisfied","4","Perfect","Overall Visitor Experience and Cultural Appreciation","Positive",,,"4","4",,,,,,,"Shelter tersedia dengan baik dan mudah diakses oleh pengunjung",,,,,,,,"827a923a-1594-4053-9594-4b919e314163","Completed",,"03-10-2025 13:39:00",,"36927",,"cab97c1f-67b4-11f0-a847-0a0cda9789f2","1d31c59f-b420-4437-b3e7-3c1de5afa0a5","10",,"true",,,,,,,,,,,,,,,,,,"Untitled-Import-1",
"267","IDM","BOROBUDUR","SHELTER","Exit Gate","IDM-BOROBUDUR-SHELTER -Exit Gate-01","5","Satisfied","5",,,,"5","5",,,,,"Melakukan layanan secara profesional dan ramah (menjaga kontak mata, tersenyum tulus, dan memberikan solusi dengan empati)",,,,,,,,,,,,"b7c52d9e-cbc8-42f5-b978-3e186b4e1671","Completed",,"03-10-2025 15:28:00",,"30106",,"cab97c1f-67b4-11f0-a847-0a0cda9789f2","1d31c59f-b420-4437-b3e7-3c1de5afa0a5","10",,"true",,,,,,,,,,,,,,,,,,"Untitled-Import-1",
"268","IDM","BOROBUDUR","SHELTER","Exit Gate","IDM-BOROBUDUR-SHELTER -Exit Gate-01","5","Satisfied","5",,,,"5","5","5","5","5","5","Melakukan layanan secara profesional dan ramah (menjaga kontak mata, tersenyum tulus, dan memberikan solusi dengan empati)",,,,"Fasilitas shelter lengkap dan mendukung aktivitas pengguna",,,,"Shelter nyaman digunakan oleh penumpang saat menunggu",,,,"64e3a43d-71bd-4c23-af34-ba24daeddd7c","Completed",,"03-10-2025 15:30:00",,"51767",,"cab97c1f-67b4-11f0-a847-0a0cda9789f2","1d31c59f-b420-4437-b3e7-3c1de5afa0a5","10",,"true",,,,,,,,,,,,,,,,,,"Untitled-Import-1",
"269","IDM","BOROBUDUR","SHELTER","Exit Gate","IDM-BOROBUDUR-SHELTER -Exit Gate-01","5","Satisfied","5",,,,"5","5","5","5","5","5","Melakukan layanan secara profesional dan ramah (menjaga kontak mata, tersenyum tulus, dan memberikan solusi dengan empati)|Memiliki penampilan yang bersih dan rapi|Memberikan informasi dengan jelas dan akurat|Melayani dengan cepat dan tepat|Membantu dan memastikan kesiapan fasilitas",,,,"Fasilitas shelter lengkap dan mendukung aktivitas pengguna|Shelter tersedia dengan baik dan mudah diakses oleh pengunjung",,,,"Shelter bersih dan terawat dengan baik|Alur tunggu di shelter tertata dengan baik dan mudah dipahami",,,,"cc47a6f9-c081-43c2-945f-438ad745e236","Completed",,"03-10-2025 15:42:00",,"39224",,"cab97c1f-67b4-11f0-a847-0a0cda9789f2","1d31c59f-b420-4437-b3e7-3c1de5afa0a5","10",,"true",,,,,,,,,,,,,,,,,,"Untitled-Import-1",
"270","IDM","BOROBUDUR","SHELTER","Exit Gate","IDM-BOROBUDUR-SHELTER -Exit Gate-01","5","Satisfied","5",,,,"5","5","5","5","5","5","Melakukan layanan secara profesional dan ramah (menjaga kontak mata, tersenyum tulus, dan memberikan solusi dengan empati)|Memiliki penampilan yang bersih dan rapi|Memberikan informasi dengan jelas dan akurat|Melayani dengan cepat dan tepat|Membantu dan memastikan kesiapan fasilitas",,,,"Fasilitas shelter lengkap dan mendukung aktivitas pengguna|Shelter tersedia dengan baik dan mudah diakses oleh pengunjung",,,,"Shelter bersih dan terawat dengan baik|Alur tunggu di shelter tertata dengan baik dan mudah dipahami|Shelter nyaman digunakan oleh penumpang saat menunggu",,,,"abe96ef3-79bb-428b-885e-930cbe9971e2","Completed",,"03-10-2025 15:58:00",,"34165",,"cab97c1f-67b4-11f0-a847-0a0cda9789f2","1d31c59f-b420-4437-b3e7-3c1de5afa0a5","10",,"true",,,,,,,,,,,,,,,,,,"Untitled-Import-1",
"271","IDM","BOROBUDUR","SHELTER","Exit Gate","IDM-BOROBUDUR-SHELTER -Exit Gate-01","5","Satisfied","5",,,,"5","5","5","5","5","5","Memiliki penampilan yang bersih dan rapi|Membantu dan memastikan kesiapan fasilitas",,,,"Fasilitas shelter lengkap dan mendukung aktivitas pengguna",,,,"Alur tunggu di shelter tertata dengan baik dan mudah dipahami",,,,"3ac98178-8615-4420-9d4c-7e0792c1c752","Completed",,"03-10-2025 16:10:00",,"51632",,"cab97c1f-67b4-11f0-a847-0a0cda9789f2","1d31c59f-b420-4437-b3e7-3c1de5afa0a5","10",,"true",,,,,,,,,,,,,,,,,,"Untitled-Import-1",
"272","IDM","BOROBUDUR","SHELTER","Exit Gate","IDM-BOROBUDUR-SHELTER -Exit Gate-01","5","Satisfied","5",,,,"5","5","5","5",,,"Membantu dan memastikan kesiapan fasilitas|Melakukan layanan secara profesional dan ramah (menjaga kontak mata, tersenyum tulus, dan memberikan solusi dengan empati)",,,,"Shelter tersedia dengan baik dan mudah diakses oleh pengunjung|Fasilitas shelter lengkap dan mendukung aktivitas pengguna",,,,,,,,"5674c756-c0a7-4f19-a7f9-fcdf7c57f11e","Completed",,"04-10-2025 10:09:00",,"32041",,"cab97c1f-67b4-11f0-a847-0a0cda9789f2","1d31c59f-b420-4437-b3e7-3c1de5afa0a5","10",,"true",,,,,,,,,,,,,,,,,,"Untitled-Import-1",
"273","IDM","BOROBUDUR","SHELTER","Exit Gate","IDM-BOROBUDUR-SHELTER -Exit Gate-01","4","Satisfied","4",,,,,,"4","4",,,,,,,"Shelter tersedia dengan baik dan mudah diakses oleh pengunjung",,,,,,,,"d0e1fa21-c26d-4f92-b41a-ca296d0b6489","Completed",,"04-10-2025 10:22:00",,"28154",,"cab97c1f-67b4-11f0-a847-0a0cda9789f2","1d31c59f-b420-4437-b3e7-3c1de5afa0a5","10",,"true",,,,,,,,,,,,,,,,,,"Untitled-Import-1",
"274","IDM","BOROBUDUR","SHELTER","Exit Gate","IDM-BOROBUDUR-SHELTER -Exit Gate-01","5","Satisfied","5",,,,,,"5","5","5","5",,,,,"Shelter tersedia dengan baik dan mudah diakses oleh pengunjung",,,,"Alur tunggu di shelter tertata dengan baik dan mudah dipahami|Shelter nyaman digunakan oleh penumpang saat menunggu",,,,"1aa2dbdb-53d1-4621-bc3b-c30ea5a1eaf4","Completed",,"04-10-2025 10:25:00",,"20439",,"cab97c1f-67b4-11f0-a847-0a0cda9789f2","1d31c59f-b420-4437-b3e7-3c1de5afa0a5","10",,"true",,,,,,,,,,,,,,,,,,"Untitled-Import-1",
"275","IDM","BOROBUDUR","SHELTER","Exit Gate","IDM-BOROBUDUR-SHELTER -Exit Gate-01","4","Satisfied","4","Mungkin ada atur antrian saat pulang","Crowd and Queue Management","Neutral",,,"4","4",,,,,,,"Shelter tersedia dengan baik dan mudah diakses oleh pengunjung",,,,,,,,"de3c2b1b-d79d-4dc4-ae47-1949d56d4615","Completed",,"04-10-2025 10:32:00",,"51918",,"cab97c1f-67b4-11f0-a847-0a0cda9789f2","1d31c59f-b420-4437-b3e7-3c1de5afa0a5","10",,"true",,,,,,,,,,,,,,,,,,"Untitled-Import-1",
"276","IDM","BOROBUDUR","SHELTER","Exit Gate","IDM-BOROBUDUR-SHELTER -Exit Gate-01","3","Neutral","3","gakserame dulu jauh gakbisa jalan kaki","Shelter Location, Accessibility, and Arrangement|Accessibility for Disabled Visitors","Negative",,,"3","3",,,,,,,,,"Lainnya","harus bayar naik shelter harusnya free",,,,,"d52841dd-5578-4659-ad10-d7104472c5e2","Completed",,"04-10-2025 10:40:00",,"116392",,"cab97c1f-67b4-11f0-a847-0a0cda9789f2","1d31c59f-b420-4437-b3e7-3c1de5afa0a5","10",,"true",,,,,,,,,,,,,,,,,,"Untitled-Import-1",
"277","IDM","BOROBUDUR","SHELTER","Exit Gate","IDM-BOROBUDUR-SHELTER -Exit Gate-01","4","Satisfied","4","Nyaman, tpi harusnya tidak harus bayar lagi","Shelter Comfort and Environmental Conditions","Negative",,,,,"4","4",,,,,,,,,"Lainnya","Harusnya naik shelter di garatisin",,,"27dd3c0c-5a68-4cb1-b536-89cad64f876f","Completed",,"04-10-2025 10:42:00",,"151175",,"cab97c1f-67b4-11f0-a847-0a0cda9789f2","1d31c59f-b420-4437-b3e7-3c1de5afa0a5","10",,"true",,,,,,,,,,,,,,,,,,"Untitled-Import-1",
"278","IDM","BOROBUDUR","SHELTER","Exit Gate","IDM-BOROBUDUR-SHELTER -Exit Gate-01","5","Satisfied","5","Setelah turun dari candhi di harapkan ada shalter yg lebih dekat","Shelter Location, Accessibility, and Arrangement","Neutral","5","5","5","5","5","5","Melakukan layanan secara profesional dan ramah (menjaga kontak mata, tersenyum tulus, dan memberikan solusi dengan empati)",,,,"Fasilitas shelter lengkap dan mendukung aktivitas pengguna",,,,"Shelter nyaman digunakan oleh penumpang saat menunggu",,,,"b46ad738-f496-44e5-aae0-03fcaa337dd6","Completed",,"04-10-2025 10:54:00",,"274485",,"cab97c1f-67b4-11f0-a847-0a0cda9789f2","1d31c59f-b420-4437-b3e7-3c1de5afa0a5","10",,"true",,,,,,,,,,,,,,,,,,"Untitled-Import-1",
"279","IDM","BOROBUDUR","SHELTER","Exit Gate","IDM-BOROBUDUR-SHELTER -Exit Gate-01","5","Satisfied","5",,,,"5","5","5","5","5","5","Melakukan layanan secara profesional dan ramah (menjaga kontak mata, tersenyum tulus, dan memberikan solusi dengan empati)|Memiliki penampilan yang bersih dan rapi|Memberikan informasi dengan jelas dan akurat|Melayani dengan cepat dan tepat|Membantu dan memastikan kesiapan fasilitas",,,,"Fasilitas shelter lengkap dan mendukung aktivitas pengguna",,,,"Shelter bersih dan terawat dengan baik|Shelter nyaman digunakan oleh penumpang saat menunggu",,,,"003292d0-17b8-4b35-a185-5252a47193a5","Completed",,"04-10-2025 12:04:00",,"74631",,"cab97c1f-67b4-11f0-a847-0a0cda9789f2","1d31c59f-b420-4437-b3e7-3c1de5afa0a5","10",,"true",,,,,,,,,,,,,,,,,,"Untitled-Import-1",
"280","IDM","BOROBUDUR","SHELTER","Exit Gate","IDM-BOROBUDUR-SHELTER -Exit Gate-01","5","Satisfied","5","Shelter free sangat bermanfaat bagi pengunjung agar tdk jalan jauh dan mempermudah perjalanan namun  kami berharap Perbanyak cabang free shelter  bagi pengunjung karena banyak yg kelelahan dan jalan yg jauh. perbanyak free shelter di pintu-pintu keluar dari dalam temple","Pricing, Payment Transparency, and Shelter Usage Policies|Shelter Facilities and Maintenance|Additional Amenities and Convenience Features","Positive",,,,,"5","5",,,,,,,,,"Shelter bersih dan terawat dengan baik|Shelter nyaman digunakan oleh penumpang saat menunggu|Alur tunggu di shelter tertata dengan baik dan mudah dipahami",,,,"ea0620fd-13d9-43fb-9ba4-7e417f57e3f5","Completed",,"04-10-2025 13:07:00",,"472039",,"cab97c1f-67b4-11f0-a847-0a0cda9789f2","1d31c59f-b420-4437-b3e7-3c1de5afa0a5","10",,"true",,,,,,,,,,,,,,,,,,"Untitled-Import-1",
"281","IDM","BOROBUDUR","SHELTER","Exit Gate","IDM-BOROBUDUR-SHELTER -Exit Gate-01","5","Satisfied","5","Sangat baik","Overall Visitor Experience and Cultural Appreciation","Positive",,,,,"5","5",,,,,,,,,"Shelter nyaman digunakan oleh penumpang saat menunggu",,,,"4ed11d04-def2-4c29-b1ca-f226b3317295","Completed",,"04-10-2025 14:03:00",,"75585",,"cab97c1f-67b4-11f0-a847-0a0cda9789f2","1d31c59f-b420-4437-b3e7-3c1de5afa0a5","10",,"true",,,,,,,,,,,,,,,,,,"Untitled-Import-1",
"282","IDM","BOROBUDUR","SHELTER","Exit Gate","IDM-BOROBUDUR-SHELTER -Exit Gate-01","5","Satisfied","5",,,,,,,,"5","5",,,,,,,,,"Alur tunggu di shelter tertata dengan baik dan mudah dipahami",,,,"5964a589-e8b8-45b7-ac17-5c37fc9d5168","Completed",,"04-10-2025 14:04:00",,"38278",,"cab97c1f-67b4-11f0-a847-0a0cda9789f2","1d31c59f-b420-4437-b3e7-3c1de5afa0a5","10",,"true",,,,,,,,,,,,,,,,,,"Untitled-Import-1",
"283","IDM","BOROBUDUR","SHELTER","Exit Gate","IDM-BOROBUDUR-SHELTER -Exit Gate-01","4","Satisfied","4",,,,,,"4","4",,,,,,,"Shelter tersedia dengan baik dan mudah diakses oleh pengunjung",,,,,,,,"37fd9af0-1db3-4449-ae35-a166482e038d","Completed",,"05-10-2025 10:50:00",,"14507",,"cab97c1f-67b4-11f0-a847-0a0cda9789f2","1d31c59f-b420-4437-b3e7-3c1de5afa0a5","10",,"true",,,,,,,,,,,,,,,,,,"Untitled-Import-1",
"284","IDM","BOROBUDUR","SHELTER","Exit Gate","IDM-BOROBUDUR-SHELTER -Exit Gate-01","4","Satisfied","4",,,,"4","4","4","4","4","4","Melakukan layanan secara profesional dan ramah (menjaga kontak mata, tersenyum tulus, dan memberikan solusi dengan empati)|Memiliki penampilan yang bersih dan rapi|Membantu dan memastikan kesiapan fasilitas",,,,"Shelter tersedia dengan baik dan mudah diakses oleh pengunjung|Fasilitas shelter lengkap dan mendukung aktivitas pengguna",,,,"Shelter nyaman digunakan oleh penumpang saat menunggu|Alur tunggu di shelter tertata dengan baik dan mudah dipahami",,,,"ea8feb7a-2d2a-49cd-8383-748a420a2828","Completed",,"05-10-2025 10:51:00",,"23512",,"cab97c1f-67b4-11f0-a847-0a0cda9789f2","1d31c59f-b420-4437-b3e7-3c1de5afa0a5","10",,"true",,,,,,,,,,,,,,,,,,"Untitled-Import-1",
"285","IDM","BOROBUDUR","SHELTER","Exit Gate","IDM-BOROBUDUR-SHELTER -Exit Gate-01","5","Satisfied","5","bagus","Shelter Facilities and Maintenance","Positive",,,,,"5","5",,,,,,,,,"Alur tunggu di shelter tertata dengan baik dan mudah dipahami",,,,"e2a172b0-7a76-45aa-b7c3-b3cea22ab9e7","Completed",,"05-10-2025 13:05:00",,"67512",,"cab97c1f-67b4-11f0-a847-0a0cda9789f2","1d31c59f-b420-4437-b3e7-3c1de5afa0a5","10",,"true",,,,,,,,,,,,,,,,,,"Untitled-Import-1",
"286","IDM","BOROBUDUR","SHELTER","Exit Gate","IDM-BOROBUDUR-SHELTER -Exit Gate-01","4","Satisfied","4",,,,,,,,"4","4",,,,,,,,,"Alur tunggu di shelter tertata dengan baik dan mudah dipahami",,,,"4cd9cd6f-cca5-4313-bc6c-fe75e03e4e75","Completed",,"05-10-2025 13:15:00",,"46769",,"cab97c1f-67b4-11f0-a847-0a0cda9789f2","1d31c59f-b420-4437-b3e7-3c1de5afa0a5","10",,"true",,,,,,,,,,,,,,,,,,"Untitled-Import-1",
"287","IDM","BOROBUDUR","SHELTER","Exit Gate","IDM-BOROBUDUR-SHELTER -Exit Gate-01","5","Satisfied","5",,,,"5","5","5","5","5","5","Melakukan layanan secara profesional dan ramah (menjaga kontak mata, tersenyum tulus, dan memberikan solusi dengan empati)|Memberikan informasi dengan jelas dan akurat|Melayani dengan cepat dan tepat|Memiliki penampilan yang bersih dan rapi|Membantu dan memastikan kesiapan fasilitas",,,,"Fasilitas shelter lengkap dan mendukung aktivitas pengguna",,,,"Shelter bersih dan terawat dengan baik|Shelter nyaman digunakan oleh penumpang saat menunggu|Alur tunggu di shelter tertata dengan baik dan mudah dipahami",,,,"baefb31f-de31-47d5-8a8a-b80e7a9bbc45","Completed",,"05-10-2025 15:23:00",,"40750",,"cab97c1f-67b4-11f0-a847-0a0cda9789f2","1d31c59f-b420-4437-b3e7-3c1de5afa0a5","10",,"true",,,,,,,,,,,,,,,,,,"Untitled-Import-1",
"288","IDM","BOROBUDUR","SHELTER","Exit Gate","IDM-BOROBUDUR-SHELTER -Exit Gate-01","5","Satisfied","5","Pelayanan baik, staff ramah dan informatif","Staff and Guide Behavior and Service Quality","Positive","5","5","5","5","5","5","Melakukan layanan secara profesional dan ramah (menjaga kontak mata, tersenyum tulus, dan memberikan solusi dengan empati)|Memiliki penampilan yang bersih dan rapi|Memberikan informasi dengan jelas dan akurat|Melayani dengan cepat dan tepat|Membantu dan memastikan kesiapan fasilitas",,,,"Fasilitas shelter lengkap dan mendukung aktivitas pengguna|Shelter tersedia dengan baik dan mudah diakses oleh pengunjung",,,,"Shelter bersih dan terawat dengan baik|Shelter nyaman digunakan oleh penumpang saat menunggu|Alur tunggu di shelter tertata dengan baik dan mudah dipahami",,,,"8983d71b-8f22-40d4-908e-226ac7f79d73","Completed",,"05-10-2025 15:32:00",,"96598",,"cab97c1f-67b4-11f0-a847-0a0cda9789f2","1d31c59f-b420-4437-b3e7-3c1de5afa0a5","10",,"true",,,,,,,,,,,,,,,,,,"Untitled-Import-1",
"289","IDM","BOROBUDUR","SHELTER","Exit Gate","IDM-BOROBUDUR-SHELTER -Exit Gate-01","5","Satisfied","5","Klo bisa tetap di perbanyak mobilitasnya","Transportation and Shuttle Services","Positive","5","5",,,"5","5","Memberikan informasi dengan jelas dan akurat|Membantu dan memastikan kesiapan fasilitas|Lainnya","Tolong diberikan petunjuk arah  dan pilihan yang lebih membantu para customer, contoh : bisa diberikan petunjuk dengan menggunakan sebuah aplikasi yang tergabung dalam id journey, seperti tata letak area tunggu, area shulter dan exit yang bisa diakses kapanpun",,,,,,,"Shelter bersih dan terawat dengan baik|Shelter nyaman digunakan oleh penumpang saat menunggu",,,,"750eb06b-5a70-46f8-b21e-d0d154ed3bee","Completed",,"05-10-2025 15:39:00",,"502634",,"cab97c1f-67b4-11f0-a847-0a0cda9789f2","1d31c59f-b420-4437-b3e7-3c1de5afa0a5","10",,"true",,,,,,,,,,,,,,,,,,"Untitled-Import-1",
"290","IDM","BOROBUDUR","SHELTER","Exit Gate","IDM-BOROBUDUR-SHELTER -Exit Gate-01","5","Satisfied","5",,,,,,,,"5","5",,,,,,,,,"Alur tunggu di shelter tertata dengan baik dan mudah dipahami",,,,"ac2ad48f-1406-4d0a-b0f6-35446d060b41","Completed",,"05-10-2025 16:25:00",,"51972",,"cab97c1f-67b4-11f0-a847-0a0cda9789f2","1d31c59f-b420-4437-b3e7-3c1de5afa0a5","10",,"true",,,,,,,,,,,,,,,,,,"Untitled-Import-1",
"291","IDM","BOROBUDUR","SHELTER","Exit Gate","IDM-BOROBUDUR-SHELTER -Exit Gate-01","5","Satisfied","5",,,,"5","5","5","5","5","5","Melakukan layanan secara profesional dan ramah (menjaga kontak mata, tersenyum tulus, dan memberikan solusi dengan empati)|Memiliki penampilan yang bersih dan rapi|Memberikan informasi dengan jelas dan akurat|Melayani dengan cepat dan tepat",,,,"Fasilitas shelter lengkap dan mendukung aktivitas pengguna",,,,"Shelter bersih dan terawat dengan baik|Shelter nyaman digunakan oleh penumpang saat menunggu",,,,"e2c45147-7a8a-460d-aa9d-4d2e1db8f5a2","Completed",,"05-10-2025 16:31:00",,"122987",,"cab97c1f-67b4-11f0-a847-0a0cda9789f2","1d31c59f-b420-4437-b3e7-3c1de5afa0a5","10",,"true",,,,,,,,,,,,,,,,,,"Untitled-Import-1",
"292","IDM","BOROBUDUR","SHELTER","Exit Gate","IDM-BOROBUDUR-SHELTER -Exit Gate-01","5","Satisfied","5",,,,"5","5","5","5","5","5","Melakukan layanan secara profesional dan ramah (menjaga kontak mata, tersenyum tulus, dan memberikan solusi dengan empati)|Membantu dan memastikan kesiapan fasilitas",,,,"Fasilitas shelter lengkap dan mendukung aktivitas pengguna|Shelter tersedia dengan baik dan mudah diakses oleh pengunjung",,,,"Alur tunggu di shelter tertata dengan baik dan mudah dipahami",,,,"1f644d2c-d5d1-48ba-aace-3d247055782b","Completed",,"06-10-2025 10:52:00",,"66228",,"cab97c1f-67b4-11f0-a847-0a0cda9789f2","1d31c59f-b420-4437-b3e7-3c1de5afa0a5","10",,"true",,,,,,,,,,,,,,,,,,"Untitled-Import-1",
"293","IDM","BOROBUDUR","SHELTER","Exit Gate","IDM-BOROBUDUR-SHELTER -Exit Gate-01","5","Satisfied","5",,,,"5","5",,,,,"Melakukan layanan secara profesional dan ramah (menjaga kontak mata, tersenyum tulus, dan memberikan solusi dengan empati)",,,,,,,,,,,,"c2cb4c5a-ee80-435a-94f7-36d7c9c34523","Completed",,"06-10-2025 11:24:00",,"45982",,"cab97c1f-67b4-11f0-a847-0a0cda9789f2","1d31c59f-b420-4437-b3e7-3c1de5afa0a5","10",,"true",,,,,,,,,,,,,,,,,,"Untitled-Import-1",
"294","IDM","BOROBUDUR","SHELTER","Exit Gate","IDM-BOROBUDUR-SHELTER -Exit Gate-01","4","Satisfied","4",,,,,,,,"4","4",,,,,,,,,"Alur tunggu di shelter tertata dengan baik dan mudah dipahami|Shelter bersih dan terawat dengan baik|Shelter nyaman digunakan oleh penumpang saat menunggu",,,,"6c60a268-368e-441e-9be3-012033df7ac8","Completed",,"06-10-2025 11:33:00",,"48342",,"cab97c1f-67b4-11f0-a847-0a0cda9789f2","1d31c59f-b420-4437-b3e7-3c1de5afa0a5","10",,"true",,,,,,,,,,,,,,,,,,"Untitled-Import-1",
"295","IDM","BOROBUDUR","SHELTER","Exit Gate","IDM-BOROBUDUR-SHELTER -Exit Gate-01","5","Satisfied","5",,,,"5","5","5","5","5","5","Melakukan layanan secara profesional dan ramah (menjaga kontak mata, tersenyum tulus, dan memberikan solusi dengan empati)|Memiliki penampilan yang bersih dan rapi|Memberikan informasi dengan jelas dan akurat|Melayani dengan cepat dan tepat|Membantu dan memastikan kesiapan fasilitas",,,,"Fasilitas shelter lengkap dan mendukung aktivitas pengguna|Shelter tersedia dengan baik dan mudah diakses oleh pengunjung",,,,"Shelter bersih dan terawat dengan baik|Shelter nyaman digunakan oleh penumpang saat menunggu|Alur tunggu di shelter tertata dengan baik dan mudah dipahami",,,,"55fa7070-756f-412b-9e13-653cb076a097","Completed",,"06-10-2025 11:34:00",,"43258",,"cab97c1f-67b4-11f0-a847-0a0cda9789f2","1d31c59f-b420-4437-b3e7-3c1de5afa0a5","10",,"true",,,,,,,,,,,,,,,,,,"Untitled-Import-1",
"296","IDM","BOROBUDUR","SHELTER","Exit Gate","IDM-BOROBUDUR-SHELTER -Exit Gate-01","5","Satisfied","5",,,,"5","5","5","5","5","5","Melakukan layanan secara profesional dan ramah (menjaga kontak mata, tersenyum tulus, dan memberikan solusi dengan empati)|Memiliki penampilan yang bersih dan rapi|Memberikan informasi dengan jelas dan akurat|Melayani dengan cepat dan tepat|Membantu dan memastikan kesiapan fasilitas",,,,"Fasilitas shelter lengkap dan mendukung aktivitas pengguna|Shelter tersedia dengan baik dan mudah diakses oleh pengunjung",,,,"Shelter bersih dan terawat dengan baik|Shelter nyaman digunakan oleh penumpang saat menunggu|Alur tunggu di shelter tertata dengan baik dan mudah dipahami",,,,"1a3cc6f7-1085-4ec8-8151-e362659e66ed","Completed",,"06-10-2025 11:34:00",,"58749",,"cab97c1f-67b4-11f0-a847-0a0cda9789f2","1d31c59f-b420-4437-b3e7-3c1de5afa0a5","10",,"true",,,,,,,,,,,,,,,,,,"Untitled-Import-1",
"297","IDM","BOROBUDUR","SHELTER","Exit Gate","IDM-BOROBUDUR-SHELTER -Exit Gate-01","5","Satisfied","5",,,,,,"5","5",,,,,,,"Fasilitas shelter lengkap dan mendukung aktivitas pengguna",,,,,,,,"d64ae54d-9aab-49e0-b947-a6ecf6694d64","Completed",,"06-10-2025 11:54:00",,"34976",,"cab97c1f-67b4-11f0-a847-0a0cda9789f2","1d31c59f-b420-4437-b3e7-3c1de5afa0a5","10",,"true",,,,,,,,,,,,,,,,,,"Untitled-Import-1",
"298","IDM","BOROBUDUR","SHELTER","Exit Gate","IDM-BOROBUDUR-SHELTER -Exit Gate-01","4","Satisfied","4",,,,,,"4","4",,,,,,,"Shelter tersedia dengan baik dan mudah diakses oleh pengunjung",,,,,,,,"f0bf3d6b-04b2-44a7-8e71-2ff6c60524fd","Completed",,"06-10-2025 12:14:00",,"29241",,"cab97c1f-67b4-11f0-a847-0a0cda9789f2","1d31c59f-b420-4437-b3e7-3c1de5afa0a5","10",,"true",,,,,,,,,,,,,,,,,,"Untitled-Import-1",
"299","IDM","BOROBUDUR","SHELTER","Exit Gate","IDM-BOROBUDUR-SHELTER -Exit Gate-01","4","Satisfied","4",,,,,,,,"4","4",,,,,,,,,"Alur tunggu di shelter tertata dengan baik dan mudah dipahami",,,,"8f7e26d2-06e3-4da0-9167-ab53f4fc1c04","Completed",,"06-10-2025 12:28:00",,"47891",,"cab97c1f-67b4-11f0-a847-0a0cda9789f2","1d31c59f-b420-4437-b3e7-3c1de5afa0a5","10",,"true",,,,,,,,,,,,,,,,,,"Untitled-Import-1",
"300","IDM","BOROBUDUR","SHELTER","Exit Gate","IDM-BOROBUDUR-SHELTER -Exit Gate-01","5","Satisfied","5",,,,"5","5","5","5","5","5","Melakukan layanan secara profesional dan ramah (menjaga kontak mata, tersenyum tulus, dan memberikan solusi dengan empati)|Memiliki penampilan yang bersih dan rapi|Memberikan informasi dengan jelas dan akurat|Membantu dan memastikan kesiapan fasilitas|Melayani dengan cepat dan tepat",,,,"Shelter tersedia dengan baik dan mudah diakses oleh pengunjung",,,,"Shelter bersih dan terawat dengan baik",,,,"86788907-38be-4444-b655-1c3ec4504faa","Completed",,"06-10-2025 12:57:00",,"97324",,"cab97c1f-67b4-11f0-a847-0a0cda9789f2","1d31c59f-b420-4437-b3e7-3c1de5afa0a5","10",,"true",,,,,,,,,,,,,,,,,,"Untitled-Import-1",
"301","IDM","BOROBUDUR","SHELTER","Exit Gate","IDM-BOROBUDUR-SHELTER -Exit Gate-01","5","Satisfied","5",,,,"5","5","5","5","5","5","Melakukan layanan secara profesional dan ramah (menjaga kontak mata, tersenyum tulus, dan memberikan solusi dengan empati)|Memiliki penampilan yang bersih dan rapi",,,,"Fasilitas shelter lengkap dan mendukung aktivitas pengguna|Shelter tersedia dengan baik dan mudah diakses oleh pengunjung",,,,"Shelter bersih dan terawat dengan baik|Alur tunggu di shelter tertata dengan baik dan mudah dipahami|Shelter nyaman digunakan oleh penumpang saat menunggu",,,,"f3d74070-e535-4bbc-aff4-f1f44d8f30f0","Completed",,"07-10-2025 09:43:00",,"131597",,"cab97c1f-67b4-11f0-a847-0a0cda9789f2","1d31c59f-b420-4437-b3e7-3c1de5afa0a5","10",,"true",,,,,,,,,,,,,,,,,,"Untitled-Import-1",
"302","IDM","BOROBUDUR","SHELTER","Exit Gate","IDM-BOROBUDUR-SHELTER -Exit Gate-01","5","Satisfied","5",,,,,,"5","5",,,,,,,"Shelter tersedia dengan baik dan mudah diakses oleh pengunjung|Fasilitas shelter lengkap dan mendukung aktivitas pengguna",,,,,,,,"20b8bf3f-f011-45f0-97e9-dba2c442bd40","Completed",,"07-10-2025 10:13:00",,"42736",,"cab97c1f-67b4-11f0-a847-0a0cda9789f2","1d31c59f-b420-4437-b3e7-3c1de5afa0a5","10",,"true",,,,,,,,,,,,,,,,,,"Untitled-Import-1",
"303","IDM","BOROBUDUR","SHELTER","Exit Gate","IDM-BOROBUDUR-SHELTER -Exit Gate-01","4","Satisfied","4",,,,,,"4","4",,,,,,,"Fasilitas shelter lengkap dan mendukung aktivitas pengguna",,,,,,,,"4d200ad5-b439-4e3c-bef9-6d07082ce645","Completed",,"07-10-2025 10:15:00",,"156425",,"cab97c1f-67b4-11f0-a847-0a0cda9789f2","1d31c59f-b420-4437-b3e7-3c1de5afa0a5","10",,"true",,,,,,,,,,,,,,,,,,"Untitled-Import-1",
"304","IDM","BOROBUDUR","SHELTER","Exit Gate","IDM-BOROBUDUR-SHELTER -Exit Gate-01","5","Satisfied","5","Tempatnya cukup bagus dan nyaman","Shelter Facilities and Maintenance","Positive","5","5",,,,,"Melakukan layanan secara profesional dan ramah (menjaga kontak mata, tersenyum tulus, dan memberikan solusi dengan empati)|Melayani dengan cepat dan tepat",,,,,,,,,,,,"21c88fd0-f1a8-4511-9255-931ea61e174f","Completed",,"07-10-2025 10:16:00",,"179496",,"cab97c1f-67b4-11f0-a847-0a0cda9789f2","1d31c59f-b420-4437-b3e7-3c1de5afa0a5","10",,"true",,,,,,,,,,,,,,,,,,"Untitled-Import-1",
"305","IDM","BOROBUDUR","SHELTER","Exit Gate","IDM-BOROBUDUR-SHELTER -Exit Gate-01","3","Neutral","3","Sudah bagus pelayanan","Shelter Facilities and Maintenance","Positive","3","3","3","3","3","3",,,"Tidak membantu dan memastikan kesiapan fasilitas",,,,"Fasilitas shelter kurang lengkap dan belum mendukung kenyamanan pengguna",,,,"Alur tunggu di shelter tidak tertata dengan baik dan membingungkan",,"5bbb4c87-f710-421d-b641-0c05f036c0c5","Completed",,"07-10-2025 10:29:00",,"110773",,"cab97c1f-67b4-11f0-a847-0a0cda9789f2","1d31c59f-b420-4437-b3e7-3c1de5afa0a5","10",,"true",,,,,,,,,,,,,,,,,,"Untitled-Import-1",
"306","IDM","BOROBUDUR","SHELTER","Exit Gate","IDM-BOROBUDUR-SHELTER -Exit Gate-01","5","Satisfied","5","The foreigner should pay same price","Pricing, Payment Transparency, and Shelter Usage Policies","Neutral","5","5","5","5","5","5","Melakukan layanan secara profesional dan ramah (menjaga kontak mata, tersenyum tulus, dan memberikan solusi dengan empati)|Memiliki penampilan yang bersih dan rapi|Memberikan informasi dengan jelas dan akurat|Melayani dengan cepat dan tepat|Membantu dan memastikan kesiapan fasilitas",,,,"Fasilitas shelter lengkap dan mendukung aktivitas pengguna",,,,"Shelter bersih dan terawat dengan baik|Shelter nyaman digunakan oleh penumpang saat menunggu|Alur tunggu di shelter tertata dengan baik dan mudah dipahami",,,,"638cd33e-e7cc-494e-9640-bdc00fbac4d8","Completed",,"07-10-2025 11:30:00",,"161116",,"cab97c1f-67b4-11f0-a847-0a0cda9789f2","1d31c59f-b420-4437-b3e7-3c1de5afa0a5","10",,"true",,,,,,,,,,,,,,,,,,"Untitled-Import-1",
"307","IDM","BOROBUDUR","SHELTER","Exit Gate","IDM-BOROBUDUR-SHELTER -Exit Gate-01","5","Satisfied","5",,,,"5","5","5","5","5","5","Memiliki penampilan yang bersih dan rapi",,,,"Fasilitas shelter lengkap dan mendukung aktivitas pengguna",,,,"Shelter nyaman digunakan oleh penumpang saat menunggu|Alur tunggu di shelter tertata dengan baik dan mudah dipahami",,,,"30e35785-f5fc-4fb2-8027-a44bdaf43cd0","Completed",,"07-10-2025 11:44:00",,"54808",,"cab97c1f-67b4-11f0-a847-0a0cda9789f2","1d31c59f-b420-4437-b3e7-3c1de5afa0a5","10",,"true",,,,,,,,,,,,,,,,,,"Untitled-Import-1",
"308","IDM","BOROBUDUR","SHELTER","Exit Gate","IDM-BOROBUDUR-SHELTER -Exit Gate-01","5","Satisfied","5",,,,,,,,"5","5",,,,,,,,,"Shelter bersih dan terawat dengan baik",,,,"d1278858-0dd8-4244-8934-39c7840cfb88","Completed",,"07-10-2025 12:48:00",,"30525",,"cab97c1f-67b4-11f0-a847-0a0cda9789f2","1d31c59f-b420-4437-b3e7-3c1de5afa0a5","10",,"true",,,,,,,,,,,,,,,,,,"Untitled-Import-1",
"309","IDM","BOROBUDUR","SHELTER","Exit Gate","IDM-BOROBUDUR-SHELTER -Exit Gate-01","5","Satisfied","5","No coment, Sukses slalu buat jogyakarta",,"Positive","5","5",,,,,"Memberikan informasi dengan jelas dan akurat",,,,,,,,,,,,"1d6ef0e2-45fa-4449-800c-192f4d183195","Completed",,"07-10-2025 12:49:00",,"102764",,"cab97c1f-67b4-11f0-a847-0a0cda9789f2","1d31c59f-b420-4437-b3e7-3c1de5afa0a5","10",,"true",,,,,,,,,,,,,,,,,,"Untitled-Import-1",
"310","IDM","BOROBUDUR","SHELTER","Exit Gate","IDM-BOROBUDUR-SHELTER -Exit Gate-01","4","Satisfied","4","Tetap Rendah Hati dan Semangat","Overall Visitor Experience and Cultural Appreciation","Positive","4","4",,,"4","4","Melakukan layanan secara profesional dan ramah (menjaga kontak mata, tersenyum tulus, dan memberikan solusi dengan empati)|Melayani dengan cepat dan tepat|Memberikan informasi dengan jelas dan akurat",,,,,,,,"Shelter bersih dan terawat dengan baik|Shelter nyaman digunakan oleh penumpang saat menunggu|Alur tunggu di shelter tertata dengan baik dan mudah dipahami",,,,"b7883559-399a-4cf2-987a-6adc49757194","Completed",,"07-10-2025 12:53:00",,"215139",,"cab97c1f-67b4-11f0-a847-0a0cda9789f2","1d31c59f-b420-4437-b3e7-3c1de5afa0a5","10",,"true",,,,,,,,,,,,,,,,,,"Untitled-Import-1",
"311","IDM","BOROBUDUR","SHELTER","Exit Gate","IDM-BOROBUDUR-SHELTER -Exit Gate-01","5","Satisfied","5",,,,"5","5","5","5","5","5","Melakukan layanan secara profesional dan ramah (menjaga kontak mata, tersenyum tulus, dan memberikan solusi dengan empati)",,,,"Fasilitas shelter lengkap dan mendukung aktivitas pengguna",,,,"Shelter bersih dan terawat dengan baik",,,,"9120dc39-dca6-472e-a4c5-49a40aa98008","Completed",,"08-10-2025 10:06:00",,"56938",,"cab97c1f-67b4-11f0-a847-0a0cda9789f2","1d31c59f-b420-4437-b3e7-3c1de5afa0a5","10",,"true",,,,,,,,,,,,,,,,,,"Untitled-Import-1",
"312","IDM","BOROBUDUR","SHELTER","Exit Gate","IDM-BOROBUDUR-SHELTER -Exit Gate-01","5","Satisfied","5",,,,,,,,"5","5",,,,,,,,,"Shelter nyaman digunakan oleh penumpang saat menunggu",,,,"3818135e-bde4-4cff-97f0-33387e850e83","Completed",,"09-10-2025 10:17:00",,"30775",,"cab97c1f-67b4-11f0-a847-0a0cda9789f2","1d31c59f-b420-4437-b3e7-3c1de5afa0a5","10",,"true",,,,,,,,,,,,,,,,,,"Untitled-Import-1",
"313","IDM","BOROBUDUR","SHELTER","Exit Gate","IDM-BOROBUDUR-SHELTER -Exit Gate-01","4","Satisfied","4",,,,"4","4","4","4","4","4","Melakukan layanan secara profesional dan ramah (menjaga kontak mata, tersenyum tulus, dan memberikan solusi dengan empati)|Memiliki penampilan yang bersih dan rapi|Memberikan informasi dengan jelas dan akurat|Melayani dengan cepat dan tepat|Membantu dan memastikan kesiapan fasilitas",,,,"Shelter tersedia dengan baik dan mudah diakses oleh pengunjung",,,,"Alur tunggu di shelter tertata dengan baik dan mudah dipahami",,,,"42f18758-58f1-4e3d-b33a-c578489acaa9","Completed",,"09-10-2025 10:26:00",,"164447",,"cab97c1f-67b4-11f0-a847-0a0cda9789f2","1d31c59f-b420-4437-b3e7-3c1de5afa0a5","10",,"true",,,,,,,,,,,,,,,,,,"Untitled-Import-1",
"314","IDM","BOROBUDUR","SHELTER","Exit Gate","IDM-BOROBUDUR-SHELTER -Exit Gate-01","5","Satisfied","5","Just very comfortable. Relaxing","Shelter Comfort and Environmental Conditions","Positive",,,,,"5","5",,,,,,,,,"Shelter bersih dan terawat dengan baik|Shelter nyaman digunakan oleh penumpang saat menunggu|Alur tunggu di shelter tertata dengan baik dan mudah dipahami",,,,"4fe8bd86-1d0a-4cf0-8d56-9b4639898bed","Completed",,"09-10-2025 11:25:00",,"37332",,"cab97c1f-67b4-11f0-a847-0a0cda9789f2","1d31c59f-b420-4437-b3e7-3c1de5afa0a5","10",,"true",,,,,,,,,,,,,,,,,,"Untitled-Import-1",
"315","IDM","BOROBUDUR","SHELTER","Exit Gate","IDM-BOROBUDUR-SHELTER -Exit Gate-01","3","Neutral","3",,,,,,,,"3","3",,,,,,,,,,,"Alur tunggu di shelter tidak tertata dengan baik dan membingungkan",,"87fbe422-aa34-44f9-9650-4b792b4c535e","Completed",,"09-10-2025 11:25:00",,"45691",,"cab97c1f-67b4-11f0-a847-0a0cda9789f2","1d31c59f-b420-4437-b3e7-3c1de5afa0a5","10",,"true",,,,,,,,,,,,,,,,,,"Untitled-Import-1",
"316","IDM","BOROBUDUR","SHELTER","Exit Gate","IDM-BOROBUDUR-SHELTER -Exit Gate-01","5","Satisfied","5","KALAU BISA ADA SENDAL SLOP","Additional Amenities and Convenience Features","Neutral","5","5","5","5","5","5","Melakukan layanan secara profesional dan ramah (menjaga kontak mata, tersenyum tulus, dan memberikan solusi dengan empati)|Memiliki penampilan yang bersih dan rapi|Memberikan informasi dengan jelas dan akurat|Melayani dengan cepat dan tepat|Membantu dan memastikan kesiapan fasilitas",,,,"Fasilitas shelter lengkap dan mendukung aktivitas pengguna|Shelter tersedia dengan baik dan mudah diakses oleh pengunjung",,,,"Shelter bersih dan terawat dengan baik|Shelter nyaman digunakan oleh penumpang saat menunggu|Alur tunggu di shelter tertata dengan baik dan mudah dipahami",,,,"41568822-cb98-420d-a3cd-1265c4501bff","Completed",,"09-10-2025 13:01:00",,"193163",,"cab97c1f-67b4-11f0-a847-0a0cda9789f2","1d31c59f-b420-4437-b3e7-3c1de5afa0a5","10",,"true",,,,,,,,,,,,,,,,,,"Untitled-Import-1",
"317","IDM","BOROBUDUR","SHELTER","Exit Gate","IDM-BOROBUDUR-SHELTER -Exit Gate-01","5","Satisfied","5","Baguss","Overall Visitor Experience and Cultural Appreciation","Neutral","5","5","5","5","5","5","Melakukan layanan secara profesional dan ramah (menjaga kontak mata, tersenyum tulus, dan memberikan solusi dengan empati)|Memiliki penampilan yang bersih dan rapi",,,,"Fasilitas shelter lengkap dan mendukung aktivitas pengguna",,,,"Shelter bersih dan terawat dengan baik",,,,"af7b3b91-fa18-48fe-b546-a18775fe38fa","Completed",,"09-10-2025 14:10:00",,"33953",,"cab97c1f-67b4-11f0-a847-0a0cda9789f2","1d31c59f-b420-4437-b3e7-3c1de5afa0a5","10",,"true",,,,,,,,,,,,,,,,,,"Untitled-Import-1",
"318","IDM","BOROBUDUR","SHELTER","Exit Gate","IDM-BOROBUDUR-SHELTER -Exit Gate-01","5","Satisfied","5",,,,"5","5","5","5","5","5","Melakukan layanan secara profesional dan ramah (menjaga kontak mata, tersenyum tulus, dan memberikan solusi dengan empati)|Memiliki penampilan yang bersih dan rapi|Memberikan informasi dengan jelas dan akurat|Melayani dengan cepat dan tepat|Membantu dan memastikan kesiapan fasilitas",,,,"Fasilitas shelter lengkap dan mendukung aktivitas pengguna|Shelter tersedia dengan baik dan mudah diakses oleh pengunjung",,,,"Shelter bersih dan terawat dengan baik|Alur tunggu di shelter tertata dengan baik dan mudah dipahami|Shelter nyaman digunakan oleh penumpang saat menunggu",,,,"ff45ae59-64bd-4991-8098-e300c07be5a6","Completed",,"10-10-2025 09:58:00",,"33133",,"cab97c1f-67b4-11f0-a847-0a0cda9789f2","1d31c59f-b420-4437-b3e7-3c1de5afa0a5","10",,"true",,,,,,,,,,,,,,,,,,"Untitled-Import-1",
"319","IDM","BOROBUDUR","SHELTER","Exit Gate","IDM-BOROBUDUR-SHELTER -Exit Gate-01","5","Satisfied","5",,,,"5","5","5","5","5","5","Membantu dan memastikan kesiapan fasilitas|Melayani dengan cepat dan tepat|Memberikan informasi dengan jelas dan akurat|Melakukan layanan secara profesional dan ramah (menjaga kontak mata, tersenyum tulus, dan memberikan solusi dengan empati)|Memiliki penampilan yang bersih dan rapi",,,,"Fasilitas shelter lengkap dan mendukung aktivitas pengguna|Shelter tersedia dengan baik dan mudah diakses oleh pengunjung",,,,"Shelter bersih dan terawat dengan baik|Shelter nyaman digunakan oleh penumpang saat menunggu|Alur tunggu di shelter tertata dengan baik dan mudah dipahami",,,,"aafdfa73-bc5a-40a1-9bfd-2672ac52bc98","Completed",,"10-10-2025 10:06:00",,"135817",,"cab97c1f-67b4-11f0-a847-0a0cda9789f2","1d31c59f-b420-4437-b3e7-3c1de5afa0a5","10",,"true",,,,,,,,,,,,,,,,,,"Untitled-Import-1",
"320","IDM","BOROBUDUR","SHELTER","Exit Gate","IDM-BOROBUDUR-SHELTER -Exit Gate-01","5","Satisfied","5",,,,"5","5","5","5","5","5","Melakukan layanan secara profesional dan ramah (menjaga kontak mata, tersenyum tulus, dan memberikan solusi dengan empati)|Memiliki penampilan yang bersih dan rapi|Memberikan informasi dengan jelas dan akurat|Melayani dengan cepat dan tepat|Membantu dan memastikan kesiapan fasilitas",,,,"Fasilitas shelter lengkap dan mendukung aktivitas pengguna|Shelter tersedia dengan baik dan mudah diakses oleh pengunjung",,,,"Shelter bersih dan terawat dengan baik|Alur tunggu di shelter tertata dengan baik dan mudah dipahami|Shelter nyaman digunakan oleh penumpang saat menunggu",,,,"7e7e6f01-08be-477f-b854-90755d6fcc17","Completed",,"10-10-2025 10:13:00",,"60355",,"cab97c1f-67b4-11f0-a847-0a0cda9789f2","1d31c59f-b420-4437-b3e7-3c1de5afa0a5","10",,"true",,,,,,,,,,,,,,,,,,"Untitled-Import-1",
"321","IDM","BOROBUDUR","SHELTER","Exit Gate","IDM-BOROBUDUR-SHELTER -Exit Gate-01","5","Satisfied","5",,,,"5","5","5","5","5","5","Melakukan layanan secara profesional dan ramah (menjaga kontak mata, tersenyum tulus, dan memberikan solusi dengan empati)|Memiliki penampilan yang bersih dan rapi|Memberikan informasi dengan jelas dan akurat|Melayani dengan cepat dan tepat|Membantu dan memastikan kesiapan fasilitas",,,,"Fasilitas shelter lengkap dan mendukung aktivitas pengguna|Shelter tersedia dengan baik dan mudah diakses oleh pengunjung",,,,"Shelter bersih dan terawat dengan baik|Shelter nyaman digunakan oleh penumpang saat menunggu|Alur tunggu di shelter tertata dengan baik dan mudah dipahami",,,,"d770fefc-68e8-4bec-85dc-d122bcd21cc9","Completed",,"10-10-2025 10:23:00",,"48225",,"cab97c1f-67b4-11f0-a847-0a0cda9789f2","1d31c59f-b420-4437-b3e7-3c1de5afa0a5","10",,"true",,,,,,,,,,,,,,,,,,"Untitled-Import-1",
"322","IDM","BOROBUDUR","SHELTER","Exit Gate","IDM-BOROBUDUR-SHELTER -Exit Gate-01","5","Satisfied","5","Ok",,"Neutral","5","5","5","5","5","5","Melakukan layanan secara profesional dan ramah (menjaga kontak mata, tersenyum tulus, dan memberikan solusi dengan empati)|Memiliki penampilan yang bersih dan rapi|Memberikan informasi dengan jelas dan akurat|Melayani dengan cepat dan tepat|Membantu dan memastikan kesiapan fasilitas",,,,"Fasilitas shelter lengkap dan mendukung aktivitas pengguna|Shelter tersedia dengan baik dan mudah diakses oleh pengunjung",,,,"Shelter bersih dan terawat dengan baik|Shelter nyaman digunakan oleh penumpang saat menunggu|Alur tunggu di shelter tertata dengan baik dan mudah dipahami",,,,"e2a3f29f-88a7-4313-9c3f-b87cf8386f38","Completed",,"10-10-2025 10:48:00",,"40101",,"cab97c1f-67b4-11f0-a847-0a0cda9789f2","1d31c59f-b420-4437-b3e7-3c1de5afa0a5","10",,"true",,,,,,,,,,,,,,,,,,"Untitled-Import-1",
"323","IDM","BOROBUDUR","SHELTER","Exit Gate","IDM-BOROBUDUR-SHELTER -Exit Gate-01","5","Satisfied","5",,,,"5","5","5","5","5","5","Melakukan layanan secara profesional dan ramah (menjaga kontak mata, tersenyum tulus, dan memberikan solusi dengan empati)|Memiliki penampilan yang bersih dan rapi|Memberikan informasi dengan jelas dan akurat|Melayani dengan cepat dan tepat|Membantu dan memastikan kesiapan fasilitas",,,,"Fasilitas shelter lengkap dan mendukung aktivitas pengguna|Shelter tersedia dengan baik dan mudah diakses oleh pengunjung",,,,"Shelter bersih dan terawat dengan baik|Alur tunggu di shelter tertata dengan baik dan mudah dipahami|Shelter nyaman digunakan oleh penumpang saat menunggu",,,,"cf28f06f-3f68-4f22-915a-e421d14ef7c0","Completed",,"10-10-2025 12:15:00",,"38342",,"cab97c1f-67b4-11f0-a847-0a0cda9789f2","1d31c59f-b420-4437-b3e7-3c1de5afa0a5","10",,"true",,,,,,,,,,,,,,,,,,"Untitled-Import-1",
"324","IDM","BOROBUDUR","SHELTER","Exit Gate","IDM-BOROBUDUR-SHELTER -Exit Gate-01","5","Satisfied","5",,,,"5","5","5","5","5","5","Membantu dan memastikan kesiapan fasilitas|Melayani dengan cepat dan tepat|Memberikan informasi dengan jelas dan akurat|Memiliki penampilan yang bersih dan rapi|Melakukan layanan secara profesional dan ramah (menjaga kontak mata, tersenyum tulus, dan memberikan solusi dengan empati)",,,,"Fasilitas shelter lengkap dan mendukung aktivitas pengguna|Shelter tersedia dengan baik dan mudah diakses oleh pengunjung",,,,"Shelter bersih dan terawat dengan baik|Shelter nyaman digunakan oleh penumpang saat menunggu|Alur tunggu di shelter tertata dengan baik dan mudah dipahami",,,,"db467449-db94-4071-a194-272afab257ef","Completed",,"10-10-2025 15:04:00",,"74838",,"cab97c1f-67b4-11f0-a847-0a0cda9789f2","1d31c59f-b420-4437-b3e7-3c1de5afa0a5","10",,"true",,,,,,,,,,,,,,,,,,"Untitled-Import-1",
"325","IDM","BOROBUDUR","SHELTER","Exit Gate","IDM-BOROBUDUR-SHELTER -Exit Gate-01","5","Satisfied","5","Tolong pertahankan ramah tamahnya dan profesionalitas, terbaik!","Staff and Guide Behavior and Service Quality","Positive","5","5","5","5","5","5","Melakukan layanan secara profesional dan ramah (menjaga kontak mata, tersenyum tulus, dan memberikan solusi dengan empati)|Memiliki penampilan yang bersih dan rapi|Memberikan informasi dengan jelas dan akurat|Melayani dengan cepat dan tepat|Membantu dan memastikan kesiapan fasilitas",,,,"Fasilitas shelter lengkap dan mendukung aktivitas pengguna",,,,"Shelter bersih dan terawat dengan baik|Alur tunggu di shelter tertata dengan baik dan mudah dipahami|Shelter nyaman digunakan oleh penumpang saat menunggu",,,,"c2cb4085-e0d3-4e33-a25a-a1c16b699ab5","Completed",,"10-10-2025 15:04:00",,"134630",,"cab97c1f-67b4-11f0-a847-0a0cda9789f2","1d31c59f-b420-4437-b3e7-3c1de5afa0a5","10",,"true",,,,,,,,,,,,,,,,,,"Untitled-Import-1",
"326","IDM","BOROBUDUR","SHELTER","Exit Gate","IDM-BOROBUDUR-SHELTER -Exit Gate-01","5","Satisfied","5","-",,"Neutral","5","5",,,,,"Melakukan layanan secara profesional dan ramah (menjaga kontak mata, tersenyum tulus, dan memberikan solusi dengan empati)",,,,,,,,,,,,"297a7e91-22e3-4e3e-9b21-b1c3702a2b8e","Completed",,"11-10-2025 10:07:00",,"91769",,"cab97c1f-67b4-11f0-a847-0a0cda9789f2","1d31c59f-b420-4437-b3e7-3c1de5afa0a5","10",,"true",,,,,,,,,,,,,,,,,,"Untitled-Import-1",
"327","IDM","BOROBUDUR","SHELTER","Exit Gate","IDM-BOROBUDUR-SHELTER -Exit Gate-01","3","Neutral","3",,,,,,"3","3",,,,,,,,,"Shelter tidak tersedia atau sulit diakses oleh pengunjung",,,,,,"38c42c24-8379-4229-967d-40f142809684","Completed",,"11-10-2025 10:36:00",,"10153",,"cab97c1f-67b4-11f0-a847-0a0cda9789f2","1d31c59f-b420-4437-b3e7-3c1de5afa0a5","10",,"true",,,,,,,,,,,,,,,,,,"Untitled-Import-1",
"328","IDM","BOROBUDUR","SHELTER","Exit Gate","IDM-BOROBUDUR-SHELTER -Exit Gate-01","3","Neutral","3","Baik","Overall Visitor Experience and Cultural Appreciation","Neutral","3","3","3","3","3","3",,,"Memberikan informasi dengan kurang jelas dan akurat|Tidak melayani dengan cepat dan tepat",,,,"Shelter tidak tersedia atau sulit diakses oleh pengunjung|Fasilitas shelter kurang lengkap dan belum mendukung kenyamanan pengguna",,,,"Shelter kotor atau kurang terawat|Shelter kurang nyaman digunakan oleh penumpang saat menunggu|Alur tunggu di shelter tidak tertata dengan baik dan membingungkan",,"b2e1023b-1851-42d3-81cf-36c5a0bb94aa","Completed",,"11-10-2025 10:52:00",,"42786",,"cab97c1f-67b4-11f0-a847-0a0cda9789f2","1d31c59f-b420-4437-b3e7-3c1de5afa0a5","10",,"true",,,,,,,,,,,,,,,,,,"Untitled-Import-1",
"329","IDM","BOROBUDUR","SHELTER","Exit Gate","IDM-BOROBUDUR-SHELTER -Exit Gate-01","5","Satisfied","5","Sangat bagus dan memuaskan bagi kami","Overall Visitor Experience and Cultural Appreciation","Positive","5","5","5","5","5","5","Melakukan layanan secara profesional dan ramah (menjaga kontak mata, tersenyum tulus, dan memberikan solusi dengan empati)|Memiliki penampilan yang bersih dan rapi|Memberikan informasi dengan jelas dan akurat|Melayani dengan cepat dan tepat|Membantu dan memastikan kesiapan fasilitas",,,,"Fasilitas shelter lengkap dan mendukung aktivitas pengguna|Shelter tersedia dengan baik dan mudah diakses oleh pengunjung",,,,"Shelter bersih dan terawat dengan baik|Shelter nyaman digunakan oleh penumpang saat menunggu|Alur tunggu di shelter tertata dengan baik dan mudah dipahami",,,,"8917d88e-f352-434a-9a2f-dd2eb793a31b","Completed",,"11-10-2025 10:53:00",,"48908",,"cab97c1f-67b4-11f0-a847-0a0cda9789f2","1d31c59f-b420-4437-b3e7-3c1de5afa0a5","10",,"true",,,,,,,,,,,,,,,,,,"Untitled-Import-1",
"330","IDM","BOROBUDUR","SHELTER","Exit Gate","IDM-BOROBUDUR-SHELTER -Exit Gate-01","5","Satisfied","5",,,,"5","5","5","5","5","5","Melakukan layanan secara profesional dan ramah (menjaga kontak mata, tersenyum tulus, dan memberikan solusi dengan empati)|Memberikan informasi dengan jelas dan akurat|Memiliki penampilan yang bersih dan rapi|Melayani dengan cepat dan tepat|Membantu dan memastikan kesiapan fasilitas",,,,"Fasilitas shelter lengkap dan mendukung aktivitas pengguna|Shelter tersedia dengan baik dan mudah diakses oleh pengunjung",,,,"Shelter bersih dan terawat dengan baik|Shelter nyaman digunakan oleh penumpang saat menunggu|Alur tunggu di shelter tertata dengan baik dan mudah dipahami",,,,"a0e225a8-ddbb-4f72-bec1-dafb3521f9c2","Completed",,"11-10-2025 10:53:00",,"52725",,"cab97c1f-67b4-11f0-a847-0a0cda9789f2","1d31c59f-b420-4437-b3e7-3c1de5afa0a5","10",,"true",,,,,,,,,,,,,,,,,,"Untitled-Import-1",
"331","IDM","BOROBUDUR","SHELTER","Exit Gate","IDM-BOROBUDUR-SHELTER -Exit Gate-01","5","Satisfied","5","enak dan nyaman lingkungannya","Shelter Comfort and Environmental Conditions","Positive",,,,,"5","5",,,,,,,,,"Shelter nyaman digunakan oleh penumpang saat menunggu",,,,"9e5acdb2-3b43-474f-85bb-9f6087df8006","Completed",,"11-10-2025 10:53:00",,"56193",,"cab97c1f-67b4-11f0-a847-0a0cda9789f2","1d31c59f-b420-4437-b3e7-3c1de5afa0a5","10",,"true",,,,,,,,,,,,,,,,,,"Untitled-Import-1",
"332","IDM","BOROBUDUR","SHELTER","Exit Gate","IDM-BOROBUDUR-SHELTER -Exit Gate-01","2","Not Satisfied","2","Diberi info lebih karena sangat tidak puas dengan info yang diberikan, dan sangat sedikit info","Visitor Information, Signage, and Signage Clarity","Negative","2","2",,,,,,,"Tidak melakukan layanan secara profesional dan ramah (menjaga kontak mata, tersenyum tulus, dan memberikan solusi dengan empati)|Memberikan informasi dengan kurang jelas dan akurat|Tidak membantu dan memastikan kesiapan fasilitas|Lainnya","Hanya membaca, info tidak lengkap, meninggalkan rombongan, bergerak semaunya, mengatai murid dari belakang, kurang sopan( nama staff tour bu evi yang mengatur kelas 8A)",,,,,,,,,"77d3f7a1-0700-4581-87f3-0b0d7c8d13db","Completed",,"11-10-2025 10:55:00",,"182072",,"cab97c1f-67b4-11f0-a847-0a0cda9789f2","1d31c59f-b420-4437-b3e7-3c1de5afa0a5","10",,"true",,,,,,,,,,,,,,,,,,"Untitled-Import-1",
"333","IDM","BOROBUDUR","SHELTER","Exit Gate","IDM-BOROBUDUR-SHELTER -Exit Gate-01","5","Satisfied","5",,,,"5","5","5","5","5","5","Melakukan layanan secara profesional dan ramah (menjaga kontak mata, tersenyum tulus, dan memberikan solusi dengan empati)|Memiliki penampilan yang bersih dan rapi|Memberikan informasi dengan jelas dan akurat|Melayani dengan cepat dan tepat|Membantu dan memastikan kesiapan fasilitas",,,,"Fasilitas shelter lengkap dan mendukung aktivitas pengguna|Shelter tersedia dengan baik dan mudah diakses oleh pengunjung",,,,"Shelter bersih dan terawat dengan baik|Alur tunggu di shelter tertata dengan baik dan mudah dipahami|Shelter nyaman digunakan oleh penumpang saat menunggu",,,,"6e5b1752-31c1-4596-b9a5-57acc3e0bb4a","Completed",,"11-10-2025 12:01:00",,"231348",,"cab97c1f-67b4-11f0-a847-0a0cda9789f2","1d31c59f-b420-4437-b3e7-3c1de5afa0a5","10",,"true",,,,,,,,,,,,,,,,,,"Untitled-Import-1",
"334","IDM","BOROBUDUR","SHELTER","Exit Gate","IDM-BOROBUDUR-SHELTER -Exit Gate-01","5","Satisfied","5","Very good","Overall Visitor Experience and Cultural Appreciation","Positive",,,"5","5",,,,,,,"Fasilitas shelter lengkap dan mendukung aktivitas pengguna",,,,,,,,"47195fd9-2092-4aef-825c-1704cf43f003","Completed",,"12-10-2025 10:23:00",,"32488",,"cab97c1f-67b4-11f0-a847-0a0cda9789f2","1d31c59f-b420-4437-b3e7-3c1de5afa0a5","10",,"true",,,,,,,,,,,,,,,,,,"Untitled-Import-1",
"335","IDM","BOROBUDUR","SHELTER","Exit Gate","IDM-BOROBUDUR-SHELTER -Exit Gate-01","5","Satisfied","5",,,,,,,,"5","5",,,,,,,,,"Alur tunggu di shelter tertata dengan baik dan mudah dipahami|Shelter bersih dan terawat dengan baik",,,,"e40a393f-8222-41fd-9564-edfd00908a8f","Completed",,"12-10-2025 10:23:00",,"34544",,"cab97c1f-67b4-11f0-a847-0a0cda9789f2","1d31c59f-b420-4437-b3e7-3c1de5afa0a5","10",,"true",,,,,,,,,,,,,,,,,,"Untitled-Import-1",
"336","IDM","BOROBUDUR","SHELTER","Exit Gate","IDM-BOROBUDUR-SHELTER -Exit Gate-01","3","Neutral","3","I would like to have more water dispensers providing drinking water. Also I don't like that slippers are not reused and thrown away. It seems to be a way of justifying the entry price. But then please charge what you think is decent and don't use throw away slippers.","Additional Amenities and Convenience Features","Neutral",,,"3","3",,,,,,,,,"Fasilitas shelter kurang lengkap dan belum mendukung kenyamanan pengguna",,,,,,"f4385be5-59a3-45a1-9fe1-8532e040281c","Completed",,"12-10-2025 11:15:00",,"3478677",,"cab97c1f-67b4-11f0-a847-0a0cda9789f2","1d31c59f-b420-4437-b3e7-3c1de5afa0a5","10",,"true",,,,,,,,,,,,,,,,,,"Untitled-Import-1",
"337","IDM","BOROBUDUR","SHELTER","Exit Gate","IDM-BOROBUDUR-SHELTER -Exit Gate-01","5","Satisfied","5","Semoga lebih baik lagi yaa🫶🏻💐","Overall Visitor Experience and Cultural Appreciation","Positive","5","5","5","5","5","5","Melakukan layanan secara profesional dan ramah (menjaga kontak mata, tersenyum tulus, dan memberikan solusi dengan empati)|Memiliki penampilan yang bersih dan rapi|Memberikan informasi dengan jelas dan akurat|Melayani dengan cepat dan tepat|Membantu dan memastikan kesiapan fasilitas",,,,"Fasilitas shelter lengkap dan mendukung aktivitas pengguna|Shelter tersedia dengan baik dan mudah diakses oleh pengunjung",,,,"Shelter bersih dan terawat dengan baik|Shelter nyaman digunakan oleh penumpang saat menunggu|Alur tunggu di shelter tertata dengan baik dan mudah dipahami",,,,"8caccf88-6fe2-4548-a90f-852f3a3c1238","Completed",,"12-10-2025 11:23:00",,"167016",,"cab97c1f-67b4-11f0-a847-0a0cda9789f2","1d31c59f-b420-4437-b3e7-3c1de5afa0a5","10",,"true",,,,,,,,,,,,,,,,,,"Untitled-Import-1",
"338","IDM","BOROBUDUR","SHELTER","Exit Gate","IDM-BOROBUDUR-SHELTER -Exit Gate-01","5","Satisfied","5",,,,"5","5","5","5","5","5","Melakukan layanan secara profesional dan ramah (menjaga kontak mata, tersenyum tulus, dan memberikan solusi dengan empati)|Memiliki penampilan yang bersih dan rapi|Memberikan informasi dengan jelas dan akurat|Melayani dengan cepat dan tepat|Membantu dan memastikan kesiapan fasilitas",,,,"Fasilitas shelter lengkap dan mendukung aktivitas pengguna|Shelter tersedia dengan baik dan mudah diakses oleh pengunjung",,,,"Shelter bersih dan terawat dengan baik|Shelter nyaman digunakan oleh penumpang saat menunggu|Alur tunggu di shelter tertata dengan baik dan mudah dipahami",,,,"af3667d6-9081-4515-817c-a50673c9f552","Completed",,"12-10-2025 20:57:00",,"49434",,"cab97c1f-67b4-11f0-a847-0a0cda9789f2","1d31c59f-b420-4437-b3e7-3c1de5afa0a5","10",,"true",,,,,,,,,,,,,,,,,,"Untitled-Import-1",
"339","IDM","BOROBUDUR","SHELTER","Exit Gate","IDM-BOROBUDUR-SHELTER -Exit Gate-01","5","Satisfied","5","Sangat baik pelayanan nya","Staff and Guide Behavior and Service Quality","Positive","5","5",,,"5","5","Membantu dan memastikan kesiapan fasilitas",,,,,,,,"Shelter nyaman digunakan oleh penumpang saat menunggu",,,,"12a07b04-56a0-4b2f-ba8d-d622cbedfe60","Completed",,"13-10-2025 10:05:00",,"113001",,"cab97c1f-67b4-11f0-a847-0a0cda9789f2","1d31c59f-b420-4437-b3e7-3c1de5afa0a5","10",,"true",,,,,,,,,,,,,,,,,,"Untitled-Import-1",
"340","IDM","BOROBUDUR","SHELTER","Exit Gate","IDM-BOROBUDUR-SHELTER -Exit Gate-01","5","Satisfied","5",,,,"5","5","5","5","5","5","Melakukan layanan secara profesional dan ramah (menjaga kontak mata, tersenyum tulus, dan memberikan solusi dengan empati)|Memiliki penampilan yang bersih dan rapi|Memberikan informasi dengan jelas dan akurat|Melayani dengan cepat dan tepat|Membantu dan memastikan kesiapan fasilitas",,,,"Fasilitas shelter lengkap dan mendukung aktivitas pengguna|Shelter tersedia dengan baik dan mudah diakses oleh pengunjung",,,,"Shelter bersih dan terawat dengan baik|Shelter nyaman digunakan oleh penumpang saat menunggu|Alur tunggu di shelter tertata dengan baik dan mudah dipahami",,,,"ccdaafec-66a5-49f8-ab88-88830c3b3bba","Completed",,"13-10-2025 10:18:00",,"56860",,"cab97c1f-67b4-11f0-a847-0a0cda9789f2","1d31c59f-b420-4437-b3e7-3c1de5afa0a5","10",,"true",,,,,,,,,,,,,,,,,,"Untitled-Import-1",
"341","IDM","BOROBUDUR","SHELTER","Exit Gate","IDM-BOROBUDUR-SHELTER -Exit Gate-01","1","Not Satisfied","1",,,,,,"1","1",,,,,,,,,"Lainnya","Terlalu jauhh",,,,,"3d320a62-dc1a-45d2-9a28-3f19af29715f","Completed",,"13-10-2025 10:19:00",,"54470",,"cab97c1f-67b4-11f0-a847-0a0cda9789f2","1d31c59f-b420-4437-b3e7-3c1de5afa0a5","10",,"true",,,,,,,,,,,,,,,,,,"Untitled-Import-1",
"342","IDM","BOROBUDUR","SHELTER","Exit Gate","IDM-BOROBUDUR-SHELTER -Exit Gate-01","4","Satisfied","4",,,,,,"4","4",,,,,,,"Fasilitas shelter lengkap dan mendukung aktivitas pengguna",,,,,,,,"95727bd3-b7c3-4d81-be2b-17a7f6c8a5af","Completed",,"13-10-2025 11:49:00",,"54023",,"cab97c1f-67b4-11f0-a847-0a0cda9789f2","1d31c59f-b420-4437-b3e7-3c1de5afa0a5","10",,"true",,,,,,,,,,,,,,,,,,"Untitled-Import-1",
"343","IDM","BOROBUDUR","SHELTER","Exit Gate","IDM-BOROBUDUR-SHELTER -Exit Gate-01","1","Not Satisfied","1","Terimakasih baik banget","Overall Visitor Experience and Cultural Appreciation|Staff and Guide Behavior and Service Quality","Positive","1","1",,,,,,,"Lainnya|Memberikan informasi dengan kurang jelas dan akurat","Bersih",,,,,,,,,"abbf32b3-8cc6-4e13-88ee-f35c18ea372d","Completed",,"14-10-2025 10:44:00",,"208034",,"cab97c1f-67b4-11f0-a847-0a0cda9789f2","1d31c59f-b420-4437-b3e7-3c1de5afa0a5","10",,"true",,,,,,,,,,,,,,,,,,"Untitled-Import-1",
"344","IDM","BOROBUDUR","SHELTER","Exit Gate","IDM-BOROBUDUR-SHELTER -Exit Gate-01","5","Satisfied","5","Ketersediaan shelter agar lebih dekat dari pintu keluar candi","Shelter Location, Accessibility, and Arrangement","Neutral",,,"5","5",,,,,,,"Fasilitas shelter lengkap dan mendukung aktivitas pengguna",,,,,,,,"455ba24e-3c67-44ac-b7c0-c206cd40e5a4","Completed",,"14-10-2025 11:10:00",,"114097",,"cab97c1f-67b4-11f0-a847-0a0cda9789f2","1d31c59f-b420-4437-b3e7-3c1de5afa0a5","10",,"true",,,,,,,,,,,,,,,,,,"Untitled-Import-1",
"345","IDM","BOROBUDUR","SHELTER","Exit Gate","IDM-BOROBUDUR-SHELTER -Exit Gate-01","5","Satisfied","5",,,,"5","5","5","5","5","5","Melakukan layanan secara profesional dan ramah (menjaga kontak mata, tersenyum tulus, dan memberikan solusi dengan empati)|Memberikan informasi dengan jelas dan akurat|Melayani dengan cepat dan tepat|Membantu dan memastikan kesiapan fasilitas",,,,"Fasilitas shelter lengkap dan mendukung aktivitas pengguna|Shelter tersedia dengan baik dan mudah diakses oleh pengunjung",,,,"Shelter bersih dan terawat dengan baik|Shelter nyaman digunakan oleh penumpang saat menunggu|Alur tunggu di shelter tertata dengan baik dan mudah dipahami",,,,"9a8320f6-1450-4d88-833e-b90c8b049bb7","Completed",,"14-10-2025 11:17:00",,"143478",,"cab97c1f-67b4-11f0-a847-0a0cda9789f2","1d31c59f-b420-4437-b3e7-3c1de5afa0a5","10",,"true",,,,,,,,,,,,,,,,,,"Untitled-Import-1",
"346","IDM","BOROBUDUR","SHELTER","Exit Gate","IDM-BOROBUDUR-SHELTER -Exit Gate-01","4","Satisfied","4","Great place","Overall Visitor Experience and Cultural Appreciation","Positive",,,,,"4","4",,,,,,,,,"Shelter nyaman digunakan oleh penumpang saat menunggu",,,,"5832e37a-322b-4198-821b-40bdb6bf8d3a","Completed",,"14-10-2025 11:17:00",,"152049",,"cab97c1f-67b4-11f0-a847-0a0cda9789f2","1d31c59f-b420-4437-b3e7-3c1de5afa0a5","10",,"true",,,,,,,,,,,,,,,,,,"Untitled-Import-1",
"347","IDM","BOROBUDUR","SHELTER","Exit Gate","IDM-BOROBUDUR-SHELTER -Exit Gate-01","5","Satisfied","5",,,,,,,,"5","5",,,,,,,,,"Alur tunggu di shelter tertata dengan baik dan mudah dipahami",,,,"688b5e6f-886d-4e93-ac53-fc73a9880add","Completed",,"14-10-2025 11:19:00",,"34973",,"cab97c1f-67b4-11f0-a847-0a0cda9789f2","1d31c59f-b420-4437-b3e7-3c1de5afa0a5","10",,"true",,,,,,,,,,,,,,,,,,"Untitled-Import-1",
"348","IDM","BOROBUDUR","SHELTER","Exit Gate","IDM-BOROBUDUR-SHELTER -Exit Gate-01","5","Satisfied","5",,,,"5","5","5","5","5","5","Melakukan layanan secara profesional dan ramah (menjaga kontak mata, tersenyum tulus, dan memberikan solusi dengan empati)|Memiliki penampilan yang bersih dan rapi|Memberikan informasi dengan jelas dan akurat|Melayani dengan cepat dan tepat|Membantu dan memastikan kesiapan fasilitas",,,,"Fasilitas shelter lengkap dan mendukung aktivitas pengguna|Shelter tersedia dengan baik dan mudah diakses oleh pengunjung",,,,"Shelter bersih dan terawat dengan baik|Shelter nyaman digunakan oleh penumpang saat menunggu|Alur tunggu di shelter tertata dengan baik dan mudah dipahami",,,,"4e314dc7-8232-4bc2-b5c3-68307e911a25","Completed",,"14-10-2025 11:20:00",,"493251",,"cab97c1f-67b4-11f0-a847-0a0cda9789f2","1d31c59f-b420-4437-b3e7-3c1de5afa0a5","10",,"true",,,,,,,,,,,,,,,,,,"Untitled-Import-1",
"349","IDM","BOROBUDUR","SHELTER","Exit Gate","IDM-BOROBUDUR-SHELTER -Exit Gate-01","5","Satisfied","5",,,,"5","5","5","5","5","5","Melakukan layanan secara profesional dan ramah (menjaga kontak mata, tersenyum tulus, dan memberikan solusi dengan empati)|Memiliki penampilan yang bersih dan rapi|Memberikan informasi dengan jelas dan akurat|Melayani dengan cepat dan tepat|Membantu dan memastikan kesiapan fasilitas",,,,"Fasilitas shelter lengkap dan mendukung aktivitas pengguna|Shelter tersedia dengan baik dan mudah diakses oleh pengunjung",,,,"Shelter bersih dan terawat dengan baik|Shelter nyaman digunakan oleh penumpang saat menunggu|Alur tunggu di shelter tertata dengan baik dan mudah dipahami",,,,"d307927e-8e7e-422d-9a0d-a2f570a03a88","Completed",,"14-10-2025 11:27:00",,"41319",,"cab97c1f-67b4-11f0-a847-0a0cda9789f2","1d31c59f-b420-4437-b3e7-3c1de5afa0a5","10",,"true",,,,,,,,,,,,,,,,,,"Untitled-Import-1",
"350","IDM","BOROBUDUR","SHELTER","Exit Gate","IDM-BOROBUDUR-SHELTER -Exit Gate-01","5","Satisfied","5",,,,"5","5","5","5","5","5","Melakukan layanan secara profesional dan ramah (menjaga kontak mata, tersenyum tulus, dan memberikan solusi dengan empati)|Memberikan informasi dengan jelas dan akurat|Membantu dan memastikan kesiapan fasilitas",,,,"Shelter tersedia dengan baik dan mudah diakses oleh pengunjung",,,,"Shelter bersih dan terawat dengan baik|Shelter nyaman digunakan oleh penumpang saat menunggu|Alur tunggu di shelter tertata dengan baik dan mudah dipahami",,,,"e041393e-5a67-470c-894a-04335066925e","Completed",,"14-10-2025 11:33:00",,"109715",,"cab97c1f-67b4-11f0-a847-0a0cda9789f2","1d31c59f-b420-4437-b3e7-3c1de5afa0a5","10",,"true",,,,,,,,,,,,,,,,,,"Untitled-Import-1",
"351","IDM","BOROBUDUR","SHELTER","Exit Gate","IDM-BOROBUDUR-SHELTER -Exit Gate-01","5","Satisfied","5",,,,,,,,"5","5",,,,,,,,,"Shelter nyaman digunakan oleh penumpang saat menunggu",,,,"10bc946d-a656-4242-ab0c-2085fff4bd6a","Completed",,"14-10-2025 11:35:00",,"24711",,"cab97c1f-67b4-11f0-a847-0a0cda9789f2","1d31c59f-b420-4437-b3e7-3c1de5afa0a5","10",,"true",,,,,,,,,,,,,,,,,,"Untitled-Import-1",
"352","IDM","BOROBUDUR","SHELTER","Exit Gate","IDM-BOROBUDUR-SHELTER -Exit Gate-01","5","Satisfied","5","Udah bagus 😈","Overall Visitor Experience and Cultural Appreciation","Positive",,,"5","5",,,,,,,"Fasilitas shelter lengkap dan mendukung aktivitas pengguna",,,,,,,,"52630894-34d4-48d2-bb44-95ff07530b8b","Completed",,"14-10-2025 12:15:00",,"41936",,"cab97c1f-67b4-11f0-a847-0a0cda9789f2","1d31c59f-b420-4437-b3e7-3c1de5afa0a5","10",,"true",,,,,,,,,,,,,,,,,,"Untitled-Import-1",
"353","IDM","BOROBUDUR","SHELTER","Exit Gate","IDM-BOROBUDUR-SHELTER -Exit Gate-01","5","Satisfied","5",,,,,,,,"5","5",,,,,,,,,"Shelter bersih dan terawat dengan baik|Shelter nyaman digunakan oleh penumpang saat menunggu|Alur tunggu di shelter tertata dengan baik dan mudah dipahami",,,,"af855770-af98-4517-8df1-340c1fc5bcab","Completed",,"14-10-2025 12:17:00",,"134491",,"cab97c1f-67b4-11f0-a847-0a0cda9789f2","1d31c59f-b420-4437-b3e7-3c1de5afa0a5","10",,"true",,,,,,,,,,,,,,,,,,"Untitled-Import-1",
"354","IDM","BOROBUDUR","SHELTER","Exit Gate","IDM-BOROBUDUR-SHELTER -Exit Gate-01","4","Satisfied","4",,,,,,,,"4","4",,,,,,,,,"Shelter bersih dan terawat dengan baik|Shelter nyaman digunakan oleh penumpang saat menunggu",,,,"d4c65ac8-e831-49a1-be4d-1d5bdf659aef","Completed",,"14-10-2025 12:19:00",,"47651",,"cab97c1f-67b4-11f0-a847-0a0cda9789f2","1d31c59f-b420-4437-b3e7-3c1de5afa0a5","10",,"true",,,,,,,,,,,,,,,,,,"Untitled-Import-1",
"355","IDM","BOROBUDUR","SHELTER","Exit Gate","IDM-BOROBUDUR-SHELTER -Exit Gate-01","4","Satisfied","4",,,,"4","4","4","4","4","4","Membantu dan memastikan kesiapan fasilitas|Memberikan informasi dengan jelas dan akurat|Melayani dengan cepat dan tepat|Memiliki penampilan yang bersih dan rapi|Melakukan layanan secara profesional dan ramah (menjaga kontak mata, tersenyum tulus, dan memberikan solusi dengan empati)",,,,"Fasilitas shelter lengkap dan mendukung aktivitas pengguna|Shelter tersedia dengan baik dan mudah diakses oleh pengunjung",,,,"Shelter bersih dan terawat dengan baik|Shelter nyaman digunakan oleh penumpang saat menunggu|Alur tunggu di shelter tertata dengan baik dan mudah dipahami",,,,"e7ef3d79-abae-48e5-a5c2-56f2cec1dfc4","Completed",,"14-10-2025 12:19:00",,"21317",,"cab97c1f-67b4-11f0-a847-0a0cda9789f2","1d31c59f-b420-4437-b3e7-3c1de5afa0a5","10",,"true",,,,,,,,,,,,,,,,,,"Untitled-Import-1",
"356","IDM","BOROBUDUR","SHELTER","Exit Gate","IDM-BOROBUDUR-SHELTER -Exit Gate-01","5","Satisfied","5",,,,,,,,"5","5",,,,,,,,,"Shelter bersih dan terawat dengan baik|Shelter nyaman digunakan oleh penumpang saat menunggu",,,,"955ea816-1e4b-4365-844c-4f7879e95fe0","Completed",,"14-10-2025 12:20:00",,"46386",,"cab97c1f-67b4-11f0-a847-0a0cda9789f2","1d31c59f-b420-4437-b3e7-3c1de5afa0a5","10",,"true",,,,,,,,,,,,,,,,,,"Untitled-Import-1",
"357","IDM","BOROBUDUR","SHELTER","Exit Gate","IDM-BOROBUDUR-SHELTER -Exit Gate-01","5","Satisfied","5",,,,,,,,"5","5",,,,,,,,,"Alur tunggu di shelter tertata dengan baik dan mudah dipahami",,,,"ae7f5587-6e2f-4c39-ac60-99563596f6d4","Completed",,"14-10-2025 12:21:00",,"26998",,"cab97c1f-67b4-11f0-a847-0a0cda9789f2","1d31c59f-b420-4437-b3e7-3c1de5afa0a5","10",,"true",,,,,,,,,,,,,,,,,,"Untitled-Import-1",
"358","IDM","BOROBUDUR","SHELTER","Exit Gate","IDM-BOROBUDUR-SHELTER -Exit Gate-01","5","Satisfied","5",,,,,,"5","5","5","5",,,,,"Fasilitas shelter lengkap dan mendukung aktivitas pengguna",,,,"Shelter nyaman digunakan oleh penumpang saat menunggu",,,,"6d98ba52-1bb8-4938-b4f9-935daf00be24","Completed",,"14-10-2025 12:21:00",,"32681",,"cab97c1f-67b4-11f0-a847-0a0cda9789f2","1d31c59f-b420-4437-b3e7-3c1de5afa0a5","10",,"true",,,,,,,,,,,,,,,,,,"Untitled-Import-1",
"359","IDM","BOROBUDUR","SHELTER","Exit Gate","IDM-BOROBUDUR-SHELTER -Exit Gate-01","5","Satisfied","5","Semoga lebih baik lagi","Overall Visitor Experience and Cultural Appreciation","Positive","5","5","5","5","5","5","Melakukan layanan secara profesional dan ramah (menjaga kontak mata, tersenyum tulus, dan memberikan solusi dengan empati)|Memberikan informasi dengan jelas dan akurat",,,,"Fasilitas shelter lengkap dan mendukung aktivitas pengguna|Shelter tersedia dengan baik dan mudah diakses oleh pengunjung",,,,"Shelter bersih dan terawat dengan baik|Shelter nyaman digunakan oleh penumpang saat menunggu",,,,"5dc2002e-c467-4852-a47f-b62efc96ca9a","Completed",,"14-10-2025 12:22:00",,"48949",,"cab97c1f-67b4-11f0-a847-0a0cda9789f2","1d31c59f-b420-4437-b3e7-3c1de5afa0a5","10",,"true",,,,,,,,,,,,,,,,,,"Untitled-Import-1",
"360","IDM","BOROBUDUR","SHELTER","Exit Gate","IDM-BOROBUDUR-SHELTER -Exit Gate-01","5","Satisfied","5","-",,"Neutral",,,,,"5","5",,,,,,,,,"Shelter bersih dan terawat dengan baik",,,,"63c200b7-3b4f-4871-a739-8c5b200373b4","Completed",,"14-10-2025 12:22:00",,"51205",,"cab97c1f-67b4-11f0-a847-0a0cda9789f2","1d31c59f-b420-4437-b3e7-3c1de5afa0a5","10",,"true",,,,,,,,,,,,,,,,,,"Untitled-Import-1",
"361","IDM","BOROBUDUR","SHELTER","Exit Gate","IDM-BOROBUDUR-SHELTER -Exit Gate-01","4","Satisfied","4",,,,"4","4","4","4","4","4","Melakukan layanan secara profesional dan ramah (menjaga kontak mata, tersenyum tulus, dan memberikan solusi dengan empati)|Memiliki penampilan yang bersih dan rapi|Memberikan informasi dengan jelas dan akurat|Membantu dan memastikan kesiapan fasilitas",,,,"Shelter tersedia dengan baik dan mudah diakses oleh pengunjung",,,,"Shelter nyaman digunakan oleh penumpang saat menunggu|Shelter bersih dan terawat dengan baik",,,,"3959a3e1-c765-4eb0-8464-6aff56105719","Completed",,"14-10-2025 13:06:00",,"36564",,"cab97c1f-67b4-11f0-a847-0a0cda9789f2","1d31c59f-b420-4437-b3e7-3c1de5afa0a5","10",,"true",,,,,,,,,,,,,,,,,,"Untitled-Import-1",
"362","IDM","BOROBUDUR","SHELTER","Exit Gate","IDM-BOROBUDUR-SHELTER -Exit Gate-01","4","Satisfied","4","Petugasnya hendaknya lebih ramah lagi","Staff and Guide Behavior and Service Quality","Negative","4","4",,,,,"Memiliki penampilan yang bersih dan rapi",,,,,,,,,,,,"db5c207a-d396-4d7b-8481-18974cc54c15","Completed",,"14-10-2025 13:06:00",,"66710",,"cab97c1f-67b4-11f0-a847-0a0cda9789f2","1d31c59f-b420-4437-b3e7-3c1de5afa0a5","10",,"true",,,,,,,,,,,,,,,,,,"Untitled-Import-1",
"363","IDM","BOROBUDUR","SHELTER","Exit Gate","IDM-BOROBUDUR-SHELTER -Exit Gate-01","5","Satisfied","5","saran shelter lebih banyak terminalnya","Shelter Location, Accessibility, and Arrangement","Neutral","5","5","5","5","5","5","Melakukan layanan secara profesional dan ramah (menjaga kontak mata, tersenyum tulus, dan memberikan solusi dengan empati)|Memberikan informasi dengan jelas dan akurat|Melayani dengan cepat dan tepat|Membantu dan memastikan kesiapan fasilitas|Memiliki penampilan yang bersih dan rapi",,,,"Shelter tersedia dengan baik dan mudah diakses oleh pengunjung",,,,"Alur tunggu di shelter tertata dengan baik dan mudah dipahami",,,,"c4a2745f-4c0a-455e-9335-a8ab3f9e400d","Completed",,"14-10-2025 14:06:00",,"93662",,"cab97c1f-67b4-11f0-a847-0a0cda9789f2","1d31c59f-b420-4437-b3e7-3c1de5afa0a5","10",,"true",,,,,,,,,,,,,,,,,,"Untitled-Import-1",
"364","IDM","BOROBUDUR","SHELTER","Exit Gate","IDM-BOROBUDUR-SHELTER -Exit Gate-01","5","Satisfied","5","i like it","Overall Visitor Experience and Cultural Appreciation","Positive","5","5",,,,,"Melakukan layanan secara profesional dan ramah (menjaga kontak mata, tersenyum tulus, dan memberikan solusi dengan empati)|Memiliki penampilan yang bersih dan rapi|Melayani dengan cepat dan tepat",,,,,,,,,,,,"0f0de1ca-97d1-47b2-aed3-7fadd7282db5","Completed",,"14-10-2025 14:40:00",,"70342",,"cab97c1f-67b4-11f0-a847-0a0cda9789f2","1d31c59f-b420-4437-b3e7-3c1de5afa0a5","10",,"true",,,,,,,,,,,,,,,,,,"Untitled-Import-1",
"365","IDM","BOROBUDUR","SHELTER","Exit Gate","IDM-BOROBUDUR-SHELTER -Exit Gate-01","1","Not Satisfied","1",,,,"1","1",,,,,,,"Memberikan informasi dengan kurang jelas dan akurat",,,,,,,,,,"ac2a9d86-406a-4004-967a-6a94631f6514","Completed",,"14-10-2025 14:42:00",,"55269",,"cab97c1f-67b4-11f0-a847-0a0cda9789f2","1d31c59f-b420-4437-b3e7-3c1de5afa0a5","10",,"true",,,,,,,,,,,,,,,,,,"Untitled-Import-1",
"366","IDM","BOROBUDUR","SHELTER","Exit Gate","IDM-BOROBUDUR-SHELTER -Exit Gate-01","5","Satisfied","5","Titik diperbanyak","Visitor Information, Signage, and Signage Clarity","Neutral",,,"5","5",,,,,,,"Shelter tersedia dengan baik dan mudah diakses oleh pengunjung",,,,,,,,"0ea6ff27-860d-4df0-8397-bd41abdd2ab6","Completed",,"15-10-2025 10:12:00",,"31700",,"cab97c1f-67b4-11f0-a847-0a0cda9789f2","1d31c59f-b420-4437-b3e7-3c1de5afa0a5","10",,"true",,,,,,,,,,,,,,,,,,"Untitled-Import-1",
"367","IDM","BOROBUDUR","SHELTER","Exit Gate","IDM-BOROBUDUR-SHELTER -Exit Gate-01","5","Satisfied","5","Very nice ☺️","Overall Visitor Experience and Cultural Appreciation","Positive",,,,,"5","5",,,,,,,,,"Alur tunggu di shelter tertata dengan baik dan mudah dipahami",,,,"5e2374c4-dc79-4fcb-8692-e553fdd31235","Completed",,"15-10-2025 11:12:00",,"79908",,"cab97c1f-67b4-11f0-a847-0a0cda9789f2","1d31c59f-b420-4437-b3e7-3c1de5afa0a5","10",,"true",,,,,,,,,,,,,,,,,,"Untitled-Import-1",
"368","IDM","BOROBUDUR","SHELTER","Exit Gate","IDM-BOROBUDUR-SHELTER -Exit Gate-01","4","Satisfied","4","Sudah sangat baik","Overall Visitor Experience and Cultural Appreciation","Positive",,,,,"4","4",,,,,,,,,"Alur tunggu di shelter tertata dengan baik dan mudah dipahami",,,,"956d27e8-0a3e-413c-87cc-95bb6010a1b5","Completed",,"15-10-2025 11:19:00",,"45642",,"cab97c1f-67b4-11f0-a847-0a0cda9789f2","1d31c59f-b420-4437-b3e7-3c1de5afa0a5","10",,"true",,,,,,,,,,,,,,,,,,"Untitled-Import-1",
"369","IDM","BOROBUDUR","SHELTER","Exit Gate","IDM-BOROBUDUR-SHELTER -Exit Gate-01","5","Satisfied","5","Provide fans so it helps when the weather is hot","Shelter Comfort and Environmental Conditions","Positive","5","5","5","5","5","5","Melakukan layanan secara profesional dan ramah (menjaga kontak mata, tersenyum tulus, dan memberikan solusi dengan empati)|Memiliki penampilan yang bersih dan rapi|Memberikan informasi dengan jelas dan akurat|Melayani dengan cepat dan tepat|Membantu dan memastikan kesiapan fasilitas",,,,"Fasilitas shelter lengkap dan mendukung aktivitas pengguna|Shelter tersedia dengan baik dan mudah diakses oleh pengunjung",,,,"Shelter bersih dan terawat dengan baik|Shelter nyaman digunakan oleh penumpang saat menunggu|Alur tunggu di shelter tertata dengan baik dan mudah dipahami",,,,"f4ce3ee2-d7fc-4aa3-9b6a-a76f41ab89f2","Completed",,"15-10-2025 11:32:00",,"189621",,"cab97c1f-67b4-11f0-a847-0a0cda9789f2","1d31c59f-b420-4437-b3e7-3c1de5afa0a5","10",,"true",,,,,,,,,,,,,,,,,,"Untitled-Import-1",
"370","IDM","BOROBUDUR","SHELTER","Exit Gate","IDM-BOROBUDUR-SHELTER -Exit Gate-01","5","Satisfied","5","When ordering the ticket, would be good if we can choose the language of the guide (French, english, german , etc…)","Visitor Information, Signage, and Signage Clarity","Neutral","5","5","5","5","5","5","Melakukan layanan secara profesional dan ramah (menjaga kontak mata, tersenyum tulus, dan memberikan solusi dengan empati)|Memiliki penampilan yang bersih dan rapi|Memberikan informasi dengan jelas dan akurat|Melayani dengan cepat dan tepat|Membantu dan memastikan kesiapan fasilitas",,,,"Fasilitas shelter lengkap dan mendukung aktivitas pengguna|Shelter tersedia dengan baik dan mudah diakses oleh pengunjung",,,,"Shelter bersih dan terawat dengan baik|Alur tunggu di shelter tertata dengan baik dan mudah dipahami|Shelter nyaman digunakan oleh penumpang saat menunggu",,,,"5ae715db-3d53-4927-a49d-a14d87dabda5","Completed",,"15-10-2025 11:52:00",,"117312",,"cab97c1f-67b4-11f0-a847-0a0cda9789f2","1d31c59f-b420-4437-b3e7-3c1de5afa0a5","10",,"true",,,,,,,,,,,,,,,,,,"Untitled-Import-1",
"371","IDM","BOROBUDUR","SHELTER","Exit Gate","IDM-BOROBUDUR-SHELTER -Exit Gate-01","5","Satisfied","5",,,,"5","5","5","5","5","5","Melakukan layanan secara profesional dan ramah (menjaga kontak mata, tersenyum tulus, dan memberikan solusi dengan empati)",,,,"Shelter tersedia dengan baik dan mudah diakses oleh pengunjung",,,,"Shelter nyaman digunakan oleh penumpang saat menunggu",,,,"2bb4810a-fcdb-4aa5-9de8-28c1e0be85bd","Completed",,"15-10-2025 11:52:00",,"64509",,"cab97c1f-67b4-11f0-a847-0a0cda9789f2","1d31c59f-b420-4437-b3e7-3c1de5afa0a5","10",,"true",,,,,,,,,,,,,,,,,,"Untitled-Import-1",
"372","IDM","BOROBUDUR","SHELTER","Exit Gate","IDM-BOROBUDUR-SHELTER -Exit Gate-01","4","Satisfied","4","Sdh bagus","Shelter Facilities and Maintenance","Positive","4","4","4","4","4","4","Melakukan layanan secara profesional dan ramah (menjaga kontak mata, tersenyum tulus, dan memberikan solusi dengan empati)|Memiliki penampilan yang bersih dan rapi|Memberikan informasi dengan jelas dan akurat|Melayani dengan cepat dan tepat|Membantu dan memastikan kesiapan fasilitas",,,,"Fasilitas shelter lengkap dan mendukung aktivitas pengguna",,,,"Shelter bersih dan terawat dengan baik|Alur tunggu di shelter tertata dengan baik dan mudah dipahami|Shelter nyaman digunakan oleh penumpang saat menunggu",,,,"135ef93c-bdc7-41bf-b615-7a708435e31b","Completed",,"15-10-2025 12:07:00",,"1406893",,"cab97c1f-67b4-11f0-a847-0a0cda9789f2","1d31c59f-b420-4437-b3e7-3c1de5afa0a5","10",,"true",,,,,,,,,,,,,,,,,,"Untitled-Import-1",
"373","IDM","BOROBUDUR","SHELTER","Exit Gate","IDM-BOROBUDUR-SHELTER -Exit Gate-01","4","Satisfied","4",,,,,,,,"4","4",,,,,,,,,"Alur tunggu di shelter tertata dengan baik dan mudah dipahami",,,,"a9dab625-1bf7-4110-8c86-dc5386dffd28","Completed",,"15-10-2025 12:38:00",,"109652",,"cab97c1f-67b4-11f0-a847-0a0cda9789f2","1d31c59f-b420-4437-b3e7-3c1de5afa0a5","10",,"true",,,,,,,,,,,,,,,,,,"Untitled-Import-1",
"374","IDM","BOROBUDUR","SHELTER","Exit Gate","IDM-BOROBUDUR-SHELTER -Exit Gate-01","4","Satisfied","4",,,,,,"4","4",,,,,,,"Shelter tersedia dengan baik dan mudah diakses oleh pengunjung",,,,,,,,"28e895f4-c56c-4125-ae1e-efae2b9b0925","Completed",,"15-10-2025 13:04:00",,"52617",,"cab97c1f-67b4-11f0-a847-0a0cda9789f2","1d31c59f-b420-4437-b3e7-3c1de5afa0a5","10",,"true",,,,,,,,,,,,,,,,,,"Untitled-Import-1",
"375","IDM","BOROBUDUR","SHELTER","Exit Gate","IDM-BOROBUDUR-SHELTER -Exit Gate-01","5","Satisfied","5","Semuanya bagus","Overall Visitor Experience and Cultural Appreciation","Positive",,,"5","5",,,,,,,"Shelter tersedia dengan baik dan mudah diakses oleh pengunjung",,,,,,,,"ca6b3ec5-248e-4aaf-af58-3c1c26846d66","Completed",,"15-10-2025 13:04:00",,"161571",,"cab97c1f-67b4-11f0-a847-0a0cda9789f2","1d31c59f-b420-4437-b3e7-3c1de5afa0a5","10",,"true",,,,,,,,,,,,,,,,,,"Untitled-Import-1",
"376","IDM","BOROBUDUR","SHELTER","Exit Gate","IDM-BOROBUDUR-SHELTER -Exit Gate-01","4","Satisfied","4","Semakin tambah bagus dan nymn","Overall Visitor Experience and Cultural Appreciation","Positive",,,,,"4","4",,,,,,,,,"Shelter nyaman digunakan oleh penumpang saat menunggu",,,,"9eef5b96-af99-4441-96f5-b07530707b89","Completed",,"15-10-2025 13:06:00",,"68294",,"cab97c1f-67b4-11f0-a847-0a0cda9789f2","1d31c59f-b420-4437-b3e7-3c1de5afa0a5","10",,"true",,,,,,,,,,,,,,,,,,"Untitled-Import-1",
"377","IDM","BOROBUDUR","SHELTER","Exit Gate","IDM-BOROBUDUR-SHELTER -Exit Gate-01","5","Satisfied","5",,,,,,"5","5",,,,,,,"Fasilitas shelter lengkap dan mendukung aktivitas pengguna",,,,,,,,"597e52f9-0769-4ddf-92e3-7bdcccfdd648","Completed",,"15-10-2025 13:20:00",,"22132",,"cab97c1f-67b4-11f0-a847-0a0cda9789f2","1d31c59f-b420-4437-b3e7-3c1de5afa0a5","10",,"true",,,,,,,,,,,,,,,,,,"Untitled-Import-1",
"378","IDM","BOROBUDUR","SHELTER","Exit Gate","IDM-BOROBUDUR-SHELTER -Exit Gate-01","5","Satisfied","5",,,,"5","5",,,,,"Melakukan layanan secara profesional dan ramah (menjaga kontak mata, tersenyum tulus, dan memberikan solusi dengan empati)|Memiliki penampilan yang bersih dan rapi|Memberikan informasi dengan jelas dan akurat|Melayani dengan cepat dan tepat|Membantu dan memastikan kesiapan fasilitas",,,,,,,,,,,,"86801b4d-6858-4e68-bc72-cac2aeb0b76c","Completed",,"15-10-2025 13:28:00",,"20608",,"cab97c1f-67b4-11f0-a847-0a0cda9789f2","1d31c59f-b420-4437-b3e7-3c1de5afa0a5","10",,"true",,,,,,,,,,,,,,,,,,"Untitled-Import-1",
"379","IDM","BOROBUDUR","SHELTER","Exit Gate","IDM-BOROBUDUR-SHELTER -Exit Gate-01","5","Satisfied","5","shelter very safety","Shelter Facilities and Maintenance","Positive",,,,,"5","5",,,,,,,,,"Alur tunggu di shelter tertata dengan baik dan mudah dipahami",,,,"05d50289-aecb-45c6-9385-89470c181d2a","Completed",,"15-10-2025 14:08:00",,"68723",,"cab97c1f-67b4-11f0-a847-0a0cda9789f2","1d31c59f-b420-4437-b3e7-3c1de5afa0a5","10",,"true",,,,,,,,,,,,,,,,,,"Untitled-Import-1",
"380","IDM","BOROBUDUR","SHELTER","Exit Gate","IDM-BOROBUDUR-SHELTER -Exit Gate-01","5","Satisfied","5","No paid shuttle in between the stops for elderly people and people that are not walking well.","Crowd and Queue Management|Accessibility for Disabled Visitors","Negative","5","5","5","5","5","5","Melakukan layanan secara profesional dan ramah (menjaga kontak mata, tersenyum tulus, dan memberikan solusi dengan empati)|Memiliki penampilan yang bersih dan rapi|Memberikan informasi dengan jelas dan akurat|Melayani dengan cepat dan tepat|Membantu dan memastikan kesiapan fasilitas",,,,"Fasilitas shelter lengkap dan mendukung aktivitas pengguna|Shelter tersedia dengan baik dan mudah diakses oleh pengunjung",,,,"Shelter bersih dan terawat dengan baik|Shelter nyaman digunakan oleh penumpang saat menunggu|Alur tunggu di shelter tertata dengan baik dan mudah dipahami",,,,"3b070866-87ce-4dea-8293-7da4778a337c","Completed",,"16-10-2025 10:15:00",,"80366",,"cab97c1f-67b4-11f0-a847-0a0cda9789f2","1d31c59f-b420-4437-b3e7-3c1de5afa0a5","10",,"true",,,,,,,,,,,,,,,,,,"Untitled-Import-1",
"381","IDM","BOROBUDUR","SHELTER","Exit Gate","IDM-BOROBUDUR-SHELTER -Exit Gate-01","5","Satisfied","5","I love how compleet everything is. You have thought of everything","Overall Visitor Experience and Cultural Appreciation","Positive","5","5","5","5","5","5","Melakukan layanan secara profesional dan ramah (menjaga kontak mata, tersenyum tulus, dan memberikan solusi dengan empati)|Memiliki penampilan yang bersih dan rapi|Memberikan informasi dengan jelas dan akurat|Melayani dengan cepat dan tepat|Membantu dan memastikan kesiapan fasilitas",,,,"Fasilitas shelter lengkap dan mendukung aktivitas pengguna|Shelter tersedia dengan baik dan mudah diakses oleh pengunjung",,,,"Shelter bersih dan terawat dengan baik|Alur tunggu di shelter tertata dengan baik dan mudah dipahami|Shelter nyaman digunakan oleh penumpang saat menunggu",,,,"57fca108-6dfe-4243-bf3e-427a20996f3f","Completed",,"16-10-2025 10:17:00",,"148576",,"cab97c1f-67b4-11f0-a847-0a0cda9789f2","1d31c59f-b420-4437-b3e7-3c1de5afa0a5","10",,"true",,,,,,,,,,,,,,,,,,"Untitled-Import-1",
"382","IDM","BOROBUDUR","SHELTER","Exit Gate","IDM-BOROBUDUR-SHELTER -Exit Gate-01","4","Satisfied","4",,,,,,"4","4",,,,,,,"Fasilitas shelter lengkap dan mendukung aktivitas pengguna",,,,,,,,"498140e0-4391-43ef-859c-8cc175ccdcf0","Completed",,"16-10-2025 11:11:00",,"91046",,"cab97c1f-67b4-11f0-a847-0a0cda9789f2","1d31c59f-b420-4437-b3e7-3c1de5afa0a5","10",,"true",,,,,,,,,,,,,,,,,,"Untitled-Import-1",
"383","IDM","BOROBUDUR","SHELTER","Exit Gate","IDM-BOROBUDUR-SHELTER -Exit Gate-01","4","Satisfied","4",,,,,,,,"4","4",,,,,,,,,"Shelter bersih dan terawat dengan baik|Shelter nyaman digunakan oleh penumpang saat menunggu",,,,"2a029bfa-f3ec-46ea-9ffb-7f6009f0fc6f","Completed",,"16-10-2025 11:32:00",,"38388",,"cab97c1f-67b4-11f0-a847-0a0cda9789f2","1d31c59f-b420-4437-b3e7-3c1de5afa0a5","10",,"true",,,,,,,,,,,,,,,,,,"Untitled-Import-1",
"384","IDM","BOROBUDUR","SHELTER","Exit Gate","IDM-BOROBUDUR-SHELTER -Exit Gate-01","4","Satisfied","4",,,,"4","4",,,,,"Melakukan layanan secara profesional dan ramah (menjaga kontak mata, tersenyum tulus, dan memberikan solusi dengan empati)",,,,,,,,,,,,"12044c41-58e1-4eb4-a235-e00e7028b505","Completed",,"16-10-2025 12:35:00",,"38600",,"cab97c1f-67b4-11f0-a847-0a0cda9789f2","1d31c59f-b420-4437-b3e7-3c1de5afa0a5","10",,"true",,,,,,,,,,,,,,,,,,"Untitled-Import-1",
"385","IDM","BOROBUDUR","SHELTER","Exit Gate","IDM-BOROBUDUR-SHELTER -Exit Gate-01","5","Satisfied","5",,,,"5","5","5","5","5","5","Melakukan layanan secara profesional dan ramah (menjaga kontak mata, tersenyum tulus, dan memberikan solusi dengan empati)|Memiliki penampilan yang bersih dan rapi|Memberikan informasi dengan jelas dan akurat|Melayani dengan cepat dan tepat|Membantu dan memastikan kesiapan fasilitas",,,,"Shelter tersedia dengan baik dan mudah diakses oleh pengunjung",,,,"Shelter nyaman digunakan oleh penumpang saat menunggu",,,,"75862c76-0a4b-4307-b9b6-651ca816989c","Completed",,"16-10-2025 13:48:00",,"1097155",,"cab97c1f-67b4-11f0-a847-0a0cda9789f2","1d31c59f-b420-4437-b3e7-3c1de5afa0a5","10",,"true",,,,,,,,,,,,,,,,,,"Untitled-Import-1",
"386","IDM","BOROBUDUR","SHELTER","Exit Gate","IDM-BOROBUDUR-SHELTER -Exit Gate-01","5","Satisfied","5",,,,,,,,"5","5",,,,,,,,,"Shelter bersih dan terawat dengan baik",,,,"b47b1597-bd19-4f3b-8552-9d05aba1ab92","Completed",,"16-10-2025 15:31:00",,"21175",,"cab97c1f-67b4-11f0-a847-0a0cda9789f2","1d31c59f-b420-4437-b3e7-3c1de5afa0a5","10",,"true",,,,,,,,,,,,,,,,,,"Untitled-Import-1",
"387","IDM","BOROBUDUR","SHELTER","Exit Gate","IDM-BOROBUDUR-SHELTER -Exit Gate-01","5","Satisfied","5",,,,,,,,"5","5",,,,,,,,,"Shelter nyaman digunakan oleh penumpang saat menunggu",,,,"f01b37e6-437a-4ef3-9702-60557425a5ef","Completed",,"16-10-2025 15:31:00",,"19661",,"cab97c1f-67b4-11f0-a847-0a0cda9789f2","1d31c59f-b420-4437-b3e7-3c1de5afa0a5","10",,"true",,,,,,,,,,,,,,,,,,"Untitled-Import-1",
"388","IDM","BOROBUDUR","SHELTER","Exit Gate","IDM-BOROBUDUR-SHELTER -Exit Gate-01","5","Satisfied","5",,,,"5","5","5","5","5","5","Melakukan layanan secara profesional dan ramah (menjaga kontak mata, tersenyum tulus, dan memberikan solusi dengan empati)|Memiliki penampilan yang bersih dan rapi|Memberikan informasi dengan jelas dan akurat|Melayani dengan cepat dan tepat|Membantu dan memastikan kesiapan fasilitas",,,,"Fasilitas shelter lengkap dan mendukung aktivitas pengguna|Shelter tersedia dengan baik dan mudah diakses oleh pengunjung",,,,"Shelter bersih dan terawat dengan baik|Alur tunggu di shelter tertata dengan baik dan mudah dipahami|Shelter nyaman digunakan oleh penumpang saat menunggu",,,,"6c2fb122-2996-4996-8e5e-f6d5f47b43b3","Completed",,"16-10-2025 15:31:00",,"57911",,"cab97c1f-67b4-11f0-a847-0a0cda9789f2","1d31c59f-b420-4437-b3e7-3c1de5afa0a5","10",,"true",,,,,,,,,,,,,,,,,,"Untitled-Import-1",
"389","IDM","BOROBUDUR","SHELTER","Exit Gate","IDM-BOROBUDUR-SHELTER -Exit Gate-01","5","Satisfied","5",,,,"5","5",,,,,"Memberikan informasi dengan jelas dan akurat",,,,,,,,,,,,"a78ca13c-2674-4893-992e-2f68ebc1b86c","Completed",,"16-10-2025 15:39:00",,"528567",,"cab97c1f-67b4-11f0-a847-0a0cda9789f2","1d31c59f-b420-4437-b3e7-3c1de5afa0a5","10",,"true",,,,,,,,,,,,,,,,,,"Untitled-Import-1",
"390","IDM","BOROBUDUR","SHELTER","Exit Gate","IDM-BOROBUDUR-SHELTER -Exit Gate-01","4","Satisfied","4",,,,,,,,"4","4",,,,,,,,,"Shelter nyaman digunakan oleh penumpang saat menunggu",,,,"9b3edcff-54f3-443c-b997-89c1cc8fcc07","Completed",,"16-10-2025 16:21:00",,"78228",,"cab97c1f-67b4-11f0-a847-0a0cda9789f2","1d31c59f-b420-4437-b3e7-3c1de5afa0a5","10",,"true",,,,,,,,,,,,,,,,,,"Untitled-Import-1",
"391","IDM","BOROBUDUR","SHELTER","Exit Gate","IDM-BOROBUDUR-SHELTER -Exit Gate-01","5","Satisfied","5","Nothing, is good",,"Neutral","5","5","5","5","5","5","Memberikan informasi dengan jelas dan akurat|Melakukan layanan secara profesional dan ramah (menjaga kontak mata, tersenyum tulus, dan memberikan solusi dengan empati)",,,,"Fasilitas shelter lengkap dan mendukung aktivitas pengguna|Shelter tersedia dengan baik dan mudah diakses oleh pengunjung",,,,"Shelter bersih dan terawat dengan baik|Alur tunggu di shelter tertata dengan baik dan mudah dipahami",,,,"62dda6ea-98bb-492e-b145-118e5552baff","Completed",,"16-10-2025 16:22:00",,"61584",,"cab97c1f-67b4-11f0-a847-0a0cda9789f2","1d31c59f-b420-4437-b3e7-3c1de5afa0a5","10",,"true",,,,,,,,,,,,,,,,,,"Untitled-Import-1",
"392","IDM","BOROBUDUR","SHELTER","Exit Gate","IDM-BOROBUDUR-SHELTER -Exit Gate-01","5","Satisfied","5","Ga ada",,"Neutral","5","5","5","5","5","5","Melakukan layanan secara profesional dan ramah (menjaga kontak mata, tersenyum tulus, dan memberikan solusi dengan empati)|Memiliki penampilan yang bersih dan rapi|Memberikan informasi dengan jelas dan akurat|Melayani dengan cepat dan tepat|Membantu dan memastikan kesiapan fasilitas",,,,"Fasilitas shelter lengkap dan mendukung aktivitas pengguna|Shelter tersedia dengan baik dan mudah diakses oleh pengunjung",,,,"Shelter bersih dan terawat dengan baik|Shelter nyaman digunakan oleh penumpang saat menunggu|Alur tunggu di shelter tertata dengan baik dan mudah dipahami",,,,"ed0e9f10-3f57-448d-b94d-5a7ff4436f0f","Completed",,"17-10-2025 08:41:00",,"48167",,"cab97c1f-67b4-11f0-a847-0a0cda9789f2","1d31c59f-b420-4437-b3e7-3c1de5afa0a5","10",,"true",,,,,,,,,,,,,,,,,,"Untitled-Import-1",
"393","IDM","BOROBUDUR","SHELTER","Exit Gate","IDM-BOROBUDUR-SHELTER -Exit Gate-01","5","Satisfied","5",,,,"5","5","5","5","5","5","Melakukan layanan secara profesional dan ramah (menjaga kontak mata, tersenyum tulus, dan memberikan solusi dengan empati)|Memiliki penampilan yang bersih dan rapi|Memberikan informasi dengan jelas dan akurat|Melayani dengan cepat dan tepat|Membantu dan memastikan kesiapan fasilitas",,,,"Fasilitas shelter lengkap dan mendukung aktivitas pengguna|Shelter tersedia dengan baik dan mudah diakses oleh pengunjung",,,,"Shelter bersih dan terawat dengan baik|Shelter nyaman digunakan oleh penumpang saat menunggu|Alur tunggu di shelter tertata dengan baik dan mudah dipahami",,,,"4d19c7b7-1864-48c5-b409-0dea2ad5a3a7","Completed",,"17-10-2025 10:25:00",,"81313",,"cab97c1f-67b4-11f0-a847-0a0cda9789f2","1d31c59f-b420-4437-b3e7-3c1de5afa0a5","10",,"true",,,,,,,,,,,,,,,,,,"Untitled-Import-1",
"394","IDM","BOROBUDUR","SHELTER","Exit Gate","IDM-BOROBUDUR-SHELTER -Exit Gate-01","5","Satisfied","5","Harusnya dapat menyediakan fasilitas pendingin suhu, karena saat cuaca panas ruang shelter terasa dangat panas","Shelter Comfort and Environmental Conditions","Negative",,,,,"5","5",,,,,,,,,"Alur tunggu di shelter tertata dengan baik dan mudah dipahami",,,,"6ba77bea-35bf-4ac2-b4ec-e01472517d3c","Completed",,"17-10-2025 10:29:00",,"94835",,"cab97c1f-67b4-11f0-a847-0a0cda9789f2","1d31c59f-b420-4437-b3e7-3c1de5afa0a5","10",,"true",,,,,,,,,,,,,,,,,,"Untitled-Import-1",
"395","IDM","BOROBUDUR","SHELTER","Exit Gate","IDM-BOROBUDUR-SHELTER -Exit Gate-01","5","Satisfied","5",,,,"5","5","5","5","5","5","Melakukan layanan secara profesional dan ramah (menjaga kontak mata, tersenyum tulus, dan memberikan solusi dengan empati)|Memiliki penampilan yang bersih dan rapi|Memberikan informasi dengan jelas dan akurat|Melayani dengan cepat dan tepat|Membantu dan memastikan kesiapan fasilitas",,,,"Fasilitas shelter lengkap dan mendukung aktivitas pengguna|Shelter tersedia dengan baik dan mudah diakses oleh pengunjung",,,,"Shelter bersih dan terawat dengan baik|Shelter nyaman digunakan oleh penumpang saat menunggu|Alur tunggu di shelter tertata dengan baik dan mudah dipahami",,,,"1f59a4c0-9834-4fa4-b7ec-ac9f629156fa","Completed",,"17-10-2025 11:00:00",,"155312",,"cab97c1f-67b4-11f0-a847-0a0cda9789f2","1d31c59f-b420-4437-b3e7-3c1de5afa0a5","10",,"true",,,,,,,,,,,,,,,,,,"Untitled-Import-1",
"396","IDM","BOROBUDUR","SHELTER","Exit Gate","IDM-BOROBUDUR-SHELTER -Exit Gate-01","5","Satisfied","5",,,,,,,,"5","5",,,,,,,,,"Shelter nyaman digunakan oleh penumpang saat menunggu|Shelter bersih dan terawat dengan baik",,,,"950ddb53-ad50-40dd-9f3f-0da8a2f050ad","Completed",,"17-10-2025 11:02:00",,"25366",,"cab97c1f-67b4-11f0-a847-0a0cda9789f2","1d31c59f-b420-4437-b3e7-3c1de5afa0a5","10",,"true",,,,,,,,,,,,,,,,,,"Untitled-Import-1",
"397","IDM","BOROBUDUR","SHELTER","Exit Gate","IDM-BOROBUDUR-SHELTER -Exit Gate-01","4","Satisfied","4",,,,,,,,"4","4",,,,,,,,,"Shelter bersih dan terawat dengan baik",,,,"3f9c7636-095a-4f3f-b8c7-9187195dd220","Completed",,"17-10-2025 11:04:00",,"49337",,"cab97c1f-67b4-11f0-a847-0a0cda9789f2","1d31c59f-b420-4437-b3e7-3c1de5afa0a5","10",,"true",,,,,,,,,,,,,,,,,,"Untitled-Import-1",
"398","IDM","BOROBUDUR","SHELTER","Exit Gate","IDM-BOROBUDUR-SHELTER -Exit Gate-01","5","Satisfied","5",,,,,,,,"5","5",,,,,,,,,"Shelter bersih dan terawat dengan baik|Alur tunggu di shelter tertata dengan baik dan mudah dipahami",,,,"772b06a9-5ff5-4f70-b99a-7476df0709f6","Completed",,"17-10-2025 12:08:00",,"30303",,"cab97c1f-67b4-11f0-a847-0a0cda9789f2","1d31c59f-b420-4437-b3e7-3c1de5afa0a5","10",,"true",,,,,,,,,,,,,,,,,,"Untitled-Import-1",
"399","IDM","BOROBUDUR","SHELTER","Exit Gate","IDM-BOROBUDUR-SHELTER -Exit Gate-01","5","Satisfied","5",,,,"5","5","5","5","5","5","Melakukan layanan secara profesional dan ramah (menjaga kontak mata, tersenyum tulus, dan memberikan solusi dengan empati)|Memiliki penampilan yang bersih dan rapi|Memberikan informasi dengan jelas dan akurat|Melayani dengan cepat dan tepat|Membantu dan memastikan kesiapan fasilitas",,,,"Fasilitas shelter lengkap dan mendukung aktivitas pengguna|Shelter tersedia dengan baik dan mudah diakses oleh pengunjung",,,,"Shelter bersih dan terawat dengan baik|Alur tunggu di shelter tertata dengan baik dan mudah dipahami|Shelter nyaman digunakan oleh penumpang saat menunggu",,,,"c75e1661-9424-4d9d-8169-3a63335c2a99","Completed",,"17-10-2025 14:54:00",,"44201",,"cab97c1f-67b4-11f0-a847-0a0cda9789f2","1d31c59f-b420-4437-b3e7-3c1de5afa0a5","10",,"true",,,,,,,,,,,,,,,,,,"Untitled-Import-1",
"400","IDM","BOROBUDUR","SHELTER","Exit Gate","IDM-BOROBUDUR-SHELTER -Exit Gate-01","5","Satisfied","5",,,,,,,,"5","5",,,,,,,,,"Shelter bersih dan terawat dengan baik",,,,"586cb839-2050-414a-ab43-8fa3991fa2af","Completed",,"17-10-2025 15:14:00",,"46880",,"cab97c1f-67b4-11f0-a847-0a0cda9789f2","1d31c59f-b420-4437-b3e7-3c1de5afa0a5","10",,"true",,,,,,,,,,,,,,,,,,"Untitled-Import-1",
"401","IDM","BOROBUDUR","SHELTER","Exit Gate","IDM-BOROBUDUR-SHELTER -Exit Gate-01","4","Satisfied","4",,,,"4","4","4","4","4","4","Melakukan layanan secara profesional dan ramah (menjaga kontak mata, tersenyum tulus, dan memberikan solusi dengan empati)",,,,"Shelter tersedia dengan baik dan mudah diakses oleh pengunjung",,,,"Shelter bersih dan terawat dengan baik|Shelter nyaman digunakan oleh penumpang saat menunggu",,,,"219409f8-e398-4d27-94bf-75073b1e584b","Completed",,"17-10-2025 15:50:00",,"67211",,"cab97c1f-67b4-11f0-a847-0a0cda9789f2","1d31c59f-b420-4437-b3e7-3c1de5afa0a5","10",,"true",,,,,,,,,,,,,,,,,,"Untitled-Import-1",
"402","IDM","BOROBUDUR","SHELTER","Exit Gate","IDM-BOROBUDUR-SHELTER -Exit Gate-01","5","Satisfied","5",,,,"5","5","5","5","5","5","Memberikan informasi dengan jelas dan akurat|Melayani dengan cepat dan tepat|Membantu dan memastikan kesiapan fasilitas",,,,"Fasilitas shelter lengkap dan mendukung aktivitas pengguna",,,,"Shelter bersih dan terawat dengan baik",,,,"3be9cace-23d4-4364-88e8-de9f2dd9bc42","Completed",,"18-10-2025 12:13:00",,"70269",,"cab97c1f-67b4-11f0-a847-0a0cda9789f2","1d31c59f-b420-4437-b3e7-3c1de5afa0a5","10",,"true",,,,,,,,,,,,,,,,,,"Untitled-Import-1",
"403","IDM","BOROBUDUR","SHELTER","Exit Gate","IDM-BOROBUDUR-SHELTER -Exit Gate-01","4","Satisfied","4",,,,,,"4","4","4","4",,,,,"Shelter tersedia dengan baik dan mudah diakses oleh pengunjung",,,,"Shelter bersih dan terawat dengan baik",,,,"6f6cb9ca-9439-481c-992e-63780cb91190","Completed",,"18-10-2025 12:37:00",,"27330",,"cab97c1f-67b4-11f0-a847-0a0cda9789f2","1d31c59f-b420-4437-b3e7-3c1de5afa0a5","10",,"true",,,,,,,,,,,,,,,,,,"Untitled-Import-1",
"404","IDM","BOROBUDUR","SHELTER","Exit Gate","IDM-BOROBUDUR-SHELTER -Exit Gate-01","5","Satisfied","5",,,,"5","5","5","5","5","5","Melakukan layanan secara profesional dan ramah (menjaga kontak mata, tersenyum tulus, dan memberikan solusi dengan empati)|Memberikan informasi dengan jelas dan akurat|Melayani dengan cepat dan tepat|Membantu dan memastikan kesiapan fasilitas|Memiliki penampilan yang bersih dan rapi",,,,"Fasilitas shelter lengkap dan mendukung aktivitas pengguna|Shelter tersedia dengan baik dan mudah diakses oleh pengunjung",,,,"Shelter bersih dan terawat dengan baik|Shelter nyaman digunakan oleh penumpang saat menunggu|Alur tunggu di shelter tertata dengan baik dan mudah dipahami",,,,"cff5d9f5-bdb3-4aae-aeb5-5136cf9a33a5","Completed",,"18-10-2025 12:48:00",,"60554",,"cab97c1f-67b4-11f0-a847-0a0cda9789f2","1d31c59f-b420-4437-b3e7-3c1de5afa0a5","10",,"true",,,,,,,,,,,,,,,,,,"Untitled-Import-1",
"405","IDM","BOROBUDUR","SHELTER","Exit Gate","IDM-BOROBUDUR-SHELTER -Exit Gate-01","4","Satisfied","4",,,,,,,,"4","4",,,,,,,,,"Shelter bersih dan terawat dengan baik",,,,"67889f2b-7f48-4305-bae8-76521321feda","Completed",,"18-10-2025 13:32:00",,"44237",,"cab97c1f-67b4-11f0-a847-0a0cda9789f2","1d31c59f-b420-4437-b3e7-3c1de5afa0a5","10",,"true",,,,,,,,,,,,,,,,,,"Untitled-Import-1",
"406","IDM","BOROBUDUR","SHELTER","Exit Gate","IDM-BOROBUDUR-SHELTER -Exit Gate-01","5","Satisfied","5",,,,,,,,"5","5",,,,,,,,,"Shelter bersih dan terawat dengan baik",,,,"af5048df-9392-4852-beef-5c49791963ec","Completed",,"18-10-2025 13:33:00",,"50927",,"cab97c1f-67b4-11f0-a847-0a0cda9789f2","1d31c59f-b420-4437-b3e7-3c1de5afa0a5","10",,"true",,,,,,,,,,,,,,,,,,"Untitled-Import-1",
"407","IDM","BOROBUDUR","SHELTER","Exit Gate","IDM-BOROBUDUR-SHELTER -Exit Gate-01","4","Satisfied","4",,,,"4","4","4","4","4","4","Melakukan layanan secara profesional dan ramah (menjaga kontak mata, tersenyum tulus, dan memberikan solusi dengan empati)|Memiliki penampilan yang bersih dan rapi|Memberikan informasi dengan jelas dan akurat|Melayani dengan cepat dan tepat|Membantu dan memastikan kesiapan fasilitas",,,,"Shelter tersedia dengan baik dan mudah diakses oleh pengunjung|Fasilitas shelter lengkap dan mendukung aktivitas pengguna",,,,"Shelter bersih dan terawat dengan baik|Alur tunggu di shelter tertata dengan baik dan mudah dipahami|Shelter nyaman digunakan oleh penumpang saat menunggu",,,,"0bca0770-6d0b-49e7-8dd7-626df98242e5","Completed",,"18-10-2025 14:04:00",,"39014",,"cab97c1f-67b4-11f0-a847-0a0cda9789f2","1d31c59f-b420-4437-b3e7-3c1de5afa0a5","10",,"true",,,,,,,,,,,,,,,,,,"Untitled-Import-1",
"408","IDM","BOROBUDUR","SHELTER","Exit Gate","IDM-BOROBUDUR-SHELTER -Exit Gate-01","5","Satisfied","5",,,,"5","5",,,"5","5","Melakukan layanan secara profesional dan ramah (menjaga kontak mata, tersenyum tulus, dan memberikan solusi dengan empati)",,,,,,,,"Shelter bersih dan terawat dengan baik|Shelter nyaman digunakan oleh penumpang saat menunggu",,,,"44012a21-f82e-45e3-8881-ef61785251bc","Completed",,"18-10-2025 14:13:00",,"23205",,"cab97c1f-67b4-11f0-a847-0a0cda9789f2","1d31c59f-b420-4437-b3e7-3c1de5afa0a5","10",,"true",,,,,,,,,,,,,,,,,,"Untitled-Import-1",
"409","IDM","BOROBUDUR","SHELTER","Exit Gate","IDM-BOROBUDUR-SHELTER -Exit Gate-01","4","Satisfied","4",,,,"4","4","4","4","4","4","Melakukan layanan secara profesional dan ramah (menjaga kontak mata, tersenyum tulus, dan memberikan solusi dengan empati)|Memiliki penampilan yang bersih dan rapi|Melayani dengan cepat dan tepat|Membantu dan memastikan kesiapan fasilitas|Memberikan informasi dengan jelas dan akurat",,,,"Fasilitas shelter lengkap dan mendukung aktivitas pengguna",,,,"Shelter bersih dan terawat dengan baik|Alur tunggu di shelter tertata dengan baik dan mudah dipahami",,,,"9cc9bb6c-96cf-4fc7-a584-dfeb6c12a1e0","Completed",,"18-10-2025 14:17:00",,"43538",,"cab97c1f-67b4-11f0-a847-0a0cda9789f2","1d31c59f-b420-4437-b3e7-3c1de5afa0a5","10",,"true",,,,,,,,,,,,,,,,,,"Untitled-Import-1",
"410","IDM","BOROBUDUR","SHELTER","Exit Gate","IDM-BOROBUDUR-SHELTER -Exit Gate-01","5","Satisfied","5",,,,"5","5",,,,,"Melakukan layanan secara profesional dan ramah (menjaga kontak mata, tersenyum tulus, dan memberikan solusi dengan empati)",,,,,,,,,,,,"4c4ee2c8-636a-49c5-ac5e-59da30bfcc69","Completed",,"18-10-2025 14:38:00",,"34800",,"cab97c1f-67b4-11f0-a847-0a0cda9789f2","1d31c59f-b420-4437-b3e7-3c1de5afa0a5","10",,"true",,,,,,,,,,,,,,,,,,"Untitled-Import-1",
"411","IDM","BOROBUDUR","SHELTER","Exit Gate","IDM-BOROBUDUR-SHELTER -Exit Gate-01","5","Satisfied","5",,,,"5","5","5","5","5","5","Melakukan layanan secara profesional dan ramah (menjaga kontak mata, tersenyum tulus, dan memberikan solusi dengan empati)|Memberikan informasi dengan jelas dan akurat|Memiliki penampilan yang bersih dan rapi|Melayani dengan cepat dan tepat|Membantu dan memastikan kesiapan fasilitas",,,,"Fasilitas shelter lengkap dan mendukung aktivitas pengguna|Shelter tersedia dengan baik dan mudah diakses oleh pengunjung",,,,"Shelter bersih dan terawat dengan baik|Alur tunggu di shelter tertata dengan baik dan mudah dipahami|Shelter nyaman digunakan oleh penumpang saat menunggu",,,,"a9b361cf-747c-4eb1-b556-7e10bc87b779","Completed",,"18-10-2025 15:50:00",,"42516",,"cab97c1f-67b4-11f0-a847-0a0cda9789f2","1d31c59f-b420-4437-b3e7-3c1de5afa0a5","10",,"true",,,,,,,,,,,,,,,,,,"Untitled-Import-1",
"412","IDM","BOROBUDUR","SHELTER","Exit Gate","IDM-BOROBUDUR-SHELTER -Exit Gate-01","5","Satisfied","5",,,,,,,,"5","5",,,,,,,,,"Shelter bersih dan terawat dengan baik",,,,"c7a33020-10e5-4f0a-b1c0-3c224f5f7102","Completed",,"18-10-2025 15:58:00",,"28001",,"cab97c1f-67b4-11f0-a847-0a0cda9789f2","1d31c59f-b420-4437-b3e7-3c1de5afa0a5","10",,"true",,,,,,,,,,,,,,,,,,"Untitled-Import-1",
"413","IDM","BOROBUDUR","SHELTER","Exit Gate","IDM-BOROBUDUR-SHELTER -Exit Gate-01","5","Satisfied","5","-",,"Neutral",,,"5","5",,,,,,,"Fasilitas shelter lengkap dan mendukung aktivitas pengguna",,,,,,,,"a8032a4e-fdf0-45aa-91bb-e13fd1457015","Completed",,"19-10-2025 10:11:00",,"64089",,"cab97c1f-67b4-11f0-a847-0a0cda9789f2","1d31c59f-b420-4437-b3e7-3c1de5afa0a5","10",,"true",,,,,,,,,,,,,,,,,,"Untitled-Import-1",
"414","IDM","BOROBUDUR","SHELTER","Exit Gate","IDM-BOROBUDUR-SHELTER -Exit Gate-01","5","Satisfied","5","sudah bagus","Shelter Facilities and Maintenance","Positive",,,,,"5","5",,,,,,,,,"Shelter bersih dan terawat dengan baik",,,,"5f7e879e-21e0-4b18-aefc-f0c80446a24f","Completed",,"19-10-2025 10:49:00",,"68798",,"cab97c1f-67b4-11f0-a847-0a0cda9789f2","1d31c59f-b420-4437-b3e7-3c1de5afa0a5","10",,"true",,,,,,,,,,,,,,,,,,"Untitled-Import-1",
"415","IDM","BOROBUDUR","SHELTER","Exit Gate","IDM-BOROBUDUR-SHELTER -Exit Gate-01","5","Satisfied","5","Our tour guide Felin (I may have misspelled) is fantastic.","Staff and Guide Behavior and Service Quality","Positive","5","5","5","5","5","5","Melakukan layanan secara profesional dan ramah (menjaga kontak mata, tersenyum tulus, dan memberikan solusi dengan empati)|Memiliki penampilan yang bersih dan rapi|Memberikan informasi dengan jelas dan akurat|Melayani dengan cepat dan tepat|Membantu dan memastikan kesiapan fasilitas",,,,"Fasilitas shelter lengkap dan mendukung aktivitas pengguna|Shelter tersedia dengan baik dan mudah diakses oleh pengunjung",,,,"Shelter bersih dan terawat dengan baik|Shelter nyaman digunakan oleh penumpang saat menunggu|Alur tunggu di shelter tertata dengan baik dan mudah dipahami",,,,"9d2ded89-8406-445d-9875-f6bbd76481bb","Completed",,"19-10-2025 10:58:00",,"140145",,"cab97c1f-67b4-11f0-a847-0a0cda9789f2","1d31c59f-b420-4437-b3e7-3c1de5afa0a5","10",,"true",,,,,,,,,,,,,,,,,,"Untitled-Import-1",
"416","IDM","BOROBUDUR","SHELTER","Exit Gate","IDM-BOROBUDUR-SHELTER -Exit Gate-01","5","Satisfied","5",,,,,,,,"5","5",,,,,,,,,"Shelter nyaman digunakan oleh penumpang saat menunggu",,,,"409f5a0c-4205-45c3-a629-362f14154bc1","Completed",,"19-10-2025 13:54:00",,"36269",,"cab97c1f-67b4-11f0-a847-0a0cda9789f2","1d31c59f-b420-4437-b3e7-3c1de5afa0a5","10",,"true",,,,,,,,,,,,,,,,,,"Untitled-Import-1",
"417","IDM","BOROBUDUR","SHELTER","Exit Gate","IDM-BOROBUDUR-SHELTER -Exit Gate-01","4","Satisfied","4",,,,"4","4","4","4","4","4","Melakukan layanan secara profesional dan ramah (menjaga kontak mata, tersenyum tulus, dan memberikan solusi dengan empati)|Memiliki penampilan yang bersih dan rapi|Memberikan informasi dengan jelas dan akurat|Membantu dan memastikan kesiapan fasilitas|Melayani dengan cepat dan tepat",,,,"Shelter tersedia dengan baik dan mudah diakses oleh pengunjung",,,,"Shelter bersih dan terawat dengan baik|Alur tunggu di shelter tertata dengan baik dan mudah dipahami",,,,"6fe63926-3ca9-4a6f-9bd3-8e96c18b00e2","Completed",,"20-10-2025 10:54:00",,"87827",,"cab97c1f-67b4-11f0-a847-0a0cda9789f2","1d31c59f-b420-4437-b3e7-3c1de5afa0a5","10",,"true",,,,,,,,,,,,,,,,,,"Untitled-Import-1",
"418","IDM","BOROBUDUR","SHELTER","Exit Gate","IDM-BOROBUDUR-SHELTER -Exit Gate-01","4","Satisfied","4",,,,,,"4","4",,,,,,,"Fasilitas shelter lengkap dan mendukung aktivitas pengguna",,,,,,,,"831839f2-590a-4af2-9cad-63ca22fb3537","Completed",,"20-10-2025 12:31:00",,"93716",,"cab97c1f-67b4-11f0-a847-0a0cda9789f2","1d31c59f-b420-4437-b3e7-3c1de5afa0a5","10",,"true",,,,,,,,,,,,,,,,,,"Untitled-Import-1",
"419","IDM","BOROBUDUR","SHELTER","Exit Gate","IDM-BOROBUDUR-SHELTER -Exit Gate-01","5","Satisfied","5",,,,,,,,"5","5",,,,,,,,,"Alur tunggu di shelter tertata dengan baik dan mudah dipahami",,,,"e4316b55-7804-4434-a587-4596580806aa","Completed",,"20-10-2025 12:31:00",,"30303",,"cab97c1f-67b4-11f0-a847-0a0cda9789f2","1d31c59f-b420-4437-b3e7-3c1de5afa0a5","10",,"true",,,,,,,,,,,,,,,,,,"Untitled-Import-1",
"420","IDM","BOROBUDUR","SHELTER","Exit Gate","IDM-BOROBUDUR-SHELTER -Exit Gate-01","5","Satisfied","5",,,,,,,,"5","5",,,,,,,,,"Shelter bersih dan terawat dengan baik|Alur tunggu di shelter tertata dengan baik dan mudah dipahami|Shelter nyaman digunakan oleh penumpang saat menunggu",,,,"643f2196-9081-4b7a-878c-bcd658ef200d","Completed",,"20-10-2025 12:41:00",,"56119",,"cab97c1f-67b4-11f0-a847-0a0cda9789f2","1d31c59f-b420-4437-b3e7-3c1de5afa0a5","10",,"true",,,,,,,,,,,,,,,,,,"Untitled-Import-1",
"421","IDM","BOROBUDUR","SHELTER","Exit Gate","IDM-BOROBUDUR-SHELTER -Exit Gate-01","5","Satisfied","5",,,,"5","5",,,,,"Memiliki penampilan yang bersih dan rapi",,,,,,,,,,,,"7f992585-eba4-4085-9822-13d1d6ef16e5","Completed",,"20-10-2025 14:25:00",,"57078",,"cab97c1f-67b4-11f0-a847-0a0cda9789f2","1d31c59f-b420-4437-b3e7-3c1de5afa0a5","10",,"true",,,,,,,,,,,,,,,,,,"Untitled-Import-1",
"422","IDM","BOROBUDUR","SHELTER","Exit Gate","IDM-BOROBUDUR-SHELTER -Exit Gate-01","5","Satisfied","5","Very good","Overall Visitor Experience and Cultural Appreciation","Positive",,,,,"5","5",,,,,,,,,"Shelter bersih dan terawat dengan baik",,,,"dd6713fa-110d-467c-a097-acfcd14b1939","Completed",,"21-10-2025 09:55:00",,"47498",,"cab97c1f-67b4-11f0-a847-0a0cda9789f2","1d31c59f-b420-4437-b3e7-3c1de5afa0a5","10",,"true",,,,,,,,,,,,,,,,,,"Untitled-Import-1",
"423","IDM","BOROBUDUR","SHELTER","Exit Gate","IDM-BOROBUDUR-SHELTER -Exit Gate-01","5","Satisfied","5",,,,,,,,"5","5",,,,,,,,,"Shelter bersih dan terawat dengan baik",,,,"8c8abe0e-b52f-45bc-83ba-f046153af832","Completed",,"21-10-2025 10:35:00",,"79315",,"cab97c1f-67b4-11f0-a847-0a0cda9789f2","1d31c59f-b420-4437-b3e7-3c1de5afa0a5","10",,"true",,,,,,,,,,,,,,,,,,"Untitled-Import-1",
"424","IDM","BOROBUDUR","SHELTER","Exit Gate","IDM-BOROBUDUR-SHELTER -Exit Gate-01","5","Satisfied","5",,,,"5","5",,,,,"Memiliki penampilan yang bersih dan rapi|Melakukan layanan secara profesional dan ramah (menjaga kontak mata, tersenyum tulus, dan memberikan solusi dengan empati)|Memberikan informasi dengan jelas dan akurat",,,,,,,,,,,,"f311e679-e09a-49e9-bcd5-364697b421a8","Completed",,"21-10-2025 11:00:00",,"32826",,"cab97c1f-67b4-11f0-a847-0a0cda9789f2","1d31c59f-b420-4437-b3e7-3c1de5afa0a5","10",,"true",,,,,,,,,,,,,,,,,,"Untitled-Import-1",
"425","IDM","BOROBUDUR","SHELTER","Exit Gate","IDM-BOROBUDUR-SHELTER -Exit Gate-01","5","Satisfied","5",,,,"5","5","5","5","5","5","Melakukan layanan secara profesional dan ramah (menjaga kontak mata, tersenyum tulus, dan memberikan solusi dengan empati)|Memiliki penampilan yang bersih dan rapi|Memberikan informasi dengan jelas dan akurat|Melayani dengan cepat dan tepat|Membantu dan memastikan kesiapan fasilitas",,,,"Fasilitas shelter lengkap dan mendukung aktivitas pengguna|Shelter tersedia dengan baik dan mudah diakses oleh pengunjung",,,,"Shelter bersih dan terawat dengan baik|Shelter nyaman digunakan oleh penumpang saat menunggu|Alur tunggu di shelter tertata dengan baik dan mudah dipahami",,,,"33e854ec-a18e-4399-b886-7356705cf1ef","Completed",,"21-10-2025 11:55:00",,"46077",,"cab97c1f-67b4-11f0-a847-0a0cda9789f2","1d31c59f-b420-4437-b3e7-3c1de5afa0a5","10",,"true",,,,,,,,,,,,,,,,,,"Untitled-Import-1",
"426","IDM","BOROBUDUR","SHELTER","Exit Gate","IDM-BOROBUDUR-SHELTER -Exit Gate-01","5","Satisfied","5",,,,"5","5","5","5","5","5","Melakukan layanan secara profesional dan ramah (menjaga kontak mata, tersenyum tulus, dan memberikan solusi dengan empati)|Memiliki penampilan yang bersih dan rapi|Memberikan informasi dengan jelas dan akurat|Melayani dengan cepat dan tepat|Membantu dan memastikan kesiapan fasilitas",,,,"Shelter tersedia dengan baik dan mudah diakses oleh pengunjung",,,,"Shelter bersih dan terawat dengan baik|Alur tunggu di shelter tertata dengan baik dan mudah dipahami|Shelter nyaman digunakan oleh penumpang saat menunggu",,,,"24e727b7-3665-4a32-8ef8-ff390d19f448","Completed",,"21-10-2025 12:13:00",,"27892",,"cab97c1f-67b4-11f0-a847-0a0cda9789f2","1d31c59f-b420-4437-b3e7-3c1de5afa0a5","10",,"true",,,,,,,,,,,,,,,,,,"Untitled-Import-1",
"427","IDM","BOROBUDUR","SHELTER","Exit Gate","IDM-BOROBUDUR-SHELTER -Exit Gate-01","4","Satisfied","4",,,,"4","4",,,,,"Melakukan layanan secara profesional dan ramah (menjaga kontak mata, tersenyum tulus, dan memberikan solusi dengan empati)|Memiliki penampilan yang bersih dan rapi|Memberikan informasi dengan jelas dan akurat|Melayani dengan cepat dan tepat|Membantu dan memastikan kesiapan fasilitas",,,,,,,,,,,,"5aba3187-02ba-45d4-a4a8-007c504b9cfa","Completed",,"21-10-2025 12:46:00",,"81074",,"cab97c1f-67b4-11f0-a847-0a0cda9789f2","1d31c59f-b420-4437-b3e7-3c1de5afa0a5","10",,"true",,,,,,,,,,,,,,,,,,"Untitled-Import-1",
"428","IDM","BOROBUDUR","SHELTER","Exit Gate","IDM-BOROBUDUR-SHELTER -Exit Gate-01","4","Satisfied","4","boleh bertanya? kenapa patungnya banyak yang tidak ada kepalanya?","Visitor Information, Signage, and Signage Clarity","Negative","4","4",,,,,"Melakukan layanan secara profesional dan ramah (menjaga kontak mata, tersenyum tulus, dan memberikan solusi dengan empati)",,,,,,,,,,,,"77260092-257c-45e8-bd93-221f3335d426","Completed",,"21-10-2025 12:46:00",,"128771",,"cab97c1f-67b4-11f0-a847-0a0cda9789f2","1d31c59f-b420-4437-b3e7-3c1de5afa0a5","10",,"true",,,,,,,,,,,,,,,,,,"Untitled-Import-1",
"429","IDM","BOROBUDUR","SHELTER","Exit Gate","IDM-BOROBUDUR-SHELTER -Exit Gate-01","4","Satisfied","4",,,,,,,,"4","4",,,,,,,,,"Shelter nyaman digunakan oleh penumpang saat menunggu",,,,"e4f533db-da4a-40f1-aa94-e36e8fcfa9de","Completed",,"21-10-2025 13:04:00",,"43271",,"cab97c1f-67b4-11f0-a847-0a0cda9789f2","1d31c59f-b420-4437-b3e7-3c1de5afa0a5","10",,"true",,,,,,,,,,,,,,,,,,"Untitled-Import-1",
"430","IDM","BOROBUDUR","SHELTER","Exit Gate","IDM-BOROBUDUR-SHELTER -Exit Gate-01","5","Satisfied","5",,,,"5","5","5","5","5","5","Melakukan layanan secara profesional dan ramah (menjaga kontak mata, tersenyum tulus, dan memberikan solusi dengan empati)|Memiliki penampilan yang bersih dan rapi|Memberikan informasi dengan jelas dan akurat|Membantu dan memastikan kesiapan fasilitas|Melayani dengan cepat dan tepat",,,,"Fasilitas shelter lengkap dan mendukung aktivitas pengguna|Shelter tersedia dengan baik dan mudah diakses oleh pengunjung",,,,"Shelter bersih dan terawat dengan baik|Alur tunggu di shelter tertata dengan baik dan mudah dipahami|Shelter nyaman digunakan oleh penumpang saat menunggu",,,,"ac62a71c-76ca-4425-b99e-cfff1a0320b7","Completed",,"21-10-2025 13:17:00",,"55036",,"cab97c1f-67b4-11f0-a847-0a0cda9789f2","1d31c59f-b420-4437-b3e7-3c1de5afa0a5","10",,"true",,,,,,,,,,,,,,,,,,"Untitled-Import-1",
"431","IDM","BOROBUDUR","SHELTER","Exit Gate","IDM-BOROBUDUR-SHELTER -Exit Gate-01","5","Satisfied","5",,,,"5","5","5","5","5","5","Melayani dengan cepat dan tepat|Membantu dan memastikan kesiapan fasilitas|Melakukan layanan secara profesional dan ramah (menjaga kontak mata, tersenyum tulus, dan memberikan solusi dengan empati)|Memiliki penampilan yang bersih dan rapi",,,,"Fasilitas shelter lengkap dan mendukung aktivitas pengguna|Shelter tersedia dengan baik dan mudah diakses oleh pengunjung",,,,"Shelter bersih dan terawat dengan baik|Shelter nyaman digunakan oleh penumpang saat menunggu|Alur tunggu di shelter tertata dengan baik dan mudah dipahami",,,,"90786e49-d4b2-4fc6-b9d2-7d012ae6b19c","Completed",,"22-10-2025 12:09:00",,"90514",,"cab97c1f-67b4-11f0-a847-0a0cda9789f2","1d31c59f-b420-4437-b3e7-3c1de5afa0a5","10",,"true",,,,,,,,,,,,,,,,,,"Untitled-Import-1",
"432","IDM","BOROBUDUR","SHELTER","Exit Gate","IDM-BOROBUDUR-SHELTER -Exit Gate-01","5","Satisfied","5",,,,"5","5","5","5","5","5","Memberikan informasi dengan jelas dan akurat|Melayani dengan cepat dan tepat|Membantu dan memastikan kesiapan fasilitas",,,,"Fasilitas shelter lengkap dan mendukung aktivitas pengguna",,,,"Alur tunggu di shelter tertata dengan baik dan mudah dipahami",,,,"0f328965-30e8-427b-8de5-1402736e12ab","Completed",,"22-10-2025 12:11:00",,"47020",,"cab97c1f-67b4-11f0-a847-0a0cda9789f2","1d31c59f-b420-4437-b3e7-3c1de5afa0a5","10",,"true",,,,,,,,,,,,,,,,,,"Untitled-Import-1",
"433","IDM","BOROBUDUR","SHELTER","Exit Gate","IDM-BOROBUDUR-SHELTER -Exit Gate-01","5","Satisfied","5",,,,"5","5","5","5","5","5","Melakukan layanan secara profesional dan ramah (menjaga kontak mata, tersenyum tulus, dan memberikan solusi dengan empati)|Memiliki penampilan yang bersih dan rapi|Memberikan informasi dengan jelas dan akurat|Melayani dengan cepat dan tepat|Membantu dan memastikan kesiapan fasilitas",,,,"Fasilitas shelter lengkap dan mendukung aktivitas pengguna",,,,"Shelter bersih dan terawat dengan baik|Shelter nyaman digunakan oleh penumpang saat menunggu|Alur tunggu di shelter tertata dengan baik dan mudah dipahami",,,,"1e38d31a-9213-44b5-adb0-f653ec9c9f33","Completed",,"22-10-2025 12:11:00",,"44396",,"cab97c1f-67b4-11f0-a847-0a0cda9789f2","1d31c59f-b420-4437-b3e7-3c1de5afa0a5","10",,"true",,,,,,,,,,,,,,,,,,"Untitled-Import-1",
"434","IDM","BOROBUDUR","SHELTER","Exit Gate","IDM-BOROBUDUR-SHELTER -Exit Gate-01","4","Satisfied","4",,,,"4","4","4","4","4","4","Melakukan layanan secara profesional dan ramah (menjaga kontak mata, tersenyum tulus, dan memberikan solusi dengan empati)|Memiliki penampilan yang bersih dan rapi|Memberikan informasi dengan jelas dan akurat|Melayani dengan cepat dan tepat|Membantu dan memastikan kesiapan fasilitas",,,,"Fasilitas shelter lengkap dan mendukung aktivitas pengguna|Shelter tersedia dengan baik dan mudah diakses oleh pengunjung",,,,"Alur tunggu di shelter tertata dengan baik dan mudah dipahami",,,,"83921ee6-f614-4889-94cd-0b5a1c72fb90","Completed",,"22-10-2025 12:13:00",,"70815",,"cab97c1f-67b4-11f0-a847-0a0cda9789f2","1d31c59f-b420-4437-b3e7-3c1de5afa0a5","10",,"true",,,,,,,,,,,,,,,,,,"Untitled-Import-1",
"435","IDM","BOROBUDUR","SHELTER","Exit Gate","IDM-BOROBUDUR-SHELTER -Exit Gate-01","5","Satisfied","5","Semoga waktu tunggu lebih minin","Crowd and Queue Management","Neutral",,,,,"5","5",,,,,,,,,"Shelter nyaman digunakan oleh penumpang saat menunggu",,,,"642dfd44-d440-4595-8513-042e6f37f61a","Completed",,"22-10-2025 12:18:00",,"60438",,"cab97c1f-67b4-11f0-a847-0a0cda9789f2","1d31c59f-b420-4437-b3e7-3c1de5afa0a5","10",,"true",,,,,,,,,,,,,,,,,,"Untitled-Import-1",
"436","IDM","BOROBUDUR","SHELTER","Exit Gate","IDM-BOROBUDUR-SHELTER -Exit Gate-01","5","Satisfied","5","Pelayanannya bagus, stafnya juga ramah, kendaraannya bagus","Staff and Guide Behavior and Service Quality","Positive",,,"5","5",,,,,,,"Fasilitas shelter lengkap dan mendukung aktivitas pengguna|Shelter tersedia dengan baik dan mudah diakses oleh pengunjung",,,,,,,,"8d917fe5-feed-4b05-b5ab-6f92df258729","Completed",,"22-10-2025 13:22:00",,"149098",,"cab97c1f-67b4-11f0-a847-0a0cda9789f2","1d31c59f-b420-4437-b3e7-3c1de5afa0a5","10",,"true",,,,,,,,,,,,,,,,,,"Untitled-Import-1",
"437","IDM","BOROBUDUR","SHELTER","Exit Gate","IDM-BOROBUDUR-SHELTER -Exit Gate-01","4","Satisfied","4",,,,"4","4","4","4","4","4","Melakukan layanan secara profesional dan ramah (menjaga kontak mata, tersenyum tulus, dan memberikan solusi dengan empati)|Memiliki penampilan yang bersih dan rapi|Memberikan informasi dengan jelas dan akurat|Melayani dengan cepat dan tepat|Membantu dan memastikan kesiapan fasilitas",,,,"Fasilitas shelter lengkap dan mendukung aktivitas pengguna",,,,"Shelter bersih dan terawat dengan baik|Shelter nyaman digunakan oleh penumpang saat menunggu|Alur tunggu di shelter tertata dengan baik dan mudah dipahami",,,,"1da605a2-ae26-4ce4-ab3b-71bbec15342c","Completed",,"22-10-2025 13:40:00",,"62212",,"cab97c1f-67b4-11f0-a847-0a0cda9789f2","1d31c59f-b420-4437-b3e7-3c1de5afa0a5","10",,"true",,,,,,,,,,,,,,,,,,"Untitled-Import-1",
"438","IDM","BOROBUDUR","SHELTER","Exit Gate","IDM-BOROBUDUR-SHELTER -Exit Gate-01","5","Satisfied","5",,,,"5","5","5","5","5","5","Melakukan layanan secara profesional dan ramah (menjaga kontak mata, tersenyum tulus, dan memberikan solusi dengan empati)|Memiliki penampilan yang bersih dan rapi|Memberikan informasi dengan jelas dan akurat|Melayani dengan cepat dan tepat|Membantu dan memastikan kesiapan fasilitas",,,,"Shelter tersedia dengan baik dan mudah diakses oleh pengunjung|Fasilitas shelter lengkap dan mendukung aktivitas pengguna",,,,"Shelter bersih dan terawat dengan baik|Shelter nyaman digunakan oleh penumpang saat menunggu|Alur tunggu di shelter tertata dengan baik dan mudah dipahami",,,,"c3794604-e8f2-4fb9-87d8-92d03eb90149","Completed",,"22-10-2025 13:57:00",,"60374",,"cab97c1f-67b4-11f0-a847-0a0cda9789f2","1d31c59f-b420-4437-b3e7-3c1de5afa0a5","10",,"true",,,,,,,,,,,,,,,,,,"Untitled-Import-1",
"439","IDM","BOROBUDUR","SHELTER","Exit Gate","IDM-BOROBUDUR-SHELTER -Exit Gate-01","5","Satisfied","5",,,,"5","5","5","5","5","5","Memberikan informasi dengan jelas dan akurat|Melakukan layanan secara profesional dan ramah (menjaga kontak mata, tersenyum tulus, dan memberikan solusi dengan empati)|Membantu dan memastikan kesiapan fasilitas|Memiliki penampilan yang bersih dan rapi|Melayani dengan cepat dan tepat",,,,"Fasilitas shelter lengkap dan mendukung aktivitas pengguna",,,,"Shelter bersih dan terawat dengan baik|Shelter nyaman digunakan oleh penumpang saat menunggu|Alur tunggu di shelter tertata dengan baik dan mudah dipahami",,,,"0123602a-0a4b-4b54-961a-0ed764ba017f","Completed",,"22-10-2025 13:57:00",,"37954",,"cab97c1f-67b4-11f0-a847-0a0cda9789f2","1d31c59f-b420-4437-b3e7-3c1de5afa0a5","10",,"true",,,,,,,,,,,,,,,,,,"Untitled-Import-1",
"440","IDM","BOROBUDUR","SHELTER","Exit Gate","IDM-BOROBUDUR-SHELTER -Exit Gate-01","5","Satisfied","5",,,,"5","5","5","5","5","5","Melakukan layanan secara profesional dan ramah (menjaga kontak mata, tersenyum tulus, dan memberikan solusi dengan empati)|Memiliki penampilan yang bersih dan rapi|Memberikan informasi dengan jelas dan akurat|Melayani dengan cepat dan tepat|Membantu dan memastikan kesiapan fasilitas",,,,"Fasilitas shelter lengkap dan mendukung aktivitas pengguna|Shelter tersedia dengan baik dan mudah diakses oleh pengunjung",,,,"Shelter bersih dan terawat dengan baik|Shelter nyaman digunakan oleh penumpang saat menunggu|Alur tunggu di shelter tertata dengan baik dan mudah dipahami",,,,"95b40a6f-197c-4bb6-9b94-c34dd1f138ed","Completed",,"22-10-2025 14:02:00",,"86934",,"cab97c1f-67b4-11f0-a847-0a0cda9789f2","1d31c59f-b420-4437-b3e7-3c1de5afa0a5","10",,"true",,,,,,,,,,,,,,,,,,"Untitled-Import-1",
"441","IDM","BOROBUDUR","SHELTER","Exit Gate","IDM-BOROBUDUR-SHELTER -Exit Gate-01","5","Satisfied","5",,,,"5","5","5","5","5","5","Melakukan layanan secara profesional dan ramah (menjaga kontak mata, tersenyum tulus, dan memberikan solusi dengan empati)|Memiliki penampilan yang bersih dan rapi|Memberikan informasi dengan jelas dan akurat|Melayani dengan cepat dan tepat|Membantu dan memastikan kesiapan fasilitas",,,,"Fasilitas shelter lengkap dan mendukung aktivitas pengguna|Shelter tersedia dengan baik dan mudah diakses oleh pengunjung",,,,"Shelter bersih dan terawat dengan baik|Shelter nyaman digunakan oleh penumpang saat menunggu|Alur tunggu di shelter tertata dengan baik dan mudah dipahami",,,,"8837c056-dc9e-428a-9eb6-d4c5479b47f4","Completed",,"22-10-2025 16:12:00",,"39694",,"cab97c1f-67b4-11f0-a847-0a0cda9789f2","1d31c59f-b420-4437-b3e7-3c1de5afa0a5","10",,"true",,,,,,,,,,,,,,,,,,"Untitled-Import-1",
"442","IDM","BOROBUDUR","SHELTER","Exit Gate","IDM-BOROBUDUR-SHELTER -Exit Gate-01","4","Satisfied","4",,,,,,,,"4","4",,,,,,,,,"Shelter nyaman digunakan oleh penumpang saat menunggu",,,,"7d0c6d81-1998-4c4d-b068-30dc3a436a0d","Completed",,"22-10-2025 16:12:00",,"47094",,"cab97c1f-67b4-11f0-a847-0a0cda9789f2","1d31c59f-b420-4437-b3e7-3c1de5afa0a5","10",,"true",,,,,,,,,,,,,,,,,,"Untitled-Import-1",
"443","IDM","BOROBUDUR","SHELTER","Exit Gate","IDM-BOROBUDUR-SHELTER -Exit Gate-01","5","Satisfied","5",,,,"5","5","5","5","5","5","Melakukan layanan secara profesional dan ramah (menjaga kontak mata, tersenyum tulus, dan memberikan solusi dengan empati)|Memiliki penampilan yang bersih dan rapi|Memberikan informasi dengan jelas dan akurat|Melayani dengan cepat dan tepat|Membantu dan memastikan kesiapan fasilitas",,,,"Fasilitas shelter lengkap dan mendukung aktivitas pengguna|Shelter tersedia dengan baik dan mudah diakses oleh pengunjung",,,,"Shelter bersih dan terawat dengan baik|Shelter nyaman digunakan oleh penumpang saat menunggu|Alur tunggu di shelter tertata dengan baik dan mudah dipahami",,,,"518b1920-d632-422b-bb5d-8ceabaca2d13","Completed",,"22-10-2025 16:19:00",,"60917",,"cab97c1f-67b4-11f0-a847-0a0cda9789f2","1d31c59f-b420-4437-b3e7-3c1de5afa0a5","10",,"true",,,,,,,,,,,,,,,,,,"Untitled-Import-1",
"444","IDM","BOROBUDUR","SHELTER","Exit Gate","IDM-BOROBUDUR-SHELTER -Exit Gate-01","5","Satisfied","5",,,,"5","5","5","5","5","5","Melakukan layanan secara profesional dan ramah (menjaga kontak mata, tersenyum tulus, dan memberikan solusi dengan empati)|Memiliki penampilan yang bersih dan rapi|Memberikan informasi dengan jelas dan akurat|Melayani dengan cepat dan tepat|Membantu dan memastikan kesiapan fasilitas",,,,"Fasilitas shelter lengkap dan mendukung aktivitas pengguna|Shelter tersedia dengan baik dan mudah diakses oleh pengunjung",,,,"Shelter bersih dan terawat dengan baik|Shelter nyaman digunakan oleh penumpang saat menunggu|Alur tunggu di shelter tertata dengan baik dan mudah dipahami",,,,"0e831521-05ef-4922-8440-c9e4d9adec37","Completed",,"23-10-2025 10:28:00",,"35077",,"cab97c1f-67b4-11f0-a847-0a0cda9789f2","1d31c59f-b420-4437-b3e7-3c1de5afa0a5","10",,"true",,,,,,,,,,,,,,,,,,"Untitled-Import-1",
"445","IDM","BOROBUDUR","SHELTER","Exit Gate","IDM-BOROBUDUR-SHELTER -Exit Gate-01","5","Satisfied","5",,,,"5","5","5","5","5","5","Melakukan layanan secara profesional dan ramah (menjaga kontak mata, tersenyum tulus, dan memberikan solusi dengan empati)|Memiliki penampilan yang bersih dan rapi",,,,"Fasilitas shelter lengkap dan mendukung aktivitas pengguna|Shelter tersedia dengan baik dan mudah diakses oleh pengunjung",,,,"Shelter bersih dan terawat dengan baik|Shelter nyaman digunakan oleh penumpang saat menunggu|Alur tunggu di shelter tertata dengan baik dan mudah dipahami",,,,"cb2e7d26-d41e-4d0e-9c38-3c32654a8819","Completed",,"23-10-2025 10:37:00",,"50406",,"cab97c1f-67b4-11f0-a847-0a0cda9789f2","1d31c59f-b420-4437-b3e7-3c1de5afa0a5","10",,"true",,,,,,,,,,,,,,,,,,"Untitled-Import-1",
"446","IDM","BOROBUDUR","SHELTER","Exit Gate","IDM-BOROBUDUR-SHELTER -Exit Gate-01","5","Satisfied","5",,,,"5","5","5","5","5","5","Melakukan layanan secara profesional dan ramah (menjaga kontak mata, tersenyum tulus, dan memberikan solusi dengan empati)|Memberikan informasi dengan jelas dan akurat|Melayani dengan cepat dan tepat",,,,"Fasilitas shelter lengkap dan mendukung aktivitas pengguna|Shelter tersedia dengan baik dan mudah diakses oleh pengunjung",,,,"Shelter bersih dan terawat dengan baik|Alur tunggu di shelter tertata dengan baik dan mudah dipahami|Shelter nyaman digunakan oleh penumpang saat menunggu",,,,"57a5f5cf-02d0-4b30-bf5e-2886b42d9130","Completed",,"23-10-2025 11:22:00",,"657010",,"cab97c1f-67b4-11f0-a847-0a0cda9789f2","1d31c59f-b420-4437-b3e7-3c1de5afa0a5","10",,"true",,,,,,,,,,,,,,,,,,"Untitled-Import-1",
"447","IDM","BOROBUDUR","SHELTER","Exit Gate","IDM-BOROBUDUR-SHELTER -Exit Gate-01","5","Satisfied","5",,,,"5","5",,,,,"Membantu dan memastikan kesiapan fasilitas",,,,,,,,,,,,"493d294e-0856-49cf-a3d5-77edad83312c","Completed",,"23-10-2025 11:59:00",,"22703",,"cab97c1f-67b4-11f0-a847-0a0cda9789f2","1d31c59f-b420-4437-b3e7-3c1de5afa0a5","10",,"true",,,,,,,,,,,,,,,,,,"Untitled-Import-1",
"448","IDM","BOROBUDUR","SHELTER","Exit Gate","IDM-BOROBUDUR-SHELTER -Exit Gate-01","4","Satisfied","4","Alhamdulillahh good","Overall Visitor Experience and Cultural Appreciation","Positive",,,"4","4",,,,,,,"Fasilitas shelter lengkap dan mendukung aktivitas pengguna",,,,,,,,"44429e19-970b-4fc0-bfdf-05572d498379","Completed",,"23-10-2025 12:00:00",,"40849",,"cab97c1f-67b4-11f0-a847-0a0cda9789f2","1d31c59f-b420-4437-b3e7-3c1de5afa0a5","10",,"true",,,,,,,,,,,,,,,,,,"Untitled-Import-1",
"449","IDM","BOROBUDUR","SHELTER","Exit Gate","IDM-BOROBUDUR-SHELTER -Exit Gate-01","5","Satisfied","5",,,,,,,,"5","5",,,,,,,,,"Alur tunggu di shelter tertata dengan baik dan mudah dipahami",,,,"5711a869-113f-46de-b7db-5715a09a8d4b","Completed",,"23-10-2025 14:22:00",,"81094",,"cab97c1f-67b4-11f0-a847-0a0cda9789f2","1d31c59f-b420-4437-b3e7-3c1de5afa0a5","10",,"true",,,,,,,,,,,,,,,,,,"Untitled-Import-1",
"450","IDM","BOROBUDUR","SHELTER","Exit Gate","IDM-BOROBUDUR-SHELTER -Exit Gate-01","5","Satisfied","5",,,,"5","5",,,,,"Memberikan informasi dengan jelas dan akurat|Memiliki penampilan yang bersih dan rapi|Membantu dan memastikan kesiapan fasilitas",,,,,,,,,,,,"165addc1-8b22-4bd2-a524-f3499b5622cf","Completed",,"23-10-2025 14:26:00",,"49433",,"cab97c1f-67b4-11f0-a847-0a0cda9789f2","1d31c59f-b420-4437-b3e7-3c1de5afa0a5","10",,"true",,,,,,,,,,,,,,,,,,"Untitled-Import-1",
"451","IDM","BOROBUDUR","SHELTER","Exit Gate","IDM-BOROBUDUR-SHELTER -Exit Gate-01","5","Satisfied","5",,,,"5","5","5","5","5","5","Melakukan layanan secara profesional dan ramah (menjaga kontak mata, tersenyum tulus, dan memberikan solusi dengan empati)|Memberikan informasi dengan jelas dan akurat|Melayani dengan cepat dan tepat|Membantu dan memastikan kesiapan fasilitas|Memiliki penampilan yang bersih dan rapi",,,,"Fasilitas shelter lengkap dan mendukung aktivitas pengguna|Shelter tersedia dengan baik dan mudah diakses oleh pengunjung",,,,"Shelter bersih dan terawat dengan baik|Shelter nyaman digunakan oleh penumpang saat menunggu|Alur tunggu di shelter tertata dengan baik dan mudah dipahami",,,,"0150d81e-e1af-4b00-b24c-fad0c0a6bc64","Completed",,"23-10-2025 15:01:00",,"25764",,"cab97c1f-67b4-11f0-a847-0a0cda9789f2","1d31c59f-b420-4437-b3e7-3c1de5afa0a5","10",,"true",,,,,,,,,,,,,,,,,,"Untitled-Import-1",
"452","IDM","BOROBUDUR","SHELTER","Exit Gate","IDM-BOROBUDUR-SHELTER -Exit Gate-01","4","Satisfied","4","kejauhan","Shelter Location, Accessibility, and Arrangement|Accessibility for Disabled Visitors","Neutral",,,,,"4","4",,,,,,,,,"Alur tunggu di shelter tertata dengan baik dan mudah dipahami",,,,"f4237fcf-9621-49f4-93d2-8b5a4509dfb5","Completed",,"23-10-2025 15:01:00",,"35660",,"cab97c1f-67b4-11f0-a847-0a0cda9789f2","1d31c59f-b420-4437-b3e7-3c1de5afa0a5","10",,"true",,,,,,,,,,,,,,,,,,"Untitled-Import-1",
"453","IDM","BOROBUDUR","SHELTER","Exit Gate","IDM-BOROBUDUR-SHELTER -Exit Gate-01","5","Satisfied","5","baik","Shelter Comfort and Environmental Conditions","Positive",,,,,"5","5",,,,,,,,,"Alur tunggu di shelter tertata dengan baik dan mudah dipahami",,,,"78c39c8c-9ddb-48d2-a251-c644f4002689","Completed",,"23-10-2025 15:11:00",,"29707",,"cab97c1f-67b4-11f0-a847-0a0cda9789f2","1d31c59f-b420-4437-b3e7-3c1de5afa0a5","10",,"true",,,,,,,,,,,,,,,,,,"Untitled-Import-1",
"454","IDM","BOROBUDUR","SHELTER","Exit Gate","IDM-BOROBUDUR-SHELTER -Exit Gate-01","5","Satisfied","5",,,,,,,,"5","5",,,,,,,,,"Alur tunggu di shelter tertata dengan baik dan mudah dipahami",,,,"f4fc0b00-9ebb-4040-93c1-d68a0125cc04","Completed",,"24-10-2025 11:19:00",,"39572",,"cab97c1f-67b4-11f0-a847-0a0cda9789f2","1d31c59f-b420-4437-b3e7-3c1de5afa0a5","10",,"true",,,,,,,,,,,,,,,,,,"Untitled-Import-1",
"455","IDM","BOROBUDUR","SHELTER","Exit Gate","IDM-BOROBUDUR-SHELTER -Exit Gate-01","5","Satisfied","5","Dipertahankan untuk pelayanan yang baik","Shelter Facilities and Maintenance","Positive","5","5","5","5","5","5","Melakukan layanan secara profesional dan ramah (menjaga kontak mata, tersenyum tulus, dan memberikan solusi dengan empati)|Memiliki penampilan yang bersih dan rapi|Memberikan informasi dengan jelas dan akurat|Melayani dengan cepat dan tepat|Membantu dan memastikan kesiapan fasilitas",,,,"Fasilitas shelter lengkap dan mendukung aktivitas pengguna|Shelter tersedia dengan baik dan mudah diakses oleh pengunjung",,,,"Shelter bersih dan terawat dengan baik|Shelter nyaman digunakan oleh penumpang saat menunggu|Alur tunggu di shelter tertata dengan baik dan mudah dipahami",,,,"db3e3e1e-b80d-4201-bb7f-5e603b7ec124","Completed",,"24-10-2025 11:51:00",,"71071",,"cab97c1f-67b4-11f0-a847-0a0cda9789f2","1d31c59f-b420-4437-b3e7-3c1de5afa0a5","10",,"true",,,,,,,,,,,,,,,,,,"Untitled-Import-1",
"456","IDM","BOROBUDUR","SHELTER","Exit Gate","IDM-BOROBUDUR-SHELTER -Exit Gate-01","5","Satisfied","5",,,,"5","5","5","5","5","5","Melakukan layanan secara profesional dan ramah (menjaga kontak mata, tersenyum tulus, dan memberikan solusi dengan empati)|Memiliki penampilan yang bersih dan rapi|Melayani dengan cepat dan tepat|Memberikan informasi dengan jelas dan akurat|Membantu dan memastikan kesiapan fasilitas",,,,"Fasilitas shelter lengkap dan mendukung aktivitas pengguna|Shelter tersedia dengan baik dan mudah diakses oleh pengunjung",,,,"Shelter bersih dan terawat dengan baik|Alur tunggu di shelter tertata dengan baik dan mudah dipahami|Shelter nyaman digunakan oleh penumpang saat menunggu",,,,"d6972c00-0b67-4217-adda-16fd228b7f74","Completed",,"24-10-2025 11:51:00",,"49349",,"cab97c1f-67b4-11f0-a847-0a0cda9789f2","1d31c59f-b420-4437-b3e7-3c1de5afa0a5","10",,"true",,,,,,,,,,,,,,,,,,"Untitled-Import-1",
"457","IDM","BOROBUDUR","SHELTER","Exit Gate","IDM-BOROBUDUR-SHELTER -Exit Gate-01","5","Satisfied","5","Bagus","Shelter Facilities and Maintenance","Positive","5","5","5","5","5","5","Melakukan layanan secara profesional dan ramah (menjaga kontak mata, tersenyum tulus, dan memberikan solusi dengan empati)|Memiliki penampilan yang bersih dan rapi|Memberikan informasi dengan jelas dan akurat|Melayani dengan cepat dan tepat|Membantu dan memastikan kesiapan fasilitas",,,,"Fasilitas shelter lengkap dan mendukung aktivitas pengguna|Shelter tersedia dengan baik dan mudah diakses oleh pengunjung",,,,"Shelter bersih dan terawat dengan baik|Alur tunggu di shelter tertata dengan baik dan mudah dipahami|Shelter nyaman digunakan oleh penumpang saat menunggu",,,,"3a40c314-9ace-441c-bdf1-e40db551fb1c","Completed",,"24-10-2025 12:00:00",,"72707",,"cab97c1f-67b4-11f0-a847-0a0cda9789f2","1d31c59f-b420-4437-b3e7-3c1de5afa0a5","10",,"true",,,,,,,,,,,,,,,,,,"Untitled-Import-1",
"458","IDM","BOROBUDUR","SHELTER","Exit Gate","IDM-BOROBUDUR-SHELTER -Exit Gate-01","4","Satisfied","4",,,,,,,,"4","4",,,,,,,,,"Alur tunggu di shelter tertata dengan baik dan mudah dipahami",,,,"c64d002f-295d-47df-ad3a-8ccfc2501217","Completed",,"24-10-2025 14:55:00",,"66951",,"cab97c1f-67b4-11f0-a847-0a0cda9789f2","1d31c59f-b420-4437-b3e7-3c1de5afa0a5","10",,"true",,,,,,,,,,,,,,,,,,"Untitled-Import-1",
"459","IDM","BOROBUDUR","SHELTER","Exit Gate","IDM-BOROBUDUR-SHELTER -Exit Gate-01","4","Satisfied","4","Untuk penjemputan jarak shalternya terlalu jauh dan lama","Transportation and Shuttle Services","Negative",,,"4","4",,,,,,,"Fasilitas shelter lengkap dan mendukung aktivitas pengguna",,,,,,,,"89f77b94-09d3-4a4d-9063-ae4be7dac24c","Completed",,"24-10-2025 14:56:00",,"105871",,"cab97c1f-67b4-11f0-a847-0a0cda9789f2","1d31c59f-b420-4437-b3e7-3c1de5afa0a5","10",,"true",,,,,,,,,,,,,,,,,,"Untitled-Import-1",
"460","IDM","BOROBUDUR","SHELTER","Exit Gate","IDM-BOROBUDUR-SHELTER -Exit Gate-01","5","Satisfied","5",,,,"5","5","5","5","5","5","Melakukan layanan secara profesional dan ramah (menjaga kontak mata, tersenyum tulus, dan memberikan solusi dengan empati)|Memiliki penampilan yang bersih dan rapi",,,,"Fasilitas shelter lengkap dan mendukung aktivitas pengguna",,,,"Shelter bersih dan terawat dengan baik|Shelter nyaman digunakan oleh penumpang saat menunggu",,,,"f05c2489-cc04-4b1c-9264-029733b2a8a0","Completed","New","26-11-2025 12:21:28","Anonymous","50284",,"cab97c1f-67b4-11f0-a847-0a0cda9789f2","1d31c59f-b420-4437-b3e7-3c1de5afa0a5",,,"true","False","QrCode","Bahasa","2025-11-26T05:20:34.0718Z",,,,,,,,,,,,,,,"68b5a5731f3cc3c03afa5646"
"461","IDM","BOROBUDUR","SHELTER","Exit Gate","IDM-BOROBUDUR-SHELTER -Exit Gate-01","3","Neutral","3",,,,"5","5","5","5","5","5","Melakukan layanan secara profesional dan ramah (menjaga kontak mata, tersenyum tulus, dan memberikan solusi dengan empati)|Memiliki penampilan yang bersih dan rapi|Memberikan informasi dengan jelas dan akurat|Melayani dengan cepat dan tepat|Membantu dan memastikan kesiapan fasilitas",,,,"Shelter tersedia dengan baik dan mudah diakses oleh pengunjung",,,,"Shelter bersih dan terawat dengan baik|Shelter nyaman digunakan oleh penumpang saat menunggu|Alur tunggu di shelter tertata dengan baik dan mudah dipahami",,,,"235b33ee-ef76-44af-94e1-b4c30c05e42b","Completed","New","25-11-2025 14:29:40","Anonymous","66492",,"cab97c1f-67b4-11f0-a847-0a0cda9789f2","1d31c59f-b420-4437-b3e7-3c1de5afa0a5",,,"true","False","QrCode","English","2025-11-25T07:28:33.0554Z",,,,,,,,,,,,,,,"68b5a5731f3cc3c03afa5646"
"462","IDM","BOROBUDUR","SHELTER","Exit Gate","IDM-BOROBUDUR-SHELTER -Exit Gate-01","4","Satisfied","4","Sudah sangat baik","Overall Visitor Experience and Cultural Appreciation|Shelter Facilities and Maintenance","Positive","4","4","4","4","4","4","Melakukan layanan secara profesional dan ramah (menjaga kontak mata, tersenyum tulus, dan memberikan solusi dengan empati)",,,,"Shelter tersedia dengan baik dan mudah diakses oleh pengunjung",,,,"Alur tunggu di shelter tertata dengan baik dan mudah dipahami",,,,"d0b6bcac-8469-4746-8984-f2c989efbb97","Completed","New","25-11-2025 11:36:31","Anonymous","84543",,"cab97c1f-67b4-11f0-a847-0a0cda9789f2","1d31c59f-b420-4437-b3e7-3c1de5afa0a5",,,"true","False","QrCode","Bahasa","2025-11-25T04:35:06.3880Z",,,,,,,,,,,,,,,"68b5a5731f3cc3c03afa5646"
"463","IDM","BOROBUDUR","SHELTER","Exit Gate","IDM-BOROBUDUR-SHELTER -Exit Gate-01","4","Satisfied","4","Sudah baik bersih cepat tanggap n tersedia banyak","Shelter Facilities and Maintenance","Positive","4","4","4","4","4","4","Melakukan layanan secara profesional dan ramah (menjaga kontak mata, tersenyum tulus, dan memberikan solusi dengan empati)|Memiliki penampilan yang bersih dan rapi|Memberikan informasi dengan jelas dan akurat|Melayani dengan cepat dan tepat|Membantu dan memastikan kesiapan fasilitas",,,,"Shelter tersedia dengan baik dan mudah diakses oleh pengunjung",,,,"Shelter bersih dan terawat dengan baik|Shelter nyaman digunakan oleh penumpang saat menunggu|Alur tunggu di shelter tertata dengan baik dan mudah dipahami",,,,"302aaa90-ecb8-4a32-b5d0-a4e98fc6d552","Completed","New","24-11-2025 10:08:25","Anonymous","95017",,"cab97c1f-67b4-11f0-a847-0a0cda9789f2","1d31c59f-b420-4437-b3e7-3c1de5afa0a5",,,"true","False","QrCode","Bahasa","2025-11-24T03:06:50.5905Z",,,,,,,,,,,,,,,"68b5a5731f3cc3c03afa5646"
"464","IDM","BOROBUDUR","SHELTER","Exit Gate","IDM-BOROBUDUR-SHELTER -Exit Gate-01","5","Satisfied","5",,,,"5","5","5","5","5","5","Melakukan layanan secara profesional dan ramah (menjaga kontak mata, tersenyum tulus, dan memberikan solusi dengan empati)|Memiliki penampilan yang bersih dan rapi|Memberikan informasi dengan jelas dan akurat|Membantu dan memastikan kesiapan fasilitas",,,,"Shelter tersedia dengan baik dan mudah diakses oleh pengunjung",,,,"Shelter bersih dan terawat dengan baik|Shelter nyaman digunakan oleh penumpang saat menunggu",,,,"761cd2b7-ebf5-4b42-9628-a6828b11ec33","Completed","New","23-11-2025 12:49:18","Anonymous","82753",,"cab97c1f-67b4-11f0-a847-0a0cda9789f2","1d31c59f-b420-4437-b3e7-3c1de5afa0a5",,,"true","False","QrCode","English","2025-11-23T05:47:54.8701Z",,,,,,,,,,,,,,,"68b5a5731f3cc3c03afa5646"
"465","IDM","BOROBUDUR","SHELTER","Exit Gate","IDM-BOROBUDUR-SHELTER -Exit Gate-01","5","Satisfied","5",,,,"5","5","5","5","5","5","Melakukan layanan secara profesional dan ramah (menjaga kontak mata, tersenyum tulus, dan memberikan solusi dengan empati)|Memiliki penampilan yang bersih dan rapi|Memberikan informasi dengan jelas dan akurat|Melayani dengan cepat dan tepat|Membantu dan memastikan kesiapan fasilitas",,,,"Shelter tersedia dengan baik dan mudah diakses oleh pengunjung|Fasilitas shelter lengkap dan mendukung aktivitas pengguna",,,,"Shelter bersih dan terawat dengan baik|Shelter nyaman digunakan oleh penumpang saat menunggu|Alur tunggu di shelter tertata dengan baik dan mudah dipahami",,,,"78b18848-715d-4484-b21d-b1e3c75b6c13","Completed","New","23-11-2025 11:26:20","Anonymous","864103",,"cab97c1f-67b4-11f0-a847-0a0cda9789f2","1d31c59f-b420-4437-b3e7-3c1de5afa0a5",,,"true","False","QrCode","English","2025-11-23T04:11:54.6667Z",,,,,,,,,,,,,,,"68b5a5731f3cc3c03afa5646"
"466","IDM","BOROBUDUR","SHELTER","Exit Gate","IDM-BOROBUDUR-SHELTER -Exit Gate-01","5","Satisfied","5","Shelter nya lebih di perdekat ke pintu keluar dan masuk pintu candi","Shelter Location, Accessibility, and Arrangement","Neutral","5","5","5","5","5","5","Melakukan layanan secara profesional dan ramah (menjaga kontak mata, tersenyum tulus, dan memberikan solusi dengan empati)|Memiliki penampilan yang bersih dan rapi|Memberikan informasi dengan jelas dan akurat|Melayani dengan cepat dan tepat|Membantu dan memastikan kesiapan fasilitas",,,,"Shelter tersedia dengan baik dan mudah diakses oleh pengunjung",,,,"Shelter nyaman digunakan oleh penumpang saat menunggu|Shelter bersih dan terawat dengan baik|Alur tunggu di shelter tertata dengan baik dan mudah dipahami",,,,"098eb4fc-96a2-4098-8f66-c6ce9045de5a","Completed","New","23-11-2025 11:14:38","Anonymous","121470",,"cab97c1f-67b4-11f0-a847-0a0cda9789f2","1d31c59f-b420-4437-b3e7-3c1de5afa0a5",,,"true","False","QrCode","Bahasa","2025-11-23T04:12:36.6707Z",,,,,,,,,,,,,,,"68b5a5731f3cc3c03afa5646"
"467","IDM","BOROBUDUR","SHELTER","Exit Gate","IDM-BOROBUDUR-SHELTER -Exit Gate-01","4","Satisfied","4","Lebih byk jarak yg ditempuh dg shuttle gratis","Transportation and Shuttle Services","Positive","4","4","4","4","4","4","Melakukan layanan secara profesional dan ramah (menjaga kontak mata, tersenyum tulus, dan memberikan solusi dengan empati)|Memiliki penampilan yang bersih dan rapi|Memberikan informasi dengan jelas dan akurat|Melayani dengan cepat dan tepat|Membantu dan memastikan kesiapan fasilitas",,,,"Fasilitas shelter lengkap dan mendukung aktivitas pengguna|Shelter tersedia dengan baik dan mudah diakses oleh pengunjung",,,,"Shelter bersih dan terawat dengan baik|Shelter nyaman digunakan oleh penumpang saat menunggu|Alur tunggu di shelter tertata dengan baik dan mudah dipahami",,,,"d7e6175b-ca62-4598-9c87-0a3aae6c4ece","Completed","New","22-11-2025 15:13:00","Anonymous","80758",,"cab97c1f-67b4-11f0-a847-0a0cda9789f2","1d31c59f-b420-4437-b3e7-3c1de5afa0a5",,,"true","False","QrCode","Bahasa","2025-11-22T08:11:40.0435Z",,,,,,,,,,,,,,,"68b5a5731f3cc3c03afa5646"
"468","IDM","BOROBUDUR","SHELTER","Exit Gate","IDM-BOROBUDUR-SHELTER -Exit Gate-01","5","Satisfied","5","sudah sangat bagus","Overall Visitor Experience and Cultural Appreciation","Positive","5","5","5","5","5","5","Melakukan layanan secara profesional dan ramah (menjaga kontak mata, tersenyum tulus, dan memberikan solusi dengan empati)",,,,"Fasilitas shelter lengkap dan mendukung aktivitas pengguna",,,,"Shelter nyaman digunakan oleh penumpang saat menunggu",,,,"6a83056b-9d0f-4c5c-ac6f-8df5d45eb6e0","Completed","New","22-11-2025 14:44:14","Anonymous","70817",,"cab97c1f-67b4-11f0-a847-0a0cda9789f2","1d31c59f-b420-4437-b3e7-3c1de5afa0a5",,,"true","False","QrCode","Bahasa","2025-11-22T07:43:00.7601Z",,,,,,,,,,,,,,,"68b5a5731f3cc3c03afa5646"
"469","IDM","BOROBUDUR","SHELTER","Exit Gate","IDM-BOROBUDUR-SHELTER -Exit Gate-01","5","Satisfied","5","Keren","Overall Visitor Experience and Cultural Appreciation","Positive","4","4","5","5","5","5","Melakukan layanan secara profesional dan ramah (menjaga kontak mata, tersenyum tulus, dan memberikan solusi dengan empati)",,,,"Fasilitas shelter lengkap dan mendukung aktivitas pengguna",,,,"Shelter bersih dan terawat dengan baik",,,,"fbcab73f-217d-4996-8c61-5384100d07d3","Completed","New","22-11-2025 14:44:04","Anonymous","54465",,"cab97c1f-67b4-11f0-a847-0a0cda9789f2","1d31c59f-b420-4437-b3e7-3c1de5afa0a5",,,"true","False","QrCode","Bahasa","2025-11-22T07:43:09.5314Z",,,,,,,,,,,,,,,"68b5a5731f3cc3c03afa5646"
"470","IDM","BOROBUDUR","SHELTER","Exit Gate","IDM-BOROBUDUR-SHELTER -Exit Gate-01","5","Satisfied","5","Penataan komplek borobudur yang baru sangat baik","Overall Visitor Experience and Cultural Appreciation","Positive","5","5","5","5","5","5","Melakukan layanan secara profesional dan ramah (menjaga kontak mata, tersenyum tulus, dan memberikan solusi dengan empati)|Memiliki penampilan yang bersih dan rapi|Memberikan informasi dengan jelas dan akurat|Melayani dengan cepat dan tepat|Membantu dan memastikan kesiapan fasilitas",,,,"Fasilitas shelter lengkap dan mendukung aktivitas pengguna|Shelter tersedia dengan baik dan mudah diakses oleh pengunjung",,,,"Shelter bersih dan terawat dengan baik|Shelter nyaman digunakan oleh penumpang saat menunggu|Alur tunggu di shelter tertata dengan baik dan mudah dipahami",,,,"c52ea4f3-83bd-43ba-b063-22d766d6539a","Completed","New","22-11-2025 13:21:49","Anonymous","85807",,"cab97c1f-67b4-11f0-a847-0a0cda9789f2","1d31c59f-b420-4437-b3e7-3c1de5afa0a5",,,"true","False","QrCode","Bahasa","2025-11-22T06:20:23.6998Z",,,,,,,,,,,,,,,"68b5a5731f3cc3c03afa5646"
"471","IDM","BOROBUDUR","SHELTER","Exit Gate","IDM-BOROBUDUR-SHELTER -Exit Gate-01","5","Satisfied","5","Luar biasa..","Overall Visitor Experience and Cultural Appreciation","Positive","5","5","5","5","5","5","Melakukan layanan secara profesional dan ramah (menjaga kontak mata, tersenyum tulus, dan memberikan solusi dengan empati)|Memiliki penampilan yang bersih dan rapi|Memberikan informasi dengan jelas dan akurat|Melayani dengan cepat dan tepat|Membantu dan memastikan kesiapan fasilitas",,,,"Fasilitas shelter lengkap dan mendukung aktivitas pengguna|Shelter tersedia dengan baik dan mudah diakses oleh pengunjung",,,,"Shelter bersih dan terawat dengan baik|Shelter nyaman digunakan oleh penumpang saat menunggu|Alur tunggu di shelter tertata dengan baik dan mudah dipahami",,,,"12f6630f-d4c7-4065-9d72-5b018116ab8c","Completed","New","22-11-2025 12:28:19","Anonymous","108605",,"cab97c1f-67b4-11f0-a847-0a0cda9789f2","1d31c59f-b420-4437-b3e7-3c1de5afa0a5",,,"true","False","QrCode","Bahasa","2025-11-22T05:26:04.1626Z",,,,,,,,,,,,,,,"68b5a5731f3cc3c03afa5646"
"472","IDM","BOROBUDUR","SHELTER","Exit Gate","IDM-BOROBUDUR-SHELTER -Exit Gate-01","5","Satisfied","5","Untuk Fasilitas sudah sangat baik, harap dipertahankan yaa","Shelter Facilities and Maintenance","Positive","5","5","5","5","5","5","Melakukan layanan secara profesional dan ramah (menjaga kontak mata, tersenyum tulus, dan memberikan solusi dengan empati)|Memiliki penampilan yang bersih dan rapi|Memberikan informasi dengan jelas dan akurat|Melayani dengan cepat dan tepat|Membantu dan memastikan kesiapan fasilitas",,,,"Fasilitas shelter lengkap dan mendukung aktivitas pengguna|Shelter tersedia dengan baik dan mudah diakses oleh pengunjung",,,,"Shelter bersih dan terawat dengan baik|Shelter nyaman digunakan oleh penumpang saat menunggu|Alur tunggu di shelter tertata dengan baik dan mudah dipahami",,,,"31ece955-5a7a-4554-ac2b-5c53df264a23","Completed","New","22-11-2025 12:08:46","Anonymous","87657",,"cab97c1f-67b4-11f0-a847-0a0cda9789f2","1d31c59f-b420-4437-b3e7-3c1de5afa0a5",,,"true","False","QrCode","Bahasa","2025-11-22T05:07:18.2525Z",,,,,,,,,,,,,,,"68b5a5731f3cc3c03afa5646"
"473","IDM","BOROBUDUR","SHELTER","Exit Gate","IDM-BOROBUDUR-SHELTER -Exit Gate-01","4","Satisfied","4","No",,"Neutral","5","5","3","3","4","4","Memberikan informasi dengan jelas dan akurat|Melakukan layanan secara profesional dan ramah (menjaga kontak mata, tersenyum tulus, dan memberikan solusi dengan empati)",,,,,,"Shelter tidak tersedia atau sulit diakses oleh pengunjung",,"Alur tunggu di shelter tertata dengan baik dan mudah dipahami",,,,"7094ad46-a97f-4f3f-8c7f-2c832afcf087","Completed","New","22-11-2025 10:11:38","Anonymous","80206",,"cab97c1f-67b4-11f0-a847-0a0cda9789f2","1d31c59f-b420-4437-b3e7-3c1de5afa0a5",,,"true","False","QrCode","English","2025-11-22T03:10:16.9311Z",,,,,,,,,,,,,,,"68b5a5731f3cc3c03afa5646"
"474","IDM","BOROBUDUR","SHELTER","Exit Gate","IDM-BOROBUDUR-SHELTER -Exit Gate-01","5","Satisfied","5","borobudur mantep bgt rapih bersih pengen tiap liburan ke sini,bisa bawa anak bermain dan belajar","Overall Visitor Experience and Cultural Appreciation","Positive","5","5","5","5","5","5","Melakukan layanan secara profesional dan ramah (menjaga kontak mata, tersenyum tulus, dan memberikan solusi dengan empati)",,,,"Fasilitas shelter lengkap dan mendukung aktivitas pengguna",,,,"Shelter bersih dan terawat dengan baik",,,,"1d9116df-4cbd-4972-9f5e-3f3bea8e1634","Completed","New","21-11-2025 15:28:13","Anonymous","75369",,"cab97c1f-67b4-11f0-a847-0a0cda9789f2","1d31c59f-b420-4437-b3e7-3c1de5afa0a5",,,"true","False","QrCode","Bahasa","2025-11-21T08:26:57.6060Z",,,,,,,,,,,,,,,"68b5a5731f3cc3c03afa5646"
"475","IDM","BOROBUDUR","SHELTER","Exit Gate","IDM-BOROBUDUR-SHELTER -Exit Gate-01","4","Satisfied","4","perbanyak petunjuk arah","Visitor Information, Signage, and Signage Clarity","Neutral","5","5","4","4","5","5","Melakukan layanan secara profesional dan ramah (menjaga kontak mata, tersenyum tulus, dan memberikan solusi dengan empati)|Memiliki penampilan yang bersih dan rapi|Melayani dengan cepat dan tepat",,,,"Fasilitas shelter lengkap dan mendukung aktivitas pengguna",,,,"Shelter bersih dan terawat dengan baik|Shelter nyaman digunakan oleh penumpang saat menunggu",,,,"83672722-aa1d-4c61-8c6d-4715ce9134ca","Completed","New","21-11-2025 13:49:21","Anonymous","137201",,"cab97c1f-67b4-11f0-a847-0a0cda9789f2","1d31c59f-b420-4437-b3e7-3c1de5afa0a5",,,"true","False","QrCode","Bahasa","2025-11-21T06:47:03.7648Z",,,,,,,,,,,,,,,"68b5a5731f3cc3c03afa5646"
"476","IDM","BOROBUDUR","SHELTER","Exit Gate","IDM-BOROBUDUR-SHELTER -Exit Gate-01","5","Satisfied","5",,,,"5","5","5","5","5","5","Melakukan layanan secara profesional dan ramah (menjaga kontak mata, tersenyum tulus, dan memberikan solusi dengan empati)|Memiliki penampilan yang bersih dan rapi",,,,"Fasilitas shelter lengkap dan mendukung aktivitas pengguna",,,,"Shelter bersih dan terawat dengan baik|Alur tunggu di shelter tertata dengan baik dan mudah dipahami",,,,"afbf6809-bdba-4e37-9153-f0c52164e399","Completed","New","21-11-2025 13:29:46","Anonymous","40672",,"cab97c1f-67b4-11f0-a847-0a0cda9789f2","1d31c59f-b420-4437-b3e7-3c1de5afa0a5",,,"true","False","QrCode","Bahasa","2025-11-21T06:29:06.1332Z",,,,,,,,,,,,,,,"68b5a5731f3cc3c03afa5646"
"477","IDM","BOROBUDUR","SHELTER","Exit Gate","IDM-BOROBUDUR-SHELTER -Exit Gate-01","5","Satisfied","5","Tidak ada",,"Neutral","5","5","5","5","5","5","Melakukan layanan secara profesional dan ramah (menjaga kontak mata, tersenyum tulus, dan memberikan solusi dengan empati)",,,,"Shelter tersedia dengan baik dan mudah diakses oleh pengunjung",,,,"Shelter bersih dan terawat dengan baik",,,,"ab311368-a346-4e1a-b109-4fac98b3c140","Completed","New","21-11-2025 13:29:40","Anonymous","43055",,"cab97c1f-67b4-11f0-a847-0a0cda9789f2","1d31c59f-b420-4437-b3e7-3c1de5afa0a5",,,"true","False","QrCode","Bahasa","2025-11-21T06:28:57.6897Z",,,,,,,,,,,,,,,"68b5a5731f3cc3c03afa5646"
"478","IDM","BOROBUDUR","SHELTER","Exit Gate","IDM-BOROBUDUR-SHELTER -Exit Gate-01","5","Satisfied","5","Sangat membantu, diperpanjang lagi ya rutenya😁","Crowd and Queue Management","Positive","5","5","5","5","5","5","Melakukan layanan secara profesional dan ramah (menjaga kontak mata, tersenyum tulus, dan memberikan solusi dengan empati)|Memiliki penampilan yang bersih dan rapi|Memberikan informasi dengan jelas dan akurat|Melayani dengan cepat dan tepat|Membantu dan memastikan kesiapan fasilitas",,,,"Fasilitas shelter lengkap dan mendukung aktivitas pengguna|Shelter tersedia dengan baik dan mudah diakses oleh pengunjung",,,,"Shelter bersih dan terawat dengan baik|Shelter nyaman digunakan oleh penumpang saat menunggu|Alur tunggu di shelter tertata dengan baik dan mudah dipahami",,,,"6b564bce-c387-4269-99a3-5a83109d0ee2","Completed","New","21-11-2025 13:09:44","Anonymous","116187",,"cab97c1f-67b4-11f0-a847-0a0cda9789f2","1d31c59f-b420-4437-b3e7-3c1de5afa0a5",,,"true","False","QrCode","Bahasa","2025-11-21T06:07:47.8689Z",,,,,,,,,,,,,,,"68b5a5731f3cc3c03afa5646"
"479","IDM","BOROBUDUR","SHELTER","Exit Gate","IDM-BOROBUDUR-SHELTER -Exit Gate-01","5","Satisfied","5","Shelter free terlalu jauh","Shelter Facilities and Maintenance","Negative","4","4","4","4","4","4","Memberikan informasi dengan jelas dan akurat|Membantu dan memastikan kesiapan fasilitas|Melakukan layanan secara profesional dan ramah (menjaga kontak mata, tersenyum tulus, dan memberikan solusi dengan empati)",,,,"Fasilitas shelter lengkap dan mendukung aktivitas pengguna",,,,"Shelter nyaman digunakan oleh penumpang saat menunggu",,,,"2086d95c-3d43-490f-93bd-ed85fe4f5079","Completed","New","20-11-2025 16:07:34","Anonymous","56763",,"cab97c1f-67b4-11f0-a847-0a0cda9789f2","1d31c59f-b420-4437-b3e7-3c1de5afa0a5",,,"true","False","QrCode","Bahasa","2025-11-20T09:06:38.6868Z",,,,,,,,,,,,,,,"68b5a5731f3cc3c03afa5646"
"480","IDM","BOROBUDUR","SHELTER","Exit Gate","IDM-BOROBUDUR-SHELTER -Exit Gate-01","5","Satisfied","5","Sarannya tiket diturunkan","Pricing, Payment Transparency, and Shelter Usage Policies","Negative","5","5","5","5","5","5","Melakukan layanan secara profesional dan ramah (menjaga kontak mata, tersenyum tulus, dan memberikan solusi dengan empati)",,,,"Shelter tersedia dengan baik dan mudah diakses oleh pengunjung",,,,"Shelter nyaman digunakan oleh penumpang saat menunggu",,,,"ac900de3-3b1c-4700-887c-8d73d149b7c5","Completed","New","20-11-2025 15:59:25","Anonymous","162800",,"cab97c1f-67b4-11f0-a847-0a0cda9789f2","1d31c59f-b420-4437-b3e7-3c1de5afa0a5",,,"true","False","QrCode","Bahasa","2025-11-20T08:56:43.0567Z",,,,,,,,,,,,,,,"68b5a5731f3cc3c03afa5646"
"481","IDM","BOROBUDUR","SHELTER","Exit Gate","IDM-BOROBUDUR-SHELTER -Exit Gate-01","5","Satisfied","5",,,,"5","5","5","5","5","5","Melakukan layanan secara profesional dan ramah (menjaga kontak mata, tersenyum tulus, dan memberikan solusi dengan empati)|Memiliki penampilan yang bersih dan rapi|Memberikan informasi dengan jelas dan akurat|Melayani dengan cepat dan tepat|Membantu dan memastikan kesiapan fasilitas",,,,"Fasilitas shelter lengkap dan mendukung aktivitas pengguna|Shelter tersedia dengan baik dan mudah diakses oleh pengunjung",,,,"Shelter bersih dan terawat dengan baik|Shelter nyaman digunakan oleh penumpang saat menunggu|Alur tunggu di shelter tertata dengan baik dan mudah dipahami",,,,"e9f4b217-52a0-4fc5-a513-8a0b9c6c93c8","Completed","New","20-11-2025 15:55:26","Anonymous","85778",,"cab97c1f-67b4-11f0-a847-0a0cda9789f2","1d31c59f-b420-4437-b3e7-3c1de5afa0a5",,,"true","False","QrCode","Bahasa","2025-11-20T08:54:00.3615Z",,,,,,,,,,,,,,,"68b5a5731f3cc3c03afa5646"
"482","IDM","BOROBUDUR","SHELTER","Exit Gate","IDM-BOROBUDUR-SHELTER -Exit Gate-01","5","Satisfied","5",,,,"5","5","5","5","5","5","Melakukan layanan secara profesional dan ramah (menjaga kontak mata, tersenyum tulus, dan memberikan solusi dengan empati)|Memiliki penampilan yang bersih dan rapi|Memberikan informasi dengan jelas dan akurat|Melayani dengan cepat dan tepat|Membantu dan memastikan kesiapan fasilitas",,,,"Fasilitas shelter lengkap dan mendukung aktivitas pengguna|Shelter tersedia dengan baik dan mudah diakses oleh pengunjung",,,,"Shelter bersih dan terawat dengan baik|Shelter nyaman digunakan oleh penumpang saat menunggu|Alur tunggu di shelter tertata dengan baik dan mudah dipahami",,,,"b8cbf606-bfac-4a7d-b940-9c8111631db0","Completed","New","20-11-2025 15:55:21","Anonymous","55943",,"cab97c1f-67b4-11f0-a847-0a0cda9789f2","1d31c59f-b420-4437-b3e7-3c1de5afa0a5",,,"true","False","QrCode","Bahasa","2025-11-20T08:54:23.5004Z",,,,,,,,,,,,,,,"68b5a5731f3cc3c03afa5646"
"483","IDM","BOROBUDUR","SHELTER","Exit Gate","IDM-BOROBUDUR-SHELTER -Exit Gate-01","5","Satisfied","5",,,,"5","5","5","5","5","5","Memberikan informasi dengan jelas dan akurat|Melakukan layanan secara profesional dan ramah (menjaga kontak mata, tersenyum tulus, dan memberikan solusi dengan empati)",,,,"Fasilitas shelter lengkap dan mendukung aktivitas pengguna|Shelter tersedia dengan baik dan mudah diakses oleh pengunjung",,,,"Shelter bersih dan terawat dengan baik|Alur tunggu di shelter tertata dengan baik dan mudah dipahami|Shelter nyaman digunakan oleh penumpang saat menunggu",,,,"a8ee3112-055b-4a71-a864-9f12ae86e6d3","Completed","New","20-11-2025 12:17:57","Anonymous","43465",,"cab97c1f-67b4-11f0-a847-0a0cda9789f2","1d31c59f-b420-4437-b3e7-3c1de5afa0a5",,,"true","False","QrCode","English","2025-11-20T05:17:11.5392Z",,,,,,,,,,,,,,,"68b5a5731f3cc3c03afa5646"
"484","IDM","BOROBUDUR","SHELTER","Exit Gate","IDM-BOROBUDUR-SHELTER -Exit Gate-01","5","Satisfied","5",,,,"5","5","5","5","5","5","Melakukan layanan secara profesional dan ramah (menjaga kontak mata, tersenyum tulus, dan memberikan solusi dengan empati)|Memiliki penampilan yang bersih dan rapi|Memberikan informasi dengan jelas dan akurat|Melayani dengan cepat dan tepat|Membantu dan memastikan kesiapan fasilitas",,,,"Fasilitas shelter lengkap dan mendukung aktivitas pengguna|Shelter tersedia dengan baik dan mudah diakses oleh pengunjung",,,,"Shelter bersih dan terawat dengan baik|Shelter nyaman digunakan oleh penumpang saat menunggu|Alur tunggu di shelter tertata dengan baik dan mudah dipahami",,,,"b93ed781-6b59-4fa0-9d19-80abc190b6eb","Completed","New","20-11-2025 11:44:15","Anonymous","214880",,"cab97c1f-67b4-11f0-a847-0a0cda9789f2","1d31c59f-b420-4437-b3e7-3c1de5afa0a5",,,"true","False","QrCode","English","2025-11-20T04:40:40.3176Z",,,,,,,,,,,,,,,"68b5a5731f3cc3c03afa5646"
"485","IDM","BOROBUDUR","SHELTER","Exit Gate","IDM-BOROBUDUR-SHELTER -Exit Gate-01","4","Satisfied","4","Udah kerenn","Overall Visitor Experience and Cultural Appreciation","Positive","5","5","5","5","4","4","Melakukan layanan secara profesional dan ramah (menjaga kontak mata, tersenyum tulus, dan memberikan solusi dengan empati)|Memberikan informasi dengan jelas dan akurat|Melayani dengan cepat dan tepat|Membantu dan memastikan kesiapan fasilitas",,,,"Fasilitas shelter lengkap dan mendukung aktivitas pengguna|Shelter tersedia dengan baik dan mudah diakses oleh pengunjung",,,,"Shelter bersih dan terawat dengan baik|Shelter nyaman digunakan oleh penumpang saat menunggu|Alur tunggu di shelter tertata dengan baik dan mudah dipahami",,,,"0a1cadb4-823d-453d-b2cf-d9d8c5c91a5b","Completed","New","19-11-2025 11:14:39","Anonymous","64491",,"cab97c1f-67b4-11f0-a847-0a0cda9789f2","1d31c59f-b420-4437-b3e7-3c1de5afa0a5",,,"true","False","QrCode","Bahasa","2025-11-19T04:13:34.7588Z",,,,,,,,,,,,,,,"68b5a5731f3cc3c03afa5646"
"486","IDM","BOROBUDUR","SHELTER","Exit Gate","IDM-BOROBUDUR-SHELTER -Exit Gate-01","5","Satisfied","5",,,,"5","5","5","5","5","5","Melakukan layanan secara profesional dan ramah (menjaga kontak mata, tersenyum tulus, dan memberikan solusi dengan empati)|Memiliki penampilan yang bersih dan rapi|Memberikan informasi dengan jelas dan akurat|Melayani dengan cepat dan tepat|Membantu dan memastikan kesiapan fasilitas",,,,"Fasilitas shelter lengkap dan mendukung aktivitas pengguna|Shelter tersedia dengan baik dan mudah diakses oleh pengunjung",,,,"Shelter bersih dan terawat dengan baik|Shelter nyaman digunakan oleh penumpang saat menunggu|Alur tunggu di shelter tertata dengan baik dan mudah dipahami",,,,"f5ea40e2-7a45-4c77-b04e-876fd70e1975","Completed","New","19-11-2025 10:39:35","Anonymous","39704",,"cab97c1f-67b4-11f0-a847-0a0cda9789f2","1d31c59f-b420-4437-b3e7-3c1de5afa0a5",,,"true","False","QrCode","English","2025-11-19T03:38:54.5996Z",,,,,,,,,,,,,,,"68b5a5731f3cc3c03afa5646"
"487","IDM","BOROBUDUR","SHELTER","Exit Gate","IDM-BOROBUDUR-SHELTER -Exit Gate-01","3","Neutral","3","After temple, shuttle is too far!!!!","Transportation and Shuttle Services","Negative","3","3","4","4","1","1",,,"Lainnya","Shuttle back is far!!!","Shelter tersedia dengan baik dan mudah diakses oleh pengunjung",,,,,,"Shelter kurang nyaman digunakan oleh penumpang saat menunggu",,"6fb5ad1b-f8f7-468e-87d6-fc3e4d023234","Completed","New","17-11-2025 19:53:36","Anonymous","33713787",,"cab97c1f-67b4-11f0-a847-0a0cda9789f2","1d31c59f-b420-4437-b3e7-3c1de5afa0a5",,,"true","False","QrCode","English","2025-11-17T03:31:41.0133Z",,,,,,,,,,,,,,,"68b5a5731f3cc3c03afa5646"
"488","IDM","BOROBUDUR","SHELTER","Exit Gate","IDM-BOROBUDUR-SHELTER -Exit Gate-01","4","Satisfied","4","Untuk yang arah pulang terdapat perjalan jalan kaki yang terlalu jauh menuju shelter, untuk pengunjung yang sudah berusia lanjut akan kasihan","Shelter Location, Accessibility, and Arrangement|Accessibility for Disabled Visitors","Negative","4","4","4","4","3","3","Memiliki penampilan yang bersih dan rapi|Melakukan layanan secara profesional dan ramah (menjaga kontak mata, tersenyum tulus, dan memberikan solusi dengan empati)|Membantu dan memastikan kesiapan fasilitas",,,,"Fasilitas shelter lengkap dan mendukung aktivitas pengguna",,,,,,"Lainnya","Jalan kaki ke shelter jauh di area ke luar","0188770a-1b40-4e3c-9ab2-9a4da12567c3","Completed","New","17-11-2025 14:11:49","Anonymous","248181",,"cab97c1f-67b4-11f0-a847-0a0cda9789f2","1d31c59f-b420-4437-b3e7-3c1de5afa0a5",,,"true","False","QrCode","Bahasa","2025-11-17T07:07:41.8565Z",,,,,,,,,,,,,,,"68b5a5731f3cc3c03afa5646"
"489","IDM","BOROBUDUR","SHELTER","Exit Gate","IDM-BOROBUDUR-SHELTER -Exit Gate-01","5","Satisfied","5",,,,"5","5","5","5","5","5","Melakukan layanan secara profesional dan ramah (menjaga kontak mata, tersenyum tulus, dan memberikan solusi dengan empati)|Memiliki penampilan yang bersih dan rapi|Memberikan informasi dengan jelas dan akurat|Melayani dengan cepat dan tepat|Membantu dan memastikan kesiapan fasilitas",,,,"Fasilitas shelter lengkap dan mendukung aktivitas pengguna|Shelter tersedia dengan baik dan mudah diakses oleh pengunjung",,,,"Shelter bersih dan terawat dengan baik|Shelter nyaman digunakan oleh penumpang saat menunggu|Alur tunggu di shelter tertata dengan baik dan mudah dipahami",,,,"3fb1dc2f-73c0-43cc-969b-3275a7eadd65","Completed","New","17-11-2025 10:29:11","Anonymous","64086",,"cab97c1f-67b4-11f0-a847-0a0cda9789f2","1d31c59f-b420-4437-b3e7-3c1de5afa0a5",,,"true","False","QrCode","English","2025-11-17T03:28:06.0097Z",,,,,,,,,,,,,,,"68b5a5731f3cc3c03afa5646"
"490","IDM","BOROBUDUR","SHELTER","Exit Gate","IDM-BOROBUDUR-SHELTER -Exit Gate-01","5","Satisfied","5",,,,"5","5","5","5","5","5","Melakukan layanan secara profesional dan ramah (menjaga kontak mata, tersenyum tulus, dan memberikan solusi dengan empati)|Memiliki penampilan yang bersih dan rapi|Memberikan informasi dengan jelas dan akurat|Melayani dengan cepat dan tepat|Membantu dan memastikan kesiapan fasilitas",,,,"Shelter tersedia dengan baik dan mudah diakses oleh pengunjung",,,,"Shelter nyaman digunakan oleh penumpang saat menunggu|Alur tunggu di shelter tertata dengan baik dan mudah dipahami|Shelter bersih dan terawat dengan baik",,,,"cf63bc8d-841d-412b-9b64-497cd84866b4","Completed","New","15-11-2025 15:25:05","Anonymous","74605",,"cab97c1f-67b4-11f0-a847-0a0cda9789f2","1d31c59f-b420-4437-b3e7-3c1de5afa0a5",,,"true","False","QrCode","English","2025-11-15T08:23:46.5552Z",,,,,,,,,,,,,,,"68b5a5731f3cc3c03afa5646"
"491","IDM","BOROBUDUR","SHELTER","Exit Gate","IDM-BOROBUDUR-SHELTER -Exit Gate-01","5","Satisfied","5","Very hot weather but a very good impression","Shelter Comfort and Environmental Conditions","Positive","4","4","4","4","4","4","Melakukan layanan secara profesional dan ramah (menjaga kontak mata, tersenyum tulus, dan memberikan solusi dengan empati)",,,,"Shelter tersedia dengan baik dan mudah diakses oleh pengunjung",,,,"Shelter bersih dan terawat dengan baik",,,,"4794637a-4a71-47e2-80fb-2017dc1fa0e9","Completed","New","15-11-2025 12:28:19","Anonymous","143241",,"cab97c1f-67b4-11f0-a847-0a0cda9789f2","1d31c59f-b420-4437-b3e7-3c1de5afa0a5",,,"true","False","QrCode","English","2025-11-15T05:25:55.2496Z",,,,,,,,,,,,,,,"68b5a5731f3cc3c03afa5646"
"492","IDM","BOROBUDUR","SHELTER","Exit Gate","IDM-BOROBUDUR-SHELTER -Exit Gate-01","4","Satisfied","4","Baik","Overall Visitor Experience and Cultural Appreciation","Neutral","5","5","5","5","5","5","Melakukan layanan secara profesional dan ramah (menjaga kontak mata, tersenyum tulus, dan memberikan solusi dengan empati)|Memiliki penampilan yang bersih dan rapi|Memberikan informasi dengan jelas dan akurat|Melayani dengan cepat dan tepat|Membantu dan memastikan kesiapan fasilitas",,,,"Fasilitas shelter lengkap dan mendukung aktivitas pengguna|Shelter tersedia dengan baik dan mudah diakses oleh pengunjung",,,,"Shelter bersih dan terawat dengan baik|Shelter nyaman digunakan oleh penumpang saat menunggu|Alur tunggu di shelter tertata dengan baik dan mudah dipahami",,,,"ead4434e-f123-4ec9-9a0f-4cce52373c5a","Completed","New","15-11-2025 11:46:54","Anonymous","87878",,"cab97c1f-67b4-11f0-a847-0a0cda9789f2","1d31c59f-b420-4437-b3e7-3c1de5afa0a5",,,"true","False","QrCode","Bahasa","2025-11-15T04:45:26.4603Z",,,,,,,,,,,,,,,"68b5a5731f3cc3c03afa5646"
"493","IDM","BOROBUDUR","SHELTER","Exit Gate","IDM-BOROBUDUR-SHELTER -Exit Gate-01","5","Satisfied","5","Udah keren","Overall Visitor Experience and Cultural Appreciation","Positive","5","5","5","5","5","5","Melakukan layanan secara profesional dan ramah (menjaga kontak mata, tersenyum tulus, dan memberikan solusi dengan empati)|Memiliki penampilan yang bersih dan rapi|Memberikan informasi dengan jelas dan akurat|Melayani dengan cepat dan tepat|Membantu dan memastikan kesiapan fasilitas",,,,"Fasilitas shelter lengkap dan mendukung aktivitas pengguna|Shelter tersedia dengan baik dan mudah diakses oleh pengunjung",,,,"Shelter bersih dan terawat dengan baik|Shelter nyaman digunakan oleh penumpang saat menunggu|Alur tunggu di shelter tertata dengan baik dan mudah dipahami",,,,"3d2deab3-b7eb-47c5-a427-175cca9ff169","Completed","New","15-11-2025 10:19:25","Anonymous","85441",,"cab97c1f-67b4-11f0-a847-0a0cda9789f2","1d31c59f-b420-4437-b3e7-3c1de5afa0a5",,,"true","False","QrCode","Bahasa","2025-11-15T03:17:59.4940Z",,,,,,,,,,,,,,,"68b5a5731f3cc3c03afa5646"
"494","IDM","BOROBUDUR","SHELTER","Exit Gate","IDM-BOROBUDUR-SHELTER -Exit Gate-01","4","Satisfied","4","Sudah mantap","Overall Visitor Experience and Cultural Appreciation","Positive","4","4","4","4","4","4","Memiliki penampilan yang bersih dan rapi",,,,"Fasilitas shelter lengkap dan mendukung aktivitas pengguna",,,,"Shelter bersih dan terawat dengan baik",,,,"bdd581ce-0880-4ee3-b7b4-303ef3370fdc","Completed","New","15-11-2025 10:19:08","Anonymous","68568",,"cab97c1f-67b4-11f0-a847-0a0cda9789f2","1d31c59f-b420-4437-b3e7-3c1de5afa0a5",,,"true","False","QrCode","Bahasa","2025-11-15T03:17:58.8812Z",,,,,,,,,,,,,,,"68b5a5731f3cc3c03afa5646"
"495","IDM","BOROBUDUR","SHELTER","Exit Gate","IDM-BOROBUDUR-SHELTER -Exit Gate-01","5","Satisfied","5","Semua pelayanan nya sudah bagus dan semoga semakin lebih bagus lagi","Overall Visitor Experience and Cultural Appreciation","Positive","5","5","5","5","5","5","Melakukan layanan secara profesional dan ramah (menjaga kontak mata, tersenyum tulus, dan memberikan solusi dengan empati)",,,,"Fasilitas shelter lengkap dan mendukung aktivitas pengguna",,,,"Shelter nyaman digunakan oleh penumpang saat menunggu",,,,"fd3e6c8d-eac6-40dc-b2dd-5add1f24a51d","Completed","New","15-11-2025 09:47:15","Anonymous","130742",,"cab97c1f-67b4-11f0-a847-0a0cda9789f2","1d31c59f-b420-4437-b3e7-3c1de5afa0a5",,,"true","False","QrCode","Bahasa","2025-11-15T02:45:01.9144Z",,,,,,,,,,,,,,,"68b5a5731f3cc3c03afa5646"
"496","IDM","BOROBUDUR","SHELTER","Exit Gate","IDM-BOROBUDUR-SHELTER -Exit Gate-01","5","Satisfied","5","nyaman","Shelter Comfort and Environmental Conditions","Positive","5","5","5","5","5","5","Melakukan layanan secara profesional dan ramah (menjaga kontak mata, tersenyum tulus, dan memberikan solusi dengan empati)|Memiliki penampilan yang bersih dan rapi|Memberikan informasi dengan jelas dan akurat|Melayani dengan cepat dan tepat|Membantu dan memastikan kesiapan fasilitas",,,,"Fasilitas shelter lengkap dan mendukung aktivitas pengguna|Shelter tersedia dengan baik dan mudah diakses oleh pengunjung",,,,"Shelter bersih dan terawat dengan baik|Shelter nyaman digunakan oleh penumpang saat menunggu|Alur tunggu di shelter tertata dengan baik dan mudah dipahami",,,,"fc7d9412-0d95-4359-b22b-9eed2a2e9f5a","Completed","New","14-11-2025 13:18:53","Anonymous","57770",,"cab97c1f-67b4-11f0-a847-0a0cda9789f2","1d31c59f-b420-4437-b3e7-3c1de5afa0a5",,,"true","False","QrCode","Bahasa","2025-11-14T06:17:55.5847Z",,,,,,,,,,,,,,,"68b5a5731f3cc3c03afa5646"
"497","IDM","BOROBUDUR","SHELTER","Exit Gate","IDM-BOROBUDUR-SHELTER -Exit Gate-01","5","Satisfied","5",,,,"5","5","4","4","5","5","Memiliki penampilan yang bersih dan rapi|Membantu dan memastikan kesiapan fasilitas",,,,"Shelter tersedia dengan baik dan mudah diakses oleh pengunjung",,,,"Shelter nyaman digunakan oleh penumpang saat menunggu",,,,"582a2d11-480d-4679-a80c-8f1fcb821828","Completed","New","14-11-2025 12:19:53","Anonymous","46810",,"cab97c1f-67b4-11f0-a847-0a0cda9789f2","1d31c59f-b420-4437-b3e7-3c1de5afa0a5",,,"true","False","QrCode","English","2025-11-14T05:19:02.7600Z",,,,,,,,,,,,,,,"68b5a5731f3cc3c03afa5646"
"498","IDM","BOROBUDUR","SHELTER","Exit Gate","IDM-BOROBUDUR-SHELTER -Exit Gate-01","5","Satisfied","5","tetap dijaga kebersihannya ya sangat bersih","Shelter Facilities and Maintenance","Positive","5","5","5","5","5","5","Membantu dan memastikan kesiapan fasilitas|Melayani dengan cepat dan tepat|Memberikan informasi dengan jelas dan akurat|Memiliki penampilan yang bersih dan rapi|Melakukan layanan secara profesional dan ramah (menjaga kontak mata, tersenyum tulus, dan memberikan solusi dengan empati)",,,,"Shelter tersedia dengan baik dan mudah diakses oleh pengunjung|Fasilitas shelter lengkap dan mendukung aktivitas pengguna",,,,"Shelter bersih dan terawat dengan baik|Shelter nyaman digunakan oleh penumpang saat menunggu|Alur tunggu di shelter tertata dengan baik dan mudah dipahami",,,,"221fec7b-3cb9-4fe2-8467-ef9621126cd9","Completed","New","14-11-2025 11:13:51","Anonymous","85411",,"cab97c1f-67b4-11f0-a847-0a0cda9789f2","1d31c59f-b420-4437-b3e7-3c1de5afa0a5",,,"true","False","QrCode","English","2025-11-14T04:12:26.1074Z",,,,,,,,,,,,,,,"68b5a5731f3cc3c03afa5646"
"499","IDM","BOROBUDUR","SHELTER","Exit Gate","IDM-BOROBUDUR-SHELTER -Exit Gate-01","5","Satisfied","5","Dari exit untuk menuju shelter gratis kejauhan","Shelter Location, Accessibility, and Arrangement","Neutral","5","5","5","5","5","5","Melakukan layanan secara profesional dan ramah (menjaga kontak mata, tersenyum tulus, dan memberikan solusi dengan empati)|Memiliki penampilan yang bersih dan rapi|Memberikan informasi dengan jelas dan akurat|Melayani dengan cepat dan tepat|Membantu dan memastikan kesiapan fasilitas",,,,"Fasilitas shelter lengkap dan mendukung aktivitas pengguna|Shelter tersedia dengan baik dan mudah diakses oleh pengunjung",,,,"Shelter bersih dan terawat dengan baik|Shelter nyaman digunakan oleh penumpang saat menunggu|Alur tunggu di shelter tertata dengan baik dan mudah dipahami",,,,"6bb05018-8f01-4f36-b7da-f20a3bb0e480","Completed","New","14-11-2025 10:56:35","Anonymous","50035",,"cab97c1f-67b4-11f0-a847-0a0cda9789f2","1d31c59f-b420-4437-b3e7-3c1de5afa0a5",,,"true","False","QrCode","Bahasa","2025-11-14T03:55:45.2678Z",,,,,,,,,,,,,,,"68b5a5731f3cc3c03afa5646"
"500","IDM","BOROBUDUR","SHELTER","Exit Gate","IDM-BOROBUDUR-SHELTER -Exit Gate-01","4","Satisfied","4",,,,"4","4","3","3","5","5","Melakukan layanan secara profesional dan ramah (menjaga kontak mata, tersenyum tulus, dan memberikan solusi dengan empati)",,,,,,"Lainnya","Drinks or cafeteria","Shelter bersih dan terawat dengan baik",,,,"e1bb75d8-85d3-4904-abe1-678228fefd62","Completed","New","14-11-2025 10:01:23","Anonymous","124842",,"cab97c1f-67b4-11f0-a847-0a0cda9789f2","1d31c59f-b420-4437-b3e7-3c1de5afa0a5",,,"true","False","QrCode","English","2025-11-14T02:59:15.7831Z",,,,,,,,,,,,,,,"68b5a5731f3cc3c03afa5646"
"501","IDM","BOROBUDUR","SHELTER","Exit Gate","IDM-BOROBUDUR-SHELTER -Exit Gate-01","5","Satisfied","5","Rutenya diperpanjang lagi ya kak","Crowd and Queue Management","Neutral","5","5","4","4","5","5","Melakukan layanan secara profesional dan ramah (menjaga kontak mata, tersenyum tulus, dan memberikan solusi dengan empati)|Memiliki penampilan yang bersih dan rapi|Memberikan informasi dengan jelas dan akurat|Melayani dengan cepat dan tepat|Membantu dan memastikan kesiapan fasilitas",,,,"Fasilitas shelter lengkap dan mendukung aktivitas pengguna|Shelter tersedia dengan baik dan mudah diakses oleh pengunjung",,,,"Shelter bersih dan terawat dengan baik|Shelter nyaman digunakan oleh penumpang saat menunggu|Alur tunggu di shelter tertata dengan baik dan mudah dipahami",,,,"8ebb5514-1343-4846-aeb7-98b42f535520","Completed","New","14-11-2025 09:45:35","Anonymous","118914",,"cab97c1f-67b4-11f0-a847-0a0cda9789f2","1d31c59f-b420-4437-b3e7-3c1de5afa0a5",,,"true","False","QrCode","Bahasa","2025-11-14T02:43:35.6505Z",,,,,,,,,,,,,,,"68b5a5731f3cc3c03afa5646"
"502","IDM","BOROBUDUR","SHELTER","Exit Gate","IDM-BOROBUDUR-SHELTER -Exit Gate-01","1","Not Satisfied","1",,,,"5","5","5","5","5","5","Melakukan layanan secara profesional dan ramah (menjaga kontak mata, tersenyum tulus, dan memberikan solusi dengan empati)|Memberikan informasi dengan jelas dan akurat|Memiliki penampilan yang bersih dan rapi|Melayani dengan cepat dan tepat|Membantu dan memastikan kesiapan fasilitas",,,,"Shelter tersedia dengan baik dan mudah diakses oleh pengunjung|Fasilitas shelter lengkap dan mendukung aktivitas pengguna",,,,"Alur tunggu di shelter tertata dengan baik dan mudah dipahami|Shelter nyaman digunakan oleh penumpang saat menunggu|Shelter bersih dan terawat dengan baik",,,,"663c9d04-52c7-4ec4-be82-cc4b4a856840","Completed","New","12-11-2025 11:22:27","Anonymous","317641",,"cab97c1f-67b4-11f0-a847-0a0cda9789f2","1d31c59f-b420-4437-b3e7-3c1de5afa0a5",,,"true","False","QrCode","Bahasa","2025-11-12T04:17:10.0109Z",,,,,,,,,,,,,,,"68b5a5731f3cc3c03afa5646"
"503","IDM","BOROBUDUR","SHELTER","Exit Gate","IDM-BOROBUDUR-SHELTER -Exit Gate-01","5","Satisfied","5","belum",,"Neutral","5","5","5","5","5","5","Melakukan layanan secara profesional dan ramah (menjaga kontak mata, tersenyum tulus, dan memberikan solusi dengan empati)|Memiliki penampilan yang bersih dan rapi|Memberikan informasi dengan jelas dan akurat|Melayani dengan cepat dan tepat|Membantu dan memastikan kesiapan fasilitas",,,,"Fasilitas shelter lengkap dan mendukung aktivitas pengguna|Shelter tersedia dengan baik dan mudah diakses oleh pengunjung",,,,"Shelter bersih dan terawat dengan baik|Shelter nyaman digunakan oleh penumpang saat menunggu|Alur tunggu di shelter tertata dengan baik dan mudah dipahami",,,,"45bbd31f-868e-4aaf-818d-ba395eb71650","Completed","New","12-11-2025 10:13:21","Anonymous","77229",,"cab97c1f-67b4-11f0-a847-0a0cda9789f2","1d31c59f-b420-4437-b3e7-3c1de5afa0a5",,,"true","False","QrCode","Bahasa","2025-11-12T03:12:03.5840Z",,,,,,,,,,,,,,,"68b5a5731f3cc3c03afa5646"
"504","IDM","BOROBUDUR","SHELTER","Exit Gate","IDM-BOROBUDUR-SHELTER -Exit Gate-01","4","Satisfied","4","tidak ada.",,"Neutral","5","5","5","5","5","5","Membantu dan memastikan kesiapan fasilitas|Melayani dengan cepat dan tepat|Memberikan informasi dengan jelas dan akurat",,,,"Fasilitas shelter lengkap dan mendukung aktivitas pengguna",,,,"Shelter bersih dan terawat dengan baik",,,,"2b90a430-e847-495c-aa8a-cd2b25dae224","Completed","New","12-11-2025 10:12:44","Anonymous","53471",,"cab97c1f-67b4-11f0-a847-0a0cda9789f2","1d31c59f-b420-4437-b3e7-3c1de5afa0a5",,,"true","False","QrCode","Bahasa","2025-11-12T03:11:51.1671Z",,,,,,,,,,,,,,,"68b5a5731f3cc3c03afa5646"
"505","IDM","BOROBUDUR","SHELTER","Exit Gate","IDM-BOROBUDUR-SHELTER -Exit Gate-01","5","Satisfied","5","非常宏伟，值得一观","Overall Visitor Experience and Cultural Appreciation","Positive","5","5","5","5","5","5","Melakukan layanan secara profesional dan ramah (menjaga kontak mata, tersenyum tulus, dan memberikan solusi dengan empati)|Memiliki penampilan yang bersih dan rapi|Memberikan informasi dengan jelas dan akurat|Melayani dengan cepat dan tepat|Membantu dan memastikan kesiapan fasilitas",,,,"Fasilitas shelter lengkap dan mendukung aktivitas pengguna|Shelter tersedia dengan baik dan mudah diakses oleh pengunjung",,,,"Shelter bersih dan terawat dengan baik|Shelter nyaman digunakan oleh penumpang saat menunggu|Alur tunggu di shelter tertata dengan baik dan mudah dipahami",,,,"7f939bd2-e29a-43d8-8890-9c43c2d66bc2","Completed","New","12-11-2025 10:08:05","Anonymous","63901",,"cab97c1f-67b4-11f0-a847-0a0cda9789f2","1d31c59f-b420-4437-b3e7-3c1de5afa0a5",,,"true","False","QrCode","English","2025-11-12T03:07:01.1020Z",,,,,,,,,,,,,,,"68b5a5731f3cc3c03afa5646"
"506","IDM","BOROBUDUR","SHELTER","Exit Gate","IDM-BOROBUDUR-SHELTER -Exit Gate-01","5","Satisfied","5","tidak，sangat sekali",,"Positive","5","5","5","5","5","5","Melakukan layanan secara profesional dan ramah (menjaga kontak mata, tersenyum tulus, dan memberikan solusi dengan empati)|Memiliki penampilan yang bersih dan rapi|Memberikan informasi dengan jelas dan akurat|Membantu dan memastikan kesiapan fasilitas|Melayani dengan cepat dan tepat",,,,"Fasilitas shelter lengkap dan mendukung aktivitas pengguna|Shelter tersedia dengan baik dan mudah diakses oleh pengunjung",,,,"Shelter bersih dan terawat dengan baik|Shelter nyaman digunakan oleh penumpang saat menunggu|Alur tunggu di shelter tertata dengan baik dan mudah dipahami",,,,"5fd47034-fc4f-4bcc-a182-6a8bc1757d6f","Completed","New","12-11-2025 10:08:02","Anonymous","104417",,"cab97c1f-67b4-11f0-a847-0a0cda9789f2","1d31c59f-b420-4437-b3e7-3c1de5afa0a5",,,"true","False","QrCode","Bahasa","2025-11-12T03:06:18.1695Z",,,,,,,,,,,,,,,"68b5a5731f3cc3c03afa5646"
"507","IDM","BOROBUDUR","SHELTER","Exit Gate","IDM-BOROBUDUR-SHELTER -Exit Gate-01","5","Satisfied","5","Indah sekali","Overall Visitor Experience and Cultural Appreciation","Positive","5","5","5","5","5","5","Memberikan informasi dengan jelas dan akurat",,,,"Shelter tersedia dengan baik dan mudah diakses oleh pengunjung",,,,"Alur tunggu di shelter tertata dengan baik dan mudah dipahami",,,,"40ff1094-468d-46da-af78-c02a1592ef8b","Completed","New","12-11-2025 10:07:28","Anonymous","58500",,"cab97c1f-67b4-11f0-a847-0a0cda9789f2","1d31c59f-b420-4437-b3e7-3c1de5afa0a5",,,"true","False","QrCode","Bahasa","2025-11-12T03:06:29.3383Z",,,,,,,,,,,,,,,"68b5a5731f3cc3c03afa5646"
"508","IDM","BOROBUDUR","SHELTER","Exit Gate","IDM-BOROBUDUR-SHELTER -Exit Gate-01","5","Satisfied","5","tidak ada",,"Neutral","5","5","5","5","5","5","Melakukan layanan secara profesional dan ramah (menjaga kontak mata, tersenyum tulus, dan memberikan solusi dengan empati)",,,,"Shelter tersedia dengan baik dan mudah diakses oleh pengunjung",,,,"Alur tunggu di shelter tertata dengan baik dan mudah dipahami",,,,"9be37c3c-18b3-4bb2-bf4a-1012c2f99a2d","Completed","New","12-11-2025 10:07:20","Anonymous","47656",,"cab97c1f-67b4-11f0-a847-0a0cda9789f2","1d31c59f-b420-4437-b3e7-3c1de5afa0a5",,,"true","False","QrCode","Bahasa","2025-11-12T03:06:33.6634Z",,,,,,,,,,,,,,,"68b5a5731f3cc3c03afa5646"
"509","IDM","BOROBUDUR","SHELTER","Exit Gate","IDM-BOROBUDUR-SHELTER -Exit Gate-01","4","Satisfied","4",,,,"4","4","4","4","5","5","Membantu dan memastikan kesiapan fasilitas",,,,"Fasilitas shelter lengkap dan mendukung aktivitas pengguna",,,,"Shelter nyaman digunakan oleh penumpang saat menunggu",,,,"bebd9115-904d-4e9c-b504-fe433a6bf36c","Completed","New","12-11-2025 10:06:56","Anonymous","49323",,"cab97c1f-67b4-11f0-a847-0a0cda9789f2","1d31c59f-b420-4437-b3e7-3c1de5afa0a5",,,"true","False","QrCode","Bahasa","2025-11-12T03:06:06.3993Z",,,,,,,,,,,,,,,"68b5a5731f3cc3c03afa5646"
"510","IDM","BOROBUDUR","SHELTER","Exit Gate","IDM-BOROBUDUR-SHELTER -Exit Gate-01","5","Satisfied","5","bagus","Shelter Facilities and Maintenance","Positive","5","5","5","5","5","5","Melakukan layanan secara profesional dan ramah (menjaga kontak mata, tersenyum tulus, dan memberikan solusi dengan empati)|Memiliki penampilan yang bersih dan rapi|Memberikan informasi dengan jelas dan akurat|Melayani dengan cepat dan tepat|Membantu dan memastikan kesiapan fasilitas",,,,"Fasilitas shelter lengkap dan mendukung aktivitas pengguna|Shelter tersedia dengan baik dan mudah diakses oleh pengunjung",,,,"Shelter bersih dan terawat dengan baik|Shelter nyaman digunakan oleh penumpang saat menunggu|Alur tunggu di shelter tertata dengan baik dan mudah dipahami",,,,"b546cb86-20a5-4fe5-9ee7-53aed3f9b510","Completed","New","12-11-2025 10:06:11","Anonymous","35692",,"cab97c1f-67b4-11f0-a847-0a0cda9789f2","1d31c59f-b420-4437-b3e7-3c1de5afa0a5",,,"true","False","QrCode","English","2025-11-12T03:05:35.1271Z",,,,,,,,,,,,,,,"68b5a5731f3cc3c03afa5646"
"511","IDM","BOROBUDUR","SHELTER","Exit Gate","IDM-BOROBUDUR-SHELTER -Exit Gate-01","5","Satisfied","5","Bagus pemandangan nya dan ramah ramah","Overall Visitor Experience and Cultural Appreciation","Positive","5","5","5","5","5","5","Melakukan layanan secara profesional dan ramah (menjaga kontak mata, tersenyum tulus, dan memberikan solusi dengan empati)|Memiliki penampilan yang bersih dan rapi|Memberikan informasi dengan jelas dan akurat|Melayani dengan cepat dan tepat|Membantu dan memastikan kesiapan fasilitas",,,,"Fasilitas shelter lengkap dan mendukung aktivitas pengguna|Shelter tersedia dengan baik dan mudah diakses oleh pengunjung",,,,"Shelter bersih dan terawat dengan baik|Shelter nyaman digunakan oleh penumpang saat menunggu|Alur tunggu di shelter tertata dengan baik dan mudah dipahami",,,,"42983447-eaca-4cd9-8fab-5eef75e4f3d2","Completed","New","11-11-2025 14:22:00","Anonymous","54199",,"cab97c1f-67b4-11f0-a847-0a0cda9789f2","1d31c59f-b420-4437-b3e7-3c1de5afa0a5",,,"true","False","QrCode","Bahasa","2025-11-11T07:21:04.7445Z",,,,,,,,,,,,,,,"68b5a5731f3cc3c03afa5646"
"512","IDM","BOROBUDUR","SHELTER","Exit Gate","IDM-BOROBUDUR-SHELTER -Exit Gate-01","4","Satisfied","4","Bagus memudahkan mobilitas","Shelter Facilities and Maintenance|Accessibility for Disabled Visitors","Positive","4","4","4","4","4","4","Melakukan layanan secara profesional dan ramah (menjaga kontak mata, tersenyum tulus, dan memberikan solusi dengan empati)|Memberikan informasi dengan jelas dan akurat|Memiliki penampilan yang bersih dan rapi|Melayani dengan cepat dan tepat|Membantu dan memastikan kesiapan fasilitas",,,,"Fasilitas shelter lengkap dan mendukung aktivitas pengguna|Shelter tersedia dengan baik dan mudah diakses oleh pengunjung",,,,"Shelter bersih dan terawat dengan baik|Shelter nyaman digunakan oleh penumpang saat menunggu|Alur tunggu di shelter tertata dengan baik dan mudah dipahami",,,,"cb61e541-fb49-4f5a-9965-da28fb2e53da","Completed","New","11-11-2025 14:16:49","Anonymous","43435",,"cab97c1f-67b4-11f0-a847-0a0cda9789f2","1d31c59f-b420-4437-b3e7-3c1de5afa0a5",,,"true","False","QrCode","Bahasa","2025-11-11T07:16:05.2121Z",,,,,,,,,,,,,,,"68b5a5731f3cc3c03afa5646"
"513","IDM","BOROBUDUR","SHELTER","Exit Gate","IDM-BOROBUDUR-SHELTER -Exit Gate-01","5","Satisfied","5","Semuanya bagus, bagussss bgttttttt, seruuuu jugaaaaa. Tapi gabisa ajak ibu soalnya ibu ada asma😭paling sampe bawah aja si ibu. Sukaaaaaa bgt","Overall Visitor Experience and Cultural Appreciation","Positive","5","5","5","5","5","5","Melakukan layanan secara profesional dan ramah (menjaga kontak mata, tersenyum tulus, dan memberikan solusi dengan empati)|Memberikan informasi dengan jelas dan akurat|Memiliki penampilan yang bersih dan rapi|Melayani dengan cepat dan tepat|Membantu dan memastikan kesiapan fasilitas",,,,"Fasilitas shelter lengkap dan mendukung aktivitas pengguna|Shelter tersedia dengan baik dan mudah diakses oleh pengunjung",,,,"Shelter bersih dan terawat dengan baik|Shelter nyaman digunakan oleh penumpang saat menunggu|Alur tunggu di shelter tertata dengan baik dan mudah dipahami",,,,"04608e60-e628-42c2-a3aa-41a4abfd1b1f","Completed","New","11-11-2025 12:20:46","Anonymous","98949",,"cab97c1f-67b4-11f0-a847-0a0cda9789f2","1d31c59f-b420-4437-b3e7-3c1de5afa0a5",,,"true","False","QrCode","Bahasa","2025-11-11T05:19:07.8151Z",,,,,,,,,,,,,,,"68b5a5731f3cc3c03afa5646"
"514","IDM","BOROBUDUR","SHELTER","Exit Gate","IDM-BOROBUDUR-SHELTER -Exit Gate-01","5","Satisfied","5","Terbaik dan sangat memuaskan","Overall Visitor Experience and Cultural Appreciation","Positive","5","5","5","5","5","5","Melakukan layanan secara profesional dan ramah (menjaga kontak mata, tersenyum tulus, dan memberikan solusi dengan empati)|Memiliki penampilan yang bersih dan rapi|Memberikan informasi dengan jelas dan akurat|Melayani dengan cepat dan tepat|Membantu dan memastikan kesiapan fasilitas",,,,"Fasilitas shelter lengkap dan mendukung aktivitas pengguna|Shelter tersedia dengan baik dan mudah diakses oleh pengunjung",,,,"Shelter bersih dan terawat dengan baik|Shelter nyaman digunakan oleh penumpang saat menunggu|Alur tunggu di shelter tertata dengan baik dan mudah dipahami",,,,"20937fb7-09e1-4f00-905b-a7d372a311b2","Completed","New","11-11-2025 11:39:37","Anonymous","79241",,"cab97c1f-67b4-11f0-a847-0a0cda9789f2","1d31c59f-b420-4437-b3e7-3c1de5afa0a5",,,"true","False","QrCode","Bahasa","2025-11-11T04:38:17.6412Z",,,,,,,,,,,,,,,"68b5a5731f3cc3c03afa5646"
"515","IDM","BOROBUDUR","SHELTER","Exit Gate","IDM-BOROBUDUR-SHELTER -Exit Gate-01","3","Neutral","3","Too many tourists groups on the structures - I would have appreciated to have time to contemplate on my own the temple","Crowd and Queue Management","Negative","4","4","4","4","4","4","Memiliki penampilan yang bersih dan rapi",,,,"Shelter tersedia dengan baik dan mudah diakses oleh pengunjung",,,,"Shelter nyaman digunakan oleh penumpang saat menunggu",,,,"0678bc66-0834-46ca-9c76-1746241a27f8","Completed","New","11-11-2025 10:27:26","Anonymous","139287",,"cab97c1f-67b4-11f0-a847-0a0cda9789f2","1d31c59f-b420-4437-b3e7-3c1de5afa0a5",,,"true","False","QrCode","English","2025-11-11T03:25:04.2124Z",,,,,,,,,,,,,,,"68b5a5731f3cc3c03afa5646"
"516","IDM","BOROBUDUR","SHELTER","Exit Gate","IDM-BOROBUDUR-SHELTER -Exit Gate-01","5","Satisfied","5","sudah sangat bagus, bersih rapi dan nyaman, kami sangat betah dan sangat terinspirasi dgn sejarah dan kebudayaan.","Visitor Information, Signage, and Signage Clarity","Positive","5","5","5","5","5","5","Melakukan layanan secara profesional dan ramah (menjaga kontak mata, tersenyum tulus, dan memberikan solusi dengan empati)",,,,"Fasilitas shelter lengkap dan mendukung aktivitas pengguna",,,,"Shelter bersih dan terawat dengan baik",,,,"56f5bc80-f931-4e22-9fb5-998efa79d133","Completed","New","10-11-2025 14:40:41","Anonymous","126643",,"cab97c1f-67b4-11f0-a847-0a0cda9789f2","1d31c59f-b420-4437-b3e7-3c1de5afa0a5",,,"true","False","QrCode","Bahasa","2025-11-10T07:38:32.7718Z",,,,,,,,,,,,,,,"68b5a5731f3cc3c03afa5646"
"517","IDM","BOROBUDUR","SHELTER","Exit Gate","IDM-BOROBUDUR-SHELTER -Exit Gate-01","5","Satisfied","5","Semuanya sudah bagus","Shelter Facilities and Maintenance","Positive","5","5","5","5","5","5","Melakukan layanan secara profesional dan ramah (menjaga kontak mata, tersenyum tulus, dan memberikan solusi dengan empati)",,,,"Fasilitas shelter lengkap dan mendukung aktivitas pengguna",,,,"Shelter bersih dan terawat dengan baik|Shelter nyaman digunakan oleh penumpang saat menunggu",,,,"61120a70-04d3-4765-9619-5ed64167844a","Completed","New","10-11-2025 14:02:26","Anonymous","82327",,"cab97c1f-67b4-11f0-a847-0a0cda9789f2","1d31c59f-b420-4437-b3e7-3c1de5afa0a5",,,"true","False","QrCode","Bahasa","2025-11-10T07:01:04.3378Z",,,,,,,,,,,,,,,"68b5a5731f3cc3c03afa5646"
"518","IDM","BOROBUDUR","SHELTER","Exit Gate","IDM-BOROBUDUR-SHELTER -Exit Gate-01","5","Satisfied","5",,,,"5","5","5","5","5","5","Melakukan layanan secara profesional dan ramah (menjaga kontak mata, tersenyum tulus, dan memberikan solusi dengan empati)|Memiliki penampilan yang bersih dan rapi|Memberikan informasi dengan jelas dan akurat",,,,"Fasilitas shelter lengkap dan mendukung aktivitas pengguna|Shelter tersedia dengan baik dan mudah diakses oleh pengunjung",,,,"Shelter bersih dan terawat dengan baik|Shelter nyaman digunakan oleh penumpang saat menunggu|Alur tunggu di shelter tertata dengan baik dan mudah dipahami",,,,"082c30f7-bc1b-46d9-a920-16f070d29f2e","Completed","New","10-11-2025 10:57:01","Anonymous","107942",,"cab97c1f-67b4-11f0-a847-0a0cda9789f2","1d31c59f-b420-4437-b3e7-3c1de5afa0a5",,,"true","False","QrCode","English","2025-11-10T03:55:09.6637Z",,,,,,,,,,,,,,,"68b5a5731f3cc3c03afa5646"
"519","IDM","BOROBUDUR","SHELTER","Exit Gate","IDM-BOROBUDUR-SHELTER -Exit Gate-01","5","Satisfied","5","mantap","Shelter Facilities and Maintenance","Positive","4","4","4","4","4","4","Melakukan layanan secara profesional dan ramah (menjaga kontak mata, tersenyum tulus, dan memberikan solusi dengan empati)|Memiliki penampilan yang bersih dan rapi|Memberikan informasi dengan jelas dan akurat|Melayani dengan cepat dan tepat|Membantu dan memastikan kesiapan fasilitas",,,,"Fasilitas shelter lengkap dan mendukung aktivitas pengguna|Shelter tersedia dengan baik dan mudah diakses oleh pengunjung",,,,"Shelter bersih dan terawat dengan baik|Shelter nyaman digunakan oleh penumpang saat menunggu|Alur tunggu di shelter tertata dengan baik dan mudah dipahami",,,,"d491d79b-2ee5-4f86-b827-12db9e4c8179","Completed","New","09-11-2025 14:18:33","Anonymous","1813766",,"cab97c1f-67b4-11f0-a847-0a0cda9789f2","1d31c59f-b420-4437-b3e7-3c1de5afa0a5",,,"true","False","QrCode","Bahasa","2025-11-09T06:48:18.9149Z",,,,,,,,,,,,,,,"68b5a5731f3cc3c03afa5646"
"520","IDM","BOROBUDUR","SHELTER","Exit Gate","IDM-BOROBUDUR-SHELTER -Exit Gate-01","5","Satisfied","5","All good","Shelter Facilities and Maintenance","Positive","5","5","5","5","5","5","Melakukan layanan secara profesional dan ramah (menjaga kontak mata, tersenyum tulus, dan memberikan solusi dengan empati)|Melayani dengan cepat dan tepat|Membantu dan memastikan kesiapan fasilitas|Memberikan informasi dengan jelas dan akurat|Memiliki penampilan yang bersih dan rapi",,,,"Fasilitas shelter lengkap dan mendukung aktivitas pengguna|Shelter tersedia dengan baik dan mudah diakses oleh pengunjung",,,,"Shelter bersih dan terawat dengan baik|Shelter nyaman digunakan oleh penumpang saat menunggu|Alur tunggu di shelter tertata dengan baik dan mudah dipahami",,,,"afe626bb-016f-4d42-87bf-cc8bfcee37bd","Completed","New","09-11-2025 12:20:29","Anonymous","184964",,"cab97c1f-67b4-11f0-a847-0a0cda9789f2","1d31c59f-b420-4437-b3e7-3c1de5afa0a5",,,"true","False","QrCode","English","2025-11-09T05:17:24.2118Z",,,,,,,,,,,,,,,"68b5a5731f3cc3c03afa5646"
"521","IDM","BOROBUDUR","SHELTER","Exit Gate","IDM-BOROBUDUR-SHELTER -Exit Gate-01","5","Satisfied","5",,,,"5","5","5","5","5","5","Melakukan layanan secara profesional dan ramah (menjaga kontak mata, tersenyum tulus, dan memberikan solusi dengan empati)|Memiliki penampilan yang bersih dan rapi|Memberikan informasi dengan jelas dan akurat|Melayani dengan cepat dan tepat|Membantu dan memastikan kesiapan fasilitas",,,,"Fasilitas shelter lengkap dan mendukung aktivitas pengguna|Shelter tersedia dengan baik dan mudah diakses oleh pengunjung",,,,"Shelter bersih dan terawat dengan baik|Shelter nyaman digunakan oleh penumpang saat menunggu|Alur tunggu di shelter tertata dengan baik dan mudah dipahami",,,,"2e1d90f9-6795-4480-9467-b3013ce6060a","Completed","New","09-11-2025 12:18:36","Anonymous","36634",,"cab97c1f-67b4-11f0-a847-0a0cda9789f2","1d31c59f-b420-4437-b3e7-3c1de5afa0a5",,,"true","False","QrCode","Bahasa","2025-11-09T05:17:58.7932Z",,,,,,,,,,,,,,,"68b5a5731f3cc3c03afa5646"
"522","IDM","BOROBUDUR","SHELTER","Exit Gate","IDM-BOROBUDUR-SHELTER -Exit Gate-01","4","Satisfied","4","Berikan lebih banyak tempat shelter bus","Additional Amenities and Convenience Features","Neutral","4","4","4","4","4","4","Melakukan layanan secara profesional dan ramah (menjaga kontak mata, tersenyum tulus, dan memberikan solusi dengan empati)",,,,"Fasilitas shelter lengkap dan mendukung aktivitas pengguna",,,,"Shelter bersih dan terawat dengan baik",,,,"703bcfe7-ee79-4d84-84e0-188b8a012afe","Completed","New","09-11-2025 12:18:14","Anonymous","37480",,"cab97c1f-67b4-11f0-a847-0a0cda9789f2","1d31c59f-b420-4437-b3e7-3c1de5afa0a5",,,"true","False","QrCode","Bahasa","2025-11-09T05:17:36.6313Z",,,,,,,,,,,,,,,"68b5a5731f3cc3c03afa5646"
"523","IDM","BOROBUDUR","SHELTER","Exit Gate","IDM-BOROBUDUR-SHELTER -Exit Gate-01","5","Satisfied","5","tidak ada saran","Overall Visitor Experience and Cultural Appreciation","Neutral","5","5","5","5","5","5","Melakukan layanan secara profesional dan ramah (menjaga kontak mata, tersenyum tulus, dan memberikan solusi dengan empati)|Memberikan informasi dengan jelas dan akurat|Melayani dengan cepat dan tepat|Membantu dan memastikan kesiapan fasilitas|Memiliki penampilan yang bersih dan rapi",,,,"Fasilitas shelter lengkap dan mendukung aktivitas pengguna|Shelter tersedia dengan baik dan mudah diakses oleh pengunjung",,,,"Shelter bersih dan terawat dengan baik|Shelter nyaman digunakan oleh penumpang saat menunggu|Alur tunggu di shelter tertata dengan baik dan mudah dipahami",,,,"1271d924-c851-4858-9113-a5a5336b896b","Completed","New","09-11-2025 12:05:19","Anonymous","64155",,"cab97c1f-67b4-11f0-a847-0a0cda9789f2","1d31c59f-b420-4437-b3e7-3c1de5afa0a5",,,"true","False","QrCode","Bahasa","2025-11-09T05:04:14.1930Z",,,,,,,,,,,,,,,"68b5a5731f3cc3c03afa5646"
"524","IDM","BOROBUDUR","SHELTER","Exit Gate","IDM-BOROBUDUR-SHELTER -Exit Gate-01","4","Satisfied","4","Bagus","Shelter Facilities and Maintenance","Positive","4","4","4","4","4","4","Melakukan layanan secara profesional dan ramah (menjaga kontak mata, tersenyum tulus, dan memberikan solusi dengan empati)",,,,"Fasilitas shelter lengkap dan mendukung aktivitas pengguna",,,,"Shelter nyaman digunakan oleh penumpang saat menunggu",,,,"e22dd05b-5de0-490d-96e5-720d5b460542","Completed","New","09-11-2025 10:15:53","Anonymous","58821",,"cab97c1f-67b4-11f0-a847-0a0cda9789f2","1d31c59f-b420-4437-b3e7-3c1de5afa0a5",,,"true","False","QrCode","Bahasa","2025-11-09T03:14:53.9373Z",,,,,,,,,,,,,,,"68b5a5731f3cc3c03afa5646"
"525","IDM","BOROBUDUR","SHELTER","Exit Gate","IDM-BOROBUDUR-SHELTER -Exit Gate-01","5","Satisfied","5",,,,"5","5","5","5","5","5","Melakukan layanan secara profesional dan ramah (menjaga kontak mata, tersenyum tulus, dan memberikan solusi dengan empati)|Memiliki penampilan yang bersih dan rapi|Memberikan informasi dengan jelas dan akurat|Melayani dengan cepat dan tepat|Membantu dan memastikan kesiapan fasilitas",,,,"Fasilitas shelter lengkap dan mendukung aktivitas pengguna|Shelter tersedia dengan baik dan mudah diakses oleh pengunjung",,,,"Shelter bersih dan terawat dengan baik|Shelter nyaman digunakan oleh penumpang saat menunggu|Alur tunggu di shelter tertata dengan baik dan mudah dipahami",,,,"4eb826b2-8981-4cab-b58c-e7ebf672486b","Completed","New","08-11-2025 15:09:12","Anonymous","118705",,"cab97c1f-67b4-11f0-a847-0a0cda9789f2","1d31c59f-b420-4437-b3e7-3c1de5afa0a5",,,"true","False","QrCode","English","2025-11-08T08:07:09.0262Z",,,,,,,,,,,,,,,"68b5a5731f3cc3c03afa5646"
"526","IDM","BOROBUDUR","SHELTER","Exit Gate","IDM-BOROBUDUR-SHELTER -Exit Gate-01","4","Satisfied","4",,,,"4","4","5","5","5","5","Melayani dengan cepat dan tepat|Memberikan informasi dengan jelas dan akurat|Memiliki penampilan yang bersih dan rapi|Melakukan layanan secara profesional dan ramah (menjaga kontak mata, tersenyum tulus, dan memberikan solusi dengan empati)",,,,"Fasilitas shelter lengkap dan mendukung aktivitas pengguna|Shelter tersedia dengan baik dan mudah diakses oleh pengunjung",,,,"Shelter bersih dan terawat dengan baik|Shelter nyaman digunakan oleh penumpang saat menunggu|Alur tunggu di shelter tertata dengan baik dan mudah dipahami",,,,"5dded5fc-a310-4548-8aa4-1ae4ae94c4d4","Completed","New","08-11-2025 15:07:40","Anonymous","49162",,"cab97c1f-67b4-11f0-a847-0a0cda9789f2","1d31c59f-b420-4437-b3e7-3c1de5afa0a5",,,"true","False","QrCode","English","2025-11-08T08:06:49.4556Z",,,,,,,,,,,,,,,"68b5a5731f3cc3c03afa5646"
"527","IDM","BOROBUDUR","SHELTER","Exit Gate","IDM-BOROBUDUR-SHELTER -Exit Gate-01","5","Satisfied","5","Ngga ada, bagus banget....","Shelter Facilities and Maintenance","Positive","5","5","5","5","5","5","Memiliki penampilan yang bersih dan rapi|Melakukan layanan secara profesional dan ramah (menjaga kontak mata, tersenyum tulus, dan memberikan solusi dengan empati)|Memberikan informasi dengan jelas dan akurat|Melayani dengan cepat dan tepat|Membantu dan memastikan kesiapan fasilitas",,,,"Fasilitas shelter lengkap dan mendukung aktivitas pengguna|Shelter tersedia dengan baik dan mudah diakses oleh pengunjung",,,,"Shelter bersih dan terawat dengan baik|Shelter nyaman digunakan oleh penumpang saat menunggu|Alur tunggu di shelter tertata dengan baik dan mudah dipahami",,,,"9ebc4766-4449-4984-aaa3-35518f336e06","Completed","New","08-11-2025 15:06:57","Anonymous","67058",,"cab97c1f-67b4-11f0-a847-0a0cda9789f2","1d31c59f-b420-4437-b3e7-3c1de5afa0a5",,,"true","False","QrCode","Bahasa","2025-11-08T08:05:49.6483Z",,,,,,,,,,,,,,,"68b5a5731f3cc3c03afa5646"
"528","IDM","BOROBUDUR","SHELTER","Exit Gate","IDM-BOROBUDUR-SHELTER -Exit Gate-01","5","Satisfied","5",,,,"5","5","5","5","5","5","Melakukan layanan secara profesional dan ramah (menjaga kontak mata, tersenyum tulus, dan memberikan solusi dengan empati)|Memiliki penampilan yang bersih dan rapi|Memberikan informasi dengan jelas dan akurat|Melayani dengan cepat dan tepat|Membantu dan memastikan kesiapan fasilitas",,,,"Shelter tersedia dengan baik dan mudah diakses oleh pengunjung",,,,"Shelter bersih dan terawat dengan baik",,,,"ca7d971d-2330-46ae-b03d-1d04d42d618e","Completed","New","08-11-2025 14:20:51","Anonymous","79625",,"cab97c1f-67b4-11f0-a847-0a0cda9789f2","1d31c59f-b420-4437-b3e7-3c1de5afa0a5",,,"true","False","QrCode","English","2025-11-08T07:19:31.5062Z",,,,,,,,,,,,,,,"68b5a5731f3cc3c03afa5646"
"529","IDM","BOROBUDUR","SHELTER","Exit Gate","IDM-BOROBUDUR-SHELTER -Exit Gate-01","5","Satisfied","5","dah mantap","Shelter Facilities and Maintenance","Positive","5","5","5","5","5","5","Melakukan layanan secara profesional dan ramah (menjaga kontak mata, tersenyum tulus, dan memberikan solusi dengan empati)|Memiliki penampilan yang bersih dan rapi|Memberikan informasi dengan jelas dan akurat|Melayani dengan cepat dan tepat|Membantu dan memastikan kesiapan fasilitas",,,,"Fasilitas shelter lengkap dan mendukung aktivitas pengguna|Shelter tersedia dengan baik dan mudah diakses oleh pengunjung",,,,"Shelter bersih dan terawat dengan baik|Shelter nyaman digunakan oleh penumpang saat menunggu|Alur tunggu di shelter tertata dengan baik dan mudah dipahami",,,,"167497ad-ef2e-4555-8f14-492267ccdd54","Completed","New","08-11-2025 12:31:40","Anonymous","86316",,"cab97c1f-67b4-11f0-a847-0a0cda9789f2","1d31c59f-b420-4437-b3e7-3c1de5afa0a5",,,"true","False","QrCode","Bahasa","2025-11-08T05:30:14.0449Z",,,,,,,,,,,,,,,"68b5a5731f3cc3c03afa5646"
"530","IDM","BOROBUDUR","SHELTER","Exit Gate","IDM-BOROBUDUR-SHELTER -Exit Gate-01","5","Satisfied","5","Bagus n cepat","Shelter Facilities and Maintenance","Positive","5","5","5","5","5","5","Melakukan layanan secara profesional dan ramah (menjaga kontak mata, tersenyum tulus, dan memberikan solusi dengan empati)|Memiliki penampilan yang bersih dan rapi|Memberikan informasi dengan jelas dan akurat|Melayani dengan cepat dan tepat|Membantu dan memastikan kesiapan fasilitas",,,,"Fasilitas shelter lengkap dan mendukung aktivitas pengguna|Shelter tersedia dengan baik dan mudah diakses oleh pengunjung",,,,"Shelter bersih dan terawat dengan baik|Shelter nyaman digunakan oleh penumpang saat menunggu|Alur tunggu di shelter tertata dengan baik dan mudah dipahami",,,,"08c11d35-2055-48bd-9557-8a1e92290c35","Completed","New","08-11-2025 11:56:48","Anonymous","957883",,"cab97c1f-67b4-11f0-a847-0a0cda9789f2","1d31c59f-b420-4437-b3e7-3c1de5afa0a5",,,"true","False","QrCode","Bahasa","2025-11-08T04:40:49.7057Z",,,,,,,,,,,,,,,"68b5a5731f3cc3c03afa5646"
"531","IDM","BOROBUDUR","SHELTER","Exit Gate","IDM-BOROBUDUR-SHELTER -Exit Gate-01","5","Satisfied","5","baguss cuma pas pulangnya agak jauh","Shelter Location, Accessibility, and Arrangement","Neutral","5","5","5","5","5","5","Melakukan layanan secara profesional dan ramah (menjaga kontak mata, tersenyum tulus, dan memberikan solusi dengan empati)",,,,"Fasilitas shelter lengkap dan mendukung aktivitas pengguna",,,,"Shelter bersih dan terawat dengan baik",,,,"b2782dc2-6092-43aa-8ed2-79eb4194a86c","Completed","New","08-11-2025 11:33:39","Anonymous","69627",,"cab97c1f-67b4-11f0-a847-0a0cda9789f2","1d31c59f-b420-4437-b3e7-3c1de5afa0a5",,,"true","False","QrCode","Bahasa","2025-11-08T04:32:29.2054Z",,,,,,,,,,,,,,,"68b5a5731f3cc3c03afa5646"
"532","IDM","BOROBUDUR","SHELTER","Exit Gate","IDM-BOROBUDUR-SHELTER -Exit Gate-01","5","Satisfied","5",,,,"5","5","5","5","5","5","Melakukan layanan secara profesional dan ramah (menjaga kontak mata, tersenyum tulus, dan memberikan solusi dengan empati)|Memiliki penampilan yang bersih dan rapi|Memberikan informasi dengan jelas dan akurat|Melayani dengan cepat dan tepat|Membantu dan memastikan kesiapan fasilitas",,,,"Fasilitas shelter lengkap dan mendukung aktivitas pengguna|Shelter tersedia dengan baik dan mudah diakses oleh pengunjung",,,,"Shelter bersih dan terawat dengan baik|Shelter nyaman digunakan oleh penumpang saat menunggu|Alur tunggu di shelter tertata dengan baik dan mudah dipahami",,,,"91a0ab9c-e950-4c91-b693-889f04df6efb","Completed","New","08-11-2025 11:33:23","Anonymous","52226",,"cab97c1f-67b4-11f0-a847-0a0cda9789f2","1d31c59f-b420-4437-b3e7-3c1de5afa0a5",,,"true","False","QrCode","Bahasa","2025-11-08T04:32:30.7583Z",,,,,,,,,,,,,,,"68b5a5731f3cc3c03afa5646"
"533","IDM","BOROBUDUR","SHELTER","Exit Gate","IDM-BOROBUDUR-SHELTER -Exit Gate-01","4","Satisfied","4","Shelter terlalu jauh dari pintu turun candinya","Shelter Location, Accessibility, and Arrangement","Negative","5","5","4","4","5","5","Melakukan layanan secara profesional dan ramah (menjaga kontak mata, tersenyum tulus, dan memberikan solusi dengan empati)",,,,"Fasilitas shelter lengkap dan mendukung aktivitas pengguna",,,,"Shelter nyaman digunakan oleh penumpang saat menunggu",,,,"ef60d391-4026-4c50-8a4f-da53b02b5694","Completed","New","08-11-2025 10:55:14","Anonymous","240072",,"cab97c1f-67b4-11f0-a847-0a0cda9789f2","1d31c59f-b420-4437-b3e7-3c1de5afa0a5",,,"true","False","QrCode","Bahasa","2025-11-08T03:51:14.8470Z",,,,,,,,,,,,,,,"68b5a5731f3cc3c03afa5646"
"534","IDM","BOROBUDUR","SHELTER","Exit Gate","IDM-BOROBUDUR-SHELTER -Exit Gate-01","3","Neutral","3","Perhaps if possible more shelters on the land before the land/ area of the borobudur","Shelter Location, Accessibility, and Arrangement|Additional Amenities and Convenience Features","Neutral","4","4","3","3","4","4","Membantu dan memastikan kesiapan fasilitas",,,,,,"Fasilitas shelter kurang lengkap dan belum mendukung kenyamanan pengguna",,"Alur tunggu di shelter tertata dengan baik dan mudah dipahami",,,,"a10e7fa4-74ed-40e3-951c-abed0524259b","Completed","New","08-11-2025 10:32:45","Anonymous","284375",,"cab97c1f-67b4-11f0-a847-0a0cda9789f2","1d31c59f-b420-4437-b3e7-3c1de5afa0a5",,,"true","False","QrCode","English","2025-11-08T03:27:59.7025Z",,,,,,,,,,,,,,,"68b5a5731f3cc3c03afa5646"
"535","IDM","BOROBUDUR","SHELTER","Exit Gate","IDM-BOROBUDUR-SHELTER -Exit Gate-01","4","Satisfied","4","To install fans","Additional Amenities and Convenience Features","Neutral","4","4","4","4","5","5","Melakukan layanan secara profesional dan ramah (menjaga kontak mata, tersenyum tulus, dan memberikan solusi dengan empati)|Memiliki penampilan yang bersih dan rapi|Memberikan informasi dengan jelas dan akurat",,,,"Shelter tersedia dengan baik dan mudah diakses oleh pengunjung",,,,"Shelter bersih dan terawat dengan baik|Shelter nyaman digunakan oleh penumpang saat menunggu|Alur tunggu di shelter tertata dengan baik dan mudah dipahami",,,,"2bc205fc-9f1e-4220-9767-19cff30dc756","Completed","New","08-11-2025 10:22:57","Anonymous","71863",,"cab97c1f-67b4-11f0-a847-0a0cda9789f2","1d31c59f-b420-4437-b3e7-3c1de5afa0a5",,,"true","False","QrCode","English","2025-11-08T03:21:45.2837Z",,,,,,,,,,,,,,,"68b5a5731f3cc3c03afa5646"
"536","IDM","BOROBUDUR","SHELTER","Exit Gate","IDM-BOROBUDUR-SHELTER -Exit Gate-01","4","Satisfied","4","Can improve","Shelter Facilities and Maintenance","Neutral","4","4","4","4","4","4","Melayani dengan cepat dan tepat",,,,"Fasilitas shelter lengkap dan mendukung aktivitas pengguna",,,,"Shelter bersih dan terawat dengan baik",,,,"e9cc9643-5d56-43d6-92ba-74f9e491485d","Completed","New","08-11-2025 10:22:06","Anonymous","49952",,"cab97c1f-67b4-11f0-a847-0a0cda9789f2","1d31c59f-b420-4437-b3e7-3c1de5afa0a5",,,"true","False","QrCode","English","2025-11-08T03:21:15.6035Z",,,,,,,,,,,,,,,"68b5a5731f3cc3c03afa5646"
"537","IDM","BOROBUDUR","SHELTER","Exit Gate","IDM-BOROBUDUR-SHELTER -Exit Gate-01","5","Satisfied","5","so far sudah oke","Overall Visitor Experience and Cultural Appreciation|Shelter Facilities and Maintenance","Positive","5","5","5","5","5","5","Melakukan layanan secara profesional dan ramah (menjaga kontak mata, tersenyum tulus, dan memberikan solusi dengan empati)|Memiliki penampilan yang bersih dan rapi|Memberikan informasi dengan jelas dan akurat|Melayani dengan cepat dan tepat|Membantu dan memastikan kesiapan fasilitas",,,,"Fasilitas shelter lengkap dan mendukung aktivitas pengguna",,,,"Shelter nyaman digunakan oleh penumpang saat menunggu|Alur tunggu di shelter tertata dengan baik dan mudah dipahami|Shelter bersih dan terawat dengan baik",,,,"de731eb1-2d1c-4674-96f7-e564a064e1aa","Completed","New","07-11-2025 16:00:32","Anonymous","60219",,"cab97c1f-67b4-11f0-a847-0a0cda9789f2","1d31c59f-b420-4437-b3e7-3c1de5afa0a5",,,"true","False","QrCode","Bahasa","2025-11-07T08:59:29.6116Z",,,,,,,,,,,,,,,"68b5a5731f3cc3c03afa5646"
"538","IDM","BOROBUDUR","SHELTER","Exit Gate","IDM-BOROBUDUR-SHELTER -Exit Gate-01","2","Not Satisfied","2","Terlalu jauh sama papan penunjuk nya kurang","Visitor Information, Signage, and Signage Clarity","Negative","4","4","4","4","4","4","Melakukan layanan secara profesional dan ramah (menjaga kontak mata, tersenyum tulus, dan memberikan solusi dengan empati)",,,,"Shelter tersedia dengan baik dan mudah diakses oleh pengunjung",,,,"Alur tunggu di shelter tertata dengan baik dan mudah dipahami",,,,"cc4ab683-e6ac-42f8-b748-f7ffa9fe8619","Completed","New","07-11-2025 16:00:21","Anonymous","41691",,"cab97c1f-67b4-11f0-a847-0a0cda9789f2","1d31c59f-b420-4437-b3e7-3c1de5afa0a5",,,"true","False","QrCode","Bahasa","2025-11-07T08:59:39.8053Z",,,,,,,,,,,,,,,"68b5a5731f3cc3c03afa5646"
"539","IDM","BOROBUDUR","SHELTER","Exit Gate","IDM-BOROBUDUR-SHELTER -Exit Gate-01","5","Satisfied","5","good","Overall Visitor Experience and Cultural Appreciation|Shelter Facilities and Maintenance","Positive","5","5","5","5","5","5","Melakukan layanan secara profesional dan ramah (menjaga kontak mata, tersenyum tulus, dan memberikan solusi dengan empati)|Memiliki penampilan yang bersih dan rapi|Memberikan informasi dengan jelas dan akurat|Melayani dengan cepat dan tepat|Membantu dan memastikan kesiapan fasilitas",,,,"Fasilitas shelter lengkap dan mendukung aktivitas pengguna|Shelter tersedia dengan baik dan mudah diakses oleh pengunjung",,,,"Shelter bersih dan terawat dengan baik|Shelter nyaman digunakan oleh penumpang saat menunggu|Alur tunggu di shelter tertata dengan baik dan mudah dipahami",,,,"fe2a1b20-f8d4-47cd-beb5-0fb3ab901460","Completed","New","07-11-2025 13:38:01","Anonymous","103810",,"cab97c1f-67b4-11f0-a847-0a0cda9789f2","1d31c59f-b420-4437-b3e7-3c1de5afa0a5",,,"true","False","QrCode","Bahasa","2025-11-07T06:36:17.0571Z",,,,,,,,,,,,,,,"68b5a5731f3cc3c03afa5646"
"540","IDM","BOROBUDUR","SHELTER","Exit Gate","IDM-BOROBUDUR-SHELTER -Exit Gate-01","5","Satisfied","5","Sangat membantu","Shelter Facilities and Maintenance","Positive","5","5","5","5","5","5","Melakukan layanan secara profesional dan ramah (menjaga kontak mata, tersenyum tulus, dan memberikan solusi dengan empati)|Memiliki penampilan yang bersih dan rapi|Memberikan informasi dengan jelas dan akurat",,,,"Shelter tersedia dengan baik dan mudah diakses oleh pengunjung",,,,"Shelter bersih dan terawat dengan baik|Shelter nyaman digunakan oleh penumpang saat menunggu|Alur tunggu di shelter tertata dengan baik dan mudah dipahami",,,,"348aecca-c6dc-41e9-b9e0-c1da816b95b8","Completed","New","07-11-2025 13:18:48","Anonymous","94241",,"cab97c1f-67b4-11f0-a847-0a0cda9789f2","1d31c59f-b420-4437-b3e7-3c1de5afa0a5",,,"true","False","QrCode","Bahasa","2025-11-07T06:17:13.9130Z",,,,,,,,,,,,,,,"68b5a5731f3cc3c03afa5646"
"541","IDM","BOROBUDUR","SHELTER","Exit Gate","IDM-BOROBUDUR-SHELTER -Exit Gate-01","5","Satisfied","5","Shelter sangat bersih dan cepat","Shelter Facilities and Maintenance","Positive","5","5","5","5","5","5","Melakukan layanan secara profesional dan ramah (menjaga kontak mata, tersenyum tulus, dan memberikan solusi dengan empati)|Memiliki penampilan yang bersih dan rapi|Memberikan informasi dengan jelas dan akurat|Melayani dengan cepat dan tepat|Membantu dan memastikan kesiapan fasilitas",,,,"Fasilitas shelter lengkap dan mendukung aktivitas pengguna|Shelter tersedia dengan baik dan mudah diakses oleh pengunjung",,,,"Shelter bersih dan terawat dengan baik|Shelter nyaman digunakan oleh penumpang saat menunggu|Alur tunggu di shelter tertata dengan baik dan mudah dipahami",,,,"f54a8e51-88f9-4ebf-8e3c-6d609b0b4a0d","Completed","New","07-11-2025 12:43:21","Anonymous","78126",,"cab97c1f-67b4-11f0-a847-0a0cda9789f2","1d31c59f-b420-4437-b3e7-3c1de5afa0a5",,,"true","False","QrCode","Bahasa","2025-11-07T05:42:03.0005Z",,,,,,,,,,,,,,,"68b5a5731f3cc3c03afa5646"
"542","IDM","BOROBUDUR","SHELTER","Exit Gate","IDM-BOROBUDUR-SHELTER -Exit Gate-01","5","Satisfied","5",,,,"5","5","5","5","5","5","Melakukan layanan secara profesional dan ramah (menjaga kontak mata, tersenyum tulus, dan memberikan solusi dengan empati)|Memiliki penampilan yang bersih dan rapi|Melayani dengan cepat dan tepat|Membantu dan memastikan kesiapan fasilitas|Memberikan informasi dengan jelas dan akurat",,,,"Fasilitas shelter lengkap dan mendukung aktivitas pengguna|Shelter tersedia dengan baik dan mudah diakses oleh pengunjung",,,,"Shelter bersih dan terawat dengan baik|Shelter nyaman digunakan oleh penumpang saat menunggu|Alur tunggu di shelter tertata dengan baik dan mudah dipahami",,,,"1d35445a-185d-41cc-8aec-8d53a44e506d","Completed","New","07-11-2025 12:26:52","Anonymous","40527",,"cab97c1f-67b4-11f0-a847-0a0cda9789f2","1d31c59f-b420-4437-b3e7-3c1de5afa0a5",,,"true","False","QrCode","Bahasa","2025-11-07T05:26:10.6362Z",,,,,,,,,,,,,,,"68b5a5731f3cc3c03afa5646"
"543","IDM","BOROBUDUR","SHELTER","Exit Gate","IDM-BOROBUDUR-SHELTER -Exit Gate-01","5","Satisfied","5",,,,"5","5","5","5","5","5","Melakukan layanan secara profesional dan ramah (menjaga kontak mata, tersenyum tulus, dan memberikan solusi dengan empati)|Memiliki penampilan yang bersih dan rapi|Membantu dan memastikan kesiapan fasilitas",,,,"Fasilitas shelter lengkap dan mendukung aktivitas pengguna",,,,"Shelter bersih dan terawat dengan baik|Shelter nyaman digunakan oleh penumpang saat menunggu",,,,"319bd682-eeb8-4fd7-977d-83367f21155c","Completed","New","07-11-2025 12:26:27","Anonymous","52015",,"cab97c1f-67b4-11f0-a847-0a0cda9789f2","1d31c59f-b420-4437-b3e7-3c1de5afa0a5",,,"true","False","QrCode","Bahasa","2025-11-07T05:25:34.8911Z",,,,,,,,,,,,,,,"68b5a5731f3cc3c03afa5646"
"544","IDM","BOROBUDUR","SHELTER","Exit Gate","IDM-BOROBUDUR-SHELTER -Exit Gate-01","4","Satisfied","4","Sudah baik sekali","Shelter Facilities and Maintenance","Positive","4","4","4","4","4","4","Melakukan layanan secara profesional dan ramah (menjaga kontak mata, tersenyum tulus, dan memberikan solusi dengan empati)",,,,"Shelter tersedia dengan baik dan mudah diakses oleh pengunjung",,,,"Shelter bersih dan terawat dengan baik",,,,"a1935166-c554-4db9-8f52-5423f0640f42","Completed","New","07-11-2025 12:18:59","Anonymous","323494",,"cab97c1f-67b4-11f0-a847-0a0cda9789f2","1d31c59f-b420-4437-b3e7-3c1de5afa0a5",,,"true","False","QrCode","Bahasa","2025-11-07T05:13:35.2363Z",,,,,,,,,,,,,,,"68b5a5731f3cc3c03afa5646"
"545","IDM","BOROBUDUR","SHELTER","Exit Gate","IDM-BOROBUDUR-SHELTER -Exit Gate-01","5","Satisfied","5","sangaaat puass","Overall Visitor Experience and Cultural Appreciation","Neutral","5","5","5","5","5","5","Melakukan layanan secara profesional dan ramah (menjaga kontak mata, tersenyum tulus, dan memberikan solusi dengan empati)|Memiliki penampilan yang bersih dan rapi|Memberikan informasi dengan jelas dan akurat|Melayani dengan cepat dan tepat|Membantu dan memastikan kesiapan fasilitas",,,,"Fasilitas shelter lengkap dan mendukung aktivitas pengguna|Shelter tersedia dengan baik dan mudah diakses oleh pengunjung",,,,"Shelter bersih dan terawat dengan baik|Shelter nyaman digunakan oleh penumpang saat menunggu|Alur tunggu di shelter tertata dengan baik dan mudah dipahami",,,,"f496833d-6e4d-41fe-b801-c19d4121dce3","Completed","New","07-11-2025 12:17:19","Anonymous","190365",,"cab97c1f-67b4-11f0-a847-0a0cda9789f2","1d31c59f-b420-4437-b3e7-3c1de5afa0a5",,,"true","False","QrCode","Bahasa","2025-11-07T05:14:08.5271Z",,,,,,,,,,,,,,,"68b5a5731f3cc3c03afa5646"
"546","IDM","BOROBUDUR","SHELTER","Exit Gate","IDM-BOROBUDUR-SHELTER -Exit Gate-01","4","Satisfied","4",,,,"5","5","5","5","5","5","Melakukan layanan secara profesional dan ramah (menjaga kontak mata, tersenyum tulus, dan memberikan solusi dengan empati)|Memiliki penampilan yang bersih dan rapi|Memberikan informasi dengan jelas dan akurat|Melayani dengan cepat dan tepat|Membantu dan memastikan kesiapan fasilitas",,,,"Fasilitas shelter lengkap dan mendukung aktivitas pengguna|Shelter tersedia dengan baik dan mudah diakses oleh pengunjung",,,,"Shelter bersih dan terawat dengan baik|Shelter nyaman digunakan oleh penumpang saat menunggu|Alur tunggu di shelter tertata dengan baik dan mudah dipahami",,,,"e627ee83-fdd4-4681-9698-fe675a3c2e2b","Completed","New","07-11-2025 11:25:14","Anonymous","47373",,"cab97c1f-67b4-11f0-a847-0a0cda9789f2","1d31c59f-b420-4437-b3e7-3c1de5afa0a5",,,"true","False","QrCode","English","2025-11-07T04:24:25.1775Z",,,,,,,,,,,,,,,"68b5a5731f3cc3c03afa5646"
"547","IDM","BOROBUDUR","SHELTER","Exit Gate","IDM-BOROBUDUR-SHELTER -Exit Gate-01","5","Satisfied","5","Nil","Overall Visitor Experience and Cultural Appreciation","Neutral","5","5","5","5","5","5","Melakukan layanan secara profesional dan ramah (menjaga kontak mata, tersenyum tulus, dan memberikan solusi dengan empati)|Memiliki penampilan yang bersih dan rapi|Memberikan informasi dengan jelas dan akurat|Melayani dengan cepat dan tepat|Membantu dan memastikan kesiapan fasilitas",,,,"Fasilitas shelter lengkap dan mendukung aktivitas pengguna|Shelter tersedia dengan baik dan mudah diakses oleh pengunjung",,,,"Shelter bersih dan terawat dengan baik|Shelter nyaman digunakan oleh penumpang saat menunggu|Alur tunggu di shelter tertata dengan baik dan mudah dipahami",,,,"447fa5c9-aa03-4e24-815a-a38344f22ce8","Completed","New","07-11-2025 11:20:34","Anonymous","26869",,"cab97c1f-67b4-11f0-a847-0a0cda9789f2","1d31c59f-b420-4437-b3e7-3c1de5afa0a5",,,"true","False","QrCode","English","2025-11-07T04:20:07.2613Z",,,,,,,,,,,,,,,"68b5a5731f3cc3c03afa5646"
"548","IDM","BOROBUDUR","SHELTER","Exit Gate","IDM-BOROBUDUR-SHELTER -Exit Gate-01","4","Satisfied","4","it's quite good","Overall Visitor Experience and Cultural Appreciation|Shelter Facilities and Maintenance","Positive","4","4","4","4","4","4","Melakukan layanan secara profesional dan ramah (menjaga kontak mata, tersenyum tulus, dan memberikan solusi dengan empati)|Memiliki penampilan yang bersih dan rapi|Memberikan informasi dengan jelas dan akurat|Melayani dengan cepat dan tepat|Membantu dan memastikan kesiapan fasilitas",,,,"Shelter tersedia dengan baik dan mudah diakses oleh pengunjung",,,,"Shelter bersih dan terawat dengan baik|Shelter nyaman digunakan oleh penumpang saat menunggu|Alur tunggu di shelter tertata dengan baik dan mudah dipahami",,,,"62f0d375-b4ed-46dd-8dda-1768e1225587","Completed","New","07-11-2025 11:20:24","Anonymous","35860",,"cab97c1f-67b4-11f0-a847-0a0cda9789f2","1d31c59f-b420-4437-b3e7-3c1de5afa0a5",,,"true","False","QrCode","English","2025-11-07T04:19:47.1906Z",,,,,,,,,,,,,,,"68b5a5731f3cc3c03afa5646"
"549","IDM","BOROBUDUR","SHELTER","Exit Gate","IDM-BOROBUDUR-SHELTER -Exit Gate-01","4","Satisfied","4","Good","Overall Visitor Experience and Cultural Appreciation|Shelter Facilities and Maintenance","Positive","5","5","5","5","5","5","Memberikan informasi dengan jelas dan akurat",,,,"Fasilitas shelter lengkap dan mendukung aktivitas pengguna",,,,"Shelter bersih dan terawat dengan baik",,,,"61320746-39ed-45aa-bcdf-9965385e8d9f","Completed","New","07-11-2025 10:27:45","Anonymous","159990",,"cab97c1f-67b4-11f0-a847-0a0cda9789f2","1d31c59f-b420-4437-b3e7-3c1de5afa0a5",,,"true","False","QrCode","Bahasa","2025-11-07T03:25:04.9885Z",,,,,,,,,,,,,,,"68b5a5731f3cc3c03afa5646"
"550","IDM","BOROBUDUR","SHELTER","Exit Gate","IDM-BOROBUDUR-SHELTER -Exit Gate-01","4","Satisfied","4","Penutup hujan nya di bikin bagus lagi","Shelter Facilities and Maintenance","Neutral","4","4","4","4","4","4","Melakukan layanan secara profesional dan ramah (menjaga kontak mata, tersenyum tulus, dan memberikan solusi dengan empati)",,,,"Shelter tersedia dengan baik dan mudah diakses oleh pengunjung",,,,"Shelter nyaman digunakan oleh penumpang saat menunggu",,,,"596f0346-fbd9-42c6-a7b7-ec9ccb6e1d46","Completed","New","06-11-2025 14:24:27","Anonymous","139723",,"cab97c1f-67b4-11f0-a847-0a0cda9789f2","1d31c59f-b420-4437-b3e7-3c1de5afa0a5",,,"true","False","QrCode","Bahasa","2025-11-06T07:22:07.1208Z",,,,,,,,,,,,,,,"68b5a5731f3cc3c03afa5646"
"551","IDM","BOROBUDUR","SHELTER","Exit Gate","IDM-BOROBUDUR-SHELTER -Exit Gate-01","5","Satisfied","5","Diberikan jalur khusus untuk shalter bus dan sepeda","Transportation and Shuttle Services|Additional Amenities and Convenience Features","Positive","5","5","5","5","5","5","Melakukan layanan secara profesional dan ramah (menjaga kontak mata, tersenyum tulus, dan memberikan solusi dengan empati)|Memiliki penampilan yang bersih dan rapi|Memberikan informasi dengan jelas dan akurat|Melayani dengan cepat dan tepat|Membantu dan memastikan kesiapan fasilitas",,,,"Fasilitas shelter lengkap dan mendukung aktivitas pengguna|Shelter tersedia dengan baik dan mudah diakses oleh pengunjung",,,,"Shelter nyaman digunakan oleh penumpang saat menunggu|Alur tunggu di shelter tertata dengan baik dan mudah dipahami",,,,"e67c61b0-0206-43f6-b4a7-694a239e790d","Completed","New","06-11-2025 13:50:53","Anonymous","188087",,"cab97c1f-67b4-11f0-a847-0a0cda9789f2","1d31c59f-b420-4437-b3e7-3c1de5afa0a5",,,"true","False","QrCode","Bahasa","2025-11-06T06:47:44.4944Z",,,,,,,,,,,,,,,"68b5a5731f3cc3c03afa5646"
"552","IDM","BOROBUDUR","SHELTER","Exit Gate","IDM-BOROBUDUR-SHELTER -Exit Gate-01","5","Satisfied","5",,,,"5","5","5","5","5","5","Memberikan informasi dengan jelas dan akurat",,,,"Fasilitas shelter lengkap dan mendukung aktivitas pengguna|Shelter tersedia dengan baik dan mudah diakses oleh pengunjung",,,,"Shelter bersih dan terawat dengan baik|Shelter nyaman digunakan oleh penumpang saat menunggu|Alur tunggu di shelter tertata dengan baik dan mudah dipahami",,,,"69bf027c-611c-496e-83fe-cb301f096d7a","Completed","New","06-11-2025 13:22:01","Anonymous","79245",,"cab97c1f-67b4-11f0-a847-0a0cda9789f2","1d31c59f-b420-4437-b3e7-3c1de5afa0a5",,,"true","False","QrCode","Bahasa","2025-11-06T06:20:40.6843Z",,,,,,,,,,,,,,,"68b5a5731f3cc3c03afa5646"
"553","IDM","BOROBUDUR","SHELTER","Exit Gate","IDM-BOROBUDUR-SHELTER -Exit Gate-01","5","Satisfied","5","Sdh sangat baik,,","Shelter Facilities and Maintenance","Positive","5","5","5","5","5","5","Melakukan layanan secara profesional dan ramah (menjaga kontak mata, tersenyum tulus, dan memberikan solusi dengan empati)|Memiliki penampilan yang bersih dan rapi|Memberikan informasi dengan jelas dan akurat|Melayani dengan cepat dan tepat|Membantu dan memastikan kesiapan fasilitas",,,,"Fasilitas shelter lengkap dan mendukung aktivitas pengguna|Shelter tersedia dengan baik dan mudah diakses oleh pengunjung",,,,"Shelter bersih dan terawat dengan baik|Shelter nyaman digunakan oleh penumpang saat menunggu|Alur tunggu di shelter tertata dengan baik dan mudah dipahami",,,,"344c0db7-4f24-4077-8910-df2252b5b57e","Completed","New","06-11-2025 12:44:33","Anonymous","192377",,"cab97c1f-67b4-11f0-a847-0a0cda9789f2","1d31c59f-b420-4437-b3e7-3c1de5afa0a5",,,"true","False","QrCode","Bahasa","2025-11-06T05:41:20.4977Z",,,,,,,,,,,,,,,"68b5a5731f3cc3c03afa5646"
"554","IDM","BOROBUDUR","SHELTER","Exit Gate","IDM-BOROBUDUR-SHELTER -Exit Gate-01","4","Satisfied","4","Keren","Overall Visitor Experience and Cultural Appreciation","Positive","5","5","5","5","4","4","Melakukan layanan secara profesional dan ramah (menjaga kontak mata, tersenyum tulus, dan memberikan solusi dengan empati)|Memiliki penampilan yang bersih dan rapi|Memberikan informasi dengan jelas dan akurat|Melayani dengan cepat dan tepat|Membantu dan memastikan kesiapan fasilitas",,,,"Fasilitas shelter lengkap dan mendukung aktivitas pengguna|Shelter tersedia dengan baik dan mudah diakses oleh pengunjung",,,,"Shelter bersih dan terawat dengan baik|Shelter nyaman digunakan oleh penumpang saat menunggu|Alur tunggu di shelter tertata dengan baik dan mudah dipahami",,,,"2cd237de-3f83-448f-82a2-439c6d2b77d9","Completed","New","05-11-2025 14:12:22","Anonymous","87436",,"cab97c1f-67b4-11f0-a847-0a0cda9789f2","1d31c59f-b420-4437-b3e7-3c1de5afa0a5",,,"true","False","QrCode","Bahasa","2025-11-05T07:10:54.6720Z",,,,,,,,,,,,,,,"68b5a5731f3cc3c03afa5646"
"555","IDM","BOROBUDUR","SHELTER","Exit Gate","IDM-BOROBUDUR-SHELTER -Exit Gate-01","5","Satisfied","5","Bahagia","Overall Visitor Experience and Cultural Appreciation","Positive","5","5","5","5","5","5","Memiliki penampilan yang bersih dan rapi",,,,"Shelter tersedia dengan baik dan mudah diakses oleh pengunjung",,,,"Alur tunggu di shelter tertata dengan baik dan mudah dipahami",,,,"33c9a183-be7e-47dc-af70-2da6a99292ad","Completed","New","05-11-2025 13:56:36","Anonymous","39962",,"cab97c1f-67b4-11f0-a847-0a0cda9789f2","1d31c59f-b420-4437-b3e7-3c1de5afa0a5",,,"true","False","QrCode","Bahasa","2025-11-05T06:55:55.6677Z",,,,,,,,,,,,,,,"68b5a5731f3cc3c03afa5646"
"556","IDM","BOROBUDUR","SHELTER","Exit Gate","IDM-BOROBUDUR-SHELTER -Exit Gate-01","5","Satisfied","5","Kurang dekat aja","Shelter Location, Accessibility, and Arrangement","Negative","5","5","5","5","5","5","Melakukan layanan secara profesional dan ramah (menjaga kontak mata, tersenyum tulus, dan memberikan solusi dengan empati)",,,,"Shelter tersedia dengan baik dan mudah diakses oleh pengunjung",,,,"Alur tunggu di shelter tertata dengan baik dan mudah dipahami",,,,"5be90cd2-916c-40cb-af79-675111dff3af","Completed","New","05-11-2025 12:22:40","Anonymous","81548",,"cab97c1f-67b4-11f0-a847-0a0cda9789f2","1d31c59f-b420-4437-b3e7-3c1de5afa0a5",,,"true","False","QrCode","Bahasa","2025-11-05T05:21:18.6916Z",,,,,,,,,,,,,,,"68b5a5731f3cc3c03afa5646"
"557","IDM","BOROBUDUR","SHELTER","Exit Gate","IDM-BOROBUDUR-SHELTER -Exit Gate-01","4","Satisfied","4","Lokasi bis shelter untuk kembali agak terlalu jauh, mohon dipertimbangkan untuk diperdekat","Shelter Location, Accessibility, and Arrangement","Negative","4","4","4","4","4","4","Melayani dengan cepat dan tepat|Membantu dan memastikan kesiapan fasilitas",,,,"Fasilitas shelter lengkap dan mendukung aktivitas pengguna",,,,"Shelter bersih dan terawat dengan baik|Shelter nyaman digunakan oleh penumpang saat menunggu|Alur tunggu di shelter tertata dengan baik dan mudah dipahami",,,,"36696a32-9176-48e4-8256-a2f87d7f1027","Completed","New","05-11-2025 11:16:13","Anonymous","96815",,"cab97c1f-67b4-11f0-a847-0a0cda9789f2","1d31c59f-b420-4437-b3e7-3c1de5afa0a5",,,"true","False","QrCode","Bahasa","2025-11-05T04:14:36.4779Z",,,,,,,,,,,,,,,"68b5a5731f3cc3c03afa5646"
"558","IDM","BOROBUDUR","SHELTER","Exit Gate","IDM-BOROBUDUR-SHELTER -Exit Gate-01","5","Satisfied","5","Mantap","Overall Visitor Experience and Cultural Appreciation","Positive","5","5","5","5","5","5","Lainnya|Membantu dan memastikan kesiapan fasilitas|Melakukan layanan secara profesional dan ramah (menjaga kontak mata, tersenyum tulus, dan memberikan solusi dengan empati)|Memiliki penampilan yang bersih dan rapi|Memberikan informasi dengan jelas dan akurat|Melayani dengan cepat dan tepat","Baik",,,"Fasilitas shelter lengkap dan mendukung aktivitas pengguna",,,,"Shelter nyaman digunakan oleh penumpang saat menunggu",,,,"ea8822c3-8d2f-4077-aab0-9fa18e04ce79","Completed","New","05-11-2025 11:01:42","Anonymous","59971",,"cab97c1f-67b4-11f0-a847-0a0cda9789f2","1d31c59f-b420-4437-b3e7-3c1de5afa0a5",,,"true","False","QrCode","Bahasa","2025-11-05T04:00:41.8854Z",,,,,,,,,,,,,,,"68b5a5731f3cc3c03afa5646"
"559","IDM","BOROBUDUR","SHELTER","Exit Gate","IDM-BOROBUDUR-SHELTER -Exit Gate-01","5","Satisfied","5","Pengalaman  wisata yang sangat mengesankan. Bangunan candinya begitu megah dan sangat cantik 🥰 semoga lain kali bisa berkunjung lagi ditempat yang sangat menarik dan artistik ini","Overall Visitor Experience and Cultural Appreciation","Positive","5","5","5","5","5","5","Melakukan layanan secara profesional dan ramah (menjaga kontak mata, tersenyum tulus, dan memberikan solusi dengan empati)",,,,"Shelter tersedia dengan baik dan mudah diakses oleh pengunjung|Fasilitas shelter lengkap dan mendukung aktivitas pengguna",,,,"Shelter bersih dan terawat dengan baik|Shelter nyaman digunakan oleh penumpang saat menunggu|Alur tunggu di shelter tertata dengan baik dan mudah dipahami",,,,"ea6564ec-2abe-4895-a74b-13d4f8c46c2c","Completed","New","04-11-2025 13:35:58","Anonymous","404752",,"cab97c1f-67b4-11f0-a847-0a0cda9789f2","1d31c59f-b420-4437-b3e7-3c1de5afa0a5",,,"true","False","QrCode","Bahasa","2025-11-04T06:29:13.3631Z",,,,,,,,,,,,,,,"68b5a5731f3cc3c03afa5646"
"560","IDM","BOROBUDUR","SHELTER","Exit Gate","IDM-BOROBUDUR-SHELTER -Exit Gate-01","5","Satisfied","5",,,,"5","5","5","5","5","5","Melakukan layanan secara profesional dan ramah (menjaga kontak mata, tersenyum tulus, dan memberikan solusi dengan empati)|Memiliki penampilan yang bersih dan rapi|Memberikan informasi dengan jelas dan akurat|Melayani dengan cepat dan tepat|Membantu dan memastikan kesiapan fasilitas",,,,"Fasilitas shelter lengkap dan mendukung aktivitas pengguna|Shelter tersedia dengan baik dan mudah diakses oleh pengunjung",,,,"Shelter bersih dan terawat dengan baik|Shelter nyaman digunakan oleh penumpang saat menunggu|Alur tunggu di shelter tertata dengan baik dan mudah dipahami",,,,"3cd133c5-21b2-4446-8772-2eaaf058f888","Completed","New","04-11-2025 10:10:13","Anonymous","57286",,"cab97c1f-67b4-11f0-a847-0a0cda9789f2","1d31c59f-b420-4437-b3e7-3c1de5afa0a5",,,"true","False","QrCode","English","2025-11-04T03:09:14.7498Z",,,,,,,,,,,,,,,"68b5a5731f3cc3c03afa5646"
"561","IDM","BOROBUDUR","SHELTER","Exit Gate","IDM-BOROBUDUR-SHELTER -Exit Gate-01","5","Satisfied","5",,,,"5","5","5","5","5","5","Melayani dengan cepat dan tepat|Membantu dan memastikan kesiapan fasilitas",,,,"Shelter tersedia dengan baik dan mudah diakses oleh pengunjung",,,,"Shelter bersih dan terawat dengan baik|Alur tunggu di shelter tertata dengan baik dan mudah dipahami",,,,"5a6b3df6-09ba-47aa-abbc-30f0e61367ce","Completed","New","04-11-2025 10:10:03","Anonymous","40208",,"cab97c1f-67b4-11f0-a847-0a0cda9789f2","1d31c59f-b420-4437-b3e7-3c1de5afa0a5",,,"true","False","QrCode","English","2025-11-04T03:09:19.7948Z",,,,,,,,,,,,,,,"68b5a5731f3cc3c03afa5646"
"562","IDM","BOROBUDUR","SHELTER","Exit Gate","IDM-BOROBUDUR-SHELTER -Exit Gate-01","5","Satisfied","5","Slipper cut into my feet","Shelter Facilities and Maintenance","Negative","5","5","5","5","5","5","Membantu dan memastikan kesiapan fasilitas",,,,"Shelter tersedia dengan baik dan mudah diakses oleh pengunjung",,,,"Shelter bersih dan terawat dengan baik",,,,"9c7a1b30-205a-414c-8ba2-bfba9f123257","Completed","New","02-11-2025 15:32:39","Anonymous","39780",,"cab97c1f-67b4-11f0-a847-0a0cda9789f2","1d31c59f-b420-4437-b3e7-3c1de5afa0a5",,,"true","False","QrCode","English","2025-11-02T08:31:59.4386Z",,,,,,,,,,,,,,,"68b5a5731f3cc3c03afa5646"
"563","IDM","BOROBUDUR","SHELTER","Exit Gate","IDM-BOROBUDUR-SHELTER -Exit Gate-01","5","Satisfied","5",,,,"5","5","5","5","5","5","Memiliki penampilan yang bersih dan rapi|Memberikan informasi dengan jelas dan akurat|Membantu dan memastikan kesiapan fasilitas|Melakukan layanan secara profesional dan ramah (menjaga kontak mata, tersenyum tulus, dan memberikan solusi dengan empati)",,,,"Shelter tersedia dengan baik dan mudah diakses oleh pengunjung",,,,"Alur tunggu di shelter tertata dengan baik dan mudah dipahami",,,,"29e47016-4d95-4b56-899a-d8825888f22a","Completed","New","02-11-2025 15:32:20","Anonymous","28165",,"cab97c1f-67b4-11f0-a847-0a0cda9789f2","1d31c59f-b420-4437-b3e7-3c1de5afa0a5",,,"true","False","QrCode","English","2025-11-02T08:31:51.3829Z",,,,,,,,,,,,,,,"68b5a5731f3cc3c03afa5646"
"564","IDM","BOROBUDUR","SHELTER","Exit Gate","IDM-BOROBUDUR-SHELTER -Exit Gate-01","4","Satisfied","4","Tempat nya bagus banget..cuma biayanya berlebihan","Pricing, Payment Transparency, and Shelter Usage Policies|Shelter Facilities and Maintenance","Negative","5","5","5","5","5","5","Melakukan layanan secara profesional dan ramah (menjaga kontak mata, tersenyum tulus, dan memberikan solusi dengan empati)|Memiliki penampilan yang bersih dan rapi|Memberikan informasi dengan jelas dan akurat|Membantu dan memastikan kesiapan fasilitas|Melayani dengan cepat dan tepat",,,,"Fasilitas shelter lengkap dan mendukung aktivitas pengguna|Shelter tersedia dengan baik dan mudah diakses oleh pengunjung",,,,"Shelter bersih dan terawat dengan baik|Shelter nyaman digunakan oleh penumpang saat menunggu|Alur tunggu di shelter tertata dengan baik dan mudah dipahami",,,,"84d9536b-674d-42b4-bd3c-dd85f5cb4a92","Completed","New","02-11-2025 11:25:44","Anonymous","129222",,"cab97c1f-67b4-11f0-a847-0a0cda9789f2","1d31c59f-b420-4437-b3e7-3c1de5afa0a5",,,"true","False","QrCode","Bahasa","2025-11-02T04:23:36.2996Z",,,,,,,,,,,,,,,"68b5a5731f3cc3c03afa5646"
"565","IDM","BOROBUDUR","SHELTER","Exit Gate","IDM-BOROBUDUR-SHELTER -Exit Gate-01","5","Satisfied","5","Mantap","Overall Visitor Experience and Cultural Appreciation","Positive","5","5","4","4","5","5","Melakukan layanan secara profesional dan ramah (menjaga kontak mata, tersenyum tulus, dan memberikan solusi dengan empati)",,,,"Lainnya|Fasilitas shelter lengkap dan mendukung aktivitas pengguna","Mntp",,,"Shelter nyaman digunakan oleh penumpang saat menunggu",,,,"286ff371-b26d-40de-95d9-574ced16707e","Completed","New","02-11-2025 11:25:45","Anonymous","115433",,"cab97c1f-67b4-11f0-a847-0a0cda9789f2","1d31c59f-b420-4437-b3e7-3c1de5afa0a5",,,"true","False","QrCode","Bahasa","2025-11-02T04:23:49.8447Z",,,,,,,,,,,,,,,"68b5a5731f3cc3c03afa5646"
"566","IDM","BOROBUDUR","SHELTER","Exit Gate","IDM-BOROBUDUR-SHELTER -Exit Gate-01","5","Satisfied","5","serrruuuu bgt","Overall Visitor Experience and Cultural Appreciation","Positive","5","5","5","5","5","5","Melakukan layanan secara profesional dan ramah (menjaga kontak mata, tersenyum tulus, dan memberikan solusi dengan empati)",,,,"Fasilitas shelter lengkap dan mendukung aktivitas pengguna",,,,"Shelter nyaman digunakan oleh penumpang saat menunggu",,,,"e69e080a-6c7a-4ed0-8bf0-1fc558d2a19e","Completed","New","02-11-2025 11:24:07","Anonymous","59801",,"cab97c1f-67b4-11f0-a847-0a0cda9789f2","1d31c59f-b420-4437-b3e7-3c1de5afa0a5",,,"true","False","QrCode","Bahasa","2025-11-02T04:23:07.2308Z",,,,,,,,,,,,,,,"68b5a5731f3cc3c03afa5646"
"567","IDM","BOROBUDUR","SHELTER","Exit Gate","IDM-BOROBUDUR-SHELTER -Exit Gate-01","5","Satisfied","5","sudah baik","Shelter Facilities and Maintenance","Positive","5","5","5","5","5","5","Melakukan layanan secara profesional dan ramah (menjaga kontak mata, tersenyum tulus, dan memberikan solusi dengan empati)|Memiliki penampilan yang bersih dan rapi|Memberikan informasi dengan jelas dan akurat|Membantu dan memastikan kesiapan fasilitas|Melayani dengan cepat dan tepat",,,,"Fasilitas shelter lengkap dan mendukung aktivitas pengguna|Shelter tersedia dengan baik dan mudah diakses oleh pengunjung",,,,"Shelter bersih dan terawat dengan baik|Shelter nyaman digunakan oleh penumpang saat menunggu|Alur tunggu di shelter tertata dengan baik dan mudah dipahami",,,,"a846fe61-36da-433a-b2dc-0542b15597e0","Completed","New","02-11-2025 10:53:19","Anonymous","108591",,"cab97c1f-67b4-11f0-a847-0a0cda9789f2","1d31c59f-b420-4437-b3e7-3c1de5afa0a5",,,"true","False","QrCode","Bahasa","2025-11-02T03:51:30.1133Z",,,,,,,,,,,,,,,"68b5a5731f3cc3c03afa5646"
"568","IDM","BOROBUDUR","SHELTER","Exit Gate","IDM-BOROBUDUR-SHELTER -Exit Gate-01","5","Satisfied","5","Terima kasih","Overall Visitor Experience and Cultural Appreciation","Positive","5","5","5","5","5","5","Melakukan layanan secara profesional dan ramah (menjaga kontak mata, tersenyum tulus, dan memberikan solusi dengan empati)|Memiliki penampilan yang bersih dan rapi|Memberikan informasi dengan jelas dan akurat|Melayani dengan cepat dan tepat|Membantu dan memastikan kesiapan fasilitas",,,,"Fasilitas shelter lengkap dan mendukung aktivitas pengguna",,,,"Shelter nyaman digunakan oleh penumpang saat menunggu|Alur tunggu di shelter tertata dengan baik dan mudah dipahami|Shelter bersih dan terawat dengan baik",,,,"8d6cdaeb-0a5d-4c44-9e49-8956a9eecd5b","Completed","New","02-11-2025 10:52:35","Anonymous","84911",,"cab97c1f-67b4-11f0-a847-0a0cda9789f2","1d31c59f-b420-4437-b3e7-3c1de5afa0a5",,,"true","False","QrCode","Bahasa","2025-11-02T03:51:10.1443Z",,,,,,,,,,,,,,,"68b5a5731f3cc3c03afa5646"
"569","IDM","BOROBUDUR","SHELTER","Exit Gate","IDM-BOROBUDUR-SHELTER -Exit Gate-01","5","Satisfied","5","Sangat baik","Overall Visitor Experience and Cultural Appreciation","Positive","5","5","5","5","5","5","Membantu dan memastikan kesiapan fasilitas|Melayani dengan cepat dan tepat|Memberikan informasi dengan jelas dan akurat|Memiliki penampilan yang bersih dan rapi|Melakukan layanan secara profesional dan ramah (menjaga kontak mata, tersenyum tulus, dan memberikan solusi dengan empati)",,,,"Fasilitas shelter lengkap dan mendukung aktivitas pengguna|Shelter tersedia dengan baik dan mudah diakses oleh pengunjung",,,,"Shelter bersih dan terawat dengan baik|Shelter nyaman digunakan oleh penumpang saat menunggu|Alur tunggu di shelter tertata dengan baik dan mudah dipahami",,,,"6b43cf52-3e8c-4376-a9b9-2884b98c54c7","Completed","New","02-11-2025 10:52:19","Anonymous","53745",,"cab97c1f-67b4-11f0-a847-0a0cda9789f2","1d31c59f-b420-4437-b3e7-3c1de5afa0a5",,,"true","False","QrCode","Bahasa","2025-11-02T03:51:26.3400Z",,,,,,,,,,,,,,,"68b5a5731f3cc3c03afa5646"
"570","IDM","BOROBUDUR","SHELTER","Exit Gate","IDM-BOROBUDUR-SHELTER -Exit Gate-01","5","Satisfied","5","pemandangannya bagus nyaman","Visitor Information, Signage, and Signage Clarity","Positive","5","5","5","5","5","5","Membantu dan memastikan kesiapan fasilitas",,,,"Fasilitas shelter lengkap dan mendukung aktivitas pengguna",,,,"Shelter bersih dan terawat dengan baik",,,,"1ec1aec9-3c1c-4de4-b4ab-a85a829659e8","Completed","New","01-11-2025 10:27:50","Anonymous","84063",,"cab97c1f-67b4-11f0-a847-0a0cda9789f2","1d31c59f-b420-4437-b3e7-3c1de5afa0a5",,,"true","False","QrCode","Bahasa","2025-11-01T03:26:26.5524Z",,,,,,,,,,,,,,,"68b5a5731f3cc3c03afa5646"
"571","IDM","BOROBUDUR","SHELTER","Exit Gate","IDM-BOROBUDUR-SHELTER -Exit Gate-01","4","Satisfied","4",,,,"5","5","5","5","5","5","Melakukan layanan secara profesional dan ramah (menjaga kontak mata, tersenyum tulus, dan memberikan solusi dengan empati)",,,,"Shelter tersedia dengan baik dan mudah diakses oleh pengunjung",,,,"Shelter bersih dan terawat dengan baik",,,,"7e445590-9998-46ee-a580-a2cf0c9e4e39","Completed","New","31-10-2025 21:19:19","Anonymous","99712",,"cab97c1f-67b4-11f0-a847-0a0cda9789f2","1d31c59f-b420-4437-b3e7-3c1de5afa0a5",,,"true","False","QrCode","English","2025-10-31T14:17:37.2384Z",,,,,,,,,,,,,,,"68b5a5731f3cc3c03afa5646"
"572","IDM","BOROBUDUR","SHELTER","Exit Gate","IDM-BOROBUDUR-SHELTER -Exit Gate-01","1","Not Satisfied","1","Tidak ada pemberitahuan terkait informasi edit with free shuttle, 

Sehingga bila exit di tempat tanpa free shuttle turis hrs membayar lgi utk transportasi kembali ke area parkir atau berjalan, 

Sungguh ini merupakan pembohongan publik, yg di mana seharusnya kata2 free shuttle itu hrs nya free di tiap exist akses, 

Silahkan kalian studi banding ke taman safari,","Shelter Location, Accessibility, and Arrangement|Transportation and Shuttle Services","Negative","1","1","1","1","1","1",,,"Tidak membantu dan memastikan kesiapan fasilitas",,,,"Shelter tidak tersedia atau sulit diakses oleh pengunjung",,,,"Alur tunggu di shelter tidak tertata dengan baik dan membingungkan",,"4b6c6982-1d24-4eb0-9a82-c738360cd295","Completed","New","31-10-2025 16:05:04","Anonymous","287380",,"cab97c1f-67b4-11f0-a847-0a0cda9789f2","1d31c59f-b420-4437-b3e7-3c1de5afa0a5",,,"true","False","QrCode","Bahasa","2025-10-31T09:00:16.9928Z",,,,,,,,,,,,,,,"68b5a5731f3cc3c03afa5646"
"573","IDM","BOROBUDUR","SHELTER","Exit Gate","IDM-BOROBUDUR-SHELTER -Exit Gate-01","4","Satisfied","4",",","Overall Visitor Experience and Cultural Appreciation","Neutral","5","5","5","5","5","5","Melakukan layanan secara profesional dan ramah (menjaga kontak mata, tersenyum tulus, dan memberikan solusi dengan empati)",,,,"Fasilitas shelter lengkap dan mendukung aktivitas pengguna",,,,"Shelter bersih dan terawat dengan baik",,,,"fb0f3e4d-cb9e-4f52-9ce0-e50308b1f376","Completed","New","31-10-2025 14:18:24","Anonymous","25552",,"cab97c1f-67b4-11f0-a847-0a0cda9789f2","1d31c59f-b420-4437-b3e7-3c1de5afa0a5",,,"true","False","QrCode","Bahasa","2025-10-31T07:17:58.0280Z",,,,,,,,,,,,,,,"68b5a5731f3cc3c03afa5646"
"574","IDM","BOROBUDUR","SHELTER","Exit Gate","IDM-BOROBUDUR-SHELTER -Exit Gate-01","1","Not Satisfied","1","Untuk orang yang lansia tidak di perdulikan dan kurang baik","Accessibility for Disabled Visitors","Negative","5","5","5","5","5","5","Lainnya","Ok",,,"Fasilitas shelter lengkap dan mendukung aktivitas pengguna",,,,"Shelter bersih dan terawat dengan baik",,,,"27b6aa09-8be6-4925-9e6d-eb10753ab6d5","Completed","New","31-10-2025 14:14:39","Anonymous","125855",,"cab97c1f-67b4-11f0-a847-0a0cda9789f2","1d31c59f-b420-4437-b3e7-3c1de5afa0a5",,,"true","False","QrCode","Bahasa","2025-10-31T07:12:32.9588Z",,,,,,,,,,,,,,,"68b5a5731f3cc3c03afa5646"
"575","IDM","BOROBUDUR","SHELTER","Exit Gate","IDM-BOROBUDUR-SHELTER -Exit Gate-01","5","Satisfied","5","Sangat puas dan mengesankan","Overall Visitor Experience and Cultural Appreciation","Positive","5","5","5","5","5","5","Melakukan layanan secara profesional dan ramah (menjaga kontak mata, tersenyum tulus, dan memberikan solusi dengan empati)",,,,"Fasilitas shelter lengkap dan mendukung aktivitas pengguna",,,,"Shelter bersih dan terawat dengan baik",,,,"ed392a00-abdd-4d2e-b555-2130e7a6fc01","Completed","New","31-10-2025 13:10:10","Anonymous","60669",,"cab97c1f-67b4-11f0-a847-0a0cda9789f2","1d31c59f-b420-4437-b3e7-3c1de5afa0a5",,,"true","False","QrCode","Bahasa","2025-10-31T06:09:09.7776Z",,,,,,,,,,,,,,,"68b5a5731f3cc3c03afa5646"
"576","IDM","BOROBUDUR","SHELTER","Exit Gate","IDM-BOROBUDUR-SHELTER -Exit Gate-01","5","Satisfied","5","Very nice","Overall Visitor Experience and Cultural Appreciation","Positive","5","5","5","5","5","5","Melakukan layanan secara profesional dan ramah (menjaga kontak mata, tersenyum tulus, dan memberikan solusi dengan empati)|Memiliki penampilan yang bersih dan rapi|Memberikan informasi dengan jelas dan akurat|Melayani dengan cepat dan tepat|Membantu dan memastikan kesiapan fasilitas",,,,"Fasilitas shelter lengkap dan mendukung aktivitas pengguna|Shelter tersedia dengan baik dan mudah diakses oleh pengunjung",,,,"Shelter bersih dan terawat dengan baik|Shelter nyaman digunakan oleh penumpang saat menunggu|Alur tunggu di shelter tertata dengan baik dan mudah dipahami",,,,"5175c9f4-1d98-430c-972a-72f4d3197a6e","Completed","New","31-10-2025 12:59:41","Anonymous","26203",,"cab97c1f-67b4-11f0-a847-0a0cda9789f2","1d31c59f-b420-4437-b3e7-3c1de5afa0a5",,,"true","False","QrCode","English","2025-10-31T05:59:16.6601Z",,,,,,,,,,,,,,,"68b5a5731f3cc3c03afa5646"
"577","IDM","BOROBUDUR","SHELTER","Exit Gate","IDM-BOROBUDUR-SHELTER -Exit Gate-01","5","Satisfied","5","Shelter didekatkan tempat turun dari candi","Shelter Location, Accessibility, and Arrangement","Neutral","5","5","5","5","5","5","Melakukan layanan secara profesional dan ramah (menjaga kontak mata, tersenyum tulus, dan memberikan solusi dengan empati)",,,,"Fasilitas shelter lengkap dan mendukung aktivitas pengguna",,,,"Shelter bersih dan terawat dengan baik",,,,"14024f88-008b-4bb0-a676-8544de08d6de","Completed","New","31-10-2025 11:29:19","Anonymous","86736",,"cab97c1f-67b4-11f0-a847-0a0cda9789f2","1d31c59f-b420-4437-b3e7-3c1de5afa0a5",,,"true","False","QrCode","Bahasa","2025-10-31T04:27:51.3141Z",,,,,,,,,,,,,,,"68b5a5731f3cc3c03afa5646"
"578","IDM","BOROBUDUR","SHELTER","Exit Gate","IDM-BOROBUDUR-SHELTER -Exit Gate-01","5","Satisfied","5","Saya puas dengan pelayanan nya yg ramah dan nya baik. 
Sangat membantu sehingga saya tidak perlu berjalan jauh.
Terimakasih","Shelter Facilities and Maintenance|Staff and Guide Behavior and Service Quality","Positive","5","5","5","5","5","5","Melakukan layanan secara profesional dan ramah (menjaga kontak mata, tersenyum tulus, dan memberikan solusi dengan empati)|Memiliki penampilan yang bersih dan rapi|Memberikan informasi dengan jelas dan akurat|Melayani dengan cepat dan tepat|Membantu dan memastikan kesiapan fasilitas",,,,"Fasilitas shelter lengkap dan mendukung aktivitas pengguna|Shelter tersedia dengan baik dan mudah diakses oleh pengunjung",,,,"Shelter bersih dan terawat dengan baik|Shelter nyaman digunakan oleh penumpang saat menunggu|Alur tunggu di shelter tertata dengan baik dan mudah dipahami",,,,"03abc13b-02e7-40ae-9aee-bad9fc425e5f","Completed","New","31-10-2025 11:26:28","Anonymous","85788",,"cab97c1f-67b4-11f0-a847-0a0cda9789f2","1d31c59f-b420-4437-b3e7-3c1de5afa0a5",,,"true","False","QrCode","Bahasa","2025-10-31T04:25:02.4979Z",,,,,,,,,,,,,,,"68b5a5731f3cc3c03afa5646"
"579","IDM","BOROBUDUR","SHELTER","Exit Gate","IDM-BOROBUDUR-SHELTER -Exit Gate-01","5","Satisfied","5","Sudah okey","Overall Visitor Experience and Cultural Appreciation|Shelter Facilities and Maintenance","Positive","5","5","5","5","5","5","Melakukan layanan secara profesional dan ramah (menjaga kontak mata, tersenyum tulus, dan memberikan solusi dengan empati)",,,,"Fasilitas shelter lengkap dan mendukung aktivitas pengguna",,,,"Shelter bersih dan terawat dengan baik",,,,"3cbae196-b782-415e-a4cb-977f9aa2e11a","Completed","New","31-10-2025 11:26:16","Anonymous","69259",,"cab97c1f-67b4-11f0-a847-0a0cda9789f2","1d31c59f-b420-4437-b3e7-3c1de5afa0a5",,,"true","False","QrCode","Bahasa","2025-10-31T04:25:06.6250Z",,,,,,,,,,,,,,,"68b5a5731f3cc3c03afa5646"
"580","IDM","BOROBUDUR","SHELTER","Exit Gate","IDM-BOROBUDUR-SHELTER -Exit Gate-01","5","Satisfied","5","Tidak ada kritikan,, tidak perlu menunggu,, bagus","Overall Visitor Experience and Cultural Appreciation|Shelter Facilities and Maintenance","Positive","5","5","5","5","5","5","Melakukan layanan secara profesional dan ramah (menjaga kontak mata, tersenyum tulus, dan memberikan solusi dengan empati)|Memberikan informasi dengan jelas dan akurat|Melayani dengan cepat dan tepat|Memiliki penampilan yang bersih dan rapi",,,,"Fasilitas shelter lengkap dan mendukung aktivitas pengguna|Shelter tersedia dengan baik dan mudah diakses oleh pengunjung",,,,"Shelter bersih dan terawat dengan baik|Shelter nyaman digunakan oleh penumpang saat menunggu",,,,"f3eace26-6322-4582-b5bc-11d54de337d7","Completed","New","31-10-2025 10:40:23","Anonymous","155405",,"cab97c1f-67b4-11f0-a847-0a0cda9789f2","1d31c59f-b420-4437-b3e7-3c1de5afa0a5",,,"true","False","QrCode","Bahasa","2025-10-31T03:37:46.8469Z",,,,,,,,,,,,,,,"68b5a5731f3cc3c03afa5646"
"581","IDM","BOROBUDUR","SHELTER","Exit Gate","IDM-BOROBUDUR-SHELTER -Exit Gate-01","5","Satisfied","5",,,,"5","5","5","5","5","5","Melakukan layanan secara profesional dan ramah (menjaga kontak mata, tersenyum tulus, dan memberikan solusi dengan empati)|Memiliki penampilan yang bersih dan rapi|Memberikan informasi dengan jelas dan akurat|Melayani dengan cepat dan tepat|Membantu dan memastikan kesiapan fasilitas",,,,"Fasilitas shelter lengkap dan mendukung aktivitas pengguna|Shelter tersedia dengan baik dan mudah diakses oleh pengunjung",,,,"Shelter bersih dan terawat dengan baik|Shelter nyaman digunakan oleh penumpang saat menunggu|Alur tunggu di shelter tertata dengan baik dan mudah dipahami",,,,"004ae53f-9efa-4b7b-9d1f-814952919551","Completed","New","31-10-2025 10:39:07","Anonymous","116075",,"cab97c1f-67b4-11f0-a847-0a0cda9789f2","1d31c59f-b420-4437-b3e7-3c1de5afa0a5",,,"true","False","QrCode","English","2025-10-31T03:37:10.1330Z",,,,,,,,,,,,,,,"68b5a5731f3cc3c03afa5646"
"582","IDM","BOROBUDUR","SHELTER","Exit Gate","IDM-BOROBUDUR-SHELTER -Exit Gate-01","5","Satisfied","5","Bagusss","Overall Visitor Experience and Cultural Appreciation|Shelter Facilities and Maintenance","Positive","5","5","5","5","5","5","Melakukan layanan secara profesional dan ramah (menjaga kontak mata, tersenyum tulus, dan memberikan solusi dengan empati)|Memiliki penampilan yang bersih dan rapi|Memberikan informasi dengan jelas dan akurat",,,,"Shelter tersedia dengan baik dan mudah diakses oleh pengunjung",,,,"Shelter bersih dan terawat dengan baik|Shelter nyaman digunakan oleh penumpang saat menunggu|Alur tunggu di shelter tertata dengan baik dan mudah dipahami",,,,"64341a85-bd17-42b5-96b7-d52d8766b443","Completed","New","31-10-2025 10:38:42","Anonymous","52004",,"cab97c1f-67b4-11f0-a847-0a0cda9789f2","1d31c59f-b420-4437-b3e7-3c1de5afa0a5",,,"true","False","QrCode","Bahasa","2025-10-31T03:37:46.8764Z",,,,,,,,,,,,,,,"68b5a5731f3cc3c03afa5646"
"583","IDM","BOROBUDUR","SHELTER","Exit Gate","IDM-BOROBUDUR-SHELTER -Exit Gate-01","4","Satisfied","4","Baik","Overall Visitor Experience and Cultural Appreciation|Shelter Facilities and Maintenance","Neutral","4","4","4","4","4","4","Memberikan informasi dengan jelas dan akurat",,,,"Shelter tersedia dengan baik dan mudah diakses oleh pengunjung",,,,"Shelter nyaman digunakan oleh penumpang saat menunggu",,,,"1dc1f91b-6347-41fd-883c-6f5bc7fb3a28","Completed","New","31-10-2025 10:28:13","Anonymous","113419",,"cab97c1f-67b4-11f0-a847-0a0cda9789f2","1d31c59f-b420-4437-b3e7-3c1de5afa0a5",,,"true","False","QrCode","Bahasa","2025-10-31T03:26:18.0579Z",,,,,,,,,,,,,,,"68b5a5731f3cc3c03afa5646"
"584","IDM","BOROBUDUR","SHELTER","Exit Gate","IDM-BOROBUDUR-SHELTER -Exit Gate-01","5","Satisfied","5","pelayanan mantap","Staff and Guide Behavior and Service Quality","Positive","5","5","5","5","5","5","Melakukan layanan secara profesional dan ramah (menjaga kontak mata, tersenyum tulus, dan memberikan solusi dengan empati)|Memiliki penampilan yang bersih dan rapi|Memberikan informasi dengan jelas dan akurat|Melayani dengan cepat dan tepat|Membantu dan memastikan kesiapan fasilitas",,,,"Fasilitas shelter lengkap dan mendukung aktivitas pengguna|Shelter tersedia dengan baik dan mudah diakses oleh pengunjung",,,,"Shelter bersih dan terawat dengan baik|Shelter nyaman digunakan oleh penumpang saat menunggu|Alur tunggu di shelter tertata dengan baik dan mudah dipahami",,,,"050c0000-6afc-4167-b9da-77bd68dc2a1c","Completed","New","31-10-2025 10:26:58","Anonymous","40924",,"cab97c1f-67b4-11f0-a847-0a0cda9789f2","1d31c59f-b420-4437-b3e7-3c1de5afa0a5",,,"true","False","QrCode","Bahasa","2025-10-31T03:26:17.1895Z",,,,,,,,,,,,,,,"68b5a5731f3cc3c03afa5646"
"585","IDM","BOROBUDUR","SHELTER","Exit Gate","IDM-BOROBUDUR-SHELTER -Exit Gate-01","5","Satisfied","5","Add buggy every shelter","Additional Amenities and Convenience Features","Neutral","5","5","5","5","5","5","Melakukan layanan secara profesional dan ramah (menjaga kontak mata, tersenyum tulus, dan memberikan solusi dengan empati)",,,,"Fasilitas shelter lengkap dan mendukung aktivitas pengguna",,,,"Shelter nyaman digunakan oleh penumpang saat menunggu",,,,"7d0d6a94-be62-4724-97d5-e0f3c76d5b18","Completed","New","31-10-2025 10:04:27","Anonymous","118803",,"cab97c1f-67b4-11f0-a847-0a0cda9789f2","1d31c59f-b420-4437-b3e7-3c1de5afa0a5",,,"true","False","QrCode","English","2025-10-31T03:02:25.2595Z",,,,,,,,,,,,,,,"68b5a5731f3cc3c03afa5646"
"586","IDM","BOROBUDUR","SHELTER","Exit Gate","IDM-BOROBUDUR-SHELTER -Exit Gate-01","4","Satisfied","4",,,,"5","5","4","4","5","5","Melakukan layanan secara profesional dan ramah (menjaga kontak mata, tersenyum tulus, dan memberikan solusi dengan empati)|Memiliki penampilan yang bersih dan rapi|Memberikan informasi dengan jelas dan akurat|Melayani dengan cepat dan tepat|Membantu dan memastikan kesiapan fasilitas",,,,"Fasilitas shelter lengkap dan mendukung aktivitas pengguna|Shelter tersedia dengan baik dan mudah diakses oleh pengunjung",,,,"Shelter bersih dan terawat dengan baik|Shelter nyaman digunakan oleh penumpang saat menunggu|Alur tunggu di shelter tertata dengan baik dan mudah dipahami",,,,"b2ed5601-a8c7-43a2-9eb2-8822c34b96bf","Completed","New","30-10-2025 14:40:25","Anonymous","64553",,"cab97c1f-67b4-11f0-a847-0a0cda9789f2","1d31c59f-b420-4437-b3e7-3c1de5afa0a5",,,"true","False","QrCode","English","2025-10-30T07:39:20.5445Z",,,,,,,,,,,,,,,"68b5a5731f3cc3c03afa5646"
"587","IDM","BOROBUDUR","SHELTER","Exit Gate","IDM-BOROBUDUR-SHELTER -Exit Gate-01","5","Satisfied","5",,,,"5","5","5","5","5","5","Melakukan layanan secara profesional dan ramah (menjaga kontak mata, tersenyum tulus, dan memberikan solusi dengan empati)|Memberikan informasi dengan jelas dan akurat",,,,"Fasilitas shelter lengkap dan mendukung aktivitas pengguna",,,,"Shelter bersih dan terawat dengan baik",,,,"a4ce7a45-43f0-42ad-9f34-83c0304622a5","Completed","New","30-10-2025 12:44:36","Anonymous","51703",,"cab97c1f-67b4-11f0-a847-0a0cda9789f2","1d31c59f-b420-4437-b3e7-3c1de5afa0a5",,,"true","False","QrCode","English","2025-10-30T05:43:42.9085Z",,,,,,,,,,,,,,,"68b5a5731f3cc3c03afa5646"
"588","IDM","BOROBUDUR","SHELTER","Exit Gate","IDM-BOROBUDUR-SHELTER -Exit Gate-01","4","Satisfied","4",,,,"4","4","5","5","4","4","Melakukan layanan secara profesional dan ramah (menjaga kontak mata, tersenyum tulus, dan memberikan solusi dengan empati)",,,,"Shelter tersedia dengan baik dan mudah diakses oleh pengunjung",,,,"Shelter bersih dan terawat dengan baik",,,,"d54c18e3-9e4a-4f68-ad06-d428d173725f","Completed","New","30-10-2025 11:08:20","Anonymous","86209",,"cab97c1f-67b4-11f0-a847-0a0cda9789f2","1d31c59f-b420-4437-b3e7-3c1de5afa0a5",,,"true","False","QrCode","English","2025-10-30T04:06:52.9671Z",,,,,,,,,,,,,,,"68b5a5731f3cc3c03afa5646"
"589","IDM","BOROBUDUR","SHELTER","Exit Gate","IDM-BOROBUDUR-SHELTER -Exit Gate-01","5","Satisfied","5",,,,"5","5","5","5","5","5","Memiliki penampilan yang bersih dan rapi|Melakukan layanan secara profesional dan ramah (menjaga kontak mata, tersenyum tulus, dan memberikan solusi dengan empati)|Memberikan informasi dengan jelas dan akurat|Melayani dengan cepat dan tepat|Membantu dan memastikan kesiapan fasilitas",,,,"Fasilitas shelter lengkap dan mendukung aktivitas pengguna",,,,"Shelter bersih dan terawat dengan baik|Shelter nyaman digunakan oleh penumpang saat menunggu|Alur tunggu di shelter tertata dengan baik dan mudah dipahami",,,,"06b91613-f00d-4f1a-b404-ae5e701ac4b4","Completed","New","30-10-2025 10:24:48","Anonymous","364494",,"cab97c1f-67b4-11f0-a847-0a0cda9789f2","1d31c59f-b420-4437-b3e7-3c1de5afa0a5",,,"true","False","QrCode","English","2025-10-30T03:18:43.2767Z",,,,,,,,,,,,,,,"68b5a5731f3cc3c03afa5646"
"590","IDM","BOROBUDUR","SHELTER","Exit Gate","IDM-BOROBUDUR-SHELTER -Exit Gate-01","5","Satisfied","5",,,,"5","5","5","5","5","5","Melakukan layanan secara profesional dan ramah (menjaga kontak mata, tersenyum tulus, dan memberikan solusi dengan empati)|Memiliki penampilan yang bersih dan rapi|Memberikan informasi dengan jelas dan akurat|Melayani dengan cepat dan tepat|Membantu dan memastikan kesiapan fasilitas",,,,"Fasilitas shelter lengkap dan mendukung aktivitas pengguna|Shelter tersedia dengan baik dan mudah diakses oleh pengunjung",,,,"Shelter bersih dan terawat dengan baik|Shelter nyaman digunakan oleh penumpang saat menunggu|Alur tunggu di shelter tertata dengan baik dan mudah dipahami",,,,"efff2d21-6090-4640-98b0-e2aa5ff6cb4f","Completed","New","29-10-2025 09:42:38","Anonymous","33795",,"cab97c1f-67b4-11f0-a847-0a0cda9789f2","1d31c59f-b420-4437-b3e7-3c1de5afa0a5",,,"true","False","QrCode","English","2025-10-29T02:42:05.2693Z",,,,,,,,,,,,,,,"68b5a5731f3cc3c03afa5646"
"591","IDM","BOROBUDUR","SHELTER","Exit Gate","IDM-BOROBUDUR-SHELTER -Exit Gate-01","5","Satisfied","5",,,,"5","5","5","5","5","5","Melakukan layanan secara profesional dan ramah (menjaga kontak mata, tersenyum tulus, dan memberikan solusi dengan empati)|Memiliki penampilan yang bersih dan rapi|Memberikan informasi dengan jelas dan akurat|Melayani dengan cepat dan tepat|Membantu dan memastikan kesiapan fasilitas",,,,"Fasilitas shelter lengkap dan mendukung aktivitas pengguna|Shelter tersedia dengan baik dan mudah diakses oleh pengunjung",,,,"Shelter bersih dan terawat dengan baik|Shelter nyaman digunakan oleh penumpang saat menunggu|Alur tunggu di shelter tertata dengan baik dan mudah dipahami",,,,"ad5bdb1c-8e05-4518-baf2-449480f910c7","Completed","New","28-10-2025 12:40:49","Anonymous","42292",,"cab97c1f-67b4-11f0-a847-0a0cda9789f2","1d31c59f-b420-4437-b3e7-3c1de5afa0a5",,,"true","False","QrCode","English","2025-10-28T05:40:05.0964Z",,,,,,,,,,,,,,,"68b5a5731f3cc3c03afa5646"
"592","IDM","BOROBUDUR","SHELTER","Exit Gate","IDM-BOROBUDUR-SHELTER -Exit Gate-01","4","Satisfied","4","Shelter dapat dimanfaatkan dengan baik terlebih ketika cuaca sedang hujan.","Shelter Facilities and Maintenance","Positive","4","4","4","4","4","4","Memiliki penampilan yang bersih dan rapi|Membantu dan memastikan kesiapan fasilitas|Memberikan informasi dengan jelas dan akurat|Melakukan layanan secara profesional dan ramah (menjaga kontak mata, tersenyum tulus, dan memberikan solusi dengan empati)|Melayani dengan cepat dan tepat",,,,"Fasilitas shelter lengkap dan mendukung aktivitas pengguna",,,,"Shelter nyaman digunakan oleh penumpang saat menunggu",,,,"641221e9-fa9f-40be-96dc-1a30b5424737","Completed","New","27-10-2025 14:43:55","Anonymous","66479",,"cab97c1f-67b4-11f0-a847-0a0cda9789f2","1d31c59f-b420-4437-b3e7-3c1de5afa0a5",,,"true","False","QrCode","Bahasa","2025-10-27T07:42:47.0628Z",,,,,,,,,,,,,,,"68b5a5731f3cc3c03afa5646"
"593","IDM","BOROBUDUR","SHELTER","Exit Gate","IDM-BOROBUDUR-SHELTER -Exit Gate-01","5","Satisfied","5",,,,"5","5","5","5","5","5","Melakukan layanan secara profesional dan ramah (menjaga kontak mata, tersenyum tulus, dan memberikan solusi dengan empati)|Memiliki penampilan yang bersih dan rapi|Memberikan informasi dengan jelas dan akurat|Membantu dan memastikan kesiapan fasilitas|Melayani dengan cepat dan tepat",,,,"Shelter tersedia dengan baik dan mudah diakses oleh pengunjung",,,,"Alur tunggu di shelter tertata dengan baik dan mudah dipahami|Shelter bersih dan terawat dengan baik",,,,"02e6fed4-24d2-4935-9549-f3177156dddd","Completed","New","27-10-2025 11:00:59","Anonymous","81545",,"cab97c1f-67b4-11f0-a847-0a0cda9789f2","1d31c59f-b420-4437-b3e7-3c1de5afa0a5",,,"true","False","QrCode","English","2025-10-27T03:59:35.8239Z",,,,,,,,,,,,,,,"68b5a5731f3cc3c03afa5646"
"594","IDM","BOROBUDUR","SHELTER","Exit Gate","IDM-BOROBUDUR-SHELTER -Exit Gate-01","4","Satisfied","4","It was beautiful","Overall Visitor Experience and Cultural Appreciation","Positive","5","5","5","5","5","5","Melakukan layanan secara profesional dan ramah (menjaga kontak mata, tersenyum tulus, dan memberikan solusi dengan empati)|Memiliki penampilan yang bersih dan rapi|Melayani dengan cepat dan tepat|Membantu dan memastikan kesiapan fasilitas",,,,"Fasilitas shelter lengkap dan mendukung aktivitas pengguna",,,,"Shelter bersih dan terawat dengan baik|Shelter nyaman digunakan oleh penumpang saat menunggu|Alur tunggu di shelter tertata dengan baik dan mudah dipahami",,,,"3419b69d-0495-4d5c-ad93-71491bc6a952","Completed","New","27-10-2025 10:51:12","Anonymous","130843",,"cab97c1f-67b4-11f0-a847-0a0cda9789f2","1d31c59f-b420-4437-b3e7-3c1de5afa0a5",,,"true","False","QrCode","English","2025-10-27T03:48:59.8357Z",,,,,,,,,,,,,,,"68b5a5731f3cc3c03afa5646"
"595","IDM","BOROBUDUR","SHELTER","Exit Gate","IDM-BOROBUDUR-SHELTER -Exit Gate-01","5","Satisfied","5","pengalaman yang saya dapatkan selama menumpangi shelter adalah, penjemputan nya lumayan cepat dan perjalanannya juga cepat. Petugasnya sangat ramah..Terima kasih😇","Shelter Facilities and Maintenance|Staff and Guide Behavior and Service Quality","Positive","5","5","5","5","5","5","Melakukan layanan secara profesional dan ramah (menjaga kontak mata, tersenyum tulus, dan memberikan solusi dengan empati)|Memiliki penampilan yang bersih dan rapi|Membantu dan memastikan kesiapan fasilitas",,,,"Fasilitas shelter lengkap dan mendukung aktivitas pengguna|Shelter tersedia dengan baik dan mudah diakses oleh pengunjung",,,,"Shelter bersih dan terawat dengan baik|Shelter nyaman digunakan oleh penumpang saat menunggu|Alur tunggu di shelter tertata dengan baik dan mudah dipahami",,,,"08e31482-e1d5-4d2f-aae9-31b5dbc6e96f","Completed","New","26-10-2025 16:10:34","Anonymous","1234734",,"cab97c1f-67b4-11f0-a847-0a0cda9789f2","1d31c59f-b420-4437-b3e7-3c1de5afa0a5",,,"true","False","QrCode","Bahasa","2025-10-26T08:49:58.8170Z",,,,,,,,,,,,,,,"68b5a5731f3cc3c03afa5646"
"596","IDM","BOROBUDUR","SHELTER","Exit Gate","IDM-BOROBUDUR-SHELTER -Exit Gate-01","1","Not Satisfied","1","At 1:30, the group guide number 24 Dear Sir or Madam,
I am writing to lodge a formal complaint regarding an unpleasant and humiliating experience that occurred this afternoon (October 26, 2025) at the entrance of Borobudur Temple.
During my visit, I was publicly and harshly scolded by the tour guide of Group No. 24 in front of numerous tourists, including visitors from various countries. The guide spoke loudly and aggressively, which made me feel deeply humiliated and personally attacked. Such behavior is highly unprofessional and seriously damages the image of Borobudur as a world-class heritage site known for its hospitality and cultural value.
I kindly request the management to take the following actions:
Conduct an investigation to verify the incident and identify the guide involved;
Require a formal apology from the guide;
Strengthen training and management of all guides to ensure professionalism and respect toward visitors;
Provide me with an official written response regarding the findings and actions taken.
I sincerely hope the management team will handle this matter seriously and take appropriate steps to prevent such incidents in the future.
Thank you for your time and attention. I look forward to your prompt and considerate response.
Kind regards,
Simon","Staff and Guide Behavior and Service Quality","Negative","5","5","5","5","5","5","Melakukan layanan secara profesional dan ramah (menjaga kontak mata, tersenyum tulus, dan memberikan solusi dengan empati)",,,,"Fasilitas shelter lengkap dan mendukung aktivitas pengguna",,,,"Shelter bersih dan terawat dengan baik",,,,"ef69d7e3-ffc1-4d72-ab8d-132c6a201edc","Completed","New","26-10-2025 15:14:39","Anonymous","2708822",,"cab97c1f-67b4-11f0-a847-0a0cda9789f2","1d31c59f-b420-4437-b3e7-3c1de5afa0a5",,,"true","False","QrCode","Bahasa","2025-10-26T07:29:29.2091Z",,,,,,,,,,,,,,,"68b5a5731f3cc3c03afa5646"
"597","IDM","BOROBUDUR","SHELTER","Exit Gate","IDM-BOROBUDUR-SHELTER -Exit Gate-01","5","Satisfied","5","Semoga pariwisata, y semakin maju,,saya suka kebersihannya","Overall Visitor Experience and Cultural Appreciation","Positive","5","5","5","5","5","5","Membantu dan memastikan kesiapan fasilitas",,,,"Shelter tersedia dengan baik dan mudah diakses oleh pengunjung",,,,"Alur tunggu di shelter tertata dengan baik dan mudah dipahami",,,,"1d9ddd3e-ec55-4887-a5eb-c739d337f881","Completed","New","26-10-2025 14:34:48","Anonymous","1881125",,"cab97c1f-67b4-11f0-a847-0a0cda9789f2","1d31c59f-b420-4437-b3e7-3c1de5afa0a5",,,"true","False","QrCode","Bahasa","2025-10-26T07:03:25.1922Z",,,,,,,,,,,,,,,"68b5a5731f3cc3c03afa5646"
"598","IDM","BOROBUDUR","SHELTER","Exit Gate","IDM-BOROBUDUR-SHELTER -Exit Gate-01","5","Satisfied","5",,,,"5","5","5","5","5","5","Melakukan layanan secara profesional dan ramah (menjaga kontak mata, tersenyum tulus, dan memberikan solusi dengan empati)",,,,"Fasilitas shelter lengkap dan mendukung aktivitas pengguna|Shelter tersedia dengan baik dan mudah diakses oleh pengunjung",,,,"Shelter bersih dan terawat dengan baik|Shelter nyaman digunakan oleh penumpang saat menunggu|Alur tunggu di shelter tertata dengan baik dan mudah dipahami",,,,"d923920d-4b1a-40dc-84ec-7196f41bb0dc","Completed","New","26-10-2025 14:05:31","Anonymous","75665",,"cab97c1f-67b4-11f0-a847-0a0cda9789f2","1d31c59f-b420-4437-b3e7-3c1de5afa0a5",,,"true","False","QrCode","Bahasa","2025-10-26T07:04:15.6339Z",,,,,,,,,,,,,,,"68b5a5731f3cc3c03afa5646"
"599","IDM","BOROBUDUR","SHELTER","Exit Gate","IDM-BOROBUDUR-SHELTER -Exit Gate-01","5","Satisfied","5","Rapi dan baik","Shelter Facilities and Maintenance","Positive","5","5","5","5","5","5","Melakukan layanan secara profesional dan ramah (menjaga kontak mata, tersenyum tulus, dan memberikan solusi dengan empati)|Memiliki penampilan yang bersih dan rapi|Memberikan informasi dengan jelas dan akurat",,,,"Fasilitas shelter lengkap dan mendukung aktivitas pengguna|Shelter tersedia dengan baik dan mudah diakses oleh pengunjung",,,,"Shelter bersih dan terawat dengan baik|Shelter nyaman digunakan oleh penumpang saat menunggu|Alur tunggu di shelter tertata dengan baik dan mudah dipahami",,,,"e086071b-4fe4-4af7-9862-f55ca62a502d","Completed","New","26-10-2025 14:04:44","Anonymous","27294",,"cab97c1f-67b4-11f0-a847-0a0cda9789f2","1d31c59f-b420-4437-b3e7-3c1de5afa0a5",,,"true","False","QrCode","Bahasa","2025-10-26T07:04:16.5243Z",,,,,,,,,,,,,,,"68b5a5731f3cc3c03afa5646"
"600","IDM","BOROBUDUR","SHELTER","Exit Gate","IDM-BOROBUDUR-SHELTER -Exit Gate-01","5","Satisfied","5","-","Overall Visitor Experience and Cultural Appreciation","Neutral","5","5","5","5","5","5","Memiliki penampilan yang bersih dan rapi",,,,"Fasilitas shelter lengkap dan mendukung aktivitas pengguna",,,,"Shelter bersih dan terawat dengan baik",,,,"2e92dbff-00ca-4242-a267-db168777c10f","Completed","New","26-10-2025 11:04:26","Anonymous","22078",,"cab97c1f-67b4-11f0-a847-0a0cda9789f2","1d31c59f-b420-4437-b3e7-3c1de5afa0a5",,,"true","False","QrCode","Bahasa","2025-10-26T04:04:05.0359Z",,,,,,,,,,,,,,,"68b5a5731f3cc3c03afa5646"
"601","IDM","BOROBUDUR","SHELTER","Exit Gate","IDM-BOROBUDUR-SHELTER -Exit Gate-01","5","Satisfied","5","-","Overall Visitor Experience and Cultural Appreciation","Neutral","5","5","5","5","5","5","Melakukan layanan secara profesional dan ramah (menjaga kontak mata, tersenyum tulus, dan memberikan solusi dengan empati)",,,,"Fasilitas shelter lengkap dan mendukung aktivitas pengguna",,,,"Shelter nyaman digunakan oleh penumpang saat menunggu",,,,"3afef575-cdcc-45eb-af5b-50a54fb4f424","Completed","New","26-10-2025 10:53:26","Anonymous","29706",,"cab97c1f-67b4-11f0-a847-0a0cda9789f2","1d31c59f-b420-4437-b3e7-3c1de5afa0a5",,,"true","False","QrCode","English","2025-10-26T03:52:56.7552Z",,,,,,,,,,,,,,,"68b5a5731f3cc3c03afa5646"
"602","IDM","BOROBUDUR","SHELTER","Exit Gate","IDM-BOROBUDUR-SHELTER -Exit Gate-01","5","Satisfied","5","baguss","Overall Visitor Experience and Cultural Appreciation|Shelter Facilities and Maintenance","Positive","5","5","5","5","5","5","Melakukan layanan secara profesional dan ramah (menjaga kontak mata, tersenyum tulus, dan memberikan solusi dengan empati)",,,,"Shelter tersedia dengan baik dan mudah diakses oleh pengunjung|Fasilitas shelter lengkap dan mendukung aktivitas pengguna",,,,"Shelter nyaman digunakan oleh penumpang saat menunggu",,,,"4899ef14-7743-4a9f-abfb-221ab524225a","Completed","New","25-10-2025 14:06:23","Anonymous","56537",,"cab97c1f-67b4-11f0-a847-0a0cda9789f2","1d31c59f-b420-4437-b3e7-3c1de5afa0a5",,,"true","False","QrCode","Bahasa","2025-10-25T07:05:26.8323Z",,,,,,,,,,,,,,,"68b5a5731f3cc3c03afa5646"
"603","IDM","BOROBUDUR","SHELTER","Exit Gate","IDM-BOROBUDUR-SHELTER -Exit Gate-01","5","Satisfied","5","Very good","Overall Visitor Experience and Cultural Appreciation","Positive","5","5","5","5","5","5","Memberikan informasi dengan jelas dan akurat",,,,"Fasilitas shelter lengkap dan mendukung aktivitas pengguna",,,,"Shelter nyaman digunakan oleh penumpang saat menunggu",,,,"0c731618-5e7e-40f7-baec-36136ea179be","Completed","New","25-10-2025 14:00:18","Anonymous","197250",,"cab97c1f-67b4-11f0-a847-0a0cda9789f2","1d31c59f-b420-4437-b3e7-3c1de5afa0a5",,,"true","False","QrCode","Bahasa","2025-10-25T06:57:00.4240Z",,,,,,,,,,,,,,,"68b5a5731f3cc3c03afa5646"
"604","IDM","BOROBUDUR","SHELTER","Exit Gate","IDM-BOROBUDUR-SHELTER -Exit Gate-01","5","Satisfied","5","Pelayanan sangat baik.
Petugas nya juga sangat ramah
Terima kasih atas pelayanan nya 🥰😇🙏","Staff and Guide Behavior and Service Quality","Positive","5","5","5","5","5","5","Melakukan layanan secara profesional dan ramah (menjaga kontak mata, tersenyum tulus, dan memberikan solusi dengan empati)|Memiliki penampilan yang bersih dan rapi|Memberikan informasi dengan jelas dan akurat|Melayani dengan cepat dan tepat|Membantu dan memastikan kesiapan fasilitas",,,,"Fasilitas shelter lengkap dan mendukung aktivitas pengguna|Shelter tersedia dengan baik dan mudah diakses oleh pengunjung",,,,"Shelter bersih dan terawat dengan baik|Shelter nyaman digunakan oleh penumpang saat menunggu|Alur tunggu di shelter tertata dengan baik dan mudah dipahami",,,,"30448410-f7ca-46b7-98bb-60a4d5c4a446","Completed","New","25-10-2025 13:39:52","Anonymous","135971",,"cab97c1f-67b4-11f0-a847-0a0cda9789f2","1d31c59f-b420-4437-b3e7-3c1de5afa0a5",,,"true","False","QrCode","Bahasa","2025-10-25T06:37:35.2576Z",,,,,,,,,,,,,,,"68b5a5731f3cc3c03afa5646"
"605","IDM","BOROBUDUR","SHELTER","Exit Gate","IDM-BOROBUDUR-SHELTER -Exit Gate-01","5","Satisfied","5",,,,"5","5","5","5","5","5","Melakukan layanan secara profesional dan ramah (menjaga kontak mata, tersenyum tulus, dan memberikan solusi dengan empati)|Memiliki penampilan yang bersih dan rapi|Memberikan informasi dengan jelas dan akurat",,,,"Shelter tersedia dengan baik dan mudah diakses oleh pengunjung",,,,"Shelter bersih dan terawat dengan baik|Alur tunggu di shelter tertata dengan baik dan mudah dipahami",,,,"ec655183-2ef6-4d02-94a9-7feb6dc591ce","Completed","New","25-10-2025 12:52:20","Anonymous","64121",,"cab97c1f-67b4-11f0-a847-0a0cda9789f2","1d31c59f-b420-4437-b3e7-3c1de5afa0a5",,,"true","False","QrCode","English","2025-10-25T05:51:12.6926Z",,,,,,,,,,,,,,,"68b5a5731f3cc3c03afa5646"
"606","IDM","BOROBUDUR","SHELTER","Exit Gate","IDM-BOROBUDUR-SHELTER -Exit Gate-01","4","Satisfied","4","It is better than before. Keep the mainteinance please. Thank you","Shelter Facilities and Maintenance","Positive","5","5","5","5","4","4","Melakukan layanan secara profesional dan ramah (menjaga kontak mata, tersenyum tulus, dan memberikan solusi dengan empati)|Memiliki penampilan yang bersih dan rapi|Memberikan informasi dengan jelas dan akurat|Melayani dengan cepat dan tepat|Membantu dan memastikan kesiapan fasilitas",,,,"Shelter tersedia dengan baik dan mudah diakses oleh pengunjung",,,,"Shelter bersih dan terawat dengan baik",,,,"c541771d-2803-45f4-8965-a9f0f6f96914","Completed","New","25-10-2025 12:36:17","Anonymous","117541",,"cab97c1f-67b4-11f0-a847-0a0cda9789f2","1d31c59f-b420-4437-b3e7-3c1de5afa0a5",,,"true","False","QrCode","English","2025-10-25T05:34:19.0432Z",,,,,,,,,,,,,,,"68b5a5731f3cc3c03afa5646"
"607","IDM","BOROBUDUR","SHELTER","Exit Gate","IDM-BOROBUDUR-SHELTER -Exit Gate-01","5","Satisfied","5",,,,"5","5","5","5","5","5","Melakukan layanan secara profesional dan ramah (menjaga kontak mata, tersenyum tulus, dan memberikan solusi dengan empati)|Memiliki penampilan yang bersih dan rapi",,,,"Shelter tersedia dengan baik dan mudah diakses oleh pengunjung",,,,"Shelter bersih dan terawat dengan baik",,,,"8055dea7-a1c6-4d17-8018-cae6c9634bcf","Completed","New","25-10-2025 11:01:38","Anonymous","134490",,"cab97c1f-67b4-11f0-a847-0a0cda9789f2","1d31c59f-b420-4437-b3e7-3c1de5afa0a5",,,"true","False","QrCode","English","2025-10-25T03:59:22.3240Z",,,,,,,,,,,,,,,"68b5a5731f3cc3c03afa5646"
"608","IDM","BOROBUDUR","SHELTER","Exit Gate","IDM-BOROBUDUR-SHELTER -Exit Gate-01","5","Satisfied","5",,,,"5","5","5","5","5","5","Melakukan layanan secara profesional dan ramah (menjaga kontak mata, tersenyum tulus, dan memberikan solusi dengan empati)|Memberikan informasi dengan jelas dan akurat|Melayani dengan cepat dan tepat|Membantu dan memastikan kesiapan fasilitas|Memiliki penampilan yang bersih dan rapi",,,,"Fasilitas shelter lengkap dan mendukung aktivitas pengguna|Shelter tersedia dengan baik dan mudah diakses oleh pengunjung",,,,"Shelter bersih dan terawat dengan baik|Shelter nyaman digunakan oleh penumpang saat menunggu|Alur tunggu di shelter tertata dengan baik dan mudah dipahami",,,,"58cdd397-ec2f-41a0-bd5b-a94f32181d8f","Completed","New","25-10-2025 10:42:19","Anonymous","63688",,"cab97c1f-67b4-11f0-a847-0a0cda9789f2","1d31c59f-b420-4437-b3e7-3c1de5afa0a5",,,"true","False","QrCode","Bahasa","2025-10-25T03:41:15.4609Z",,,,,,,,,,,,,,,"68b5a5731f3cc3c03afa5646"
"609","IDM","BOROBUDUR","SHELTER","Exit Gate","IDM-BOROBUDUR-SHELTER -Exit Gate-01","5","Satisfied","5",,,,"5","5","5","5","5","5","Melakukan layanan secara profesional dan ramah (menjaga kontak mata, tersenyum tulus, dan memberikan solusi dengan empati)",,,,"Fasilitas shelter lengkap dan mendukung aktivitas pengguna",,,,"Shelter bersih dan terawat dengan baik",,,,"f3906062-f017-448e-9497-7f41309d21aa","Completed","New","25-10-2025 08:32:31","Anonymous","26155",,"cab97c1f-67b4-11f0-a847-0a0cda9789f2","1d31c59f-b420-4437-b3e7-3c1de5afa0a5",,,"true","False","QrCode","Bahasa","2025-10-25T01:32:04.6982Z",,,,,,,,,,,,,,,"68b5a5731f3cc3c03afa5646"
